Sample	0.0	1.0	2.0	3.0	4.0	5.0	6.0	7.0	8.0	9.0	10.0	11.0	12.0	13.0	14.0	15.0	16.0	17.0	18.0	19.0	20.0	21.0	22.0	23.0	24.0	25.0	26.0	27.0	28.0	29.0	30.0	31.0	32.0	33.0	34.0	35.0	36.0	37.0	38.0	39.0	40.0	41.0	42.0	43.0	44.0	45.0	46.0	47.0	48.0	49.0	50.0	51.0	52.0	53.0	54.0	55.0	56.0	57.0	58.0	59.0	60.0	61.0	62.0	63.0	64.0	65.0	66.0	67.0	68.0	69.0	70.0	71.0	72.0	73.0	74.0	75.0	76.0	77.0	78.0	79.0	80.0	81.0	82.0	83.0	84.0	85.0	86.0	87.0	88.0	89.0	90.0	91.0	92.0	93.0	94.0	95.0	96.0	97.0	98.0	99.0	100.0
EXP001_trimmed_clipped_R1_paired	15391.0	15538.0	15780.5	15942.0	16111.5	16317.5	16696.0	17275.5	18133.5	19027.0	20146.0	21486.0	22748.0	25117.0	28236.5	31938.0	36672.0	43690.5	53102.5	64712.0	80200.0	101381.0	128856.5	164217.5	209934.5	269265.5	338183.5	417526.0	511798.5	621685.5	747222.0	883782.0	1029291.0	1177316.5	1331266.5	1535475.5	1851980.5	2131097.0	2232612.0	2193115.5	2109486.0	2065780.0	2064038.5	2095914.5	2128602.5	2145467.5	2145237.0	2132592.5	2113170.0	2096713.5	2067675.0	1956587.5	1790214.5	1632875.0	1482174.0	1343971.0	1217760.5	1100188.5	989391.0	886618.0	790360.0	704572.0	630355.0	559817.0	492404.5	432200.0	380213.0	332939.5	288974.0	250815.0	215554.0	183389.0	154876.5	130918.0	110834.5	92508.5	76909.5	64879.0	55459.0	47583.5	41312.5	36707.5	32861.5	29036.5	26033.5	24397.0	23105.5	22270.5	20957.5	19798.0	19007.5	18261.0	17780.0	17199.5	16742.0	16415.5	16278.0	16195.5	16032.5	15828.5	15752.5
EXP001_trimmed_clipped_R2_paired	62457.0	62621.0	63089.0	63710.0	64354.5	65201.0	66851.5	69099.0	72142.5	74534.0	77796.5	81395.0	83103.0	88547.5	94923.5	99665.5	105270.0	117569.5	132370.5	145761.5	162967.0	186101.0	216362.0	253921.0	300871.0	368356.5	447092.5	527434.0	623406.0	736111.5	864853.0	1004714.5	1151967.5	1299781.0	1455469.0	1661752.0	1974413.0	2251478.0	2357253.5	2324142.5	2241791.0	2197646.0	2194504.5	2223240.5	2253844.5	2269992.0	2270720.0	2262186.5	2248115.5	2241027.0	2261498.5	2182257.0	2001734.0	1839481.5	1687990.5	1546105.0	1416613.5	1300827.0	1188907.0	1085295.5	991453.5	905054.0	830381.5	759853.5	692225.5	631601.0	578144.5	531632.5	489063.5	450136.0	413157.0	379875.0	350337.0	325372.5	305140.0	294448.5	286417.0	273933.5	263979.5	254407.5	246562.0	240980.0	235971.5	238118.0	241029.5	238301.0	235628.5	234212.0	237156.0	240066.0	245118.5	250281.0	252552.5	257344.0	263379.0	266699.0	265662.0	264806.5	264016.5	263479.0	263516.5
EXP002_trimmed_clipped_R1_paired	14137.0	14219.5	14363.0	14491.0	14609.0	14825.5	15261.5	15784.5	16517.0	17210.5	18227.0	19442.0	20353.0	22429.0	25215.5	28211.5	32052.0	38387.0	46612.5	55808.5	68615.0	86051.5	108940.5	139031.0	176884.5	225897.0	284020.5	350066.0	427661.0	518819.5	624807.0	740773.5	862643.5	988154.5	1121720.5	1297072.5	1560833.5	1796450.5	1890255.5	1863156.0	1794082.5	1758493.5	1759554.5	1788739.0	1817200.5	1830752.0	1831162.0	1825185.5	1812246.0	1797940.5	1774391.5	1678611.0	1533661.5	1401966.5	1276593.0	1156085.0	1045750.5	945694.0	850687.0	761803.5	682042.0	609030.5	544243.5	483475.5	425109.5	373561.0	327062.0	286384.5	249380.5	215698.0	185860.5	159031.0	134452.0	113653.5	96502.0	80842.5	67117.5	56558.0	48817.5	42456.0	37190.5	33175.0	30026.5	26554.0	23560.5	22153.5	21148.0	20465.5	19210.0	18090.0	17334.0	16654.0	16219.0	15671.0	15289.5	15033.5	14924.0	14866.0	14731.0	14572.5	14534.5
EXP002_trimmed_clipped_R2_paired	50040.0	50195.0	50596.0	51089.0	51626.0	52322.5	53662.5	55484.0	57883.5	59822.5	62572.0	65369.5	66557.5	70955.5	76124.5	79881.5	84491.5	94457.5	106411.5	117524.5	131876.5	151118.5	176064.5	206856.5	245720.5	302019.5	367356.5	433091.0	512512.5	606553.5	714092.0	832739.0	955611.5	1081971.0	1216820.0	1392748.0	1655315.0	1888091.5	1982229.0	1961534.5	1896246.0	1858433.0	1857686.5	1885776.5	1912140.0	1924097.5	1924787.5	1918324.0	1907633.5	1905133.5	1920536.5	1846953.0	1693684.0	1559507.5	1432597.5	1311709.5	1200242.5	1099484.5	1003594.5	915026.5	835642.0	762746.5	698011.5	635121.5	575457.0	524661.0	478524.5	438276.0	401215.0	367153.5	336899.5	309006.0	284336.0	263198.5	245699.0	236230.0	228735.0	218453.5	210298.5	202161.5	195442.0	190812.0	186680.5	187451.5	188996.5	186736.5	184417.5	183254.0	185512.5	187674.0	191243.5	194892.5	196699.5	200454.0	205237.0	207948.0	207169.0	206456.5	205760.0	205315.5	205341.0
EXP157_trimmed_clipped_R1_paired	10919.0	11048.0	11290.0	11446.5	11555.5	11750.0	12098.5	12507.0	13028.5	13559.0	14337.5	15143.0	15809.5	17205.5	18837.0	20483.5	22580.0	26221.5	30581.0	35096.5	41085.0	49380.5	60489.5	74746.0	92965.5	118555.5	149014.0	182440.5	224415.0	275582.5	336496.5	406549.5	482582.5	568081.0	680085.0	884715.0	1290568.5	1682824.0	1789259.5	1658318.5	1491420.0	1416005.0	1413775.0	1473078.5	1553562.0	1625004.5	1686490.5	1742410.0	1791971.5	1840008.5	1876372.0	1803006.5	1656587.0	1532877.0	1412662.5	1300081.5	1196783.0	1100019.5	1004031.0	911266.5	825214.5	745160.5	672539.0	603766.0	535933.5	473348.5	417946.0	367737.5	321036.0	279637.5	242278.5	205733.5	171984.0	144242.5	121286.5	100430.0	82683.5	68795.0	57241.5	47867.0	40299.0	34417.5	29997.0	25743.5	22423.0	20734.5	19407.0	18518.5	17257.0	16172.0	15516.5	14961.0	14597.0	14120.0	13709.5	13395.0	13238.0	13157.5	13018.0	12843.0	12773.5
EXP157_trimmed_clipped_R2_paired	38984.0	39198.0	39696.5	40203.5	40660.0	41281.0	42476.0	44012.5	45915.0	47363.5	49450.0	51686.5	52572.5	55981.5	59774.0	62069.0	64600.0	71311.5	79164.0	84929.0	92477.5	102602.0	114884.0	130031.0	149342.5	181683.0	219084.5	254581.0	298528.0	351436.5	414602.0	486099.5	564987.0	652768.0	765528.0	972404.0	1375480.5	1761728.0	1865453.5	1738559.5	1579106.0	1503158.5	1499143.5	1558045.0	1636257.5	1706703.0	1768443.5	1825893.0	1878817.5	1936675.5	1995001.5	1930155.5	1772286.5	1639627.5	1515803.5	1402694.5	1296837.5	1198051.5	1100829.5	1008077.0	924163.0	844364.0	771852.5	703614.0	636536.0	574045.5	517790.5	468199.5	422330.5	380389.0	342135.0	305849.0	272421.5	244714.5	221831.0	203253.5	187799.0	173616.0	162140.5	151625.5	142889.0	136384.5	130898.5	127124.0	124341.0	121832.5	119565.5	118347.0	117581.0	116791.0	117328.5	117902.0	117712.0	118238.5	119531.0	120015.5	119257.0	118676.5	118080.5	117658.0	117657.5
EXP158_trimmed_clipped_R1_paired	15022.0	15159.0	15375.0	15520.5	15640.0	15842.0	16275.0	16804.0	17571.0	18458.0	19704.5	21036.0	22193.5	24565.0	27663.5	30911.5	35009.0	41654.5	50600.0	61209.0	75187.5	93586.5	118325.0	151152.0	192392.5	246691.5	311014.5	383336.0	469856.5	572889.5	692310.5	821563.5	956978.0	1099830.0	1253629.5	1467753.0	1821306.5	2148332.0	2273325.0	2219482.5	2117352.5	2070280.5	2071181.0	2118789.5	2167761.0	2196442.5	2209352.0	2210777.5	2206702.0	2205735.5	2193509.5	2084457.0	1907184.5	1744779.5	1592079.5	1451146.0	1320363.5	1197572.5	1080318.0	971273.5	869280.0	776688.5	696694.0	620447.5	547831.0	483557.5	426196.5	374011.5	326581.5	284638.5	246037.5	209034.5	175056.0	148007.5	124639.0	103117.5	85335.0	71317.0	60494.0	51432.5	44142.5	38802.0	34549.5	30364.5	27071.0	25496.5	24174.5	23351.0	22028.0	20774.0	19971.0	19237.0	18749.0	18156.0	17683.5	17346.5	17208.5	17132.5	16944.5	16737.5	16679.0
EXP158_trimmed_clipped_R2_paired	55971.0	56094.5	56460.0	56972.5	57638.0	58615.0	60331.0	62491.0	65199.0	67330.0	70406.0	73759.5	75346.5	80442.0	86489.0	90767.5	95768.0	107404.5	121353.5	133756.0	149195.5	170294.0	198071.0	232360.0	275019.0	337248.0	410813.0	485381.5	574968.5	679701.0	801155.0	934342.0	1073424.0	1218160.0	1375567.5	1593878.0	1941885.5	2263623.5	2387543.5	2337453.0	2239510.5	2191108.0	2192067.5	2237593.0	2282215.5	2309625.5	2320785.0	2322125.0	2322735.5	2331484.5	2354660.0	2265092.0	2076315.5	1908280.0	1750773.5	1606255.5	1472412.0	1350014.0	1233087.0	1122957.5	1023098.0	931666.0	851170.5	775405.5	702788.5	638102.5	579881.5	528329.0	481873.5	439237.5	399929.0	362771.0	328718.5	300855.5	278106.5	261971.0	248899.0	235103.0	224001.5	213250.5	204379.0	197966.0	192543.5	190311.0	188995.5	186482.0	183979.5	182587.5	182872.0	183078.0	185097.0	187226.5	188194.0	190683.5	193982.5	195585.5	194631.5	193824.5	193012.5	192438.5	192482.0
EXP159_trimmed_clipped_R1_paired	14419.0	14545.5	14767.0	14924.0	15054.5	15252.0	15672.5	16220.0	16948.5	17736.0	18804.0	19961.0	20960.0	23228.5	25983.5	28998.5	32942.0	39221.0	47557.0	57725.5	71102.0	89022.0	112743.0	143007.0	182666.5	234778.5	295442.0	364299.0	446617.0	542927.5	654771.0	776934.0	906103.5	1040480.5	1183037.0	1372042.0	1671412.5	1953038.5	2065882.0	2026551.5	1941213.5	1899352.0	1900118.5	1935358.0	1974454.5	1994723.5	1997975.5	1993773.0	1984225.5	1974245.5	1953626.5	1854414.5	1697431.5	1552044.0	1413350.5	1284354.5	1167130.0	1056942.0	950739.0	853884.5	764453.0	682484.5	611561.0	543902.0	479521.5	422201.0	371242.5	325457.5	283282.0	246185.5	211870.0	179658.0	151165.5	127508.5	106993.5	88411.5	72941.0	61125.0	51883.5	44275.0	38475.0	33995.0	30360.0	26875.0	24103.0	22897.0	21960.0	21367.5	20209.0	19147.5	18473.0	17846.0	17384.0	16750.5	16315.0	16039.0	15924.0	15877.5	15757.5	15601.5	15547.0
EXP159_trimmed_clipped_R2_paired	48533.0	48672.0	49116.5	49671.5	50292.5	51088.5	52485.5	54311.0	56658.0	58585.0	61368.5	64388.0	65896.0	70416.5	75772.0	79762.0	84443.0	94867.0	107371.5	118854.5	133697.0	153754.0	179516.0	211921.5	252819.0	311530.0	380233.0	450674.0	535112.5	633408.5	747866.0	873779.0	1005386.0	1141120.5	1284037.0	1472732.0	1769359.5	2045667.0	2156329.0	2124168.5	2044459.0	2001399.0	2001153.0	2035801.0	2072882.0	2091144.5	2095622.5	2093003.5	2086909.5	2087212.5	2099613.5	2017660.5	1850461.0	1699645.5	1557290.0	1426548.0	1304835.0	1194496.5	1091833.5	993813.5	904271.0	822775.5	751154.5	683522.5	619754.5	563772.5	512047.5	466338.5	424839.0	387194.0	351665.5	319194.5	290482.0	266410.0	246781.0	233246.5	222205.5	209744.5	200037.5	191018.0	183470.0	177918.0	173199.0	171774.0	171133.0	168914.0	166801.5	165719.0	166189.0	166637.0	168670.0	170692.0	171350.5	173323.5	176473.5	178188.5	177369.0	176703.0	176108.0	175667.5	175697.5
EXP160_trimmed_clipped_R1_paired	12133.0	12241.0	12440.5	12588.0	12733.0	12979.5	13425.0	13986.5	14709.5	15435.5	16457.5	17652.5	18634.0	20679.0	23410.0	26362.0	30297.5	36298.5	44341.0	54415.0	67081.0	84562.5	108696.0	139387.0	178204.5	228951.5	289014.5	355972.5	435493.5	529838.5	638870.5	757319.5	882073.0	1012317.5	1152583.0	1343322.5	1650799.0	1935846.0	2045319.0	1999121.0	1902140.5	1850602.5	1842978.5	1872367.5	1906867.0	1925287.0	1927985.5	1920794.0	1907783.5	1896006.5	1873853.0	1774928.5	1622948.5	1484268.0	1353394.0	1231352.0	1118487.0	1011980.5	908997.0	815570.5	730823.0	651432.5	584056.0	519784.5	457509.0	403588.0	354569.5	310377.5	270376.5	235040.0	202699.5	172321.0	145120.0	122399.5	103339.5	86295.5	71821.5	60520.0	51567.5	44192.0	38307.5	33821.0	30299.5	26485.0	23455.0	22003.0	20832.5	20030.5	18783.5	17664.5	16928.0	16240.0	15769.5	15212.0	14803.0	14527.5	14418.5	14364.0	14222.0	14055.0	14002.5
EXP160_trimmed_clipped_R2_paired	49162.0	49296.5	49695.5	50239.0	50842.0	51648.5	53069.5	54975.5	57435.5	59384.0	62258.5	65294.5	66691.0	71139.0	76398.5	80367.5	85006.0	95515.5	108424.5	120086.0	134806.5	154100.5	179507.0	211558.5	252069.0	310752.0	378599.0	447311.0	530554.5	626505.5	736339.0	858711.0	986445.5	1116727.5	1256218.5	1448550.5	1757287.0	2039612.5	2146136.5	2104585.5	2011100.0	1957239.5	1948070.5	1976189.0	2008492.5	2025146.5	2029463.0	2024588.5	2014573.5	2009135.0	2014444.0	1934763.0	1775481.0	1632449.0	1499968.5	1374349.0	1258481.5	1151801.0	1049688.0	956825.0	872699.0	794132.5	725024.5	659872.0	598202.0	543667.5	493978.5	450539.5	411920.0	376179.5	343066.0	312768.0	284777.0	261770.0	243024.5	230065.5	219878.5	208371.5	199209.0	190345.5	182832.0	177402.0	172732.0	171150.0	170374.5	168031.0	165735.0	164507.5	165000.5	165462.0	167560.0	169713.0	170590.5	172871.5	175913.0	177449.5	176637.5	175973.0	175338.5	174887.0	174896.5
MHW001_trimmed_clipped_R1_paired	6661.0	6848.5	6913.0	6760.5	6674.5	6546.5	6529.0	6625.0	6860.0	7062.5	7370.0	7951.0	8523.0	9470.5	10900.0	12894.0	15615.0	19124.0	23563.5	29072.0	36219.0	45293.0	56354.5	69553.5	85105.0	104056.5	123506.0	143344.5	167026.0	190788.5	214938.5	242240.5	268890.0	293653.0	320884.0	359511.5	423497.5	477093.0	489121.5	459347.5	416136.0	393756.5	384187.0	383278.0	388861.5	398718.5	415006.5	443317.0	490310.0	567449.0	652544.0	630449.5	521773.5	427757.0	344757.5	279753.0	232638.5	196827.0	168565.0	146090.0	128085.5	113348.5	101020.0	90217.0	80922.0	72458.0	64295.0	57581.0	51617.0	46723.5	42392.0	37837.0	32962.5	28261.0	24744.0	21423.0	18323.5	15773.0	13706.5	12018.0	10703.5	9634.0	8683.0	7727.0	6950.5	6551.0	6260.5	6102.5	5697.0	5296.0	4987.5	4707.0	4549.0	4328.5	4166.5	4073.5	4032.0	4015.0	4027.5	4040.0	4044.5
MHW001_trimmed_clipped_R2_paired	18382.0	18621.5	18947.5	19095.5	19276.5	19483.0	19818.5	20260.5	20899.0	21523.0	22318.0	23202.0	23836.0	25272.0	27248.5	29359.5	32184.5	36307.5	41087.0	46672.0	53840.0	62753.5	73844.5	87117.0	102232.5	121916.0	143023.5	163454.0	186805.5	210762.0	235255.0	261906.0	288577.0	313207.5	339062.0	376105.5	440521.5	496485.0	510469.0	482553.0	440339.0	417583.5	407139.0	404891.5	408646.5	417918.5	433624.0	460610.0	506676.0	591351.5	694253.0	675657.5	559999.5	461962.0	375100.5	307247.5	258044.0	222036.5	193359.0	171099.0	153633.5	138818.0	126653.0	115934.5	106223.0	97662.0	89778.5	83364.0	77267.5	71244.0	66304.0	61799.5	57401.5	53536.5	50154.0	46471.5	43032.5	40570.0	38695.0	37176.0	35980.0	35164.5	34504.5	33903.0	33374.5	32793.0	32258.5	31998.0	31769.5	31497.0	31452.0	31450.0	31734.5	32596.0	34207.5	35368.5	35632.0	35734.0	35193.5	34657.0	35811.5
MHW002_trimmed_clipped_R1_paired	7694.0	8064.5	8408.5	8409.0	8428.5	8301.0	8306.5	8618.5	9070.0	9603.5	10215.0	10965.0	12160.5	14012.5	16437.0	19658.0	24028.0	30532.5	38955.0	48620.5	60920.5	76360.0	94692.5	117455.5	143860.5	174017.0	205395.5	237080.0	270594.5	303042.5	335757.5	368576.5	399715.0	428594.0	457116.0	496835.0	562555.0	616244.5	625390.5	587459.0	536286.5	506830.0	489724.0	483523.5	482710.0	486932.0	497907.5	520976.0	561175.0	631618.5	724541.5	710675.5	602420.5	509574.0	425503.5	357767.5	306126.5	266008.0	234183.0	208554.0	187392.0	169341.5	154065.0	141113.5	129151.5	118444.5	108753.5	100160.5	92208.0	84974.5	78333.0	71361.5	64032.0	58218.0	54879.5	52864.0	52351.5	48893.0	44607.0	41069.5	37951.0	36876.5	32218.5	25774.5	21231.5	17100.5	14245.0	13134.0	12172.5	11347.5	10628.5	10051.5	9683.0	9168.5	8652.5	8240.0	8050.5	7977.5	7929.5	7905.5	7909.5
MHW002_trimmed_clipped_R2_paired	31447.0	31902.0	32464.0	32702.0	32913.0	33224.0	33765.5	34381.5	35334.5	36351.0	37455.0	38617.0	39705.5	41932.5	44913.5	48351.5	52686.5	59547.0	68505.5	78561.5	90963.0	106663.5	125286.5	147981.0	174758.5	206655.0	239453.5	270614.5	304895.0	338561.5	372047.0	406129.5	437943.0	466723.5	494976.0	534234.5	601436.5	657955.5	671185.0	637380.5	586390.0	555125.0	536214.0	528523.0	527620.5	531602.5	541061.5	563333.5	604296.0	682961.5	793207.5	776645.5	652239.0	552641.0	464979.5	394220.5	340243.0	299590.5	266149.0	239495.0	217328.0	198165.5	182529.5	169074.0	156442.5	145088.0	134856.0	126200.0	117889.0	109912.0	103567.0	98004.5	92100.0	86141.0	81218.0	77254.5	73452.5	69954.0	67387.5	65669.5	64288.5	63491.5	62992.0	62989.5	63136.5	62469.5	61701.0	61258.0	61418.0	61531.0	61924.5	62366.5	64428.5	69602.0	78545.0	84598.5	84798.5	84664.5	84050.5	83594.0	86525.0
MHW003_trimmed_clipped_R1_paired	9132.0	9197.0	9305.0	9334.5	9361.5	9473.0	9733.5	10067.5	10491.0	10957.5	11616.5	12338.0	12885.5	14085.5	15730.5	17513.0	19905.0	23852.5	28931.5	34972.0	43171.0	54287.0	69086.0	88431.5	112580.5	145003.5	183368.5	226738.0	278746.5	339296.0	409425.0	486945.0	569826.5	655713.0	745701.5	855107.0	1017059.5	1167748.0	1241813.0	1249411.5	1232111.0	1227414.5	1238728.5	1272414.0	1303766.0	1322044.0	1334615.5	1342484.0	1346001.5	1355292.0	1368413.5	1302884.0	1180705.5	1081351.0	987774.5	898504.0	815426.0	740650.5	670701.5	605483.5	547011.0	491610.0	443082.5	397360.0	352593.5	313426.0	278481.5	245898.0	215487.0	189195.0	164184.0	141000.0	120264.0	102403.0	87174.5	73229.0	61336.0	52138.0	44945.0	38618.5	33473.5	29488.0	26112.5	22765.5	20198.0	18858.5	17741.5	17053.5	15956.0	14936.5	14241.5	13616.0	13193.0	12688.0	12299.0	12013.5	11906.5	11862.5	11805.5	11742.0	11719.5
MHW003_trimmed_clipped_R2_paired	59821.0	59927.0	60146.0	60356.5	60595.5	60957.5	61715.0	62848.0	64322.0	65498.0	67251.5	69079.5	69930.5	72547.0	75682.0	78124.5	81056.0	87746.0	95781.0	102732.5	111761.5	124019.5	139605.5	159394.5	184967.5	223030.0	266853.5	310744.0	363288.5	425109.5	497595.0	577409.0	660367.5	745734.5	836760.5	948379.5	1109991.5	1258477.0	1333044.0	1342614.0	1324500.0	1320761.5	1334676.0	1366599.0	1397550.5	1416174.5	1427811.5	1437266.5	1444743.5	1463455.5	1484467.0	1416183.5	1287408.0	1182973.0	1086730.0	997162.0	913454.5	837240.5	766777.5	701553.0	642246.0	586981.0	537996.0	491795.0	447627.0	407814.0	371644.5	340020.5	309873.0	282099.0	258001.5	235550.0	214491.0	197026.5	182431.5	170435.5	160561.5	151255.0	143567.5	137047.0	131897.0	128080.5	124935.0	122815.5	121325.5	119552.5	117654.5	116577.5	115992.5	115390.0	115648.5	115950.5	115570.5	115697.5	116849.5	117519.0	117168.5	117042.5	116649.5	116435.0	121244.0
MHW004_trimmed_clipped_R1_paired	7177.0	7256.5	7410.5	7511.0	7603.5	7742.0	8066.5	8528.0	9131.5	9749.5	10522.0	11595.5	12745.0	14639.5	17217.0	20421.0	24624.5	30841.0	38963.0	49133.0	62874.0	80792.5	104126.0	134267.0	171560.5	218273.0	271617.0	330684.0	399255.0	474923.5	560765.5	653619.0	746561.5	839018.0	934079.0	1049988.0	1242702.5	1421369.5	1497342.0	1448279.5	1343932.5	1284997.0	1251268.5	1244818.0	1240626.0	1228713.0	1209403.5	1187495.5	1166635.0	1152158.5	1154366.5	1080135.5	945431.5	843181.5	751393.5	667880.0	593551.0	527292.5	467367.5	413689.0	365865.5	323588.5	288516.0	255282.5	223724.0	197992.5	175115.0	153774.0	135098.5	118665.5	103192.0	89810.5	77927.0	67531.0	58985.5	51008.5	43694.0	38105.0	33895.5	29951.0	26653.0	24052.5	21896.5	19702.5	17823.5	16894.0	16178.5	15746.0	14856.0	13990.0	13379.0	12813.5	12453.0	11987.5	11624.0	11378.5	11289.0	11271.0	11259.0	11243.5	11259.0
MHW004_trimmed_clipped_R2_paired	76200.0	76288.0	76482.5	76684.0	76939.0	77404.5	78237.0	79301.5	80791.0	82137.0	83811.5	85626.0	86891.0	90113.5	94116.5	97761.5	102283.5	110645.5	121134.5	132066.0	146154.0	165185.5	189188.5	219469.5	257250.5	308724.0	367379.5	426991.5	495627.0	572673.5	659504.0	751570.5	843227.5	935281.0	1029728.0	1146257.5	1339891.0	1517103.5	1592603.5	1546226.5	1445660.5	1384875.5	1349290.0	1345140.5	1341237.0	1328484.5	1310670.0	1289703.5	1270554.5	1265661.0	1270647.5	1184336.5	1040536.0	935556.0	842457.0	757972.5	682693.5	615820.0	555493.5	501865.0	454036.5	411389.5	375861.5	344375.0	313936.0	286426.5	262975.0	242679.0	223583.0	206368.0	191981.5	179223.0	166755.0	156354.0	148347.0	140700.0	133563.5	127462.5	122706.5	119695.5	117382.5	115768.5	114518.5	112638.5	111096.5	109756.5	108362.5	107669.5	106603.5	105499.5	104928.5	104420.0	103528.5	102460.5	102380.5	102492.0	102367.5	102520.5	102375.5	102387.5	109495.5
MHW005_trimmed_clipped_R1_paired	5933.0	6150.0	6381.0	6418.5	6382.0	6289.0	6412.0	6681.5	6883.5	7063.5	7411.5	7794.5	8271.5	9276.0	10423.5	11811.0	13861.5	16844.5	20636.0	25363.0	31614.0	39633.0	50103.5	63561.0	80013.0	101044.0	124732.0	150543.5	180001.5	212195.0	248553.5	288033.5	328077.5	369368.5	412509.0	468413.0	561829.5	644866.5	679290.5	656362.5	610178.0	586615.5	576478.0	580022.5	585969.5	591837.0	599113.5	613312.0	638156.0	684243.5	749723.0	721662.5	613718.0	527983.5	451964.5	387895.5	336940.5	295107.5	259710.0	230190.0	203410.0	180909.5	162873.0	144539.5	127854.0	113857.5	101479.0	90784.0	80765.5	71671.0	63035.0	55351.0	48270.5	41999.0	36826.0	31963.5	27435.0	23598.0	20724.0	18194.0	16136.5	14535.5	13161.0	11644.0	10410.0	9827.5	9341.5	9037.5	8430.5	7849.0	7479.5	7143.0	6917.0	6617.0	6404.5	6271.0	6208.5	6184.5	6187.5	6201.0	6221.0
MHW005_trimmed_clipped_R2_paired	42760.0	42950.0	43207.5	43384.0	43640.0	43856.5	44244.0	44850.5	45577.0	46196.0	47032.0	47904.0	48412.5	49713.0	51393.5	52980.0	55027.0	59101.0	63942.0	68810.5	75360.5	83889.5	94485.0	108132.5	124777.0	147968.5	173856.5	198897.0	228906.0	262343.5	298593.0	337668.0	377918.5	419030.5	461414.0	516995.5	611015.0	694682.0	730200.5	709765.5	662676.0	637852.0	627970.5	631392.0	637055.5	641323.5	649120.0	663829.0	688185.0	741500.0	816000.5	783056.0	665721.0	575821.5	496731.5	431125.5	379884.0	338725.5	303733.0	273640.0	247965.5	225987.0	207386.5	190921.5	175341.0	160970.5	148225.0	136934.0	126637.0	116999.0	109028.0	101978.0	94796.0	88457.5	83307.5	78655.5	74002.5	69989.0	66978.5	64957.0	63484.0	62636.0	61989.0	61068.0	60447.5	59789.5	59063.0	58684.0	58167.0	57578.0	57291.5	57085.0	56870.0	56882.5	57651.5	58267.0	58432.0	58559.0	58202.5	57956.5	61536.0
MHW006_trimmed_clipped_R1_paired	9147.0	9658.5	10214.5	10348.0	10404.5	10314.0	10559.0	11202.5	11820.0	12195.5	12444.0	12534.5	13250.0	14845.0	16507.0	18461.0	21410.5	26155.5	31995.5	38210.5	46250.5	56763.5	70046.0	86830.5	106293.0	130036.0	155677.5	180454.5	208306.5	236602.0	265348.5	296705.5	328489.0	359148.0	390852.0	436595.0	513711.5	580671.0	598719.0	562026.0	507479.0	478092.5	465608.0	466056.5	471285.0	480909.5	498985.0	530325.5	581273.0	661757.0	765250.5	756869.5	644843.5	546184.5	454563.0	379070.0	321096.0	276236.5	240180.0	211123.5	187365.5	167948.5	152278.5	138928.5	126727.5	115864.0	106254.0	97595.5	89723.0	82577.0	75702.0	69291.5	62833.5	57569.0	54968.5	53482.0	52378.0	48802.5	45343.5	42683.5	39766.0	38436.0	33604.5	26993.5	22204.0	17805.0	14696.5	13500.0	12476.0	11597.0	10920.5	10351.0	9939.0	9386.5	8871.5	8467.0	8298.0	8245.0	8223.0	8213.5	8220.0
MHW006_trimmed_clipped_R2_paired	92608.0	93116.0	93753.5	94057.5	94297.5	94462.0	95045.0	95981.5	97150.0	98140.0	98986.5	99699.0	100278.0	101827.5	103830.0	106100.5	109219.0	114507.5	120735.5	127456.5	136092.5	146636.5	159775.0	176355.5	195487.5	222071.0	250032.5	274334.5	302230.5	331297.0	362168.0	394382.5	425237.5	455639.0	486266.5	531106.0	609499.0	678476.0	700805.5	665847.5	609780.0	580190.5	567514.5	566216.5	571106.0	581416.5	598321.5	627993.0	678330.0	767542.5	870333.5	845384.0	722543.5	618077.5	522333.5	442330.5	379220.5	331698.5	295048.0	265565.5	241667.5	222259.5	206873.0	195282.0	184356.0	173214.5	163068.5	154901.0	146654.0	138429.5	134886.0	132036.0	126559.0	120803.5	116138.0	112443.0	108945.0	105788.5	103374.5	103701.0	104459.0	105718.0	107175.0	108079.5	109140.0	108385.5	107503.0	107083.0	106187.0	105219.5	104810.5	104501.5	105683.0	108779.5	115015.5	119632.5	120341.5	120880.5	119982.5	119183.0	128869.0
MHW007_trimmed_clipped_R1_paired	5615.0	5651.0	5721.0	5772.0	5804.0	5863.5	6050.0	6327.5	6676.5	7043.5	7583.0	8239.0	8857.0	10016.5	11456.5	13025.0	15127.0	18632.5	23103.0	28488.5	35671.0	45176.0	57875.5	74438.0	95267.0	122851.0	155040.5	190984.0	234157.5	283552.5	340409.0	404470.0	471250.0	538517.5	612559.0	704711.5	853642.5	995575.0	1055000.5	1039696.0	1003721.0	990655.5	992641.5	1015599.0	1040927.0	1057320.5	1065298.0	1071224.5	1076255.5	1084442.0	1099325.5	1048952.5	947010.0	864814.0	788889.5	717474.0	652574.5	594029.0	538055.0	485945.5	438884.5	394706.5	356205.0	320147.5	284171.5	252917.0	225161.0	199071.5	175398.5	153881.0	133682.0	115196.5	98745.5	84898.5	73097.5	62410.5	52890.5	44925.0	38475.5	33125.0	28919.0	25715.0	22920.0	20040.5	17793.0	16578.5	15631.0	15026.5	14057.0	13173.5	12539.0	11974.0	11657.5	11227.5	10863.0	10621.5	10515.0	10480.0	10505.5	10572.0	10644.5
MHW007_trimmed_clipped_R2_paired	128781.0	128836.0	128964.5	129129.0	129306.0	129606.0	130196.0	130932.0	132038.5	133048.5	134409.0	135830.0	136581.0	138856.0	141529.5	143645.0	146060.0	151625.0	158366.0	164714.5	172639.0	183013.0	196637.5	213742.5	234949.5	267893.5	305926.0	341708.5	384801.5	434694.5	492249.5	556177.5	622394.0	690983.5	764334.0	855958.0	1003669.5	1143176.0	1204058.5	1190702.0	1155284.0	1144151.0	1146540.0	1167679.5	1192624.5	1208774.5	1217811.5	1224991.5	1231511.5	1246526.0	1245691.0	1168693.0	1060181.5	975693.5	899275.5	829138.5	763983.0	703861.5	648217.0	597450.5	550515.5	505871.0	466876.0	433493.0	400644.5	369305.5	341446.0	315839.0	291875.5	270043.5	252756.0	236907.0	220184.5	206146.5	194065.0	185756.0	179091.5	171273.0	165007.5	161740.0	159440.5	158299.5	157635.0	156802.0	156466.5	154801.5	153130.5	152317.5	151955.0	151508.0	151565.5	151682.5	151256.0	151251.0	153027.5	154569.5	154814.0	155531.5	155469.5	155634.5	169652.5
MHW008_trimmed_clipped_R1_paired	8441.0	8487.0	8538.0	8558.5	8614.0	8716.5	8846.0	9051.5	9395.0	9729.0	10206.0	10791.5	11363.5	12425.5	13646.0	14960.5	16859.0	20004.0	23974.5	28689.0	34831.0	43054.5	53969.0	68479.5	87280.0	112119.0	141178.0	173423.0	212457.0	257803.5	311143.0	371318.0	435767.5	502797.0	574354.5	665866.0	817395.5	960565.0	1020327.5	1011512.0	980822.5	970528.5	975685.5	1001639.5	1032438.0	1055477.5	1071845.0	1083481.5	1094685.0	1111779.0	1139415.0	1090347.0	979934.5	894580.0	816777.0	744495.0	678454.0	618763.0	561335.0	506675.5	457014.5	411285.5	370591.5	332427.0	295772.0	263282.0	233763.5	206505.0	181938.0	159632.0	138932.5	120176.0	102711.0	87527.0	74654.5	62956.5	53150.5	45049.5	38437.0	32964.5	28666.0	25382.5	22828.0	20423.0	18516.0	17583.5	16874.0	16412.0	15533.5	14723.0	14152.5	13636.0	13322.0	12901.0	12606.0	12417.5	12351.0	12377.5	12543.0	12766.5	12932.0
MHW008_trimmed_clipped_R2_paired	246975.0	247069.5	247227.0	247350.0	247441.5	247563.5	248020.0	248794.0	250110.0	251240.0	252755.0	254339.0	255037.5	257000.0	259401.0	261487.0	263834.0	269602.0	276444.5	282186.5	289082.0	298217.0	310360.0	325583.5	344332.5	375613.0	411337.5	443306.0	482117.0	527811.5	581498.5	642236.0	706334.0	771703.5	841053.5	929402.0	1078524.0	1218621.5	1278294.5	1272418.5	1243095.5	1233785.0	1241155.5	1266973.5	1296520.0	1319221.0	1334350.0	1347162.5	1360056.0	1385367.5	1364157.5	1254029.0	1139571.0	1054275.5	977184.0	906037.0	840735.5	781576.5	725057.0	671991.5	624411.5	580508.0	540134.0	509378.5	480878.0	448017.5	418101.0	392221.5	367526.0	344299.5	329690.0	316785.5	299195.5	283814.0	270767.0	264574.5	260225.5	251757.0	244780.5	243608.0	243530.5	244556.0	246211.0	248569.5	251479.5	249634.0	247604.5	246645.5	248299.0	249918.0	251746.5	253634.5	254535.5	256895.0	263220.5	268453.5	269410.0	271271.0	271246.0	271783.5	302869.0
MHW009_trimmed_clipped_R1_paired	10625.0	10816.0	11102.5	11253.0	11346.5	11473.5	11788.0	12246.0	12786.5	13300.5	14067.5	14933.0	15608.5	17129.5	19177.0	21557.0	24880.5	30203.0	37162.0	45537.0	56483.5	71230.0	90982.0	116258.0	147920.5	188504.5	236531.0	291058.5	355140.5	429937.5	516699.0	611462.0	711648.5	815435.0	923807.0	1057958.0	1263035.5	1451966.0	1532896.5	1524106.5	1486196.5	1468330.5	1471607.0	1502966.5	1534736.0	1552883.5	1561020.5	1563858.0	1563968.0	1564964.0	1563113.5	1488501.0	1358873.5	1246100.5	1139242.5	1035060.5	938644.5	850563.0	766785.0	689572.0	618167.5	552178.0	495870.5	442081.5	389805.0	344647.5	304288.5	267247.0	233260.0	202958.5	175857.5	150405.0	127040.5	107528.5	91102.5	76694.0	64315.5	54363.0	46609.5	40251.0	35187.0	31194.5	27979.5	24714.5	22113.0	20902.5	19944.0	19317.5	18161.0	17110.5	16484.5	15913.5	15572.0	15127.5	14794.0	14538.0	14415.5	14392.5	14341.5	14282.0	14286.5
MHW009_trimmed_clipped_R2_paired	58270.0	58418.5	58774.0	59147.0	59515.0	60031.0	61015.5	62324.5	63980.5	65325.5	67257.5	69272.5	70286.0	73562.5	77393.0	80334.0	84086.5	92075.5	101857.5	111383.0	123190.0	139377.0	160349.5	186276.0	219211.0	266349.5	319942.5	374339.0	439987.0	514631.0	600442.0	697326.0	799144.0	903371.5	1013018.5	1146055.0	1351271.5	1541286.0	1622358.0	1615198.5	1577315.0	1559709.5	1563685.5	1593027.5	1624777.5	1643773.0	1649271.5	1652466.0	1655613.0	1663747.0	1675884.0	1607003.0	1474904.0	1358750.0	1247861.5	1143755.0	1046921.0	957428.5	874119.5	796181.0	725070.0	659962.0	602826.0	550197.5	499198.5	453253.0	413293.5	376581.0	342214.5	311981.0	284619.5	259477.0	235962.0	216254.0	199921.5	187984.5	178556.5	168228.0	159805.5	152658.0	146769.5	142525.5	139029.5	137233.0	136078.0	134142.0	132249.5	131279.0	131453.0	131499.5	132448.0	133433.5	133353.5	134217.5	136321.5	137507.5	137004.5	136705.5	136253.5	135962.5	139587.0
MHW010_trimmed_clipped_R1_paired	10461.0	10534.5	10669.0	10802.0	10920.5	11096.5	11478.5	11998.0	12700.0	13357.5	14186.0	15218.0	16118.0	17916.0	20346.0	23240.0	27230.0	33412.0	41494.0	51337.5	64638.5	82087.0	104449.5	133684.5	170523.5	217545.5	272512.0	334211.5	407143.5	491564.0	588912.0	695436.5	807398.0	923893.5	1045137.0	1194767.0	1424766.0	1632089.0	1716939.5	1704624.0	1658286.5	1634303.0	1633792.5	1662037.5	1691511.0	1705751.0	1708314.0	1704648.5	1696197.0	1683634.0	1665140.0	1584022.5	1453480.5	1333479.0	1218149.5	1106047.0	1003200.0	910298.5	819509.0	734219.5	657719.5	586817.5	522793.0	464372.0	408904.0	359099.0	315193.5	275407.5	239587.5	208639.0	180189.5	153523.5	129860.0	110058.0	93452.5	79284.5	67029.0	56763.5	48749.5	42168.5	37051.0	33090.0	29829.5	26463.0	23732.0	22495.0	21509.0	20839.5	19709.5	18657.5	17999.0	17384.5	16961.5	16438.0	16001.5	15674.0	15517.0	15457.0	15410.0	15347.5	15322.5
MHW010_trimmed_clipped_R2_paired	59702.0	59810.5	60103.0	60501.5	60996.5	61667.0	62934.5	64620.5	66655.5	68252.5	70463.0	72787.5	73990.5	77835.0	82479.5	86002.0	90363.5	99725.0	111024.0	121855.5	136319.5	155397.5	179100.5	209237.0	246408.5	300397.0	362118.5	423541.5	497634.0	582208.5	679380.0	788550.5	902770.5	1018884.5	1140757.5	1290276.5	1520711.5	1727422.0	1811057.0	1803789.0	1760946.0	1737367.5	1737996.5	1765231.5	1795724.0	1812169.5	1812315.0	1807580.0	1802307.0	1797541.0	1796256.0	1725530.5	1591213.5	1468367.5	1352088.0	1241165.0	1137941.5	1041464.0	950182.5	866181.0	788581.0	717552.5	655621.5	597234.0	542518.0	492577.0	447214.0	407417.5	370996.5	338262.5	309286.5	282889.0	259133.0	238881.0	221806.0	211063.5	202787.0	192511.0	183921.0	176460.5	170430.0	165960.5	162098.5	161428.0	161421.0	159357.0	157173.0	155975.0	157054.0	158031.5	160121.5	162288.0	163020.5	165450.0	169304.5	171371.5	170775.0	170527.0	170188.0	169931.0	174347.0
MHW011_trimmed_clipped_R1_paired	10570.0	10716.0	10952.0	11078.0	11165.5	11291.5	11551.0	11954.0	12503.0	13031.5	13755.5	14592.0	15420.0	17056.5	19104.5	21508.0	24952.5	30386.0	37380.5	46289.0	58077.0	73707.5	94022.5	120276.0	153627.0	196333.0	246426.0	301712.0	367063.0	442525.5	528656.0	624121.0	723496.0	826212.5	936629.0	1077079.5	1297983.5	1501879.0	1589279.5	1568091.0	1512507.5	1485313.0	1480616.5	1509206.5	1537985.0	1552343.0	1557489.5	1559753.0	1559169.5	1558101.0	1554597.0	1480233.5	1351668.0	1238952.5	1131914.0	1030267.0	938386.0	852466.0	769380.0	691976.0	620308.5	554094.0	496951.5	443926.0	392256.0	346499.0	305743.0	269112.5	235768.0	205392.0	177898.0	152938.0	130108.5	110814.5	94834.5	80341.0	67615.0	57581.0	49659.0	42850.0	37327.0	32986.5	29565.5	26036.5	23152.5	21755.5	20631.0	19864.5	18755.5	17805.0	17137.5	16510.5	16093.5	15591.5	15236.5	14975.5	14849.0	14805.0	14745.5	14681.0	14687.5
MHW011_trimmed_clipped_R2_paired	64897.0	65040.5	65352.5	65699.0	66066.0	66584.0	67552.5	68805.5	70411.5	71739.5	73542.0	75481.0	76581.5	79748.5	83674.5	86856.0	90672.5	99178.5	109492.0	119322.0	131931.0	148330.5	169766.0	196859.5	230251.0	278492.0	334412.5	389932.0	455487.0	531759.0	619614.0	715274.5	815510.5	919778.5	1029147.0	1169034.0	1389671.0	1592821.0	1681985.5	1664915.0	1610504.5	1582936.0	1579149.5	1607599.0	1636596.5	1651923.0	1655912.5	1657007.0	1657785.5	1664799.0	1671342.5	1597712.0	1466536.5	1351763.0	1244514.0	1143018.5	1049313.5	962370.5	879490.0	801779.5	730619.0	665827.0	607788.0	555410.0	505294.0	460000.0	419452.5	382365.5	348618.5	317778.0	289954.5	265134.0	242538.5	222778.0	205831.0	193695.5	183912.0	173254.5	164815.0	157725.5	151696.5	147351.5	143581.5	141673.5	140506.0	138318.5	136172.5	134949.0	135129.0	135200.0	135879.0	136696.5	136640.5	137373.5	139477.0	140710.5	140205.0	140028.0	139701.0	139511.0	144767.5
MHW012_trimmed_clipped_R1_paired	11733.0	11919.5	12191.5	12342.0	12478.5	12712.0	13141.5	13769.5	14724.5	15605.0	16669.0	17925.5	19215.0	21635.5	24752.0	28487.0	33689.5	41880.5	52512.0	65441.5	82644.0	104908.0	134061.0	171748.0	217524.5	276082.5	344161.5	418828.5	505344.0	604668.5	717479.5	840525.0	967873.5	1098824.5	1234376.0	1404504.0	1694449.0	1963334.0	2080550.5	2024267.5	1895726.0	1827215.5	1790621.5	1804293.5	1823870.5	1827030.0	1820068.0	1809068.0	1801284.0	1796412.0	1794602.5	1698957.5	1529679.5	1385006.0	1252504.5	1131766.5	1022623.0	922094.0	828281.0	742054.5	663245.5	591731.5	530306.0	473036.0	417637.5	369351.0	326898.0	289088.0	254133.5	222828.5	194395.5	168045.0	144440.5	125016.0	108601.5	93416.0	79935.5	68335.5	59467.0	52174.0	45830.5	40747.5	36767.0	32652.0	29231.5	27491.5	26110.5	25132.5	23537.5	22139.5	21219.0	20328.0	19732.5	19021.0	18526.0	18167.0	18005.5	17937.0	17845.0	17807.0	17859.5
MHW012_trimmed_clipped_R2_paired	107224.0	107472.0	107960.0	108385.0	108817.5	109466.0	110714.0	112317.5	114471.5	116346.0	118703.5	121327.0	122913.0	126851.0	131714.0	136279.5	142132.5	153555.0	167836.0	182161.0	200244.0	223623.0	253527.0	291497.5	337886.0	403723.5	479551.0	552832.0	639245.5	739490.5	852284.5	976044.0	1105299.0	1236378.5	1370331.5	1538909.5	1828443.5	2098184.0	2216013.0	2163878.5	2039085.5	1971289.5	1936590.5	1946664.0	1962523.0	1967054.5	1962039.0	1952843.0	1948101.5	1954593.0	1959278.5	1856829.0	1681048.0	1534027.0	1399470.0	1276763.5	1166376.5	1064427.0	969254.0	883448.0	805352.0	734855.5	674055.0	618916.0	565776.5	516310.5	472724.0	435562.5	400727.0	368549.0	341398.0	317050.0	292872.0	271942.0	255149.5	243681.0	233554.0	221846.5	212592.5	205229.0	199224.5	194821.5	191116.5	189103.5	187978.5	185437.0	182823.5	181307.5	181186.0	181022.5	181824.0	182768.5	182596.0	183462.0	186463.0	188451.0	188168.0	188242.0	187763.5	187647.0	197459.5
MHW013_trimmed_clipped_R1_paired	11126.0	11253.0	11502.5	11655.0	11751.5	11923.0	12344.0	12924.5	13681.5	14390.0	15459.0	16666.5	17498.5	19674.5	22539.0	25452.5	29513.0	36224.5	44890.5	54999.5	68553.0	86721.0	110363.0	141415.0	180399.5	230945.0	291416.0	357827.5	435511.5	526223.0	630580.5	745932.0	867069.5	990382.5	1118391.0	1272501.5	1498497.5	1705786.5	1803146.0	1804500.5	1761925.5	1737358.0	1733605.5	1755761.5	1781306.0	1790941.0	1787711.0	1775222.5	1758470.0	1739186.0	1712855.0	1624960.0	1489597.5	1365525.5	1244579.0	1129053.0	1020765.0	920170.5	825576.0	738700.0	660136.5	587000.0	523407.5	463624.5	406787.5	356362.5	311930.5	273039.0	237347.5	206197.5	178030.0	151820.0	128140.5	108788.0	92988.5	79001.5	67153.0	57791.0	50516.0	44452.0	39746.0	35961.5	32899.0	29493.5	26656.5	25507.0	24667.0	24124.0	22677.0	21278.5	20371.0	19506.5	19057.5	18506.5	18130.0	17886.5	17785.5	17742.0	17723.5	17726.5	17758.0
MHW013_trimmed_clipped_R2_paired	67623.0	67743.5	68058.5	68492.0	69019.0	69799.0	71115.5	72766.5	74897.0	76596.5	78945.0	81467.5	82780.0	86712.5	91472.5	95214.0	99793.5	109879.5	121825.0	133293.0	147918.0	167166.5	192387.0	224066.0	263741.0	321858.5	388000.5	452969.0	531888.5	623778.0	729218.0	844969.0	965480.0	1089576.0	1218510.5	1372039.5	1598252.5	1804386.0	1901723.0	1907854.0	1868489.0	1841918.0	1837780.5	1861694.0	1888498.5	1897383.0	1894126.0	1884060.5	1867049.0	1854244.5	1854296.5	1787325.5	1651287.0	1523565.5	1400612.0	1283310.0	1175694.5	1074570.0	979446.0	893181.0	813524.0	740745.5	677164.5	618921.5	563450.5	513017.0	468012.5	428615.0	392541.5	359866.5	331534.0	305864.5	281980.5	262230.0	246412.0	241372.0	238300.5	228421.0	220313.0	213178.0	207397.0	203363.0	199999.0	202458.5	205741.0	203764.0	201496.0	200270.0	203979.0	207657.0	212549.0	217468.5	219925.5	225565.5	232953.5	237152.5	236675.0	236558.0	236299.5	236132.5	242230.5
MHW014_trimmed_clipped_R1_paired	8808.0	8975.0	9214.0	9361.5	9485.0	9653.0	10014.0	10481.0	11098.0	11699.5	12516.0	13527.0	14404.5	16276.5	18837.0	21748.5	25617.0	31773.5	39993.0	49993.0	63022.5	79925.5	102677.0	131662.0	166544.0	211986.0	266044.0	325829.0	394939.5	473946.5	564707.5	664229.5	768807.5	878476.0	994459.0	1136593.5	1364597.0	1574427.5	1667266.5	1635838.0	1558626.0	1526078.5	1513508.0	1529408.0	1547671.5	1551865.0	1546051.0	1535712.5	1522961.5	1507541.0	1492417.5	1411511.0	1275910.5	1155822.5	1044725.5	941196.0	845443.0	758634.0	676155.0	600646.5	533640.5	472201.5	419074.5	370580.0	324042.5	284441.0	249940.5	218396.0	191149.0	167738.5	145705.0	125573.0	107807.0	93050.0	81017.0	70045.0	60345.5	52432.5	46271.0	41005.5	36655.5	33357.0	30536.0	27354.5	24777.5	23592.0	22599.5	21954.5	20750.0	19624.5	18895.5	18230.5	17813.0	17309.0	16868.5	16491.5	16316.0	16230.0	16189.0	16188.0	16228.0
MHW014_trimmed_clipped_R2_paired	104902.0	105048.0	105340.0	105660.5	106065.5	106645.0	107691.5	109026.0	110801.0	112243.5	114124.5	116213.5	117499.0	121065.0	125276.0	128900.5	133286.5	142270.5	153136.0	163971.0	177755.5	196075.5	219919.0	248990.0	284788.0	337217.5	397722.5	457066.5	526871.5	606886.5	697018.5	796902.5	902764.0	1011319.5	1125915.0	1268249.0	1495789.0	1703659.5	1796476.0	1769042.5	1692815.5	1658581.5	1645577.5	1661564.5	1681002.5	1684321.5	1677767.5	1668953.0	1658505.0	1649446.0	1636625.0	1550573.0	1412598.0	1291732.5	1176228.0	1069942.5	975719.0	889020.0	807437.5	733050.5	665912.0	604468.5	550528.0	503945.5	460237.5	420766.0	386133.0	355833.0	328017.5	302584.5	282207.5	264228.0	246635.0	231621.5	219370.0	213582.5	208986.0	200929.0	194689.5	190250.5	186763.0	184269.0	182207.5	182827.5	183968.5	182132.5	180136.0	179117.5	180873.0	182581.5	184919.0	187329.5	188294.0	191046.5	196309.5	199905.0	199911.0	200375.5	200055.5	199935.5	213814.5
MHW015_trimmed_clipped_R1_paired	8438.0	8494.5	8577.5	8652.0	8774.0	8967.0	9340.0	9820.0	10463.0	11146.5	11880.0	12637.5	13323.5	14961.5	17104.0	19226.0	21928.0	26538.5	32976.5	40542.0	50936.0	65106.5	83490.0	107256.0	136919.0	175287.5	222996.0	278851.5	343705.0	417049.5	499212.0	588025.5	673889.0	756274.5	840802.0	930120.5	1023266.0	1109159.0	1184792.0	1250365.0	1306984.0	1358889.5	1402736.5	1439894.0	1470374.0	1492882.0	1504032.0	1500281.0	1490070.0	1481890.5	1466268.5	1393416.0	1279575.0	1178022.5	1082017.0	984170.0	887805.5	797029.0	717740.5	651937.0	595515.0	544406.5	486608.0	422151.0	365973.5	320326.0	279453.0	242758.5	209669.0	180194.0	153787.0	130509.0	111140.5	94990.5	80537.5	66930.5	56638.5	48825.0	41806.5	35886.0	31162.0	27717.0	24940.0	21976.0	19666.0	18483.0	17531.5	16921.5	15899.5	14902.0	14206.0	13618.5	13277.5	12878.5	12561.0	12316.0	12194.5	12141.5	12047.0	11966.0	11961.5
MHW015_trimmed_clipped_R2_paired	53324.0	53374.0	53519.0	53743.0	54070.5	54607.5	55637.0	57015.5	58809.0	60189.0	62085.5	64149.0	65156.5	68412.0	72340.5	75050.0	78213.5	85726.0	95127.0	104206.5	115513.5	130600.5	149765.5	173734.5	203787.0	248219.0	301658.0	357351.0	424049.5	497561.5	580611.5	671021.0	756858.5	839976.5	925087.0	1015510.5	1109076.0	1196699.0	1274627.5	1340172.0	1397155.5	1448980.5	1494130.5	1533386.0	1565942.0	1589968.5	1600943.0	1597559.0	1589456.5	1584474.0	1579979.5	1516515.0	1401134.0	1297980.0	1202051.5	1104779.5	1005419.0	913511.5	835330.5	769351.5	712879.5	660694.5	602034.5	538577.5	482727.0	434399.5	391826.0	355408.5	322090.5	291361.0	264196.0	240593.5	220070.0	202577.0	187456.0	176197.5	168386.5	160303.0	152875.5	146173.5	140749.5	136874.0	133442.5	131472.5	130240.0	128233.5	126233.5	125038.5	124716.0	124444.0	124942.5	125511.0	125439.5	126281.5	128139.0	129046.5	128588.5	128361.5	127953.0	127696.5	131832.5
MHW016_trimmed_clipped_R1_paired	9621.0	9758.5	9979.5	10113.5	10238.0	10417.0	10790.0	11297.5	11913.0	12538.5	13451.5	14429.0	15235.5	16908.0	19158.0	21758.5	25227.5	31172.0	38691.0	47421.0	59394.0	75283.5	96582.5	124333.0	158878.5	203693.0	256575.5	315718.0	385898.5	468275.0	562171.0	666132.0	776327.0	889652.0	1010606.5	1160500.0	1400174.5	1633134.5	1740699.5	1730399.0	1673694.0	1644962.5	1642348.5	1671317.0	1707880.5	1729547.5	1737787.0	1740555.5	1737531.0	1734645.5	1735757.0	1659245.5	1518564.5	1394428.0	1278255.5	1166431.0	1059593.0	963055.5	872455.5	786165.5	707698.5	635510.0	571842.0	510822.0	452902.5	401419.0	354451.0	312594.0	273979.5	238892.0	206551.0	176878.0	150243.0	127543.5	108352.5	91471.0	77018.0	65288.0	55850.5	47981.5	41740.0	36928.0	33209.5	29619.5	26797.0	25509.0	24389.0	23674.5	22366.0	21144.0	20302.0	19461.0	18939.5	18337.5	17892.5	17576.0	17460.5	17450.5	17536.5	17730.0	17905.0
MHW016_trimmed_clipped_R2_paired	183003.0	183143.5	183460.0	183817.0	184181.5	184758.0	185818.5	187184.0	189077.5	190551.0	192823.0	195353.5	196587.0	200328.0	204647.5	207933.5	212071.5	221411.5	232571.0	242963.0	256399.5	273920.0	296577.5	324921.0	359697.5	412874.0	475153.0	534297.0	604262.5	686767.0	782196.0	886847.5	997318.5	1110521.0	1228106.5	1377073.0	1616098.5	1846011.5	1953712.5	1948158.5	1894670.5	1865377.0	1861869.0	1890880.5	1925434.5	1943667.5	1953574.0	1956889.0	1956315.0	1963091.0	1947865.5	1844908.0	1699301.0	1573894.0	1454602.5	1342363.5	1237066.0	1140274.0	1049350.0	964074.0	887374.5	815490.5	751424.0	696401.0	643482.5	591978.0	546438.0	505207.5	465618.0	430126.0	401994.5	376459.0	349610.0	327060.5	308322.5	298469.0	291499.5	279373.0	269371.0	264029.5	260499.5	258423.0	256997.0	258086.0	259996.0	257606.0	255128.0	253889.5	255427.5	256923.5	259017.0	261208.5	261960.5	264003.0	268653.5	272206.0	272513.0	273549.0	273234.0	273249.5	294240.5
MHW017_trimmed_clipped_R1_paired	11686.0	11946.0	12314.0	12444.5	12507.5	12663.0	13096.5	13772.5	14561.5	15307.0	16459.0	17871.0	19180.0	21738.5	25071.5	29080.0	34836.5	43347.5	54480.5	68777.5	87268.5	111449.0	142834.5	182633.5	231994.5	293227.0	364399.0	443004.0	533814.0	638047.0	754996.0	881086.0	1010313.0	1139494.0	1268289.0	1413536.0	1645159.0	1869680.0	1997023.0	1958951.5	1834078.5	1757113.5	1700101.0	1685925.0	1676487.0	1653461.0	1620094.5	1583145.5	1548557.5	1516333.5	1487758.0	1387560.0	1229407.0	1093802.0	969907.0	857412.5	758188.0	670321.5	589563.5	517314.5	453530.5	396695.5	348037.0	303787.5	264130.5	230915.0	201480.0	175787.0	153915.5	134631.0	116488.5	100521.0	87354.5	76546.5	67467.0	59099.0	51555.0	45844.0	41524.0	37604.0	34327.0	31862.5	29829.5	27488.0	25684.5	24962.5	24312.0	23913.0	22741.0	21605.0	20955.5	20362.0	20020.5	19537.0	19140.0	18857.5	18756.5	18760.5	18865.0	19137.0	19397.5
MHW017_trimmed_clipped_R2_paired	171701.0	171912.0	172331.5	172736.5	173174.5	173782.5	174974.5	176619.0	178798.0	180605.5	182948.5	185570.5	187288.0	191602.0	196826.0	201560.5	207811.5	220136.0	234869.5	250019.0	269799.0	295309.5	327685.5	367923.5	417248.5	487229.0	566396.0	644600.0	734886.0	837155.0	954040.0	1079322.5	1205844.0	1334283.0	1463957.0	1609620.5	1838098.0	2057479.0	2184453.5	2151361.5	2028747.5	1949739.0	1894075.5	1882335.0	1873050.5	1850230.0	1817665.5	1782857.5	1750925.0	1728879.5	1686814.5	1561007.0	1399315.0	1264291.5	1139771.0	1026422.5	928122.0	839306.5	758380.5	687019.5	623683.5	566627.5	518159.5	479400.5	443382.0	409041.0	379712.5	355171.0	333006.0	312246.5	297999.0	285757.5	271440.0	259593.5	250363.5	247806.5	246140.5	239944.0	234859.5	232776.5	231537.0	231042.5	230922.0	233544.5	236591.0	235046.0	233235.0	232366.0	235993.5	239533.5	243041.5	246535.0	248599.5	253356.5	262205.0	268688.5	269250.0	270290.5	270101.0	270346.5	292509.5
MHW018_trimmed_clipped_R1_paired	54736.0	63517.5	74437.5	77250.5	79575.5	83878.5	91805.0	98965.5	101609.0	100802.0	97582.0	95200.5	94283.0	96562.0	101496.0	109726.5	122273.0	137065.0	152695.5	170491.0	192832.0	219237.5	250605.5	287866.5	328225.0	377277.0	418757.5	446008.0	476975.5	507918.5	541651.0	579638.0	615779.5	652137.5	694893.5	756229.5	847678.5	919336.5	933556.0	900347.5	858261.0	848867.5	873868.5	925845.0	1011934.0	1146636.5	1361162.0	1694158.5	2193705.5	2911285.0	3562680.5	3458073.5	2785651.0	2145680.0	1594770.5	1183808.0	899362.5	703046.0	562549.0	460254.0	386529.5	330700.5	289296.0	254342.5	224097.5	200347.5	179256.0	161228.5	144356.5	128942.5	115363.0	103034.0	91938.0	81930.5	74052.0	64046.5	54951.5	49783.0	45223.5	41128.0	37758.0	34973.0	32480.5	29164.0	26081.0	24695.5	23565.0	22685.0	20764.0	19008.5	17917.0	16890.0	16184.0	15318.5	14606.5	14027.0	13747.5	13685.0	13620.5	13579.0	13626.0
MHW018_trimmed_clipped_R2_paired	61209.0	69678.5	81014.0	85557.0	89946.0	95658.5	104997.5	113933.0	119375.0	124008.0	126503.0	127126.5	126793.5	129609.5	134485.5	141631.0	152747.5	168034.0	185136.5	203108.0	224930.0	250756.5	281967.5	319257.0	359840.0	414218.5	461569.0	488346.5	518619.0	550741.0	586015.5	624239.5	659879.5	695935.0	735736.0	790639.0	886199.0	967848.5	986661.0	952776.5	907778.0	894466.0	913050.0	955346.5	1025306.5	1145085.0	1342700.0	1656503.5	2140534.5	2905073.5	3676339.5	3631968.0	2945793.5	2283683.5	1707429.0	1273511.0	971682.5	766851.5	623117.5	519195.5	446179.5	391977.5	351342.5	317946.5	288943.0	265957.5	246004.0	229933.5	213431.0	195960.0	181218.0	169106.0	157772.0	147551.0	139409.0	127766.0	117319.5	111984.0	107427.5	102773.5	98710.5	95810.0	93126.5	89590.5	86516.5	84849.0	82971.0	82016.0	79922.5	77756.0	76156.5	74551.5	73422.0	72435.5	72259.5	72067.0	71774.0	71359.0	70191.5	69155.0	70760.0
MHW019_trimmed_clipped_R1_paired	20032.0	22349.0	25132.0	25942.5	26531.0	26939.0	28599.0	31536.5	34342.0	36493.5	38210.5	40021.0	42390.0	46974.5	53979.5	63468.5	76229.5	92349.5	110694.0	132830.5	160374.5	193059.5	232377.0	279652.0	332481.5	390270.5	447528.0	503588.0	566649.0	631578.0	701305.0	775482.0	845012.0	910661.0	984857.5	1096525.0	1274642.0	1411546.0	1416646.5	1295905.5	1142396.0	1051825.5	1006875.5	990925.0	991326.0	1006907.5	1042075.5	1108617.0	1219413.0	1391317.5	1560162.0	1495449.0	1256263.5	1043814.0	851810.0	694757.0	573787.5	484136.0	415107.5	360013.5	316139.5	280446.0	251700.0	225878.0	201984.5	182584.5	164686.0	148808.0	134493.5	120353.5	107389.0	95955.5	85792.0	76704.5	68740.0	59814.5	51316.5	45454.5	40798.0	36406.5	32782.0	29799.5	26885.0	23665.5	20988.0	19365.0	18000.0	17100.5	15815.5	14661.5	13804.0	13076.0	12535.0	11838.5	11248.0	10776.0	10566.5	10516.5	10471.5	10421.0	10422.5
MHW019_trimmed_clipped_R2_paired	40865.0	43480.5	46985.5	48563.5	49695.5	50828.5	53373.0	57090.5	61017.0	64786.5	68303.0	71185.0	73674.0	79005.5	86784.0	96429.0	108908.5	125795.0	145581.0	167685.5	194514.5	227157.5	266176.0	312991.0	365334.0	426296.5	487070.5	542717.5	604848.0	667852.5	737187.5	811614.0	880760.5	945886.5	1015618.5	1123612.5	1305232.5	1456902.0	1482117.5	1371912.0	1218110.5	1124215.0	1076386.0	1053818.5	1048804.5	1062915.0	1094821.5	1160674.0	1272482.5	1467052.5	1671572.5	1606527.5	1348694.0	1125978.0	926334.5	764379.0	640057.5	547662.0	476418.5	419691.5	375028.0	337720.5	307994.0	281299.0	255815.0	234992.5	216397.5	200929.5	185880.0	170437.5	157190.5	145554.0	134763.0	125170.5	117606.5	108037.5	98504.5	92359.5	87426.5	83198.5	79774.0	76950.5	74347.5	71327.0	68673.0	67149.5	65722.0	64879.0	63098.0	61330.5	60176.5	59125.0	58366.0	57605.0	57565.0	57497.5	57290.0	57218.5	56847.5	56533.0	58025.0
MHW020_trimmed_clipped_R1_paired	44986.0	50799.5	56305.0	55400.0	52482.5	48487.0	46069.5	44842.5	43350.0	41489.5	39541.0	37403.0	35713.5	35176.5	35902.5	37832.0	41166.5	46597.0	53670.0	62058.5	72503.5	85546.0	101790.0	122093.0	146692.0	179476.5	213090.0	245182.5	283172.0	323837.0	368902.0	418115.0	466976.5	514525.5	565511.0	630033.5	717583.0	794727.0	832248.0	824356.5	798571.5	791773.0	805039.0	840854.5	899700.0	991468.0	1146620.5	1399199.5	1811221.5	2474109.5	3184529.0	3150238.0	2513089.5	1937060.0	1441936.5	1078793.0	831223.5	662128.0	540088.5	450244.0	385632.5	334251.0	293762.0	259329.0	228160.5	203557.0	180454.0	160031.0	142961.5	126787.5	111806.5	98518.0	86926.5	76777.0	68656.5	59311.0	50585.0	44861.5	40419.5	36467.5	33049.0	30240.0	27852.5	24605.0	21632.0	20428.0	19404.5	18661.0	17291.5	16006.0	15119.5	14320.5	13827.0	13192.5	12658.0	12245.5	12038.5	11966.0	11926.5	11927.0	11987.0
MHW020_trimmed_clipped_R2_paired	57606.0	63178.0	69168.5	70037.0	69432.5	68053.0	67831.0	68084.5	68483.5	69228.5	70045.0	69756.5	68513.0	68666.0	70060.0	72036.5	75355.0	82319.0	90838.0	99379.5	109856.0	123103.5	139913.5	160492.0	184931.5	221903.5	260026.5	291859.5	329305.0	370103.5	415385.5	464712.5	514836.0	562385.0	611227.0	674723.5	762966.0	841858.0	884659.5	879769.0	853794.0	848190.5	859574.5	889537.5	940656.5	1023303.5	1165342.0	1404827.5	1806602.0	2511107.0	3324783.5	3302840.5	2613584.0	2023429.0	1520200.0	1146826.5	890068.5	718644.5	595491.0	505640.0	441827.5	392738.0	354133.0	320931.0	290710.5	265828.5	244497.0	226079.0	207761.0	189965.5	174463.5	160913.0	148480.0	137640.5	129075.5	117717.5	107218.5	101156.5	96315.0	91980.5	88230.5	85365.0	82852.5	79698.0	76874.5	75366.0	73786.5	72871.0	70981.5	69179.0	68195.5	67236.0	66505.0	65782.5	65611.5	65610.5	65792.5	65680.5	64365.0	63109.5	65228.5
MHW021_trimmed_clipped_R1_paired	29128.0	33878.5	39339.5	40471.5	40014.5	38423.5	38174.5	39479.5	40610.0	40782.0	40218.0	39143.5	38439.0	38775.0	40599.0	44555.5	50461.5	59016.5	69672.5	82499.0	98722.5	118874.0	144078.5	175698.5	212644.0	260373.5	310360.5	356532.5	410912.5	467165.5	525543.5	591012.5	655903.5	715587.5	778689.0	863302.5	984821.0	1085508.5	1117165.5	1074798.5	1009960.0	979465.5	971761.0	990163.5	1029748.5	1095882.0	1207374.5	1382570.5	1660055.5	2094593.0	2552220.5	2492479.0	2019148.5	1595524.5	1226410.0	946747.0	749459.0	608540.0	503241.0	423431.5	363785.0	315528.0	277539.0	244457.0	214058.5	189567.0	167652.0	149303.0	133095.5	117266.5	103170.5	91161.0	80326.0	70732.0	63221.5	54506.5	46368.0	41236.0	37170.5	33403.5	30254.0	27598.5	25265.5	22490.0	20047.5	18918.0	17928.0	17238.0	16000.0	14843.5	14084.5	13392.5	12888.5	12263.0	11784.0	11451.0	11339.5	11323.0	11301.5	11302.0	11331.0
MHW021_trimmed_clipped_R2_paired	67609.0	72147.5	77519.5	79142.0	79757.5	79668.0	80755.0	82924.0	84987.0	86633.5	88370.5	89395.5	89353.0	90580.0	93118.0	96745.0	102281.5	112226.5	124482.0	137515.0	153242.5	173354.5	198414.0	229197.5	265562.5	316770.0	370240.5	415568.0	468190.0	523605.5	582371.0	646548.5	711063.5	771424.5	833159.5	914069.5	1034486.0	1141041.0	1183197.5	1148334.5	1084353.5	1051681.5	1041866.5	1054589.5	1088564.5	1147516.0	1246958.0	1412822.0	1681823.0	2139983.5	2663321.5	2623267.5	2128971.5	1697416.5	1320683.5	1032376.0	828547.5	684912.5	577715.5	497184.5	437553.0	389695.5	351518.5	318849.5	288897.5	263912.5	241510.5	223342.0	206530.5	189278.0	174521.0	161933.5	150299.5	140122.0	132023.0	120945.0	110330.0	104300.0	99537.5	96105.5	93189.0	91032.0	89227.5	86335.5	83845.0	82367.5	80768.5	79858.5	77744.0	75674.0	74319.5	72991.5	71761.5	70101.0	68858.0	68325.0	68580.5	68550.0	67463.0	66460.0	69176.0
MHW022_trimmed_clipped_R1_paired	31114.0	36040.0	42004.0	44010.5	45461.0	46748.0	49232.0	52308.5	54711.0	55529.0	54840.0	53346.5	52640.0	53889.0	56931.5	62698.0	70822.0	81055.5	93052.5	106626.5	123570.5	143906.0	167728.5	197103.0	230729.0	271123.0	307437.0	335878.0	366927.0	398271.5	432466.0	468814.5	504355.5	536830.0	573519.5	630552.5	719930.0	792418.0	804648.0	763838.5	710678.0	687158.5	692150.0	722685.5	774699.5	855166.5	984195.0	1184314.5	1484982.0	1918832.5	2327492.0	2272499.5	1858771.5	1461269.0	1110460.0	843630.0	657628.5	526214.0	427578.5	354321.0	300749.0	259075.5	227096.0	199526.5	174894.0	155656.0	138635.5	123741.0	110288.0	97701.5	86172.0	76264.5	67735.5	60284.0	54390.5	47191.5	40508.5	36340.0	33185.0	30243.5	27678.0	25697.0	23800.0	21306.0	19124.0	18215.0	17350.0	16754.5	15494.5	14275.5	13426.0	12614.0	12125.0	11532.5	11051.5	10664.0	10460.0	10421.0	10420.5	10413.0	10449.0
MHW022_trimmed_clipped_R2_paired	58474.0	63416.5	69708.5	72387.5	74699.0	76693.5	80165.5	84618.5	88804.5	92443.0	95066.0	95628.0	95113.5	97053.0	100769.5	105990.0	113500.5	124742.5	137938.0	151694.5	168271.5	188663.5	212569.5	241327.0	274660.5	318894.5	359299.5	387400.5	418001.5	449979.5	486112.0	522247.0	557207.5	590734.0	626025.0	678487.5	770127.0	851231.5	869087.0	829665.5	774980.0	750108.5	752158.0	775746.5	819067.5	891518.0	1010624.5	1200851.5	1497378.0	1969382.0	2440719.0	2402729.5	1972415.0	1555762.5	1189774.5	912260.0	716971.0	582067.0	483554.0	410301.5	358520.5	318598.0	287249.5	261515.0	237808.5	217911.5	201104.0	187117.5	173744.5	159703.0	147739.5	137805.0	128546.0	120545.5	114318.0	105833.0	98036.0	93809.0	90165.0	87305.5	84929.0	83327.5	81917.5	79410.0	77243.5	76114.0	74843.5	74168.0	72327.0	70364.0	68859.5	67437.0	66168.5	64472.5	63279.5	62635.5	62697.0	62660.0	61691.5	60711.0	62930.0
MHW023_trimmed_clipped_R1_paired	20484.0	23339.0	26393.0	26369.0	25442.0	24164.5	23928.5	24825.0	25661.5	25741.5	25515.5	25303.5	25349.0	26566.0	28650.0	31576.5	36289.0	43166.0	51407.5	60923.5	73126.5	88302.0	107728.5	132931.5	162365.5	199868.0	240745.0	280464.0	327553.0	378471.0	432399.0	491135.5	549686.5	604995.0	664927.5	743572.0	856857.5	955352.5	992954.0	960403.0	904220.0	879521.0	874524.0	888641.0	916116.5	955503.5	1018043.0	1112037.0	1255860.0	1486236.5	1748640.5	1710790.5	1429610.0	1192537.5	978307.5	803798.0	669684.0	566793.5	485381.0	419945.0	368293.5	325423.0	290488.0	258932.0	229961.0	205823.0	183100.0	163965.0	146493.5	129610.0	114860.5	101558.0	89783.0	79385.0	70654.0	61238.5	52540.0	46278.5	41226.0	36563.5	32585.5	29639.5	26851.5	23654.5	21063.0	19489.5	18111.0	17205.0	15873.5	14687.0	13845.0	13079.0	12554.0	11926.0	11352.0	10891.5	10704.0	10650.0	10646.0	10647.0	10656.0
MHW023_trimmed_clipped_R2_paired	96949.0	99737.5	102738.0	103152.0	103227.0	102973.5	103479.0	104883.5	106481.5	107729.5	108989.5	109929.0	110319.5	112071.0	114723.0	117866.5	122186.5	129996.0	139768.0	149747.5	161827.5	177107.5	196102.0	220542.0	249949.0	292033.5	336990.0	375973.0	421763.5	471364.5	524513.5	582330.5	640650.0	695212.5	752843.5	827967.0	940508.5	1042445.5	1087892.0	1062405.5	1007419.5	981298.0	974755.5	986120.0	1009623.0	1046002.5	1103235.0	1192675.0	1334255.0	1581361.0	1867162.5	1824573.0	1532220.0	1290518.0	1071446.0	892042.5	753108.0	647812.5	565165.0	498651.5	446093.5	402730.0	368092.5	338747.5	310572.0	285280.5	262901.0	244270.5	226638.5	208741.5	195143.0	183808.0	171269.0	160006.5	151160.0	139733.5	129018.5	122543.5	117315.0	114656.0	112530.5	111350.5	110689.5	108414.5	106543.5	104920.0	103235.5	102385.5	99814.0	97113.5	95133.0	93307.0	91759.0	89548.0	87338.5	86164.5	86741.0	86988.5	85684.5	84542.5	89439.0
MHW024_trimmed_clipped_R1_paired	92696.0	110581.0	131618.0	134733.5	132319.5	128211.0	127709.5	130024.5	129567.0	125434.5	120957.5	116316.5	111300.0	107380.0	105025.0	104877.0	106489.0	111695.0	119728.5	129458.0	142435.5	159591.5	182081.0	212179.5	250268.0	303412.0	350202.5	384687.0	429638.5	477867.5	529342.0	586841.0	645060.5	702694.5	763134.0	838342.5	945716.5	1042830.0	1090002.5	1087048.5	1070784.5	1083378.5	1132003.0	1221840.0	1358152.5	1566587.5	1904748.5	2441712.5	3285353.5	4588286.5	6037677.5	6005225.5	4713592.0	3576906.0	2610839.5	1899931.0	1418036.0	1089000.0	856164.5	690165.5	571389.5	482393.0	416761.0	361912.5	314608.5	278101.5	246270.0	220368.5	197041.5	174356.5	154253.0	136797.5	121322.5	108161.5	97367.5	83823.5	71900.0	64724.0	58681.5	53127.5	48567.0	44875.0	41703.5	37203.5	33169.0	31769.0	30562.0	29784.5	27804.0	25824.5	24425.5	23171.5	22440.0	21447.0	20594.5	19941.5	19611.5	19479.5	19490.0	19550.5	19614.0
MHW024_trimmed_clipped_R2_paired	108323.0	125499.5	145956.5	151029.0	152731.5	152850.0	155982.5	161462.0	165155.5	168264.0	170659.0	169168.5	164882.5	161819.5	159260.0	157198.5	158064.0	165459.5	175837.5	186025.0	198791.0	215555.0	237526.0	266648.0	304248.0	365212.5	419747.0	453222.0	496760.5	543191.5	595266.5	653100.5	710396.0	766646.0	823012.5	894905.5	1000956.5	1099195.5	1149807.0	1147261.5	1124993.0	1130734.5	1171815.5	1248554.5	1366449.5	1552329.0	1859482.5	2360323.0	3177220.5	4574897.5	6233026.5	6272527.0	4938489.5	3771774.5	2767723.5	2018180.5	1504420.0	1160257.0	921634.0	755311.5	641635.0	558599.5	498234.0	449100.5	405461.5	371184.5	342245.5	318862.0	296389.0	273268.0	252866.0	235708.0	220045.5	206123.0	195525.5	178971.0	163237.5	155639.0	149301.0	143326.5	138254.0	134606.0	131391.5	126971.5	123087.5	120967.5	118773.5	117604.5	114586.0	111498.5	109933.5	108433.5	107302.5	106367.5	106129.0	106024.0	106309.5	106076.0	103712.0	101602.5	105057.0
MHW025_trimmed_clipped_R1_paired	71229.0	83283.0	96532.0	98248.0	97171.5	93663.5	91946.0	93161.5	93308.0	91475.0	88826.0	84964.5	82747.0	82287.0	81877.0	83219.0	86904.5	93698.0	103115.5	114729.5	129616.0	148735.5	173355.0	206163.5	247083.5	301304.0	353226.5	396415.5	449859.0	508661.5	573390.5	644392.0	715263.5	785325.5	858155.5	945478.5	1066843.5	1177873.5	1235759.0	1234252.0	1212804.0	1219625.0	1258696.5	1336012.0	1448548.5	1618939.5	1896059.0	2330815.0	3014079.5	4074856.5	5224856.5	5207245.0	4203995.0	3278644.0	2461637.5	1841131.0	1411469.0	1115026.0	902863.0	747423.5	634795.0	549310.5	485618.5	432122.0	383634.5	344279.0	309298.0	279241.5	252025.5	224963.5	200034.0	178051.0	158011.5	140286.0	125648.5	110591.5	96782.0	87255.5	81506.0	74987.5	67322.5	61213.0	54903.5	47660.0	41574.5	37356.0	34159.0	32540.0	30268.5	28167.5	26615.0	25185.5	24157.0	22821.5	21644.0	20738.5	20292.0	20151.5	20117.0	20097.5	20107.5
MHW025_trimmed_clipped_R2_paired	99678.0	112791.5	128641.0	133016.5	133853.0	133102.0	134986.5	138561.0	141730.0	144777.0	146875.0	146078.5	143813.0	143888.5	144903.5	145967.0	149432.5	158837.5	170774.5	183106.5	198722.0	218379.0	243410.0	276441.5	317500.0	380234.5	440277.5	483939.5	538231.0	597493.5	665312.0	737528.5	809048.5	880537.0	950505.0	1034406.5	1157817.5	1273729.5	1336500.5	1339457.0	1317350.5	1321470.5	1357296.0	1427161.5	1528383.0	1684915.5	1944880.5	2364366.5	3042903.5	4196375.0	5531905.0	5515952.0	4386882.0	3407816.0	2567250.0	1934902.0	1494354.0	1194223.0	981882.0	827535.5	717782.0	634415.0	571650.0	519325.0	472053.0	433253.0	399161.5	370980.0	343468.5	316433.5	292799.0	272300.0	252891.5	235566.0	222103.5	203712.0	186489.0	176625.5	168803.0	161770.0	155653.5	150989.0	147020.5	142675.0	138845.5	136451.0	133890.0	132443.0	129865.0	127158.5	125769.5	124484.5	124140.0	125256.5	129046.5	131630.0	131687.5	131411.5	129457.0	127648.5	131523.5
MHW026_trimmed_clipped_R1_paired	66931.0	78399.0	91884.5	95194.0	95489.5	93391.0	93395.5	95289.0	96269.0	96142.5	95242.5	94303.0	94522.0	95701.0	97396.5	100877.0	106645.5	116251.0	129643.0	146470.0	168166.5	194307.0	226512.0	267487.0	316287.5	376907.0	431072.0	475042.0	523866.5	570101.5	620165.5	675522.5	725932.0	770441.0	815206.5	869823.5	947668.5	1013740.0	1040650.0	1027962.0	1002706.5	1000939.0	1024271.5	1079383.5	1166693.0	1298571.0	1513758.0	1844368.0	2348504.0	3109639.0	3905864.5	3805549.5	3000048.5	2309243.0	1718798.5	1278730.0	975110.5	766003.5	616249.5	506156.0	426736.0	365326.5	319911.0	281629.0	247540.5	221299.0	198049.5	177948.5	159516.0	141998.5	126357.0	112673.5	100551.0	90067.0	81365.0	70975.5	60805.0	54348.5	49589.5	44761.5	40667.0	37634.5	34690.5	30504.5	26971.0	25528.5	24240.5	23318.0	21686.5	20211.0	19241.5	18350.5	17756.5	16953.0	16233.5	15723.0	15501.5	15417.0	15392.0	15404.0	15456.0
MHW026_trimmed_clipped_R2_paired	86668.0	98480.5	112865.0	117762.5	119716.5	119324.0	121726.0	125787.5	129441.5	133920.5	137681.0	139133.0	139518.0	140772.0	142785.5	145590.0	150667.0	162162.0	177885.0	195318.0	216968.0	243538.5	275700.0	315792.0	364443.0	430119.5	488724.5	531881.5	581154.0	628682.5	678602.5	732751.5	783300.5	827618.0	869727.5	920962.0	997596.0	1066041.0	1097770.0	1086601.0	1058388.0	1054008.5	1073125.0	1120189.0	1198447.5	1319594.5	1518161.0	1836293.0	2344298.0	3208590.5	4159690.5	4066194.5	3191221.5	2465617.5	1847279.5	1380420.5	1054508.5	834061.0	679229.0	567402.5	488699.0	430222.0	386439.5	350032.5	317030.0	290190.5	267660.5	249369.5	231346.0	212873.0	196830.5	183184.0	170847.5	159952.0	151416.5	138236.5	125048.5	118068.0	113104.5	108484.0	104249.0	101221.5	98579.0	94564.0	91010.5	89477.0	87829.0	86821.5	84494.5	82123.0	80860.0	79772.0	79028.0	78305.0	78345.5	78375.0	78272.0	77903.0	76485.5	75378.0	77926.5
MHW027_trimmed_clipped_R1_paired	67991.0	82812.5	101164.0	105705.0	106480.5	104815.5	104636.5	107576.0	109190.5	107822.0	104982.5	102879.0	101692.0	102099.0	104725.0	109125.0	116766.0	129266.5	145434.0	165086.5	191048.5	223813.0	262530.0	310583.0	367366.5	438537.0	509698.5	574914.0	651339.5	727940.5	810192.0	902193.0	992340.0	1081330.0	1173088.0	1288450.0	1457690.5	1605081.5	1668257.0	1634148.5	1562669.5	1533802.0	1543249.0	1597280.5	1686833.0	1830033.5	2075440.5	2469565.5	3100151.0	4085454.5	5181619.0	5070413.5	3939538.0	2966794.0	2176942.0	1622743.0	1257440.5	1011680.5	834562.0	704026.5	606671.0	528081.0	467253.5	413942.0	364257.0	324027.0	289162.5	259089.5	231769.5	205880.5	182139.5	161209.0	142355.0	125987.5	112858.5	97811.5	83158.0	73214.0	65560.5	58685.0	53160.0	48644.5	44710.0	39546.5	35140.0	33493.5	31966.5	30887.5	28865.5	26992.5	25733.5	24520.5	23773.0	22905.5	22205.5	21655.5	21404.0	21328.0	21306.5	21310.5	21359.5
MHW027_trimmed_clipped_R2_paired	99415.0	113244.5	130892.0	137050.0	139941.5	140943.5	144546.0	149890.0	154106.0	158320.5	161370.0	162425.0	161824.5	163072.0	166525.5	170995.0	177899.5	191733.0	210103.5	229778.0	254764.0	286862.0	325863.5	373425.5	429328.5	508067.5	586105.5	650102.0	725310.0	802436.5	887084.5	978386.0	1067878.0	1155153.5	1244627.0	1356751.5	1524922.0	1679242.0	1748619.0	1716611.5	1645664.0	1613135.5	1617766.5	1662908.0	1736584.5	1860645.5	2077672.5	2442868.0	3055340.0	4122994.5	5429068.0	5371312.0	4147300.0	3132970.5	2311931.5	1730556.0	1348140.5	1095529.5	918132.0	789980.0	695705.0	621526.5	564593.0	514680.0	468523.5	430211.5	395735.5	366216.5	338695.0	311463.5	286990.0	265330.5	246450.0	230053.0	216416.0	197933.0	179535.0	168987.0	161098.0	153954.5	147646.5	143073.5	139212.5	134131.5	129680.5	127454.0	125192.5	123760.5	120942.5	118092.5	116591.0	115272.0	114219.0	113393.5	113737.5	114046.5	114032.0	113650.0	112031.0	110659.0	113773.5
MHW028_trimmed_clipped_R1_paired	48114.0	54345.0	61251.5	62129.5	61357.5	59435.0	58413.5	59215.0	60310.0	60071.5	59232.5	58444.0	58165.5	59377.5	61362.0	63734.0	67193.0	73150.0	81344.0	89798.0	100595.5	115502.0	134379.0	159393.5	190873.0	230273.5	267655.5	300936.5	342007.5	386460.0	434622.0	488403.5	542414.0	594540.5	646676.5	710097.5	799002.0	878443.0	919313.0	918374.5	904230.0	910237.5	941285.0	998243.5	1077854.0	1201220.5	1399278.0	1704636.0	2177419.0	2896999.5	3643499.0	3560448.0	2831895.5	2191199.5	1632442.5	1215187.0	926923.5	728014.5	586553.5	483387.5	407635.0	349459.5	305984.0	268723.0	235195.0	209449.0	187047.5	168023.0	151347.5	134673.0	119223.0	106044.0	93944.5	83566.5	75320.5	65699.0	56140.0	49568.0	44703.0	40219.5	36507.5	33465.5	30668.5	27019.5	23951.5	22701.0	21620.5	20910.5	19406.0	17936.5	16934.0	16042.5	15498.5	14786.0	14206.0	13791.0	13597.5	13517.5	13520.5	13555.5	13589.0
MHW028_trimmed_clipped_R2_paired	65686.0	72303.5	80589.5	83486.0	84830.5	84819.5	85384.0	87654.0	90507.5	93120.5	95518.5	96640.0	97188.0	98951.0	101062.5	103411.5	106694.0	114126.5	123974.0	133630.5	145113.0	159872.5	178550.0	203113.5	233947.5	277657.5	318939.5	351114.0	391114.5	434831.5	483663.0	537504.0	590960.5	641933.5	692049.5	752369.0	838548.5	919447.0	964926.0	965095.0	947032.0	949317.5	974679.5	1023636.5	1095230.0	1206308.0	1383454.5	1666141.0	2123150.5	2916822.5	3824374.0	3786658.5	3001083.0	2325021.5	1739636.0	1296710.5	992067.5	788578.5	645374.5	542312.5	468677.0	412996.0	372058.5	337829.5	307168.5	281652.0	260021.0	242599.0	224971.5	207457.5	192292.5	179117.5	167153.5	156597.5	147991.0	136214.5	124613.0	117719.5	112623.0	107980.5	103921.0	100830.5	98206.5	95136.5	92475.0	90954.5	89336.0	88322.5	86523.0	84740.0	83666.0	82675.5	82231.5	82231.5	83311.0	84214.0	84324.5	83994.5	82570.5	81347.5	83923.5
MHW029_trimmed_clipped_R1_paired	60582.0	72453.5	87574.0	91870.5	91154.5	86593.5	82933.5	81476.5	79737.5	77472.0	75655.0	74521.0	74385.0	75729.0	78049.5	81818.5	88808.0	101963.0	119989.5	142020.5	170254.0	205019.5	245879.5	294327.0	351111.0	420773.5	484478.0	536501.0	591710.0	644047.5	698071.0	753407.0	805348.0	856310.0	906851.5	968214.5	1062319.5	1149078.0	1189348.0	1173258.0	1137899.0	1128071.5	1144466.0	1195350.5	1279842.5	1413551.0	1636826.5	1999243.0	2584317.0	3508946.5	4533941.5	4460182.5	3458527.5	2587086.5	1878580.5	1384204.0	1063229.0	851373.5	704093.5	597148.0	519978.0	459964.5	413554.0	373591.5	336775.0	306333.5	279295.0	256239.0	234480.0	213356.5	193544.0	174587.0	156894.0	141098.5	129082.5	117162.5	104920.0	95821.0	91442.0	86060.5	77969.0	71516.0	63940.5	54522.0	46277.0	39990.0	35661.5	33784.0	31397.0	29212.5	27566.5	26177.5	25262.5	24003.0	22690.5	21636.5	21147.5	20957.5	20884.0	20855.0	20887.0
MHW029_trimmed_clipped_R2_paired	94397.0	106106.0	120869.5	125745.5	127093.5	125214.0	124185.0	124496.5	125015.0	126927.5	129323.0	130481.0	130946.5	133150.0	136071.5	139589.0	146297.0	160592.0	179921.0	202383.0	230510.5	265097.0	306530.0	355380.5	412100.5	487558.0	557392.5	608712.5	664798.5	720065.0	775780.5	831783.0	883307.0	932869.5	982561.5	1042690.0	1136929.5	1225405.0	1268570.0	1253581.5	1213654.5	1198611.0	1211121.5	1253953.5	1324667.0	1442461.5	1644031.0	1983548.0	2554806.0	3566006.5	4785654.5	4722701.5	3603674.5	2687959.5	1948519.5	1429685.5	1091092.5	873683.0	725774.0	620361.0	545016.0	487428.0	444306.0	407543.0	372538.0	343963.0	319342.5	297567.0	276607.5	256456.5	238979.0	223860.5	209420.0	195942.5	185417.5	171600.5	157552.5	149186.5	143216.5	138097.0	133576.5	130331.5	127671.0	124928.0	122709.0	121041.0	119244.5	118229.0	116782.0	115276.0	114809.5	114543.0	116209.5	120687.0	128540.5	133878.5	134412.0	134350.5	132359.0	130601.0	136340.0
MHW030_trimmed_clipped_R1_paired	31349.0	36365.5	42241.5	43093.5	42181.0	40229.0	39035.5	38828.0	38274.0	36891.5	35242.5	34161.5	33868.5	34158.0	34502.5	35146.0	36290.0	38695.0	42603.0	47526.0	53476.0	61068.0	71414.0	85047.0	102312.5	125430.0	146979.5	165661.5	189542.5	215011.0	242962.5	274153.5	305076.0	336821.0	370132.0	409332.0	465159.0	517045.0	544518.5	545760.5	538527.5	542115.5	558404.0	591585.0	639525.5	710569.0	823347.0	1003306.0	1289358.5	1734711.0	2224607.5	2194386.5	1730029.0	1323593.5	983617.5	736501.0	569569.5	456246.5	375270.0	315273.0	270856.5	236652.0	210115.5	186872.0	166246.5	149403.0	134716.0	122701.0	111148.5	99129.0	88214.0	78752.5	70100.0	62453.0	56651.5	51060.0	45735.0	42574.0	42072.5	39945.0	35786.5	32385.0	28853.0	24757.0	20442.5	17083.0	15113.0	14362.0	13340.0	12427.0	11727.5	11093.5	10713.0	10210.0	9762.0	9416.5	9239.5	9177.5	9160.0	9178.0	9220.0
MHW030_trimmed_clipped_R2_paired	54278.0	59140.5	65166.5	66804.5	67001.5	66283.0	66392.5	67190.5	67866.0	68533.5	68992.0	69190.5	69123.0	69875.0	70745.0	71320.5	72271.5	76067.0	81333.5	86190.0	92519.5	100547.5	110851.5	124449.5	141239.5	168521.5	194804.5	213731.0	237087.0	261939.5	290466.0	321697.0	352332.5	383217.0	415449.0	453352.5	508528.0	560960.0	591021.0	594242.5	584647.0	586067.0	600447.0	629635.5	672814.0	737694.5	841349.0	1011013.0	1290169.0	1781005.0	2359335.5	2335615.0	1828623.5	1407076.5	1053146.0	793464.5	617524.5	499238.0	416593.0	357089.0	313501.0	280361.5	256142.0	234754.0	214802.0	198650.0	184981.0	173222.5	161341.5	149804.5	139681.5	130857.0	122515.0	115014.5	109087.0	101516.5	94237.0	89544.5	85832.0	83015.5	80693.0	79071.0	77667.5	76515.5	75649.5	74675.5	73628.5	73048.0	72284.0	71457.0	71418.5	71468.5	72849.0	76271.5	81816.5	85565.5	86084.0	86150.5	84666.0	83386.0	87232.5
MHW031_trimmed_clipped_R1_paired	104608.0	133361.0	166261.0	169218.0	162418.0	152897.5	148537.0	146601.5	140554.5	132014.0	122904.5	112451.0	103472.5	95488.0	88557.0	84480.5	82275.5	83248.0	86553.5	91340.5	98576.5	109052.0	123980.0	145811.0	176001.5	225217.5	267122.5	292283.0	326825.5	364225.5	407061.5	456737.5	507982.0	561049.0	615953.0	677535.5	759332.0	836529.5	885004.0	897880.5	898683.5	920494.5	967614.5	1048674.5	1166935.5	1348863.5	1652300.5	2138702.0	2909817.0	4120417.5	5470649.5	5410145.0	4191509.5	3161777.0	2299067.5	1672588.5	1251150.5	965953.5	765037.5	620846.5	519171.5	441515.5	383500.5	335277.0	293527.0	261175.0	233591.5	210174.0	188998.0	168771.5	149879.5	133468.0	118967.5	106202.0	95654.5	82507.5	70440.5	62997.0	57060.5	51450.5	46605.0	42868.5	39716.5	35488.5	31784.5	30509.5	29406.5	28611.5	26831.0	25141.0	23934.5	22831.5	22182.5	21303.0	20580.5	19987.5	19687.0	19609.0	19659.0	19820.0	19978.5
MHW031_trimmed_clipped_R2_paired	187304.0	214708.0	243188.0	244570.5	240982.0	234725.5	233222.0	233823.5	232134.5	232332.5	232099.0	225303.5	215647.5	206569.0	198183.0	192088.5	188741.0	191723.0	197656.5	202638.5	209864.5	220341.0	235052.0	256246.5	286192.0	345132.0	396548.5	421015.0	454870.0	492466.0	536911.5	587212.0	636677.0	688157.0	741019.5	800368.5	880951.5	958379.0	1009984.0	1024136.5	1021731.5	1038439.5	1079892.5	1149369.5	1251971.0	1413190.0	1683313.5	2133600.0	2880580.0	4181798.5	5719948.5	5699941.5	4405907.5	3332287.0	2437511.5	1778419.0	1333583.0	1042617.5	843040.5	702295.0	605994.5	535216.0	483100.5	440301.0	402479.0	372341.5	346641.0	325358.0	304603.5	283503.0	266205.0	251094.0	235824.5	222585.0	212268.0	192401.0	172824.0	164922.5	158643.5	154061.0	150329.5	147962.5	146066.5	142504.5	139429.5	137533.5	135587.5	134510.5	130770.0	126953.0	124987.5	123294.0	121849.0	120282.0	119529.5	119679.0	121613.0	122266.5	118022.5	113689.0	120434.5
MHW032_trimmed_clipped_R1_paired	10431.0	10571.0	10781.0	10876.5	10954.5	11103.5	11391.5	11780.0	12297.0	12837.0	13648.0	14566.5	15338.5	16975.0	19016.5	21266.5	24383.5	29341.5	35654.5	43176.0	53742.5	67603.5	86157.0	111647.0	143706.5	184778.0	233336.0	288442.5	355209.0	434462.0	527530.5	629346.5	736933.5	850083.0	965936.0	1105335.5	1315532.5	1511585.0	1607622.0	1615029.0	1580414.0	1562220.0	1571628.5	1610639.0	1648655.0	1669928.5	1677232.0	1677961.0	1675752.5	1673468.5	1667782.0	1589601.0	1459112.5	1341193.0	1226529.0	1118243.5	1015437.5	921463.0	832952.0	749217.5	673742.5	603320.0	541646.5	483957.5	426938.5	376031.5	330696.0	289822.0	252832.0	219255.5	188570.0	160690.0	134969.0	113569.0	95645.5	79325.5	65695.5	55138.5	46618.5	39819.5	34565.0	30404.0	27316.0	24360.5	22044.5	20978.0	20185.5	19644.0	18510.0	17474.5	16822.0	16214.5	15855.5	15411.0	15061.5	14783.0	14669.5	14651.0	14578.5	14482.5	14467.5
MHW032_trimmed_clipped_R2_paired	73457.0	73588.0	73886.5	74196.0	74565.0	75161.5	76283.5	77740.5	79565.5	80992.0	83214.5	85638.0	86783.0	90455.5	94816.0	97931.5	101460.5	110180.0	120647.0	129582.5	141174.5	156620.5	176596.0	202186.5	234708.5	284164.5	341273.0	396909.5	465198.5	544783.5	638580.5	744465.0	854797.5	968245.0	1082721.5	1222938.5	1433431.0	1628432.5	1727271.5	1737595.5	1704389.5	1687477.5	1699055.0	1735846.5	1770728.5	1793761.0	1803206.0	1805625.5	1805023.0	1807352.0	1821514.5	1757754.0	1622557.0	1503067.0	1387461.5	1277119.0	1174841.0	1079655.5	990738.5	908294.5	830648.0	759173.0	698982.0	641995.5	584998.0	533720.0	489486.5	448971.5	410821.5	376503.5	345440.5	317106.5	290987.5	269350.5	251361.0	240424.5	232403.0	221443.0	212240.0	204120.5	197804.0	193606.5	189965.0	190419.0	191795.0	189811.0	187589.0	186366.5	187931.5	189461.0	192267.0	195019.0	196098.5	199306.0	204177.5	206946.0	206367.0	206069.0	205590.0	205300.5	210298.0
MHW033_trimmed_clipped_R1_paired	9627.0	9718.0	9826.5	9896.0	9984.5	10101.5	10364.0	10751.5	11306.5	11816.5	12518.0	13398.0	14108.0	15591.5	17602.5	19827.0	22725.0	27473.5	33645.0	40913.5	50810.5	64272.5	81588.5	104266.0	133530.0	172279.0	218326.5	270167.0	332761.0	405650.5	491075.0	586776.5	688518.0	795382.5	905682.5	1040607.0	1249929.0	1443844.0	1532615.0	1533532.5	1499903.0	1487881.0	1498165.5	1535728.0	1576316.5	1600844.0	1614896.5	1624283.0	1627984.0	1633536.0	1639105.0	1566399.5	1433126.0	1317459.5	1208381.5	1102681.0	1004526.0	913812.5	827653.5	747835.5	673349.5	605308.5	546983.0	489987.0	434533.0	384906.5	340777.0	301138.5	263646.0	229959.5	199582.5	171234.0	145200.0	123400.5	104413.0	87707.5	73552.5	61855.5	52540.5	44629.5	38556.0	33774.5	29922.5	26317.0	23498.5	22093.0	20889.0	20159.5	19017.5	17899.5	17075.5	16345.0	15874.5	15303.5	14818.5	14428.0	14242.0	14164.5	14074.0	13946.5	13897.5
MHW033_trimmed_clipped_R2_paired	78796.0	78911.5	79195.0	79522.0	79875.0	80401.5	81424.5	82722.0	84465.5	85869.5	87866.0	90039.0	91108.0	94659.0	98750.5	101636.5	105086.0	113290.0	123222.5	131820.0	142980.0	157594.5	176137.0	200102.0	230345.0	277283.0	331249.0	383124.5	446134.0	520806.0	608129.0	706222.5	810571.0	916326.5	1027103.5	1164476.5	1372937.5	1564325.5	1654616.0	1661246.0	1629075.5	1618234.0	1632539.0	1669330.5	1707628.5	1732524.0	1746519.5	1755858.0	1761989.5	1775837.0	1791736.0	1720072.5	1583682.0	1466041.5	1353176.5	1245518.0	1146907.5	1055611.5	967552.5	885865.0	812119.0	743816.5	684015.0	627637.0	573242.0	523235.5	477404.0	437212.0	399844.0	365670.5	335568.0	307209.0	280226.0	257622.5	239132.0	225834.0	214926.0	202903.0	192988.5	185213.5	179133.5	174309.5	170369.0	168436.5	167249.5	165144.5	162861.0	161603.0	161160.0	160677.0	161408.5	162141.5	161727.0	162081.5	163877.0	164901.5	164350.0	164121.0	163676.5	163426.0	168473.0
MHW034_trimmed_clipped_R1_paired	10506.0	10621.0	10787.0	10892.0	11003.0	11138.5	11395.5	11785.5	12297.5	12813.5	13584.0	14441.0	15195.5	16733.0	18781.0	21120.5	24199.5	29105.5	35518.5	43350.5	53572.5	67158.5	85112.5	108820.5	139310.5	179409.5	226888.5	280747.0	345096.0	420563.0	509366.5	606454.5	710235.5	819257.0	931515.5	1069762.0	1282003.5	1481470.0	1571142.5	1565500.0	1531628.5	1520560.5	1529681.0	1568464.5	1608539.0	1630856.5	1640262.5	1645615.5	1646392.0	1647675.5	1645806.5	1569211.0	1437727.0	1319831.0	1207589.0	1100398.0	1000773.5	908146.0	820302.0	739689.0	665355.5	596620.5	536563.5	479767.5	424551.5	375045.5	331610.0	292341.0	254652.0	220848.0	190934.0	163304.5	137946.0	116771.5	98892.0	82543.0	68804.5	58157.0	49462.5	42069.0	36256.0	31642.0	27984.0	24565.5	21819.0	20470.0	19531.0	18899.0	17741.0	16679.5	16002.5	15400.5	14989.0	14462.5	14046.0	13785.5	13690.0	13637.5	13546.0	13436.0	13411.0
MHW034_trimmed_clipped_R2_paired	71126.0	71270.0	71593.5	71958.0	72342.0	72885.5	73924.5	75261.5	77127.0	78588.5	80586.0	82729.5	83724.5	87372.0	91594.5	94631.0	98279.5	106630.0	116634.5	125601.5	137086.0	152403.5	171554.0	196099.0	228125.0	275651.5	329693.0	383855.5	448865.5	525090.0	615400.0	715015.0	820543.0	930629.0	1042361.5	1179295.0	1393784.0	1592117.0	1680580.0	1683180.5	1652060.5	1638459.0	1651051.5	1689069.5	1726873.0	1750979.5	1760357.5	1765405.5	1769088.5	1775421.0	1785029.0	1713181.0	1578245.0	1460638.0	1346390.0	1238665.5	1140005.5	1046892.5	958477.5	877457.0	802932.5	733284.0	673252.5	616259.5	559599.0	510055.0	466823.0	427796.0	390535.5	356016.0	324946.5	296985.5	270854.0	248836.5	230972.5	217280.5	206137.5	194915.5	185626.0	177430.5	170884.5	166240.0	162246.5	160036.0	158872.5	156724.5	154420.5	153154.0	152929.0	152637.5	153607.5	154706.5	154713.5	155770.0	158324.0	159760.0	159200.0	158859.0	158352.0	158082.5	162458.5
MHW035_trimmed_clipped_R1_paired	10515.0	10632.5	10787.0	10884.5	10936.0	11037.5	11371.0	11827.0	12426.5	13008.0	13874.5	14852.5	15605.5	17339.5	19626.5	22054.5	25437.5	30700.5	37445.0	45726.0	56988.5	71813.5	91435.0	118336.5	152175.0	195479.0	247167.5	305915.5	376322.0	460042.5	557891.5	666270.0	781706.5	900410.5	1024037.5	1172161.0	1395254.5	1605066.5	1706020.0	1713806.0	1680288.0	1661306.0	1670866.5	1714430.5	1756982.0	1780932.5	1790326.5	1794064.0	1793350.5	1791420.5	1791114.5	1711035.5	1567607.5	1439515.0	1315846.5	1200134.5	1093692.0	992672.0	895254.0	807352.5	727060.5	651552.5	586733.5	524944.0	464013.0	410320.5	361131.0	316720.5	277298.5	241871.5	209238.5	178786.5	151068.5	127892.5	108022.5	90989.0	76442.5	64355.5	54789.0	46789.0	40622.5	35722.5	31702.5	27798.5	24719.0	23202.0	21988.5	21214.5	19906.5	18708.0	17912.0	17181.5	16665.5	16049.5	15630.5	15319.0	15150.0	15076.5	15000.5	14884.0	14838.5
MHW035_trimmed_clipped_R2_paired	80518.0	80652.5	80966.0	81329.0	81730.0	82293.0	83397.5	84893.0	86831.0	88306.5	90536.0	93004.0	94122.0	97946.0	102499.5	105721.0	109513.5	118482.5	129228.0	138845.0	151235.5	167914.5	189460.5	216611.5	250606.5	302782.5	363061.0	421671.5	493066.0	577115.0	676723.5	787649.5	903587.5	1022775.5	1146176.0	1296586.0	1520274.5	1730052.5	1832462.5	1842183.5	1811587.5	1795673.5	1808374.5	1852175.5	1895098.5	1918658.0	1927930.5	1932660.5	1933770.5	1940183.5	1955330.5	1883143.0	1736336.5	1607474.0	1484297.5	1365740.5	1257004.0	1156766.0	1060794.5	971401.0	890883.0	814857.0	748227.5	687902.0	627502.5	572706.0	523809.5	479677.5	438842.0	402309.0	369798.5	339014.0	309958.5	285612.0	265753.0	252819.0	242253.5	229474.0	219122.5	210072.5	202814.0	197593.5	193134.5	191895.5	191604.0	189089.0	186416.0	185016.5	185563.0	186044.5	187834.5	189618.5	190039.0	191906.0	195466.5	197577.5	196952.5	196576.0	195993.5	195674.0	200839.0
MHW036_trimmed_clipped_R1_paired	10228.0	10291.5	10391.5	10478.5	10567.5	10711.5	11069.5	11560.5	12135.5	12709.5	13667.5	14770.5	15532.5	17314.5	19628.5	21918.0	24937.0	29978.5	36709.0	44369.0	54441.0	68562.0	87928.0	112100.5	141903.5	182531.0	231191.0	286079.5	350577.0	427485.0	519447.5	625514.5	748173.0	883865.5	1028196.5	1158738.0	1256782.0	1339416.0	1405906.5	1451373.5	1491542.5	1532181.5	1570548.5	1606995.5	1642605.5	1664388.5	1668906.0	1661934.5	1651552.5	1649890.5	1644873.5	1559973.5	1418900.0	1297802.0	1181079.5	1070383.0	970692.0	881544.5	797927.0	717488.5	640844.5	572620.0	513425.5	455971.5	402913.5	355479.0	312379.0	273466.0	238633.5	207097.0	178220.5	152903.5	129998.5	109916.5	93225.0	78503.5	66142.5	56565.0	48853.5	42185.5	36862.0	32841.5	29517.0	25833.5	22922.0	21620.5	20581.5	19959.5	18693.5	17497.5	16785.0	16133.0	15731.0	15239.5	14869.5	14566.5	14382.5	14324.0	14257.0	14159.5	14137.0
MHW036_trimmed_clipped_R2_paired	73446.0	73511.5	73703.5	73980.0	74378.0	74960.0	76027.5	77437.5	79258.5	80755.5	82908.5	85268.0	86482.0	90067.0	94205.0	97185.0	100593.0	108869.0	119042.5	128253.5	139725.0	155366.0	175650.5	199923.0	230916.5	279051.5	334635.0	389278.5	455308.0	533038.5	625200.5	733755.5	857902.0	994903.5	1138815.0	1270022.0	1369563.0	1449672.5	1520661.5	1571678.0	1609057.5	1647648.0	1689333.0	1728432.0	1763739.5	1783576.0	1787221.0	1781190.0	1771730.5	1778814.0	1790999.5	1713545.5	1568852.5	1445122.5	1326352.5	1215287.5	1115427.0	1025101.0	941456.5	861247.5	785849.5	718319.0	657822.0	599955.5	547431.0	500118.0	455692.0	416914.0	381833.0	348637.0	320011.0	294914.0	271370.0	250313.5	232779.5	222486.0	214580.5	204345.0	195943.0	188661.0	182671.5	178333.5	174506.5	173428.5	173087.5	170747.5	168373.0	167102.5	167501.0	167864.0	169606.5	171436.5	171998.5	173883.0	177205.0	179062.0	178443.5	178169.5	177695.5	177406.5	181972.0
MHW037_trimmed_clipped_R1_paired	9737.0	9841.0	9977.0	10043.0	10123.0	10223.5	10503.5	10923.5	11491.0	12010.0	12697.5	13557.0	14220.0	15690.0	17619.0	19667.0	22490.5	27301.5	33519.5	40732.5	50200.0	63203.5	80467.5	103036.0	131901.5	170374.5	215830.5	267652.5	329639.5	401423.0	486715.0	581122.5	681490.5	786620.5	895215.0	1028834.0	1239662.0	1437594.0	1525664.0	1524076.0	1490332.0	1475781.5	1485861.5	1522583.5	1560192.0	1583446.5	1593454.5	1597676.0	1599680.0	1602706.0	1602333.5	1528930.5	1400448.0	1288081.5	1180710.0	1076821.0	980652.5	892326.5	808263.0	729855.0	657640.0	591568.5	533699.5	478436.0	424020.5	376088.5	333771.0	294843.5	258603.0	226835.0	197139.5	168477.0	142749.5	121815.0	103834.0	87036.0	72649.5	61361.5	52690.5	45227.0	39255.0	34620.0	30834.5	27037.5	24015.5	22577.5	21367.0	20594.5	19256.5	17971.0	17174.0	16495.0	16062.0	15513.0	14946.0	14455.5	14261.5	14190.5	14086.0	13964.0	13923.5
MHW037_trimmed_clipped_R2_paired	70162.0	70251.5	70485.5	70800.5	71180.5	71670.5	72631.0	73924.0	75679.0	77066.5	79135.5	81335.0	82248.5	85544.0	89398.5	92163.5	95431.5	103298.5	112906.0	121141.5	131815.0	146091.5	164292.0	187975.0	217901.0	263090.5	315859.0	367432.5	430369.0	504507.5	591301.0	687723.5	789140.5	893916.5	1003201.0	1140228.0	1350476.5	1546010.0	1636784.5	1638779.0	1607285.0	1593828.5	1603167.0	1640942.0	1678969.5	1701014.0	1712504.0	1719405.0	1721479.5	1730064.0	1745505.5	1676507.5	1542673.0	1427511.0	1318053.0	1213458.0	1115878.5	1028333.0	943019.5	863143.5	790682.5	722942.5	665073.0	610299.5	556634.0	507390.0	463093.0	423768.0	387010.5	354084.5	324714.5	297407.5	271818.0	249931.0	231566.0	218820.5	209059.0	197723.5	188328.5	180437.0	173931.0	169428.0	165671.5	163917.5	162947.0	160839.5	158650.5	157475.0	157544.5	157535.5	158717.5	159944.5	159982.0	161000.0	163365.0	164671.0	164058.5	163773.5	163282.5	162959.5	167277.0
MHW038_trimmed_clipped_R1_paired	8901.0	9006.5	9177.0	9275.5	9348.0	9492.5	9777.0	10121.0	10632.0	11215.0	12081.5	13071.5	13896.5	15544.5	17758.0	20113.5	23224.5	28517.5	35315.0	43468.0	54247.5	68585.0	88057.5	113338.0	145466.0	187704.0	237879.0	294375.5	362145.0	441764.5	533124.5	635796.5	744684.5	856228.5	972216.0	1116021.0	1340394.5	1550878.5	1642710.0	1636522.5	1600460.5	1587306.5	1597445.5	1636184.5	1674776.0	1698105.5	1711009.5	1714120.0	1711149.5	1707981.0	1706675.5	1627179.0	1489696.0	1371382.5	1253407.5	1142279.0	1040469.0	946275.5	856001.0	772692.0	696663.0	625068.0	561846.5	501060.5	443137.5	393019.0	347614.0	306020.5	267960.5	234359.0	203136.0	173452.0	146581.5	124350.0	105319.0	87985.5	73574.0	62173.5	52962.0	45175.0	39018.5	34312.5	30619.5	26829.0	23775.0	22444.0	21370.5	20674.5	19434.5	18244.5	17399.0	16608.0	16102.0	15516.5	15028.0	14668.5	14549.0	14514.5	14483.0	14428.5	14400.0
MHW038_trimmed_clipped_R2_paired	95576.0	95687.0	95953.5	96252.5	96562.5	97113.5	98249.0	99656.0	101610.0	103179.0	105254.0	107565.0	108662.5	112352.5	116735.5	119928.0	123882.5	132934.5	143580.0	153273.5	165451.0	181256.0	201773.0	228043.5	261565.0	311871.5	369880.5	426524.5	494727.0	575595.5	670527.5	774492.5	883568.0	996506.0	1114578.0	1256848.5	1478906.0	1689925.0	1783916.5	1783294.5	1747912.5	1732631.0	1746131.5	1785401.0	1822811.5	1847030.5	1858883.0	1862674.5	1862091.5	1867933.5	1871910.0	1790950.5	1649605.0	1526333.5	1409975.5	1298518.5	1193346.5	1099505.5	1009030.0	923445.5	846657.0	774555.0	711941.5	653877.0	597526.5	546482.0	500237.5	458776.0	420151.0	385216.0	354270.0	325985.0	298754.5	275704.5	256869.5	243394.5	232458.5	220566.5	210970.0	202707.5	196180.5	191866.5	188282.5	186764.5	186046.5	183774.0	181426.0	180192.5	180105.5	179966.5	180964.0	181962.0	181899.0	182827.0	185390.5	186997.0	186574.0	186561.0	186133.5	185859.5	193688.0
MHW039_trimmed_clipped_R1_paired	15415.0	15502.5	15644.5	15742.0	15883.0	16126.0	16610.5	17265.5	18076.5	18924.0	20069.5	21377.0	22499.5	24939.5	28144.5	31566.0	36194.5	43472.5	52971.0	64494.5	80188.5	101234.5	128640.0	164719.0	210202.5	268754.5	339375.5	419411.5	513529.5	623488.5	751603.5	892774.0	1039487.0	1191605.5	1353117.0	1562373.0	1898533.0	2198703.0	2303255.0	2262119.5	2185841.5	2155037.5	2159454.5	2202312.5	2244603.5	2264599.0	2270019.0	2263501.0	2247865.0	2232419.0	2202538.0	2083927.0	1904571.0	1738496.0	1583569.0	1440577.0	1306750.0	1180786.5	1061650.5	952480.5	852208.5	761029.5	680880.0	604329.0	531069.0	467122.5	409601.0	356927.5	309589.5	266610.0	227314.0	191759.5	159725.0	132623.5	109597.5	89366.5	73027.0	60510.5	50624.0	43025.5	37571.5	33845.5	31083.5	27913.0	25302.5	24330.5	23582.0	23092.0	21844.0	20631.5	19850.5	19127.0	18653.0	18063.0	17618.0	17294.0	17140.0	17059.0	16899.5	16716.5	16654.0
MHW039_trimmed_clipped_R2_paired	57577.0	57687.5	58018.0	58495.5	59080.5	59955.0	61611.5	63686.5	66329.0	68508.5	71758.0	75250.0	76855.0	81916.5	88045.0	92611.0	97964.0	110057.0	124629.0	137977.0	155000.5	178532.5	208375.5	245730.0	292702.0	360548.0	439968.5	521044.5	618277.5	730738.5	860698.0	1004328.5	1153296.0	1306755.0	1471175.0	1682560.5	2016522.5	2310361.0	2410965.5	2376589.5	2303850.0	2271579.5	2278125.5	2316775.0	2353594.0	2373286.5	2378248.5	2373503.0	2362020.0	2355737.5	2358322.0	2258292.0	2070173.0	1902559.0	1745529.0	1596284.5	1459163.5	1335551.5	1216462.5	1105704.0	1006807.5	915561.5	835155.5	759241.0	687301.5	623569.5	565693.5	514266.5	466802.0	424156.0	384940.5	348474.0	315793.0	288246.5	266238.5	251438.5	239732.5	227057.0	216944.0	207590.0	200301.0	195357.5	191365.5	191271.0	191790.5	189752.0	187512.0	186334.0	187093.5	187688.5	189736.0	191940.5	192831.0	195293.5	199015.0	201019.0	200130.5	199392.5	198694.0	198162.0	198214.5
MHW040_trimmed_clipped_R1_paired	12832.0	12925.0	13057.5	13192.0	13365.5	13599.0	14082.0	14714.5	15490.0	16216.0	17289.5	18652.0	19794.0	22174.0	25214.5	28731.0	33501.0	40720.5	50081.0	61799.5	77521.5	98416.5	125596.5	161633.5	206731.5	263339.0	330542.5	407737.5	499996.5	607239.5	730693.0	865961.5	1006471.5	1150793.5	1306723.5	1515101.5	1852827.0	2159421.0	2257005.0	2201338.5	2119990.5	2082428.0	2083262.0	2128081.5	2170699.5	2192042.5	2202787.5	2203401.5	2194900.5	2184468.0	2160508.5	2046346.5	1870250.5	1710208.5	1559787.0	1417948.0	1287453.5	1167646.0	1051376.5	942385.5	845566.5	756792.5	677393.5	602066.0	528391.0	464054.0	407120.0	355211.0	308468.5	267287.0	229824.0	194280.0	161073.0	133381.5	110360.0	90015.5	73107.0	60033.5	49603.0	41412.5	35489.0	31260.5	28018.5	24740.0	22184.5	21190.0	20388.0	19792.5	18595.0	17459.0	16743.5	16094.0	15702.5	15229.5	14834.5	14514.5	14340.0	14268.0	14086.5	13843.0	13748.0
MHW040_trimmed_clipped_R2_paired	48541.0	48655.0	48977.0	49416.0	49999.0	50844.5	52301.0	54143.5	56489.0	58389.5	61292.0	64345.5	65886.5	70507.5	76003.5	80419.0	85821.0	97091.5	110727.5	123913.0	140893.0	163640.0	193078.5	229934.5	275280.0	339866.0	415810.0	495163.5	589281.5	696716.5	821393.5	959219.0	1102964.0	1251016.5	1407984.5	1616983.0	1951274.5	2253780.0	2355814.0	2306251.0	2225203.5	2184693.0	2184010.0	2226218.0	2269182.0	2290879.0	2299974.0	2300750.5	2294913.5	2296222.0	2296507.0	2187717.5	1997992.0	1835243.5	1681169.5	1534952.5	1403613.5	1284064.0	1167997.0	1060397.0	963682.5	874166.5	795569.0	719945.5	647745.5	583550.5	526286.5	475517.0	427965.5	385954.0	347639.0	311545.5	278458.5	250787.5	228319.5	208994.0	193199.0	179901.5	169037.5	159181.0	151465.5	145971.5	141480.0	138339.5	135994.0	134054.5	132089.0	131094.0	130077.5	128933.0	129120.5	129468.0	128905.5	128773.5	129830.5	130256.5	129442.0	128755.5	128009.5	127474.5	127447.0
MHW041_trimmed_clipped_R1_paired	12318.0	12462.5	12683.0	12809.0	12930.5	13132.5	13533.0	14010.0	14683.5	15377.0	16221.5	17268.5	18313.0	20268.0	22753.0	25799.5	29802.5	36090.0	44565.0	54890.0	68162.5	85918.5	109995.0	141670.0	181279.0	231666.5	291330.5	359546.0	439597.5	533658.0	644874.0	765570.0	888251.0	1016939.0	1154016.5	1329550.0	1614888.5	1875153.0	1968799.5	1935446.0	1871224.5	1842990.5	1844753.5	1878081.5	1914269.5	1936066.0	1942398.0	1940686.5	1931854.5	1918490.0	1895016.5	1795133.5	1642942.0	1504285.5	1371049.5	1247057.0	1131181.0	1023779.5	923382.5	829766.5	743229.5	662894.0	593742.5	528330.5	465232.5	410602.0	360775.5	315022.0	274422.0	238188.0	204848.0	173700.5	145399.0	122597.0	102969.5	85196.5	70361.0	58362.5	49221.5	41661.0	35561.0	31030.0	27461.5	24019.5	21387.0	20099.5	19121.0	18548.5	17447.5	16397.0	15731.0	15101.5	14668.5	14166.0	13771.0	13482.5	13358.5	13319.5	13213.5	13044.5	12973.0
MHW041_trimmed_clipped_R2_paired	43670.0	43800.5	44105.0	44554.5	45100.0	45796.5	47128.0	48868.5	51066.0	52861.0	55405.0	58135.5	59567.0	63757.0	68645.5	72426.0	77114.0	87439.0	99875.0	111146.0	125774.5	145618.0	171038.0	203372.5	243901.0	301741.5	368476.5	437110.5	519524.0	615844.0	726334.0	847028.0	973428.5	1104261.0	1240360.0	1417037.0	1702314.0	1957708.5	2052138.5	2023391.0	1957888.5	1929811.0	1934926.0	1967116.5	2002076.5	2020848.5	2025682.0	2023243.0	2017203.0	2015465.0	2013260.5	1920620.0	1757831.0	1616186.0	1481985.5	1355563.0	1238269.0	1130888.0	1029249.5	935014.5	849326.0	770031.0	701508.5	636281.0	573086.5	517827.5	467536.5	423319.5	383247.0	346405.5	312441.5	281101.0	252699.0	229015.0	209317.0	193269.5	180409.5	168637.5	158889.5	149871.5	142466.0	137000.0	132428.0	129278.5	126889.0	124892.5	122862.5	121741.5	120985.5	120151.0	120488.5	120943.5	120672.0	120875.5	121982.0	122420.5	121625.0	120976.5	120341.5	119905.5	119900.5
MHW042_trimmed_clipped_R1_paired	13445.0	13500.0	13633.5	13770.0	13879.0	14060.5	14508.5	15123.5	15936.5	16679.5	17783.5	19137.0	20223.0	22323.0	25124.0	28487.5	32869.0	39754.0	48727.5	59371.5	73836.5	93718.0	120177.0	154540.0	198271.5	254463.0	321170.0	398347.0	489007.5	595012.5	719071.0	854266.5	996942.5	1144371.5	1297353.0	1491702.5	1788160.5	2056303.0	2166324.0	2141974.5	2075060.5	2049491.0	2059114.0	2098510.5	2134598.5	2150055.0	2151951.5	2141746.0	2124755.5	2109843.0	2083710.5	1970572.0	1801533.5	1648664.5	1501924.5	1365065.5	1236836.5	1118664.5	1006046.5	903515.0	808830.5	720677.0	644242.5	572673.5	503827.0	442403.0	388150.5	338491.5	293768.5	254815.0	218551.0	184634.5	154183.5	129294.0	108695.0	89448.5	73058.5	61032.0	51487.0	43354.5	37196.0	32683.5	29134.5	25471.5	22638.5	21459.5	20517.5	19863.0	18692.0	17611.5	16881.0	16232.5	15761.0	15158.5	14738.5	14439.5	14297.5	14241.5	14106.0	13922.0	13849.5
MHW042_trimmed_clipped_R2_paired	48815.0	48939.0	49280.0	49726.5	50282.0	51048.5	52421.0	54278.0	56668.5	58531.5	61302.5	64265.5	65632.0	70162.0	75709.0	79816.5	84776.0	95616.0	108695.5	120819.5	136528.0	158379.0	186126.0	221545.0	266587.0	330154.0	403938.0	479387.5	571749.0	681059.0	806777.5	944007.5	1087132.0	1235284.0	1390260.5	1586033.5	1880142.5	2147725.0	2260767.0	2240852.0	2174560.0	2146587.0	2152726.5	2190431.5	2227740.5	2241803.0	2241767.5	2236270.0	2224448.0	2217516.5	2216959.5	2117085.5	1941562.5	1785334.5	1634403.5	1495043.5	1367739.5	1248047.5	1135802.0	1032961.0	936922.0	848196.0	771738.0	700321.0	632682.5	572246.0	517252.5	468528.5	423470.0	382790.0	345862.5	311957.5	281476.0	255563.0	234451.5	218881.5	206100.0	193246.0	182781.5	173340.5	165682.5	160160.0	155596.5	153864.0	152955.0	150879.5	148730.5	147522.0	147646.0	147675.5	149062.5	150524.5	150663.5	151781.5	154126.0	155340.0	154494.5	153789.5	153120.0	152619.5	152558.5
MHW043_trimmed_clipped_R1_paired	13996.0	14101.5	14265.5	14384.0	14518.0	14709.5	15138.5	15732.5	16577.5	17496.0	18812.0	20268.5	21516.0	24075.0	27320.5	31019.5	35703.5	42920.0	52444.5	63633.5	78489.5	98814.5	124599.5	158790.5	203031.5	258933.0	325174.5	400370.5	489707.0	594890.0	716523.0	849279.5	989456.5	1135864.0	1287402.0	1475824.0	1769695.0	2040145.5	2150053.5	2125230.0	2060974.5	2033554.5	2037636.0	2079154.5	2119938.5	2139234.0	2138640.5	2128108.5	2114348.5	2098103.5	2069715.0	1961031.5	1796462.5	1643706.0	1499295.0	1363496.5	1237822.5	1122477.0	1012575.5	911688.5	818579.0	731715.5	654187.5	580752.5	512091.5	450259.5	394696.0	344395.5	299034.0	259621.5	222644.5	188534.0	158345.5	133196.5	112230.5	92953.0	76691.5	64251.5	54374.5	46316.0	40062.0	35508.5	32015.5	28043.0	24942.0	23772.5	22856.5	22234.0	20862.5	19557.0	18706.5	17908.0	17400.5	16782.5	16354.5	16087.0	15969.5	15881.5	15700.5	15503.0	15454.5
MHW043_trimmed_clipped_R2_paired	48436.0	48576.5	48947.0	49430.5	49975.5	50685.0	52038.0	53908.0	56351.5	58310.5	61062.5	64044.5	65636.5	70278.5	75753.5	80142.0	85443.5	96478.5	109945.5	122793.0	138983.5	160024.5	187623.5	223170.0	268154.5	331587.0	404331.0	480042.5	571820.0	679102.5	803046.0	938432.0	1079627.5	1225060.5	1376406.0	1568141.5	1860401.0	2126455.0	2238045.0	2217404.0	2155071.5	2127418.5	2131545.0	2171200.0	2209649.5	2224205.5	2224615.5	2219425.0	2207421.0	2202931.0	2203270.5	2107462.0	1936100.0	1779853.5	1632017.5	1494105.0	1365682.0	1250420.5	1142022.5	1039198.5	944467.0	857506.0	781777.5	709392.0	639053.5	577271.0	522967.0	473760.0	429025.0	389050.5	351095.0	316295.5	285373.5	259838.0	239121.0	223612.5	211259.5	198718.0	188357.5	179054.5	171507.5	165799.5	160986.5	159237.0	158409.5	156184.5	153942.5	152793.0	153062.0	153215.0	154772.5	156365.5	156611.5	158014.5	160590.0	161926.0	161028.5	160237.0	159522.0	159029.5	159014.5
MHW044_trimmed_clipped_R1_paired	11444.0	11505.0	11664.5	11809.0	11927.0	12120.0	12547.5	13149.0	13932.5	14723.5	15806.0	17048.5	18105.5	20292.5	23162.5	26365.5	30932.0	37828.0	46871.5	57626.5	71781.5	90665.0	115600.5	148440.5	189218.0	241517.0	303747.5	373561.5	456035.5	552626.5	663075.0	782088.5	905285.0	1033067.0	1171760.0	1350541.0	1644115.5	1911773.0	2005388.5	1963989.5	1889344.0	1859920.0	1859585.5	1897088.5	1940956.5	1963374.0	1971047.5	1970273.5	1964995.0	1955407.0	1934961.5	1834901.5	1675234.5	1533699.5	1401159.5	1274717.0	1155462.5	1046560.5	944307.0	849478.5	763236.0	682479.5	610860.0	543113.0	478546.5	422150.5	371390.5	325438.5	283549.5	246048.0	211879.5	179275.0	149532.5	125890.5	105400.5	86396.0	70630.0	58404.5	49307.0	41773.0	35695.5	31266.5	27964.5	24670.0	22081.5	20963.0	20100.5	19562.0	18339.0	17160.0	16428.0	15761.0	15373.0	14873.0	14469.0	14169.0	14033.0	13960.5	13813.0	13647.5	13578.0
MHW044_trimmed_clipped_R2_paired	40824.0	40939.0	41238.0	41660.0	42191.0	42920.5	44260.0	45867.0	47828.5	49535.0	51982.5	54628.0	56060.5	60200.0	65111.5	69077.0	74050.5	84240.0	96627.0	108759.0	124190.0	144918.5	171842.5	205008.0	246811.5	305320.5	373039.0	444363.0	528343.0	624770.5	736317.5	858970.5	984625.5	1112967.0	1250894.5	1430357.5	1724725.5	1989328.5	2080750.5	2043909.5	1974781.0	1943775.0	1940943.0	1976559.0	2017441.5	2039276.0	2048202.0	2048925.5	2045184.0	2045303.0	2044746.5	1951135.0	1785922.5	1640800.5	1503087.0	1374107.5	1255495.5	1146270.5	1042134.5	945794.0	859538.0	779444.5	709101.0	641969.0	576599.5	519741.0	469886.5	424989.5	383176.5	344487.5	308794.0	276823.5	248268.5	223992.0	203204.5	185884.5	171942.5	159617.0	149704.5	140775.0	133491.0	128407.0	124172.0	120810.5	118283.5	116384.0	114522.5	113527.5	112364.0	111183.5	111364.5	111621.5	111120.5	111081.0	112003.0	112309.0	111576.0	110976.0	110388.0	109952.5	109908.5
MHW045_trimmed_clipped_R1_paired	9916.0	10037.0	10224.5	10333.5	10423.0	10617.0	10993.0	11493.0	12137.5	12750.5	13722.5	14807.0	15749.5	17577.0	19843.5	22634.0	26381.5	32065.5	39712.5	48679.5	60965.5	77867.0	99075.0	127319.0	162701.0	207520.5	261101.5	322240.5	393992.5	478276.5	576316.5	681832.5	791669.0	905523.0	1025652.0	1175596.5	1410998.5	1623692.0	1701596.0	1682852.5	1644131.5	1634992.0	1646253.5	1682176.5	1719146.5	1739390.0	1746884.0	1747361.0	1744561.5	1738156.5	1718074.0	1628688.5	1489450.5	1362985.0	1243642.5	1130863.5	1027363.0	932827.0	842745.5	758104.5	680086.0	608083.5	544008.0	483790.0	426853.0	375827.5	329388.0	288025.5	251526.0	218290.5	187042.5	158528.0	132619.5	110749.5	92140.0	75410.0	61556.0	50979.5	42458.5	35376.0	30141.5	26312.5	23687.0	20940.0	18687.5	17727.0	16975.0	16517.5	15516.0	14537.0	13865.0	13223.0	12847.5	12429.0	12118.5	11870.0	11758.0	11728.5	11587.0	11402.5	11347.5
MHW045_trimmed_clipped_R2_paired	37346.0	37462.0	37766.0	38183.5	38644.0	39252.0	40390.5	41835.0	43657.0	45102.5	47298.5	49657.5	50822.5	54478.5	58805.0	62161.0	66379.0	75171.5	85994.5	96538.0	109546.0	127563.5	150574.0	179226.5	215458.0	265923.5	324832.0	386253.0	459740.5	544491.5	642948.0	752076.5	864127.0	977659.5	1098270.5	1249066.5	1482902.5	1693883.0	1774520.0	1760699.5	1720779.0	1708045.5	1719446.5	1756039.0	1793043.0	1810996.5	1817791.0	1820466.5	1816951.5	1817167.0	1815768.5	1731150.5	1584749.0	1454626.0	1331647.0	1218845.5	1116730.0	1020833.0	929019.0	845405.5	768004.5	694202.5	630361.0	571245.0	514541.0	463821.0	417683.5	376705.5	339919.0	306393.5	274940.0	245850.0	219465.0	197457.0	178968.0	163349.5	150713.5	139983.0	130925.5	122614.5	116128.0	111644.5	107856.5	104626.0	102151.5	100548.0	98865.5	97961.0	97002.5	96019.0	96005.0	95971.0	95386.5	95106.0	95598.5	95710.0	95057.0	94513.5	93949.5	93506.5	93454.0
MHW046_trimmed_clipped_R1_paired	14556.0	14655.0	14840.0	15000.0	15125.5	15296.5	15693.0	16276.0	17054.0	17759.5	18834.0	20102.5	21188.0	23318.0	26079.0	29242.0	33329.0	39875.5	48771.5	59245.5	73525.5	92414.0	116751.5	150256.0	192415.5	246108.0	311064.5	384536.5	470886.5	572115.5	689709.0	817450.0	952270.0	1092865.5	1241959.5	1440414.0	1763812.5	2057033.0	2162166.0	2121383.0	2039787.0	1998633.5	1997873.0	2037906.5	2078837.0	2102675.5	2110429.5	2108328.5	2101492.0	2093995.5	2074119.0	1963644.5	1792479.0	1639680.0	1496531.0	1362258.5	1234892.0	1115679.0	1004299.5	902803.5	810158.0	724175.0	649045.0	576694.0	505716.5	443617.0	389526.5	339686.0	293076.0	251956.0	213757.0	178873.5	147809.5	121731.0	99622.0	79746.5	64129.5	52747.5	44090.0	37553.5	32995.0	29990.0	27732.5	25066.5	22909.0	22170.5	21514.5	21006.5	19783.5	18627.0	17935.0	17304.5	16841.5	16304.0	15924.5	15638.0	15515.5	15449.0	15299.5	15119.0	15061.5
MHW046_trimmed_clipped_R2_paired	47474.0	47619.5	47971.0	48446.0	49017.0	49738.5	51098.5	52946.5	55293.5	57164.0	59832.5	62710.5	64153.0	68631.5	74008.5	77973.0	82780.5	93266.0	106038.0	117945.5	133402.0	153979.5	180010.0	214389.0	257493.5	317695.0	388956.5	463218.0	551866.0	655258.5	775587.0	906707.0	1043798.5	1184705.5	1335419.5	1536045.0	1855879.5	2145136.0	2251294.0	2213326.0	2131076.0	2090202.0	2089922.0	2126517.0	2165859.0	2189727.0	2198663.0	2198117.0	2194473.5	2196549.0	2198767.5	2096747.0	1916791.5	1760983.0	1615155.0	1478863.5	1350459.5	1231433.0	1120716.5	1017536.0	924185.5	838505.0	762979.0	691214.0	621556.5	560793.0	505506.0	455280.5	409763.5	368098.5	329642.0	295332.0	263831.5	236539.5	214817.5	197843.0	184412.0	172536.5	163428.5	155467.0	149225.5	145048.5	141489.5	139372.0	137885.5	136198.0	134417.0	133423.0	132896.5	132271.0	132871.5	133554.0	133292.5	133747.5	135418.0	136276.0	135534.5	134808.5	134068.0	133592.0	133589.0
MHW047_trimmed_clipped_R1_paired	10837.0	10930.0	11055.0	11098.0	11214.0	11382.0	11683.5	12188.0	12865.5	13498.0	14457.5	15617.5	16634.0	18665.0	21338.5	24172.5	27835.0	34227.0	42453.0	51780.5	64154.0	80597.0	102546.0	131466.0	167755.0	215623.0	271838.5	334060.0	409164.0	497231.0	598783.0	711847.0	830526.0	954365.5	1092548.5	1269817.0	1568857.5	1855822.0	1957357.5	1924962.0	1865612.5	1839951.0	1847282.5	1897941.0	1956055.5	1995136.5	2020030.5	2036134.0	2047549.5	2061737.5	2078472.5	1992003.0	1818007.0	1669110.0	1531308.5	1396677.0	1272208.5	1156850.5	1047326.0	948017.5	854451.5	766843.0	691802.0	620042.5	549559.5	487113.0	432429.0	381271.0	333402.5	291744.5	252865.5	216457.0	184193.0	156701.0	133013.0	112278.5	94424.5	79873.5	68517.5	58882.5	51186.0	45054.0	39862.0	34676.0	30432.0	28244.5	26578.5	25488.0	23633.5	21972.5	20921.0	19976.5	19406.0	18700.0	18166.0	17783.5	17586.5	17513.5	17435.0	17339.5	17320.0
MHW047_trimmed_clipped_R2_paired	77113.0	77225.5	77522.5	77876.0	78249.5	78797.5	79891.5	81338.0	83268.0	84808.5	86983.0	89370.5	90653.0	94316.0	98666.0	102219.5	106598.0	116031.5	127308.0	137622.0	150974.5	169075.5	192737.5	222406.5	259171.0	313757.0	376800.5	439910.5	517143.5	605504.0	707072.5	822536.5	943836.5	1069335.0	1207091.0	1385025.5	1680452.5	1964708.5	2072034.0	2044470.0	1985116.5	1959608.5	1968469.0	2017090.0	2073106.5	2113112.5	2139237.0	2157051.5	2172615.0	2197598.0	2229297.5	2140507.0	1959417.0	1809873.5	1668946.0	1533372.0	1407201.5	1292687.0	1182732.5	1081056.0	989149.0	902012.5	826329.0	755133.0	685335.0	623063.0	566953.5	515179.5	467335.0	424523.0	385659.5	350021.0	316730.0	288664.0	265307.0	247252.0	232097.0	217013.5	205083.5	194982.0	186567.5	180084.0	174785.5	170856.0	168030.5	165081.5	162127.0	160546.5	159275.0	157937.0	157814.5	157736.5	156660.0	156028.5	157053.5	157671.0	157022.5	156640.5	156066.0	155760.0	160056.0
MHW048_trimmed_clipped_R1_paired	10026.0	10075.5	10172.0	10249.5	10326.5	10506.0	10842.0	11264.5	11842.0	12470.5	13373.5	14369.0	15261.5	17100.0	19449.0	22028.0	25323.0	31095.5	38463.0	46747.5	58218.5	73424.0	93223.0	118800.5	151199.0	194379.0	245837.5	303610.0	372007.5	451258.0	543881.5	645014.5	752837.5	868529.0	994981.0	1152334.0	1404148.5	1654300.0	1759264.5	1743518.5	1704931.0	1697688.5	1715830.0	1768374.0	1825397.0	1866539.5	1892792.0	1911524.0	1927479.0	1944207.0	1966263.0	1887920.5	1727785.0	1591416.5	1461553.0	1335828.0	1219070.0	1112077.0	1009865.5	916990.5	831066.5	749352.0	680836.5	615300.5	549875.5	493229.5	441658.5	392356.5	346410.0	306415.0	268796.0	232605.5	200185.0	172948.0	149091.5	127010.5	107970.5	92433.5	79917.5	68879.5	59701.0	52559.0	46439.5	40282.0	35482.0	32707.0	30412.0	28831.5	26588.0	24648.0	23283.5	22108.0	21378.5	20443.5	19506.0	18721.0	18365.5	18231.0	18143.5	18037.5	18014.5
MHW048_trimmed_clipped_R2_paired	85656.0	85766.5	86012.0	86297.5	86637.0	87137.0	88055.0	89288.0	91094.0	92628.5	94765.5	97045.0	98133.5	101546.5	105677.0	109017.5	112851.0	121324.5	131772.0	141457.0	153837.0	170256.5	191254.0	217440.5	251325.5	301665.5	360159.0	418625.5	488225.5	567808.5	660122.0	764554.0	874915.0	992465.0	1118353.5	1274989.0	1529328.5	1779134.5	1883877.5	1871501.0	1835893.5	1828666.5	1846309.5	1898401.5	1954806.0	1994635.0	2019660.0	2039042.0	2059407.5	2087002.0	2115712.5	2030257.0	1859564.0	1715474.5	1581170.0	1454567.5	1334110.5	1223316.5	1121049.5	1026954.0	938611.0	855442.5	784897.5	719069.5	652899.0	592804.5	540723.0	493578.0	447682.5	405603.5	368638.0	335209.0	304263.5	277631.0	255300.0	236936.0	221219.0	206338.5	194628.0	185310.0	177550.0	171980.5	167596.0	163530.0	160335.5	157507.5	154740.5	153115.5	151145.5	149178.5	148378.5	147649.0	146132.5	144593.0	144206.0	143819.0	143194.0	142882.0	142417.0	142276.0	147286.0
MHW049_trimmed_clipped_R1_paired	8427.0	8520.0	8669.0	8757.0	8820.5	8942.0	9220.5	9577.5	10140.0	10804.0	11700.5	12620.5	13340.5	14908.5	17089.5	19527.5	22650.0	27651.5	34115.5	41966.5	52243.5	65917.0	84529.0	108721.5	138973.0	178826.0	225954.0	278828.0	342395.0	416044.5	500685.0	595539.0	696414.0	804026.5	920591.5	1067383.5	1313624.5	1552332.0	1647901.0	1630493.0	1581815.5	1561980.5	1573129.0	1617521.0	1665327.0	1701503.5	1723688.5	1737957.0	1749721.5	1763510.5	1780634.0	1705824.0	1559123.0	1436217.0	1321736.0	1205871.0	1093066.0	990542.5	896724.5	812769.0	734467.0	659519.5	595844.0	535754.5	475849.0	423391.5	377460.0	333129.0	291431.0	255440.5	221304.5	189797.5	161771.5	137683.5	117085.0	98404.5	82560.0	69706.0	59338.5	50578.5	43334.5	37737.5	33220.5	28827.5	25288.5	23435.0	22012.5	21036.0	19457.5	18020.5	17063.0	16228.0	15709.0	15067.0	14479.5	14038.5	13893.5	13837.5	13793.0	13770.5	13783.5
MHW049_trimmed_clipped_R2_paired	67461.0	67536.5	67769.5	68076.0	68428.0	68896.0	69786.0	71007.5	72679.0	74084.0	76016.0	78109.5	79232.0	82588.0	86656.5	89710.5	93333.5	101280.0	110766.0	119504.5	130883.5	146034.5	165618.5	190767.5	221922.5	267960.0	322221.5	376065.5	440411.0	514841.0	601853.0	699435.0	801253.5	907915.0	1025015.0	1173160.0	1418327.5	1656336.0	1754060.0	1739756.5	1692790.5	1672368.0	1684776.5	1730834.5	1776743.5	1808889.0	1830990.5	1848037.5	1863126.5	1887392.5	1915107.0	1834850.5	1680017.5	1555555.0	1436725.0	1321323.0	1207709.5	1102855.5	1009719.0	923676.5	842912.5	768960.0	705348.5	644009.5	584471.0	531425.5	485017.5	442484.5	400777.0	363096.5	329233.0	298728.5	270408.5	246305.5	226738.5	210315.0	196323.0	183260.5	172819.0	164154.5	157132.0	151962.5	147539.5	144071.5	141445.5	138997.5	136571.5	135194.0	133809.5	132388.0	132085.0	131897.5	130938.0	130228.5	130732.5	130972.0	130495.0	130256.5	129817.5	129566.0	133548.5
MHW050_trimmed_clipped_R1_paired	10897.0	11007.0	11139.0	11188.0	11229.0	11374.0	11693.0	12102.0	12607.0	13098.0	13823.0	14718.0	15582.0	17169.5	19223.0	21689.5	24771.5	29741.0	36072.5	43726.0	54006.0	67698.0	85718.5	109112.0	139477.0	179390.0	226174.0	278732.5	340846.5	412234.0	495131.0	588353.5	688204.0	793367.0	906955.5	1044058.0	1262682.5	1477152.0	1575580.0	1573358.5	1540264.5	1533068.5	1548030.5	1592798.0	1642231.5	1675755.5	1696587.0	1712894.0	1726024.5	1743152.5	1767768.0	1689871.5	1532482.0	1405347.5	1284884.5	1170251.5	1065348.0	968171.5	876597.0	792479.5	715756.0	642852.5	578236.0	518436.5	461585.5	409874.5	363331.5	321313.5	281878.0	247113.5	214800.5	184779.5	157385.5	133820.5	113797.5	95842.5	80817.0	68690.0	58567.5	49830.5	43036.5	37811.0	33684.5	29714.5	26597.0	25081.5	23782.5	22925.0	21593.5	20368.0	19529.5	18775.0	18289.5	17687.0	17151.0	16724.5	16553.0	16527.0	16540.0	16581.0	16642.5
MHW050_trimmed_clipped_R2_paired	159289.0	159417.0	159688.5	159956.0	160248.5	160705.0	161570.0	162726.0	164412.0	165854.5	167811.0	169843.0	170894.5	174195.0	178094.5	181158.0	184696.0	192679.0	202561.0	211567.0	222742.0	237542.5	256797.5	281072.0	311938.0	358941.5	412582.5	464371.5	526783.0	599690.5	684892.5	780670.5	881358.5	985092.0	1096807.0	1234967.5	1452459.5	1665668.5	1763438.0	1764625.0	1735799.5	1727994.5	1744067.5	1787217.0	1834260.0	1868761.0	1890355.5	1906522.5	1923365.5	1951815.0	1961096.5	1851744.5	1683999.0	1554042.0	1431575.0	1316243.0	1210851.0	1112818.5	1020822.0	936072.5	859354.5	785864.0	721692.0	666726.5	612989.5	560840.0	513739.0	472273.5	433170.0	397146.5	368118.0	341167.0	314000.5	290962.5	271298.0	256828.0	244908.0	232536.0	222440.0	216341.0	211968.0	209264.5	207449.0	205206.5	203906.0	201477.5	198975.0	197703.5	195693.0	193646.5	192776.5	191975.5	190216.0	187974.0	186894.5	186427.5	186331.5	186695.0	186451.0	186501.0	199390.5
MHW051_trimmed_clipped_R1_paired	11526.0	11710.0	11937.0	12016.0	12100.5	12249.0	12569.0	13014.0	13629.0	14304.0	15271.5	16342.5	17282.0	19174.5	21763.0	24730.0	28397.0	34298.0	42206.0	51399.5	63773.5	80627.5	102658.0	131552.0	167782.0	215769.0	272331.5	336878.5	415132.0	504970.5	608827.0	723846.5	846201.5	974557.5	1112763.5	1287380.0	1564655.5	1834358.5	1955603.5	1942052.5	1883915.0	1859936.0	1872041.5	1920739.5	1968672.0	1997979.5	2012099.5	2017590.0	2022184.5	2024587.0	2022900.0	1934601.0	1776051.5	1632180.0	1493247.0	1361526.0	1238020.0	1125642.5	1019609.5	919407.5	826039.5	739327.5	664407.5	592632.5	524393.5	463973.5	409919.0	361547.0	315604.5	274504.5	237468.5	202749.5	171142.5	144657.0	122430.5	102779.5	86255.5	72706.0	61512.0	52564.0	45588.5	39970.0	35502.5	31158.0	27763.0	26026.0	24680.0	23813.5	22257.5	20881.0	20051.5	19260.5	18790.0	18212.0	17751.0	17406.5	17232.0	17173.5	17110.0	17038.0	17032.5
MHW051_trimmed_clipped_R2_paired	77998.0	78141.0	78492.0	78904.5	79358.5	80009.5	81213.0	82790.5	84953.0	86738.5	89162.5	91797.5	93078.0	97206.5	102034.0	105676.0	109900.5	119774.5	131651.5	142242.0	155907.5	174393.5	197913.0	226833.5	264036.0	320681.5	385543.0	448996.0	526691.0	617721.5	722355.0	839289.5	964809.5	1094635.0	1232081.5	1406902.0	1682642.0	1950718.5	2074491.5	2067033.0	2011672.0	1987720.5	2001423.5	2048466.5	2098029.5	2127798.5	2142082.5	2150624.5	2155946.5	2165706.5	2184297.5	2106465.5	1942516.5	1795975.5	1655862.5	1523019.0	1399428.5	1286419.0	1178316.5	1077787.0	986153.5	899006.0	823781.0	754773.5	687221.0	625717.5	570154.5	521149.0	475389.5	432629.0	394989.5	360907.5	328607.0	301220.5	278881.0	263330.0	251283.5	237410.5	225557.0	215794.5	207866.0	202019.5	197199.0	195158.5	194111.0	191431.0	188759.0	187273.5	187498.5	187595.0	188946.5	190427.5	190642.5	192123.0	195127.5	196789.0	196095.0	195765.5	195209.0	194896.0	199958.0
MHW052_trimmed_clipped_R1_paired	10556.0	10682.0	10873.5	10987.0	11072.5	11229.5	11635.5	12158.5	12833.0	13547.5	14462.5	15460.5	16442.0	18431.5	20920.0	23745.0	27482.5	33652.5	41605.0	50760.5	63059.5	79537.0	101513.0	130821.5	167193.5	214534.5	270091.5	332510.5	408569.5	495561.0	594961.5	706288.5	824417.5	946583.5	1075859.5	1235542.5	1489454.5	1732777.0	1831822.5	1815306.0	1772402.5	1758988.0	1771417.0	1814944.0	1860100.0	1889019.0	1905062.5	1915469.0	1922234.5	1927599.0	1933872.0	1848457.0	1687912.5	1550018.5	1417128.5	1290532.0	1176617.0	1070244.5	970187.0	878684.5	794174.0	713690.5	643684.0	578694.0	515324.5	458995.5	408040.0	361536.0	319021.5	280834.5	244659.5	210522.5	180233.5	155178.5	133481.0	113586.5	96167.5	82388.5	71475.0	61588.5	53471.5	47393.5	42233.0	36900.5	32797.0	30562.0	28641.5	27396.5	25578.5	23937.5	22738.5	21690.5	21066.0	20259.0	19511.0	18889.5	18585.0	18483.0	18377.0	18257.5	18213.0
MHW052_trimmed_clipped_R2_paired	99741.0	99894.5	100211.0	100571.5	100946.5	101487.5	102579.5	104005.0	106061.0	107802.5	110288.0	112956.0	114222.5	118333.5	123240.5	126932.0	131224.5	141132.5	153223.5	163901.5	177395.5	195703.0	219331.0	248915.0	286251.5	342135.0	406628.0	469577.5	546142.0	634632.5	736898.0	850941.5	970269.0	1093980.0	1224848.5	1386173.5	1640819.0	1882490.0	1980613.0	1969052.0	1928468.0	1915083.5	1928343.0	1971225.5	2016469.5	2045812.5	2061703.0	2070839.5	2079155.5	2095265.5	2112254.0	2022243.5	1852737.0	1708797.5	1572748.5	1445234.5	1328493.5	1220147.0	1117522.5	1024061.0	938014.0	857333.0	787846.5	723015.5	660183.5	602297.0	550124.5	503739.0	460123.0	421004.5	386285.0	354174.0	324408.5	298862.0	277901.0	263480.0	251589.5	238075.0	227168.5	218106.5	210759.5	205630.0	201309.5	198354.0	196309.0	193501.0	190724.0	189191.0	188154.5	187035.0	187258.5	187534.0	186710.0	186422.0	187399.0	187879.5	187324.5	187113.0	186584.5	186377.5	193109.0
MHW053_trimmed_clipped_R1_paired	11476.0	11603.5	11792.5	11901.5	11984.5	12101.0	12463.5	12965.5	13584.5	14290.5	15223.5	16247.0	17070.5	18888.0	21323.0	23881.5	27386.0	33350.0	41029.0	49818.5	61329.5	76865.0	98055.0	125818.0	160739.0	205929.5	259582.0	320073.5	392823.5	477892.5	575175.5	683133.0	798400.0	920259.0	1052486.5	1222702.0	1498984.0	1769554.5	1882804.0	1855963.0	1796264.0	1776797.0	1789472.5	1835097.0	1886917.0	1921754.5	1937756.5	1950189.5	1962281.0	1976733.0	1994621.5	1908298.0	1739207.0	1593571.0	1453554.5	1322752.0	1205297.5	1096795.5	993882.5	898864.5	809284.0	725988.0	654031.0	586434.0	520965.0	462071.5	409148.5	360741.0	316902.0	277144.0	240847.5	207251.0	176575.0	150464.5	128100.5	108275.5	91017.0	77199.0	66199.0	56760.5	49211.5	43205.5	38193.5	33403.5	29512.5	27435.5	25778.0	24692.0	23211.5	21855.5	20898.5	20024.0	19443.5	18727.5	18110.0	17667.0	17496.5	17436.0	17363.0	17308.0	17327.5
MHW053_trimmed_clipped_R2_paired	111315.0	111457.0	111788.5	112142.0	112524.5	113084.5	114095.5	115410.5	117447.5	119171.0	121441.0	123919.0	125180.0	129056.0	133615.0	137041.5	141318.0	150652.0	161787.5	172000.5	184732.0	202099.0	225223.0	253971.5	289546.0	342647.5	404638.0	466028.0	539829.0	625499.5	724712.5	835804.5	953282.0	1075624.0	1206996.0	1377839.0	1654038.0	1921243.0	2035697.5	2014857.0	1957312.5	1936168.5	1947413.5	1992946.5	2043314.5	2076462.0	2094579.0	2110120.0	2124444.0	2149625.0	2172129.5	2072446.5	1896310.0	1748258.5	1605269.0	1474004.5	1354708.0	1245202.0	1140880.5	1045081.0	956181.0	872281.0	800094.0	734639.0	671745.0	612329.5	558026.5	510452.5	465894.5	425520.0	389966.0	357275.0	326626.5	300819.0	279235.5	263151.0	250244.0	236268.5	224498.5	215790.5	208742.0	203666.5	199672.5	196195.5	193759.0	190951.5	188066.0	186512.0	184888.0	183189.5	182647.5	182197.5	180838.5	179520.0	179343.0	179202.0	178746.5	178664.0	178179.0	177935.0	185162.5
MHW054_trimmed_clipped_R1_paired	12773.0	12922.5	13149.0	13284.0	13415.0	13543.0	13838.5	14295.5	14980.0	15656.5	16581.0	17654.0	18540.0	20493.5	23127.0	26000.5	29851.5	35898.0	43486.0	52789.0	65249.0	81947.0	103899.0	133248.5	170926.0	220164.0	278494.5	343802.0	422914.5	515963.5	623022.0	742889.0	871804.0	1004647.5	1143499.0	1316897.0	1582046.5	1835173.0	1956711.5	1959735.0	1918970.0	1903819.5	1918656.5	1967922.5	2016992.0	2048724.0	2070401.0	2085590.0	2097142.0	2113656.5	2127652.0	2027084.5	1847057.5	1696013.5	1551891.5	1414048.5	1285139.0	1166858.0	1056180.5	954284.0	860769.0	774699.5	699314.0	625482.5	553478.0	491018.0	435017.0	382243.0	333621.0	291942.5	253442.5	216286.5	182910.0	155528.0	131846.0	110340.5	91917.5	77139.5	65829.5	56193.0	48457.0	42574.5	37703.5	32821.0	28891.0	26884.5	25337.5	24350.0	22656.5	21169.5	20187.0	19268.5	18649.0	17905.0	17371.5	16961.5	16800.0	16768.0	16619.5	16415.0	16362.5
MHW054_trimmed_clipped_R2_paired	82447.0	82617.5	83018.0	83400.5	83763.5	84301.5	85368.0	86949.5	89261.5	91059.0	93495.0	96097.5	97277.0	101483.0	106551.0	110185.5	114643.0	124768.0	136472.0	147159.5	161041.0	179332.5	202932.5	232962.0	271389.5	328941.5	396058.5	462938.5	541954.5	635444.5	745535.5	868020.5	997402.0	1131368.5	1272226.0	1448988.0	1714637.5	1964895.5	2089163.0	2097556.5	2057556.5	2039581.0	2053155.0	2101970.0	2153986.5	2189071.5	2207663.0	2220407.0	2235036.5	2266304.0	2305850.0	2210600.5	2018360.5	1862520.0	1718419.5	1579538.5	1448168.0	1329769.5	1219507.0	1117700.5	1023560.5	935748.0	860487.0	787527.5	715407.5	651856.5	594755.5	542682.5	494565.0	450765.5	410177.5	373560.0	339900.5	311043.0	287348.0	268485.0	252657.0	237908.0	225905.0	215381.0	206756.5	200220.5	194681.0	191397.5	189306.5	186432.5	183390.0	181721.0	181019.0	180233.5	180998.0	181831.5	181249.5	181672.5	183773.5	184864.5	184143.5	183755.0	183151.5	182776.0	187179.5
MHW055_trimmed_clipped_R1_paired	10716.0	10851.0	11037.5	11141.0	11207.5	11330.0	11644.5	12049.5	12622.5	13180.0	14120.5	15217.0	16005.5	17895.0	20257.0	22657.5	25902.0	31421.5	38430.0	46410.5	57004.5	71366.5	90567.0	115620.5	148058.5	191103.0	242406.5	300349.0	369045.0	449757.0	544907.0	650495.5	764378.0	884278.5	1011825.5	1174734.0	1436450.0	1691621.5	1811021.0	1792277.5	1725743.0	1702018.0	1712707.0	1756817.5	1802913.0	1832335.5	1847118.0	1859689.5	1870406.5	1882271.0	1894916.0	1806669.5	1642678.5	1500747.0	1368227.0	1245419.0	1132894.0	1029638.5	931634.0	841959.5	760149.5	683257.5	614551.5	549833.5	488186.5	433410.5	383710.0	339179.5	298598.5	261610.0	227294.0	195409.5	166566.0	142237.5	121577.5	102773.5	86579.5	73598.0	63114.0	54270.0	47332.5	41677.0	36920.5	32148.0	28361.0	26571.0	25068.5	24027.5	22255.5	20632.5	19606.0	18662.0	18053.0	17320.5	16793.0	16417.5	16266.0	16217.0	16175.0	16118.0	16104.5
MHW055_trimmed_clipped_R2_paired	64522.0	64672.0	64939.5	65210.5	65511.5	65970.5	66946.0	68255.0	70028.0	71501.0	73598.0	75834.0	76880.5	80205.5	84332.5	87413.0	91068.0	99624.0	109610.0	118732.5	130451.0	146079.0	166192.5	192224.5	225629.0	275930.5	334226.5	391729.0	461617.5	544365.5	640985.0	748251.5	862966.0	983688.5	1113020.0	1275800.5	1536607.5	1791651.0	1910645.5	1894674.5	1832123.5	1807992.5	1817559.0	1861413.5	1908118.0	1938799.5	1954670.5	1966398.0	1978068.0	2003874.0	2036852.0	1947967.0	1772827.0	1628695.5	1493344.0	1368029.5	1254695.5	1151853.0	1053847.0	962951.0	879641.0	801780.5	733529.5	670160.0	609378.5	553918.5	503470.5	458763.5	416633.0	378210.5	344765.5	313602.5	284248.0	258756.0	237961.5	221426.0	207553.0	194680.0	183824.0	174135.5	166102.0	160160.5	155294.5	151373.5	148389.0	145680.5	143067.5	141666.0	140345.5	138962.0	138821.5	138815.5	138025.0	137667.5	138598.5	139083.5	138519.5	138264.5	137826.5	137616.5	141693.0
MHW056_trimmed_clipped_R1_paired	12290.0	12448.0	12691.0	12851.5	12921.5	13003.0	13342.5	13794.0	14444.5	15149.0	16099.0	17103.0	18001.5	19965.5	22454.0	25188.5	28723.5	34719.0	42584.0	51684.0	63823.0	79836.5	101282.0	129984.0	166322.0	213978.0	270208.0	334124.0	411934.0	503818.0	610647.0	727486.0	853052.0	986052.0	1125502.0	1301348.5	1573708.0	1833665.0	1955300.5	1950296.5	1900356.0	1883230.0	1901007.5	1951100.0	2003838.0	2041339.5	2062877.0	2073052.0	2077359.5	2087761.5	2096440.5	2001653.0	1833174.0	1685882.5	1545509.0	1410838.5	1284085.0	1169178.5	1060581.0	960129.0	867240.0	779841.5	702839.5	630142.5	560263.0	498344.0	442160.5	389602.5	341484.5	299454.5	260280.0	223510.5	190512.0	162723.0	138433.0	116344.5	97920.5	83227.5	71377.5	61133.0	52825.5	46618.5	41496.5	36122.0	31895.5	29807.5	28065.0	26956.5	25254.0	23670.5	22542.5	21534.0	20881.0	20034.0	19314.0	18766.0	18510.5	18420.5	18308.5	18158.5	18113.0
MHW056_trimmed_clipped_R2_paired	107558.0	107744.5	108103.5	108465.5	108870.5	109409.5	110467.0	111990.5	114119.0	115751.5	118050.0	120573.0	121780.0	125741.0	130514.5	134029.5	138245.5	147986.5	159455.5	169907.0	182992.0	200568.5	223531.0	253061.0	289855.5	345854.0	410689.5	474883.0	553755.0	645887.5	754630.5	875888.0	1004650.0	1138104.0	1278784.5	1456937.0	1728254.5	1985833.5	2109291.0	2109027.0	2060473.0	2042580.0	2061382.5	2111734.5	2162775.0	2198931.0	2219327.0	2232740.5	2243080.0	2261740.0	2280818.5	2184714.0	2008408.5	1858583.5	1714683.0	1577997.0	1450372.0	1334417.0	1223973.0	1121042.0	1028831.0	940301.0	863490.5	793406.0	723644.0	660128.5	602713.0	550961.5	503163.0	459559.5	421233.0	385799.0	352643.5	324631.0	300813.5	284039.5	270886.5	256327.0	244431.0	234433.0	226534.5	221038.0	216240.5	213484.5	211944.0	209033.0	205897.5	204192.5	203709.5	203200.5	204151.0	205134.0	204706.5	205253.0	207554.5	208846.5	208201.5	207996.5	207431.5	207127.0	214214.5
MHW057_trimmed_clipped_R1_paired	9993.0	10148.5	10364.0	10477.5	10573.5	10661.5	10941.5	11378.5	11966.0	12607.5	13531.5	14588.0	15411.5	17069.0	19317.0	21854.5	25278.0	30704.0	37820.0	46250.5	57208.5	72335.0	92166.5	118177.0	152269.0	196852.5	248916.0	308672.0	381260.5	464970.0	563729.5	673621.0	790992.0	914570.5	1043531.5	1204331.0	1455725.5	1697045.5	1809221.5	1805382.0	1763218.0	1753288.5	1772400.5	1820235.0	1869508.0	1903331.5	1922016.5	1931458.0	1939268.0	1953609.5	1967128.5	1877453.0	1712759.5	1572733.0	1438256.5	1311371.5	1195236.5	1087378.5	984920.0	889934.5	803410.5	722723.5	651246.5	583344.0	516724.5	457920.5	405939.5	358263.0	313568.5	273982.0	238274.5	203636.0	172540.0	146569.5	124642.5	105096.5	87924.0	74336.0	63200.5	53682.0	46261.0	40511.5	35917.0	31289.0	27580.0	25741.5	24257.5	23341.5	21783.5	20323.5	19318.0	18398.5	17849.0	17192.5	16685.0	16251.0	16026.0	15988.0	15944.5	15861.5	15831.5
MHW057_trimmed_clipped_R2_paired	89812.0	89941.5	90249.5	90580.5	90982.5	91531.5	92567.0	93969.0	95867.0	97390.0	99629.5	102012.5	103151.5	106934.5	111435.0	114719.5	118537.5	127696.5	138769.5	148305.0	160447.0	177351.5	198559.5	225107.0	259437.5	311761.0	372193.5	431978.5	505106.0	590240.0	690492.5	802810.0	921136.0	1045299.0	1176550.5	1337295.0	1587423.0	1827254.0	1941128.5	1942255.5	1902859.0	1893135.5	1912588.0	1960967.5	2009520.0	2041652.0	2060097.5	2074277.0	2085624.5	2107642.0	2133785.5	2042693.5	1868351.0	1723340.0	1586940.0	1458605.0	1340205.5	1231964.5	1130840.0	1034880.5	945533.0	863728.0	793019.0	726206.0	660494.5	601807.0	548728.0	500739.0	455757.5	414432.0	378229.5	345438.0	314844.5	288241.5	266270.0	249009.0	234437.0	220340.0	208708.0	199271.5	191893.5	186467.0	181875.5	178429.0	176002.5	173413.5	170816.0	169346.0	167907.0	166488.0	166526.5	166579.0	165699.0	165167.5	165848.5	166120.5	165526.5	165224.0	164672.5	164483.0	169718.0
MHW058_trimmed_clipped_R1_paired	13090.0	13226.0	13430.0	13549.0	13633.5	13738.5	14057.0	14484.5	15030.0	15640.5	16554.0	17554.5	18307.5	20143.0	22572.0	25102.0	28503.5	34165.0	41528.0	50127.0	61836.0	77435.0	97808.0	124942.0	159712.5	206034.0	260381.0	321769.5	395732.0	482113.0	583713.0	697236.0	819689.0	946452.0	1081217.5	1248903.5	1508691.0	1761167.0	1881306.0	1877854.5	1826342.5	1801569.5	1812845.5	1860742.0	1909538.0	1940173.0	1956892.5	1967880.5	1975195.0	1989263.5	2006429.0	1916208.5	1747038.5	1601527.5	1461192.0	1330623.5	1211462.0	1102569.0	998183.5	898954.5	809510.5	727548.5	655322.5	586371.0	520229.0	460984.0	406313.5	358018.0	313795.0	274208.0	237764.5	203429.5	172587.5	146632.0	124101.5	103893.5	87039.5	73333.5	62380.5	53537.5	46426.5	40928.0	36617.5	32347.5	29089.5	27617.0	26380.0	25532.0	24071.5	22771.0	21878.0	21024.0	20489.0	19867.0	19434.5	19084.5	18919.5	18887.0	18848.0	18830.0	18880.5
MHW058_trimmed_clipped_R2_paired	182069.0	182258.5	182602.5	182945.0	183256.0	183659.0	184638.5	185987.0	187995.5	189666.5	191824.0	194173.5	195377.0	198990.0	203347.0	207059.5	211165.5	220417.5	231505.5	241335.0	254123.5	271499.5	293210.5	320616.5	356330.0	410057.5	471644.5	533594.0	608692.5	696353.5	800576.5	916850.0	1039300.0	1165508.0	1298239.5	1464290.0	1724162.0	1974481.5	2098516.5	2100766.0	2050513.0	2027589.0	2037516.5	2083446.0	2131312.5	2161778.5	2179404.0	2191903.5	2203236.0	2227522.5	2229632.0	2111367.5	1934305.0	1787095.5	1648254.0	1517991.5	1396615.5	1286492.0	1183348.0	1085197.0	996480.5	914176.5	841525.5	777681.0	714636.0	655058.5	601466.0	552505.5	507619.5	466552.0	432875.0	402509.5	371405.0	344663.0	322044.5	307199.0	295448.0	281100.5	269365.5	262064.5	256890.5	253721.5	251477.5	250023.0	249411.5	246597.5	243639.5	242114.0	241059.0	239855.0	239997.5	240311.5	239536.5	239069.0	240342.0	241433.0	241459.0	242083.0	241564.5	241351.0	257577.5
MHW059_trimmed_clipped_R1_paired	12174.0	12346.0	12639.5	12800.0	12896.5	13043.0	13377.0	13817.5	14317.0	14887.5	15833.0	16896.0	17844.0	19825.5	22268.5	24893.0	28483.0	34228.0	41619.5	50365.0	62424.0	78575.0	100011.5	128965.5	165199.0	213053.5	270596.5	334761.0	412746.0	504540.5	611450.5	731456.0	858910.5	992366.0	1134572.5	1308363.5	1563040.5	1811382.5	1941525.0	1951392.0	1911442.0	1892780.5	1904037.5	1952272.0	2004856.5	2038598.0	2057634.0	2069032.0	2077247.5	2083737.0	2088548.5	1993718.5	1820279.0	1672541.5	1531584.5	1394643.5	1265506.5	1148718.5	1040387.5	938098.0	843890.0	756915.5	681064.5	608580.0	538421.0	475977.5	420477.5	370258.5	323363.0	281467.5	243210.5	208100.0	176080.0	149170.0	126082.0	105635.0	88684.0	74493.5	63097.5	53893.5	46648.0	40868.0	36302.5	31825.0	28297.5	26652.0	25313.0	24411.0	22887.5	21494.0	20607.5	19782.5	19278.0	18648.5	18140.5	17782.5	17657.0	17627.5	17557.5	17465.5	17442.5
MHW059_trimmed_clipped_R2_paired	87778.0	87965.0	88369.0	88798.5	89279.5	89974.5	91224.5	92818.5	95063.0	96925.0	99515.5	102286.0	103516.0	107714.0	112678.5	116127.5	120244.0	130194.5	141989.0	152191.0	165248.0	183237.0	206613.0	235605.0	272938.0	329604.5	395304.5	460422.5	539817.5	632984.0	740913.0	862620.5	992437.5	1126920.5	1267348.5	1441093.5	1695755.0	1943603.5	2076693.5	2090479.5	2052357.5	2032559.5	2045370.0	2093858.5	2146110.5	2181848.0	2200987.5	2213382.0	2221281.0	2239206.0	2262366.0	2171142.5	1993527.0	1842488.0	1698818.5	1561667.0	1433041.5	1313748.0	1203314.0	1100897.5	1007594.5	920242.5	844929.0	773870.0	702626.0	639521.5	584200.5	534894.5	488002.5	444191.5	405577.0	370413.0	337449.5	309761.0	287102.0	271120.0	258200.0	243583.5	231803.5	221678.5	213092.0	207138.0	202263.0	199757.5	198185.5	195272.0	192428.0	190887.0	190662.0	190446.0	191510.5	192601.0	192415.0	193421.5	195922.0	197139.0	196409.0	196033.0	195507.0	195266.0	200555.5
MHW060_trimmed_clipped_R1_paired	11963.0	12065.5	12228.5	12288.5	12340.5	12528.0	12849.0	13266.0	13963.0	14662.5	15577.0	16572.0	17383.5	19300.0	21726.0	24275.0	27825.0	33678.0	41032.0	49638.0	61358.0	76921.5	97893.5	125581.0	160416.5	207081.0	262817.0	324924.0	399115.0	486692.0	589658.5	704744.0	827098.5	956594.0	1092499.5	1256693.5	1504557.0	1742086.0	1863266.0	1875379.5	1842894.5	1833020.5	1852546.5	1905364.0	1960661.0	1997622.5	2019954.5	2036422.5	2048325.0	2067777.5	2088333.0	1994838.0	1820796.0	1674808.5	1536352.5	1402971.0	1274592.0	1157601.5	1049982.5	950357.5	859675.5	774408.5	699316.5	628028.5	558605.5	497426.5	443091.0	392516.0	344094.0	301395.0	262026.0	225072.0	191507.5	163019.0	138837.0	116606.5	97908.0	82993.0	70685.5	60378.0	52121.0	45585.0	40311.0	35115.0	31054.5	28947.5	27368.0	26360.0	24628.5	22962.5	21843.0	20913.0	20339.5	19588.0	18882.0	18364.5	18170.0	18108.5	17995.5	17849.0	17802.0
MHW060_trimmed_clipped_R2_paired	103544.0	103700.5	104006.5	104310.0	104691.5	105269.5	106441.0	108018.5	110070.5	111800.5	114303.0	116922.0	118116.0	122307.5	127337.5	130833.5	134859.5	144414.5	155713.0	165919.5	179008.0	196265.5	218626.5	247096.5	283200.0	338294.5	401985.0	464664.0	540792.5	629867.5	735001.0	852702.0	977408.5	1106875.5	1244007.5	1412093.0	1657977.5	1892729.5	2016457.5	2035410.5	2006594.5	1995913.5	2016423.0	2070609.5	2123567.0	2159750.0	2184142.5	2201627.0	2216649.5	2247669.0	2278767.0	2180438.0	1996631.0	1845657.5	1704026.0	1567845.0	1438954.5	1320864.0	1211969.0	1111965.0	1018271.0	931017.5	857057.0	787188.5	718149.0	655418.0	598814.0	547605.5	499762.5	456245.0	417244.0	381661.0	348397.0	319734.5	295991.0	277615.5	262603.5	247291.5	234691.0	224824.5	216816.5	211123.0	206290.0	202898.0	200652.5	197753.5	194836.5	193346.0	191972.5	190449.0	190269.0	190159.0	188978.5	188283.5	189230.0	189722.0	189101.0	188925.5	188475.0	188242.5	194789.5
MHW061_trimmed_clipped_R1_paired	11645.0	11808.5	12050.5	12160.0	12257.5	12406.5	12681.0	13111.0	13741.0	14342.5	15132.0	16006.5	16794.5	18479.5	20698.0	23094.0	26451.0	32087.0	39336.0	47859.0	59245.0	74155.0	94250.5	121592.0	156051.0	201165.0	255516.0	316869.0	390098.0	477259.5	578678.5	692653.5	815744.0	946926.0	1086169.5	1262243.5	1544193.0	1817945.5	1943172.5	1927702.5	1866560.0	1841337.5	1848231.5	1890843.5	1942094.0	1977132.5	1994678.5	2003807.0	2010291.0	2018528.0	2023216.5	1936601.5	1776565.5	1632761.5	1496979.5	1367410.5	1245503.5	1132119.5	1024453.5	925481.5	833331.5	748634.5	675055.5	603429.5	534378.5	473421.5	418132.5	367630.5	321746.5	281026.5	243398.5	208166.5	176062.5	149249.0	126435.0	105953.5	88918.0	75206.5	64035.5	54665.0	47138.5	41274.0	36546.0	31960.5	28415.5	26608.5	25184.0	24268.5	22783.5	21482.5	20658.5	19904.5	19409.0	18776.0	18286.0	17926.0	17758.0	17708.5	17618.5	17516.0	17514.5
MHW061_trimmed_clipped_R2_paired	103108.0	103225.5	103505.5	103837.5	104235.5	104833.0	106041.0	107676.5	109769.0	111418.5	113811.5	116427.5	117602.0	121589.0	126285.0	129519.0	133433.0	142785.5	154066.0	164070.0	176807.0	193538.5	214848.5	242356.0	276752.5	330510.5	393351.5	454808.5	529742.5	617110.5	719930.0	835812.0	959735.0	1091205.0	1230184.5	1407709.5	1687171.0	1958394.5	2086839.0	2077193.5	2017871.0	1992423.5	2003584.5	2050434.0	2101581.5	2133626.0	2152540.0	2166274.5	2176571.0	2192567.0	2206991.5	2120357.0	1957896.5	1813460.5	1673339.0	1542036.0	1419254.0	1306457.5	1199438.0	1098635.0	1007093.5	921109.0	846301.5	776943.5	709152.5	647731.0	591264.5	540981.0	494948.5	452953.5	415693.5	381141.0	348514.5	320668.0	297506.5	282692.5	270831.5	255997.0	244015.0	234359.5	226605.0	221116.0	216426.0	214346.5	213320.0	210396.0	207344.5	205639.5	205391.5	205095.5	206169.5	207271.5	207010.5	207844.0	210449.0	212022.5	211502.0	211375.0	210858.0	210662.0	219083.0
MHW062_trimmed_clipped_R1_paired	11992.0	12175.0	12423.0	12501.0	12551.0	12711.0	13106.0	13630.0	14319.5	14949.5	15846.0	16964.5	17834.0	19714.0	22221.5	24968.5	28685.0	34736.5	42528.0	51842.0	64434.5	81072.5	103199.5	132792.0	170170.0	219731.5	279460.0	346827.5	427444.0	522442.0	632985.5	756445.5	888617.0	1026880.0	1173623.5	1360388.5	1660176.5	1950464.5	2082989.5	2065986.0	1996985.5	1969045.0	1978277.5	2023409.0	2075742.0	2110768.5	2125093.5	2134251.5	2141712.5	2146937.0	2149558.0	2053526.0	1879448.0	1726077.5	1578827.5	1438018.0	1309824.5	1192780.0	1080133.5	974182.5	877410.5	787977.5	707999.5	631503.0	559517.0	495779.5	437984.5	385122.0	337116.5	294524.0	255085.5	218814.5	185153.0	156312.0	132711.0	111723.5	93652.0	79122.0	67364.5	57521.5	49494.0	43207.0	38230.0	33415.5	29496.5	27546.0	26077.5	25056.0	23403.5	21924.5	21016.0	20205.5	19678.0	19003.0	18470.5	18074.0	17896.5	17823.0	17719.5	17609.0	17583.5
MHW062_trimmed_clipped_R2_paired	82219.0	82392.0	82746.5	83098.5	83554.0	84279.0	85562.0	87190.5	89308.0	91013.5	93523.5	96214.0	97363.0	101417.5	106323.0	109971.5	114301.5	123984.0	135827.5	146525.0	160126.5	178366.5	202117.0	232184.5	270000.0	328687.5	396348.5	463298.0	546033.5	642593.5	754343.5	879951.5	1013319.0	1152295.5	1299752.0	1487319.0	1785514.0	2074259.0	2210790.0	2199845.0	2132818.0	2104903.5	2116160.0	2163351.5	2215010.5	2249727.5	2267975.0	2278820.0	2289446.0	2307460.0	2328210.0	2235564.5	2056424.5	1900696.0	1750951.0	1612065.0	1482021.5	1361429.0	1248063.5	1142180.0	1044879.5	954194.0	874706.0	800787.5	728416.0	663040.5	604094.0	551452.5	502034.0	457032.0	417785.5	380520.0	346043.0	316540.0	292069.0	273994.5	258963.0	243258.0	230511.0	219969.0	211136.0	204364.0	198749.0	195166.5	192536.5	189315.5	186298.0	184636.5	183617.0	182475.5	182665.5	183090.0	182493.0	182711.5	184577.5	185431.0	184564.5	184152.5	183627.5	183361.5	188332.5
MHW063_trimmed_clipped_R1_paired	11963.0	12124.0	12366.5	12494.5	12623.0	12789.0	13111.5	13569.0	14177.5	14780.5	15776.5	16929.0	17799.5	19754.0	22337.0	24903.5	28293.5	34381.0	42078.5	50640.5	61770.0	77115.5	97828.0	124911.5	160139.5	206950.0	261155.5	322052.0	395788.0	483366.0	584626.0	697700.0	820412.5	946921.0	1080712.0	1250609.0	1511977.5	1765853.5	1886615.5	1881273.0	1834633.5	1818232.0	1833592.0	1881862.5	1930611.0	1961848.5	1979545.0	1990054.0	1996744.5	2003974.5	2005680.0	1914826.0	1753841.0	1611471.5	1475549.5	1345462.0	1224070.5	1111834.0	1006610.5	907465.5	815360.5	731611.0	657925.5	588092.5	521223.5	460878.5	406974.0	358610.0	313465.0	273485.0	237213.0	202398.5	171177.5	145109.5	123084.0	103741.5	87169.5	73737.0	63069.5	54644.5	47628.0	42081.0	37808.0	33271.5	29575.5	27828.5	26513.5	25661.0	23974.5	22409.0	21447.0	20602.5	20051.0	19335.0	18823.0	18468.0	18326.0	18278.5	18198.0	18091.0	18061.5
MHW063_trimmed_clipped_R2_paired	83839.0	84055.0	84477.0	84851.5	85233.0	85825.5	86971.0	88528.0	90670.0	92360.0	94767.5	97350.5	98429.0	102156.5	106725.5	110248.0	114308.5	123650.0	134811.5	144592.0	157328.5	174250.5	195684.0	222963.0	258370.0	311964.0	373158.0	434367.0	510172.0	598405.0	701793.0	817357.0	939520.5	1066964.0	1201145.5	1371996.0	1633982.5	1885067.0	2006986.0	2009123.0	1963692.0	1947519.0	1966804.5	2013920.0	2062463.5	2096380.5	2113839.0	2125274.0	2137278.5	2156002.0	2175544.0	2090757.0	1924380.5	1778120.5	1640647.5	1509342.0	1385183.5	1273593.0	1168191.0	1068342.5	976116.5	890472.5	818254.5	749880.5	682439.5	620949.5	566183.5	517660.0	472264.5	431111.5	393722.0	359756.5	328291.0	300678.0	278311.5	263483.5	251185.5	237257.5	225752.0	216220.5	208458.5	202753.5	198026.5	195686.0	194450.5	191769.5	188994.5	187467.0	187516.5	187470.5	188802.5	190240.5	190264.5	191450.0	194223.5	195753.5	195059.0	194744.0	194240.0	193987.0	199566.0
MHW064_trimmed_clipped_R1_paired	11485.0	11654.5	11903.0	12011.5	12056.5	12192.5	12546.5	12930.5	13514.0	14202.0	15127.5	16085.5	16891.5	18770.0	21107.0	23527.5	26781.0	32535.5	39975.0	48210.5	59247.0	74262.0	93958.0	120603.5	154608.5	199787.0	253618.5	313519.5	385968.0	471185.5	571957.0	684317.0	803528.0	929672.5	1064612.5	1237035.0	1507320.5	1771978.0	1900747.0	1891671.0	1833430.0	1809758.5	1820602.5	1868546.5	1921835.5	1958354.0	1979262.5	1994629.5	2007737.5	2022122.5	2036434.0	1947146.0	1777481.0	1633127.5	1497949.5	1368945.5	1246742.5	1135157.0	1030082.5	932036.0	843081.5	759666.0	686803.0	618825.0	552314.0	491695.5	437337.0	387073.5	341252.0	299982.0	261056.5	225396.5	192559.5	164866.5	140898.5	118735.0	99757.5	84657.5	72876.5	62428.5	53833.5	47510.0	42207.5	36929.5	32988.5	30848.5	28946.0	27720.0	25837.5	24112.0	22899.0	21822.0	21202.0	20384.5	19591.0	18952.0	18653.5	18541.5	18407.0	18237.5	18173.0
MHW064_trimmed_clipped_R2_paired	94635.0	94776.5	95093.0	95417.5	95779.5	96333.0	97432.0	98955.5	101026.0	102675.0	104963.0	107408.0	108491.0	112434.5	117144.5	120405.5	124395.0	133642.5	144519.5	154139.0	166644.0	183327.5	204767.0	231837.0	266559.0	319384.5	380518.5	441199.0	515623.0	602716.5	704989.5	819799.0	939978.5	1066196.5	1202424.0	1375484.5	1645909.0	1908237.5	2036321.5	2031424.0	1977616.5	1956659.5	1969448.0	2017756.5	2069552.0	2105600.0	2126262.0	2141607.0	2155933.0	2183608.5	2212944.5	2118357.5	1939090.5	1791022.0	1651560.0	1517434.5	1393431.0	1279472.5	1171382.5	1073376.5	982358.5	898167.5	826093.5	757072.5	689358.0	628114.0	573150.5	523722.5	478043.5	435897.0	397356.5	362444.0	330469.5	303109.5	279391.5	261443.0	246971.0	232627.5	220873.5	211162.0	203410.5	197882.5	193193.0	189765.0	187521.5	184737.0	181944.0	180518.0	179266.5	177884.5	178065.0	178327.0	177398.5	176961.5	177857.5	178242.0	177671.5	177372.5	176877.0	176735.0	183123.5
MHW065_trimmed_clipped_R1_paired	11761.0	11849.5	12042.5	12210.5	12351.5	12527.0	12814.5	13230.5	13915.5	14602.5	15604.5	16819.0	17804.0	19749.0	22310.5	25068.5	28706.5	34884.5	42528.5	51701.5	64337.5	80617.0	102085.0	130900.0	168170.5	216909.0	274324.0	339653.0	417552.0	511129.0	619790.0	739309.0	866916.0	1000084.5	1140680.0	1317681.0	1591630.0	1845675.0	1965490.0	1968883.5	1929458.0	1921436.0	1940058.5	1991198.5	2046106.5	2080944.0	2103784.0	2121183.5	2134145.5	2150319.5	2162025.5	2060547.5	1878252.0	1722384.0	1575494.5	1438323.0	1310812.0	1192606.0	1079654.5	976032.5	882031.5	794098.5	715011.5	639873.5	568981.0	504995.5	445349.5	391231.5	342367.0	298915.5	258887.0	221277.0	187622.5	159015.0	133850.5	111579.0	92817.5	77862.0	65862.5	55586.5	47637.5	41816.0	37112.5	32466.5	28896.0	27045.0	25543.5	24623.0	23020.0	21507.0	20448.5	19474.0	18904.0	18236.5	17671.0	17205.0	16984.5	16918.5	16839.5	16749.0	16741.5
MHW065_trimmed_clipped_R2_paired	95363.0	95487.0	95844.5	96281.5	96712.0	97291.0	98494.5	100144.0	102365.5	104146.5	106676.0	109356.0	110547.0	114800.5	119905.0	123672.0	128162.0	138048.0	150041.0	160864.5	174520.0	192975.0	216451.0	246188.0	284596.5	342621.5	409212.5	474606.5	554337.5	648735.0	759432.5	882097.0	1010025.0	1145935.0	1287190.0	1462941.5	1737075.5	1990730.5	2112340.0	2120717.5	2082027.0	2071548.0	2091875.0	2142354.0	2195815.5	2234051.5	2258403.0	2276106.0	2291962.5	2323063.5	2354869.0	2250950.5	2055544.0	1894598.5	1744726.0	1604468.5	1474154.0	1355398.0	1242300.5	1137011.0	1042442.0	953130.5	872822.5	798214.5	727514.0	663552.5	603972.5	550969.0	501776.0	456429.0	416903.5	380614.5	346366.5	317146.0	292755.5	273355.5	257508.0	242170.5	229570.5	218889.0	210354.5	204374.0	199428.5	196319.0	194289.5	191588.0	188764.5	187222.5	186131.0	184963.5	185107.0	185326.0	184599.5	184541.0	186159.5	187114.0	186475.5	186131.5	185546.5	185347.0	191694.5
MHW066_trimmed_clipped_R1_paired	13616.0	13804.5	14081.5	14226.0	14346.0	14475.0	14707.5	15126.0	15699.5	16248.0	17096.5	18052.0	18948.5	20868.5	23222.0	25894.0	29503.5	35064.0	42405.5	51242.5	62806.0	78309.0	98927.5	126490.5	161378.5	207573.0	261799.5	322664.0	396863.5	485263.5	589387.5	703635.5	824060.0	950768.0	1085265.0	1251779.0	1505912.5	1752181.0	1877145.0	1880762.5	1834294.0	1814280.5	1824188.0	1869543.5	1921191.0	1954914.0	1974649.5	1987573.0	1995513.0	2009200.5	2022255.0	1931735.5	1765146.5	1620216.0	1484641.0	1354260.5	1230806.5	1120465.0	1014943.5	916048.5	825159.5	742344.0	669414.5	598083.0	529544.0	469938.5	416159.0	365731.5	319930.0	278487.5	240549.5	205892.0	174187.0	147579.0	125033.0	104291.0	86358.0	72708.5	61877.0	52673.0	45537.0	40316.0	36317.5	32395.5	29333.5	27839.0	26642.0	25901.5	24491.5	23162.0	22331.5	21584.5	21070.0	20432.0	19948.0	19633.0	19500.0	19440.0	19383.5	19337.5	19369.5
MHW066_trimmed_clipped_R2_paired	165410.0	165568.5	165888.5	166194.0	166557.0	167134.5	168239.0	169744.0	171930.0	173748.5	176251.5	178858.0	180053.5	184006.5	188717.0	192164.0	196206.0	205862.5	217464.0	227637.5	240360.5	257280.0	279595.0	308200.5	343334.0	397841.5	461052.5	521744.0	596245.5	684113.0	788560.5	906093.5	1029414.0	1157234.0	1291157.5	1457040.0	1710943.5	1954154.5	2078853.5	2088914.0	2045786.0	2027254.0	2038978.5	2083900.5	2134632.5	2167610.5	2186517.5	2202260.5	2215776.5	2239095.0	2244390.5	2135534.0	1964595.0	1817975.5	1679123.0	1548723.5	1427637.5	1314666.0	1207443.5	1108689.5	1018354.0	934473.5	861508.0	794528.0	730144.5	670269.0	614775.0	564917.5	518611.5	476307.0	440203.5	407726.5	375544.0	347917.0	324885.0	310011.5	298429.5	283935.5	272085.0	264192.5	257981.0	254141.5	251580.0	250671.0	250690.5	248054.0	245255.0	243792.5	243639.0	243374.5	244412.5	245509.0	245438.5	246341.0	249220.0	251275.5	251260.0	251901.5	251434.5	251330.0	268214.0
MHW067_trimmed_clipped_R1_paired	11066.0	11247.0	11533.0	11668.0	11763.5	11908.0	12163.0	12528.5	13091.0	13650.0	14519.5	15526.0	16295.5	18000.5	20283.5	22843.5	26180.5	31458.0	38456.5	46856.0	57785.0	73039.0	92906.5	118727.5	152298.0	196187.0	248604.5	307618.0	377810.0	461578.0	560302.0	669228.5	786144.5	907692.0	1034174.0	1192431.5	1437836.0	1666168.0	1765206.0	1755409.0	1708122.0	1688937.5	1698794.0	1738725.0	1779531.0	1803412.5	1813427.0	1816070.0	1814345.5	1809686.0	1801350.5	1719921.0	1579400.0	1451825.5	1327754.0	1208055.5	1096711.5	995094.0	898950.5	808363.0	724513.0	648005.0	582169.5	518738.5	456666.0	402739.5	354097.0	309684.5	270286.0	235084.5	202245.0	171481.5	144514.5	122166.5	102992.0	86042.5	71927.0	60352.5	51159.0	43904.0	38172.0	33679.0	29990.0	26439.5	23577.0	22211.5	21199.5	20540.0	19305.0	18166.0	17463.0	16834.5	16420.0	15887.5	15492.5	15219.5	15104.0	15066.0	15049.0	15003.5	14979.0
MHW067_trimmed_clipped_R2_paired	69711.0	69883.0	70224.0	70565.5	70980.5	71581.0	72756.5	74270.0	76235.0	77816.0	80108.0	82568.5	83725.5	87551.5	92023.0	95247.5	98991.5	107816.5	118569.0	128162.0	140642.5	157289.5	178189.5	205029.0	239193.0	290756.5	350763.5	410470.5	482498.0	566702.0	665330.0	776941.5	895444.5	1016967.5	1143979.0	1303104.0	1548353.5	1774974.0	1877737.5	1875223.5	1828931.0	1809193.5	1820939.0	1858342.5	1897054.5	1923416.0	1933506.0	1936882.0	1937034.5	1939311.5	1953038.5	1884361.5	1740875.5	1611841.0	1488018.5	1369952.0	1259298.5	1155325.5	1057584.5	967234.5	884627.0	807948.5	740510.5	678008.5	617104.0	562186.5	512774.5	469003.0	428538.5	391468.5	358912.0	328746.5	300863.5	277436.0	258230.5	247085.0	238514.5	226764.0	216867.5	208252.0	201262.5	196270.5	191955.5	191807.5	192547.0	190154.0	187677.5	186399.5	188242.5	189985.5	193289.5	196658.5	197865.0	201148.0	206175.0	209029.5	208347.0	207962.0	207410.0	207116.5	211389.0
MHW068_trimmed_clipped_R1_paired	10219.0	10356.0	10503.5	10598.0	10738.5	10842.5	11097.5	11525.5	12139.5	12746.0	13523.0	14449.0	15284.0	16924.5	19048.5	21370.0	24525.0	29665.5	36544.5	44580.0	54983.0	69135.0	87859.0	112610.5	144022.0	185112.5	234265.0	289723.0	355966.5	434210.0	525273.5	628059.5	737352.5	850323.0	970623.0	1122113.5	1356210.0	1575472.0	1674880.5	1668686.0	1626167.5	1613418.0	1628343.0	1669876.5	1713835.5	1745361.0	1762347.5	1773176.0	1781002.5	1791650.5	1802831.0	1720134.0	1571118.0	1444452.0	1322834.5	1206576.0	1098167.5	998022.5	903909.5	817230.5	737885.5	664144.0	599121.5	537552.0	477505.5	424115.5	375740.5	332429.0	292404.0	255043.0	221212.0	190134.5	161806.0	138193.5	117684.0	99169.0	83693.5	70973.5	60632.0	51842.5	44762.0	39333.0	34923.5	30544.0	27023.5	25143.0	23645.5	22715.5	21289.5	19976.0	19097.5	18286.5	17751.0	17099.5	16484.5	16010.0	15799.0	15710.0	15614.5	15505.0	15474.5
MHW068_trimmed_clipped_R2_paired	95670.0	95839.5	96166.0	96504.5	96868.0	97324.0	98292.0	99648.0	101540.5	103054.5	105048.0	107265.0	108361.5	111998.0	116327.5	119461.5	123266.0	131885.5	142198.5	151175.0	162532.0	177955.5	197930.5	223570.5	255423.5	304584.5	362097.5	417732.5	485037.5	564573.5	658048.5	762324.0	872981.5	987276.0	1106966.5	1259952.0	1495179.0	1711859.0	1813075.5	1813762.5	1773077.5	1760615.0	1776347.5	1816068.5	1858754.5	1890090.5	1910585.0	1923003.0	1932551.5	1953168.5	1971909.0	1885256.0	1727253.5	1595071.0	1472083.5	1355293.5	1244622.5	1144167.5	1050271.5	961359.0	881729.5	807791.0	740562.5	679801.5	621108.0	567054.0	518191.0	474105.0	433151.5	396403.0	364042.5	333592.5	304708.0	280146.5	259758.0	244781.0	232664.0	219735.5	209033.5	200587.0	193986.5	189376.0	185409.5	182922.0	181353.0	178893.5	176272.5	174832.5	174076.0	173228.5	173426.0	173610.0	172769.0	172395.0	173399.0	173953.5	173432.0	173308.5	172840.0	172576.5	179001.0
MHW069_trimmed_clipped_R1_paired	9134.0	9178.0	9260.0	9349.5	9435.5	9540.0	9773.5	10116.0	10613.0	11172.5	12003.0	12878.0	13536.0	15064.0	17062.5	19205.0	21991.0	26658.5	32831.5	39801.0	48921.0	61421.0	77530.5	98882.5	126559.5	163268.5	207009.5	255313.0	313315.0	381805.5	461766.0	551300.5	646192.5	745342.0	850514.5	982291.0	1191896.0	1388614.5	1475790.5	1470493.0	1429623.0	1410312.5	1415729.0	1447467.0	1484316.0	1509119.5	1521190.5	1529549.5	1534184.5	1542013.0	1551663.5	1478215.0	1345982.0	1235561.0	1128892.5	1027763.0	933058.0	846176.5	765880.5	690751.5	622278.0	559529.5	503371.5	449293.0	398507.0	353894.0	312542.0	274603.0	240476.5	210602.5	182792.0	156261.5	132599.0	112892.5	96089.5	81164.0	68515.0	58394.5	50271.5	43295.0	37782.0	33430.0	29977.5	26391.5	23387.0	21941.5	20842.5	20152.0	18800.0	17570.0	16766.5	15975.0	15519.0	15007.0	14642.5	14396.5	14300.5	14252.5	14194.0	14149.0	14163.5
MHW069_trimmed_clipped_R2_paired	133387.0	133489.0	133708.5	133967.5	134232.0	134647.5	135461.5	136581.0	138203.0	139505.0	141467.5	143594.5	144520.0	147453.5	151043.0	153682.0	156787.5	164145.5	173030.5	181036.0	191271.0	205069.0	222681.0	244867.0	272333.0	314940.0	365334.0	413767.5	472045.5	541523.0	623776.0	715063.5	809502.5	907951.0	1013857.5	1145624.5	1353007.0	1549789.5	1637386.0	1633597.5	1592416.0	1574457.0	1584065.0	1613781.5	1649126.0	1675055.5	1688896.0	1698335.5	1704447.0	1719695.5	1722408.5	1634323.0	1495854.0	1380156.5	1272560.5	1170342.5	1077182.5	991551.5	910506.5	835794.0	767422.5	703946.5	648229.5	598695.5	549976.0	503759.0	462763.0	426282.5	392011.5	360813.0	334966.0	310884.0	286879.0	267134.0	250770.0	240883.5	232987.0	222110.5	213358.5	207516.5	203040.5	200316.0	198178.0	197493.0	197538.5	195231.0	192903.0	191606.0	191444.5	191262.0	192174.0	193150.5	192895.0	193253.0	195041.0	196297.5	196166.5	196533.5	196242.5	196206.0	208185.5
MHW070_trimmed_clipped_R1_paired	8183.0	8288.5	8467.0	8572.0	8617.5	8676.5	8841.0	9101.0	9578.0	10102.0	10782.5	11618.5	12323.5	13643.0	15455.0	17314.5	19862.5	24252.5	29688.5	36224.0	44900.0	56236.5	71192.0	90820.0	115831.5	149217.5	189253.0	233331.0	284773.5	345767.0	418483.5	497675.5	581141.0	669868.0	765528.0	884267.0	1076493.5	1268642.0	1362643.5	1358878.5	1314940.0	1291685.5	1292015.0	1322720.5	1358704.0	1382028.0	1396593.0	1406876.0	1414257.0	1425513.5	1442629.0	1378727.0	1253481.0	1149482.5	1050657.0	958399.5	871825.5	791298.5	716565.5	648659.5	585250.5	526565.5	477687.5	429735.5	381590.5	339939.0	302792.5	267779.5	235430.5	207473.0	181053.5	156387.5	134013.0	114737.0	98446.5	83609.0	70711.0	60217.0	51887.5	44775.0	39101.0	34741.0	30996.5	27392.0	24503.0	22861.0	21487.5	20599.0	19286.5	18082.0	17240.5	16514.0	16018.0	15415.5	14876.5	14447.0	14276.5	14216.0	14157.5	14060.5	14030.5
MHW070_trimmed_clipped_R2_paired	193123.0	193238.0	193468.0	193662.5	193834.0	194160.5	194802.0	195720.0	197179.5	198441.5	200271.0	202177.0	203114.0	205926.5	209287.0	211809.0	214956.5	222187.5	230469.5	238162.5	247498.0	259979.0	276427.5	296342.0	322003.5	361790.5	407990.0	451719.5	503588.5	566199.0	639108.5	720725.0	805501.5	893835.5	988833.0	1106434.0	1297461.0	1486470.0	1580349.5	1579309.0	1537395.5	1515470.0	1516013.5	1544152.0	1578410.5	1602414.0	1619202.0	1630689.0	1639431.5	1659392.0	1644515.5	1537430.0	1404434.0	1298540.0	1199942.5	1104759.5	1017392.0	939032.0	864844.5	795231.5	731616.5	672964.0	622710.5	579694.5	537201.5	494651.0	456788.0	422608.0	390887.5	362386.5	340111.0	320009.5	297625.5	279005.5	263457.5	253837.0	246726.5	236663.5	228294.5	224880.0	222677.5	221798.0	221465.5	220897.0	221085.0	218865.0	216590.5	215490.0	214386.0	213185.5	212799.0	212543.0	211364.5	209900.0	209948.5	210402.5	210684.5	211590.0	211288.5	211349.0	228533.5
MHW071_trimmed_clipped_R1_paired	8256.0	8287.0	8330.5	8383.5	8545.5	8749.0	9099.0	9676.0	10392.5	11062.5	11937.5	12914.5	13673.0	15297.0	17578.5	19665.5	22301.5	26800.5	32867.0	40455.0	50582.0	64014.5	81645.5	103825.0	131705.5	168698.5	213136.0	264497.0	325039.5	393900.0	471336.0	551175.5	633696.5	719568.5	803360.0	889904.5	982788.5	1072840.0	1150148.0	1214526.5	1271205.5	1322923.5	1371424.5	1415475.5	1452619.5	1481208.0	1496930.0	1499552.0	1500663.0	1508304.0	1505437.0	1426634.5	1300039.0	1194239.0	1094002.5	996424.5	900855.0	812473.5	737321.0	672525.0	611914.5	554881.0	499114.0	439078.5	384445.0	339480.0	298230.5	260768.5	227229.0	195854.5	167262.5	142562.5	121139.5	102810.5	86780.5	71634.0	59636.5	50804.5	43397.5	37109.0	31977.0	28063.5	25100.0	22109.5	19657.5	18448.0	17483.5	16846.5	15757.5	14791.5	14106.0	13473.0	13116.0	12651.5	12261.5	11983.5	11887.5	11886.5	11875.0	11839.5	11862.5
MHW071_trimmed_clipped_R2_paired	186105.0	186141.0	186299.0	186543.5	186852.0	187323.5	188159.5	189444.5	191436.5	192957.5	194883.0	197051.5	198069.0	201310.0	205353.0	208176.5	211239.5	218762.5	228024.0	236727.0	247945.5	262754.5	281513.0	304808.0	333230.5	374812.5	425177.5	476834.0	537961.5	607868.0	686408.0	769363.0	852766.5	936566.0	1020831.0	1110759.5	1204624.5	1291567.0	1368486.0	1433974.0	1489096.5	1542590.0	1592586.5	1633855.0	1669398.5	1696938.5	1714046.0	1720653.5	1723083.5	1736854.0	1700159.5	1579194.0	1449978.5	1342514.5	1242181.5	1143488.5	1047349.0	960662.5	885347.0	819535.5	759740.0	702044.5	645276.0	590149.0	540225.5	495413.5	454261.5	417444.5	383089.0	350445.0	324955.5	303505.0	281843.0	263581.5	247814.0	234803.5	224643.0	215273.0	207362.0	203261.0	200397.0	199547.5	199358.0	197799.0	196898.5	194792.0	192505.0	191396.0	189288.0	187121.5	185960.5	184812.0	183104.5	180770.5	179082.5	178218.0	178448.5	179188.5	178719.5	178611.5	193301.0
MHW072_trimmed_clipped_R1_paired	10203.0	10321.5	10464.0	10540.5	10614.5	10673.0	10899.5	11291.0	11753.0	12199.5	12889.5	13713.5	14412.0	15937.5	17904.5	20018.5	22782.0	27420.5	33478.5	40488.0	49987.0	62780.5	79569.5	101418.5	129689.0	167144.0	211077.0	260192.5	319995.0	391072.0	473802.0	565935.0	664410.5	767727.0	874152.0	1005424.5	1207192.0	1400386.0	1496532.0	1494420.5	1451914.0	1434281.0	1438707.5	1468376.5	1503360.0	1526564.0	1538700.0	1542714.5	1541392.5	1540473.0	1542358.5	1475189.5	1351550.0	1241923.0	1135003.0	1032979.5	937425.5	851297.0	770588.0	693561.0	623223.0	558150.5	501979.5	447329.5	394334.0	348320.0	306964.5	269747.5	235401.0	203963.0	176157.5	151032.5	127154.0	107110.0	90385.5	75469.0	63201.0	53459.0	45614.5	39361.5	34430.0	30574.5	27678.5	24681.0	22249.0	21154.0	20349.0	19825.5	18753.5	17778.5	17199.5	16628.0	16249.5	15768.5	15436.0	15253.0	15178.5	15149.5	15134.5	15113.5	15126.0
MHW072_trimmed_clipped_R2_paired	126887.0	127015.0	127278.5	127549.0	127864.5	128266.5	129107.5	130337.5	132037.5	133438.5	135439.0	137520.0	138457.5	141594.0	145267.0	148131.0	151523.5	159180.5	168456.5	176633.5	187017.5	201071.0	218915.5	241520.0	270481.0	314491.0	364940.5	413851.5	474315.5	545688.5	629362.0	723241.0	822946.0	925374.0	1031246.0	1163040.0	1363567.5	1554586.0	1652972.5	1657822.5	1618650.5	1599546.0	1603086.0	1633270.5	1669381.0	1692136.0	1702073.0	1706209.5	1707738.0	1714469.0	1712819.5	1636848.0	1510762.5	1401030.0	1297205.0	1195315.0	1101363.5	1014077.5	931421.5	854891.5	784532.0	720997.0	665431.5	613700.5	563830.5	517077.0	474791.0	437612.0	402942.5	371230.0	344580.0	320571.0	296676.5	276319.0	259647.5	251922.5	246596.5	236151.5	227517.0	222029.5	218146.0	215539.0	213406.5	214599.0	216651.0	214598.0	212327.5	211200.0	212769.0	214250.5	216925.5	219647.5	220711.5	223529.0	228237.0	231352.5	231431.0	232125.0	231864.0	231683.0	246201.5
MHW073_trimmed_clipped_R1_paired	8583.0	8701.5	8883.0	8996.5	9087.5	9159.5	9354.0	9656.5	9940.5	10240.5	10884.5	11566.0	12140.5	13440.0	15178.0	16942.5	19384.0	23364.0	28451.0	34482.0	42527.0	53176.5	67331.0	85987.0	109731.5	141071.0	177969.5	220349.5	271919.5	331666.0	401841.5	479509.0	562771.5	650420.5	743041.0	858525.5	1034952.5	1199865.5	1276832.0	1277120.0	1248076.0	1241166.5	1255916.0	1291291.5	1326844.0	1350567.5	1365891.5	1375456.0	1382983.0	1393435.5	1403871.0	1341043.5	1222242.5	1118947.5	1021977.0	930959.5	844583.0	766873.0	694041.0	625488.0	562526.5	504866.5	453700.5	404740.5	358338.5	317107.0	280089.5	245507.5	213284.0	185846.5	160794.5	136834.5	115339.0	97268.5	82252.5	68586.0	57045.5	47923.0	40564.0	34440.5	29395.0	25638.5	22678.5	19846.0	17627.5	16488.0	15632.5	15056.0	14084.0	13206.5	12637.0	12119.0	11781.0	11373.0	11065.0	10861.5	10791.0	10756.5	10711.5	10674.0	10671.0
MHW073_trimmed_clipped_R2_paired	67388.0	67496.0	67734.0	67988.5	68261.0	68640.5	69376.0	70388.5	71759.0	72860.5	74503.0	76275.0	77092.0	79763.0	82946.0	85452.0	88428.5	94824.0	102461.5	109491.0	118472.0	130219.5	145380.0	164427.0	188775.0	226319.5	269840.0	312515.5	364158.5	424855.0	496435.5	575996.5	660546.5	748586.0	841090.0	957686.0	1134761.0	1298455.0	1375972.5	1378097.5	1350824.0	1343009.0	1356124.5	1390013.0	1425675.0	1450200.0	1464963.0	1474543.5	1483061.5	1501797.0	1519806.5	1455370.5	1333577.0	1229460.0	1130184.0	1037758.0	952176.0	873036.5	799655.5	731730.5	669036.5	610904.5	558919.5	511953.0	466998.5	424781.5	387729.5	354566.0	322472.5	293263.0	268280.0	245483.5	223930.0	205538.0	190231.0	178890.0	169586.0	159938.0	151966.5	145687.0	140764.0	136980.5	133824.5	131795.5	130451.0	128643.0	126740.5	125718.0	125309.5	124820.0	125099.0	125450.0	125006.5	124924.5	126041.5	126799.0	126396.0	126173.0	125727.5	125494.0	129643.0
MHW074_trimmed_clipped_R1_paired	10352.0	10490.5	10668.5	10712.0	10780.0	10922.5	11226.5	11633.0	12210.5	12793.0	13604.0	14531.5	15430.0	17228.0	19372.0	21911.5	25235.0	30314.0	37373.0	45694.5	56861.5	71990.5	91780.5	117497.0	150942.5	195123.0	246096.5	305043.0	376298.5	459639.5	558115.0	666631.0	781494.5	903489.5	1033198.5	1191719.0	1435265.0	1668814.0	1780162.0	1776898.5	1731974.5	1717232.0	1729792.5	1772915.0	1817091.0	1841642.5	1853833.0	1859675.0	1861435.0	1863160.5	1859133.5	1775618.0	1632186.0	1503902.5	1378276.0	1255347.0	1140170.5	1034205.5	933898.5	842192.5	758275.0	678306.0	608846.0	543796.0	481215.5	425031.5	374780.0	329209.0	286634.0	249779.0	215153.5	182487.0	154048.0	130477.0	110499.5	92541.5	77587.0	65295.5	55078.0	46836.5	40386.0	35413.5	31418.5	27415.0	24331.0	22753.5	21485.5	20752.5	19445.5	18227.0	17489.0	16799.0	16334.0	15786.0	15361.5	15049.5	14895.5	14832.0	14729.5	14610.5	14573.5
MHW074_trimmed_clipped_R2_paired	83896.0	84004.0	84279.0	84627.0	85021.0	85593.5	86666.5	88074.5	90019.0	91555.5	93719.0	96145.0	97346.0	101072.0	105390.5	108619.0	112705.5	121868.0	132570.5	141824.0	153974.5	170185.0	191122.0	218053.5	252113.5	303775.5	363820.0	422739.5	494984.0	578670.0	677710.5	790172.5	907521.0	1030147.0	1157827.5	1316695.5	1561583.0	1795235.0	1907476.0	1907582.0	1867098.0	1852461.0	1865703.5	1907529.0	1949864.5	1977400.5	1993986.0	1999979.0	2001317.5	2011541.5	2022213.5	1943180.0	1791489.0	1657531.0	1532385.5	1411911.5	1296017.0	1187862.5	1089108.5	997067.5	910765.5	831563.5	762492.0	697980.5	636193.0	579900.5	528832.0	482473.0	440059.0	402013.0	367277.0	336097.0	307449.5	282607.0	262050.0	247880.5	236279.5	223273.0	212562.0	203866.0	196925.5	191762.0	187347.0	185534.5	184708.5	182275.0	179804.0	178395.0	178279.0	178136.5	179260.0	180442.5	180434.0	181531.5	184357.5	186037.5	185413.0	185139.0	184597.0	184334.0	189864.5
MHW075_trimmed_clipped_R1_paired	9015.0	9139.5	9284.5	9329.5	9367.0	9420.0	9600.0	9855.5	10271.0	10764.5	11350.0	11980.0	12601.0	13901.5	15586.5	17341.0	19770.0	24066.5	29407.0	35574.5	43925.0	55013.0	70149.0	90160.5	114999.0	147956.0	186792.0	230959.5	284408.0	346995.0	420294.5	501672.5	588995.5	680883.0	777298.5	899724.0	1090518.0	1270268.0	1359197.5	1360357.5	1322492.0	1306397.5	1312824.5	1344133.5	1378676.5	1401777.0	1416228.0	1422747.5	1425571.5	1432123.0	1436973.0	1369219.5	1249370.0	1146241.5	1047372.5	954187.5	867997.0	787969.0	712393.0	643553.5	579874.0	520492.0	468764.0	419126.0	370020.5	326671.0	288978.5	254484.5	222536.5	193978.0	167235.5	142753.0	121091.5	102431.5	86529.5	72646.0	60884.5	51252.5	43415.5	37030.5	31863.0	27895.0	24766.0	21564.5	19101.5	17854.0	16781.0	16095.0	15092.0	14189.0	13597.5	13084.5	12743.5	12304.5	11960.0	11683.0	11544.5	11499.0	11453.5	11414.5	11419.5
MHW075_trimmed_clipped_R2_paired	80247.0	80355.5	80595.5	80858.0	81149.5	81525.5	82188.0	83151.5	84630.0	85809.5	87572.0	89476.5	90276.0	93189.5	96695.5	99177.0	102145.0	109068.0	117263.0	124560.5	133810.5	146127.5	161860.5	182294.5	208526.5	247224.5	291854.0	336397.5	391053.5	455144.5	529775.5	613555.5	700935.0	792031.0	889802.5	1013102.5	1202322.5	1382200.5	1471870.5	1474255.0	1437699.0	1421210.5	1428818.5	1458987.0	1491446.0	1514750.0	1528792.0	1537188.5	1543872.5	1558263.5	1569085.0	1498290.5	1373541.5	1268160.5	1167737.5	1073603.0	986972.5	906324.0	831001.5	760273.5	696482.0	638594.0	586662.5	537342.0	490164.0	447594.0	408857.5	374222.5	342568.0	313635.5	287328.5	263811.5	242218.0	223552.5	207713.0	197156.0	188948.0	179131.0	171078.0	164525.5	159317.5	155642.5	152678.5	151083.0	150073.5	148047.5	145982.5	144910.5	144742.0	144490.5	145068.0	145687.5	145343.5	145722.5	147429.5	148463.0	148061.5	147972.5	147567.5	147345.5	152741.0
MHW076_trimmed_clipped_R1_paired	9819.0	9919.5	10064.0	10145.0	10196.0	10304.5	10516.5	10797.5	11322.0	11887.5	12664.5	13540.0	14289.0	15898.0	17996.5	20232.0	23233.0	28055.0	34293.0	41914.0	51774.5	64830.5	82619.0	105976.0	135071.0	173853.5	219867.5	272042.0	335669.0	409358.0	493826.5	589697.5	691773.0	797133.5	910292.5	1049785.5	1265498.5	1475937.5	1582028.5	1583798.5	1542609.0	1524139.5	1528135.5	1561854.0	1602762.5	1631433.5	1645846.5	1653630.5	1660644.5	1672432.0	1684313.5	1606758.0	1463760.5	1342258.0	1226940.5	1116187.0	1014002.0	921222.5	833501.0	752180.0	677245.0	607842.0	547826.5	490057.0	434437.0	385568.5	341374.0	301194.5	263651.0	229867.5	198764.5	170294.0	144767.0	123278.5	104930.5	88356.5	73778.5	62198.0	53244.0	45487.0	39287.0	34409.0	30554.0	26785.5	23661.0	22026.5	20742.0	19950.0	18715.0	17566.0	16744.0	16026.5	15590.0	15011.0	14564.0	14243.5	14071.5	14010.0	13942.0	13870.5	13875.0
MHW076_trimmed_clipped_R2_paired	131694.0	131839.0	132186.0	132506.5	132734.0	133096.5	133935.5	135054.0	136630.0	137947.5	139837.5	141887.5	142880.0	146261.5	150283.5	153135.5	156684.5	164654.5	174133.0	182591.5	193354.5	207963.5	226742.0	250841.0	281079.5	326929.0	379823.5	432044.5	496217.0	570577.5	658119.5	756500.5	858561.0	964136.0	1076051.5	1215859.0	1432352.5	1639306.5	1743557.5	1749578.0	1710086.0	1690727.0	1697546.0	1733638.5	1773519.5	1798906.5	1813846.5	1824372.5	1832604.5	1854436.5	1864376.5	1768166.5	1614948.0	1492273.5	1376530.0	1266038.0	1164376.5	1068887.5	979778.5	898844.5	825143.0	755780.5	695851.0	642636.0	589651.0	539133.5	494356.0	454477.0	416581.5	381467.0	352327.5	326464.0	300578.5	278606.0	260000.0	247207.0	236895.0	224915.0	215165.5	208564.0	203551.0	199957.5	197157.0	195056.0	193768.0	191209.5	188599.5	187187.5	186464.5	185721.0	185865.0	186055.5	185175.0	184567.5	185417.5	186099.0	185822.5	185965.0	185538.5	185351.5	195357.5
MHW077_trimmed_clipped_R1_paired	8261.0	8313.5	8387.5	8460.5	8547.0	8622.5	8805.0	9097.0	9574.0	10051.5	10722.0	11499.5	12108.0	13478.5	15297.0	17144.0	19488.0	23569.5	28698.0	34461.5	42279.5	52843.0	67072.0	86010.5	110280.5	142473.5	181069.5	224211.5	276670.0	339179.5	410531.5	489828.0	575450.0	666455.0	762487.0	879973.0	1066558.5	1253430.0	1350989.5	1351059.5	1312541.0	1297832.0	1303807.5	1336907.0	1373291.0	1396315.0	1408509.0	1416867.0	1423721.0	1434541.0	1444416.0	1374647.0	1250252.0	1145617.5	1044709.5	949528.0	863581.0	783476.5	708262.5	639925.5	577204.5	517617.0	464846.5	416096.0	369058.5	327672.5	289376.5	254970.0	223807.0	195416.5	169590.5	145578.0	123864.0	105441.5	89852.0	76009.0	64499.0	54855.0	47008.0	40630.0	35297.5	31038.0	27684.5	24279.5	21450.0	20002.0	18852.0	18155.5	16897.0	15715.5	14947.0	14234.0	13828.0	13341.0	12947.5	12675.5	12572.0	12541.0	12514.5	12498.0	12509.0
MHW077_trimmed_clipped_R2_paired	106075.0	106183.5	106411.0	106635.0	106879.5	107262.0	107964.5	108905.0	110326.5	111486.5	112987.5	114595.0	115423.5	118104.5	121269.5	123570.0	126301.5	132783.5	140414.5	147179.0	156085.5	167842.0	182794.5	202112.5	226990.0	265165.0	309377.0	352906.0	405848.5	467885.5	540860.5	622205.0	708309.0	799154.5	895857.0	1015108.0	1201091.5	1385319.0	1480151.5	1480547.0	1444479.5	1431279.5	1438649.0	1470778.0	1506020.5	1528516.0	1541197.0	1551986.0	1562052.5	1582519.5	1590839.0	1506220.5	1372718.0	1263822.5	1163371.0	1069580.5	981062.5	900192.0	825171.0	756160.0	692498.0	633180.0	582131.0	535795.0	490930.0	448278.5	410303.5	376665.0	344799.5	316064.0	291840.5	269647.0	247829.0	228866.5	213467.0	203114.5	194360.0	184324.0	176231.0	170482.0	166131.0	163295.0	160888.0	159165.0	158308.0	156265.5	154094.0	152893.0	152363.5	151821.0	151845.0	151945.5	151321.0	151061.5	152060.5	152796.5	152668.0	152797.0	152461.5	152404.0	160621.0
MHW078_trimmed_clipped_R1_paired	8028.0	8096.0	8225.5	8324.5	8404.5	8505.5	8713.0	9047.0	9507.0	9979.0	10646.5	11335.0	11928.0	13253.0	14941.5	16707.0	19067.0	23278.5	28633.5	34629.5	42705.0	53557.5	67735.0	86730.0	111172.0	143320.0	181903.5	224918.5	275992.0	336574.5	408503.5	488649.0	572460.0	660519.5	754881.0	872134.0	1055998.5	1235925.5	1329164.0	1328812.0	1288996.0	1274573.0	1281608.5	1311583.0	1345283.0	1369351.0	1382387.0	1390165.5	1397672.5	1408506.0	1421247.5	1355141.5	1231694.0	1129597.5	1033598.0	943265.5	858346.5	781885.5	710800.5	644482.0	584694.5	528792.5	479158.5	433404.0	387797.5	346493.0	310563.5	277124.5	246210.0	218618.0	192432.0	167523.0	144670.0	125432.5	108950.0	93822.5	80541.0	69485.0	60383.0	52153.5	45529.5	40584.0	36344.0	31888.5	28354.5	26254.0	24318.0	23061.0	21396.0	19817.0	18685.5	17788.0	17217.5	16484.0	15746.0	15100.5	14820.5	14723.5	14650.0	14590.5	14596.5
MHW078_trimmed_clipped_R2_paired	149207.0	149279.0	149460.5	149685.0	149890.5	150215.0	150879.5	151802.5	153235.0	154417.0	156106.0	157922.0	158788.5	161501.0	164699.0	167113.5	170142.0	176812.0	184538.0	191486.5	200631.0	212628.0	227928.0	247823.5	272828.0	311307.5	355804.0	399510.0	452335.5	513533.5	586513.5	668922.5	754772.0	843988.0	937407.5	1052509.5	1233678.0	1412763.0	1506961.0	1508951.5	1471230.5	1457802.5	1463815.5	1492538.0	1525184.5	1546805.0	1562492.5	1571452.0	1578689.5	1598122.0	1597163.0	1503967.0	1370761.5	1264687.0	1164956.0	1071380.5	986144.0	907464.5	833442.0	765492.5	704222.5	646395.0	596084.0	552463.5	510411.5	469757.0	432221.0	399070.0	368037.0	340174.5	318052.5	297516.5	275780.5	257385.5	242371.0	232871.0	225672.0	216092.0	207987.0	203477.0	200193.0	198436.5	197377.5	197113.0	197539.5	195508.0	193434.0	192369.0	192147.5	191884.0	192293.5	192781.5	192422.5	192609.5	194692.5	196362.0	196478.5	197014.0	196704.0	196659.0	210286.0
MHW079_trimmed_clipped_R1_paired	8439.0	8578.0	8799.5	8893.5	8988.0	9152.5	9357.5	9657.0	10125.0	10636.5	11433.0	12351.0	13055.5	14591.5	16553.0	18742.5	21840.5	26608.0	32753.5	39921.5	49719.5	63106.0	80891.5	103911.5	133638.5	173326.5	219901.0	271993.0	334036.0	408183.0	497196.5	596566.0	701430.0	809811.5	924395.0	1066925.5	1288686.5	1498621.5	1598729.5	1597693.0	1551504.5	1528789.5	1534266.5	1569618.0	1608017.5	1631872.5	1642236.5	1648477.0	1650389.5	1650574.5	1651235.0	1579687.5	1449302.0	1331660.5	1219594.5	1112236.5	1011858.5	919375.0	832232.5	750443.5	675882.5	606882.5	546163.5	488332.5	431738.5	381425.5	336905.0	296458.5	258553.5	225078.0	194223.5	165372.0	139267.0	117446.5	98935.5	82753.5	69361.0	58414.5	49505.0	42187.0	36393.5	31844.0	28398.0	24997.0	22311.5	20973.5	19831.0	19185.0	18027.5	16883.0	16140.5	15445.5	14997.0	14471.0	14079.5	13823.5	13716.0	13678.0	13650.5	13639.5	13671.0
MHW079_trimmed_clipped_R2_paired	125510.0	125623.0	125872.5	126156.5	126472.5	126917.5	127753.5	128895.0	130636.5	132089.0	134078.5	136215.5	137237.0	140541.5	144478.0	147435.5	151030.5	159341.5	169013.0	177642.0	188722.0	203316.5	222106.5	246002.5	276160.0	322517.5	376497.0	429607.5	492579.0	567705.5	657518.0	757734.5	864927.5	974110.0	1088194.0	1230821.5	1451438.0	1659037.5	1758619.0	1761559.5	1718037.0	1695059.0	1701414.0	1737295.5	1775166.5	1799391.0	1811169.5	1817457.5	1820466.5	1827921.5	1829417.5	1748352.5	1614206.0	1497116.5	1384674.5	1276892.0	1177265.5	1085812.5	998243.0	915446.5	840692.5	771940.0	711718.5	655975.5	602714.5	553233.0	507659.0	467858.0	429960.5	395388.0	365397.0	338870.5	313624.0	291299.0	272398.5	262257.5	255026.0	243553.5	233949.0	227047.0	221893.0	218437.5	215705.5	215668.5	216502.0	214243.0	211879.5	210693.5	211887.5	212968.0	215102.5	217276.0	217760.5	219850.5	224401.0	227422.5	227308.0	227718.0	227229.5	227098.5	239060.5
MHW080_trimmed_clipped_R1_paired	10031.0	10167.5	10274.0	10248.0	10265.0	10361.5	10622.5	10974.0	11439.5	11845.5	12430.5	13189.5	13840.5	15202.5	16974.0	18815.0	21330.5	25518.5	30924.5	37579.5	46433.5	57587.0	72541.5	92787.5	118421.5	151692.5	191629.0	237396.0	291132.0	354212.0	429255.5	512441.0	600944.0	692968.0	789424.0	907503.5	1091657.0	1264949.0	1348366.5	1348957.5	1314021.5	1303437.0	1311882.0	1340806.5	1375597.0	1400348.5	1413386.5	1419340.0	1424481.5	1435791.5	1446971.0	1380896.5	1258939.0	1153950.5	1054963.5	963213.0	876358.0	796848.0	720596.0	649640.0	585678.0	525791.5	474153.5	424165.5	375401.5	332208.5	293398.0	258515.5	226463.0	198030.5	171044.0	146043.0	123706.0	104909.0	89241.0	74916.5	62360.5	52393.0	44645.5	38180.5	33278.0	29533.5	26443.5	23404.5	21102.0	20006.5	19141.0	18644.0	17636.0	16643.0	16028.5	15471.0	15063.0	14588.5	14250.5	14046.0	13988.5	13972.0	13965.5	14027.5	14140.0
MHW080_trimmed_clipped_R2_paired	179353.0	179458.5	179674.0	179872.0	180083.0	180415.5	181083.0	182114.0	183756.0	185118.0	186878.0	188782.5	189720.5	192517.5	195933.0	198406.5	201351.5	208352.0	216842.5	224373.5	234030.5	246743.5	263107.0	284191.5	310288.0	350293.0	396421.5	441324.0	495546.0	559412.5	635595.0	719619.0	807737.5	899824.5	995081.0	1112904.5	1295600.0	1467373.5	1551973.0	1554878.0	1522576.5	1510328.5	1519829.5	1550735.5	1583925.0	1608142.5	1620799.5	1628957.0	1636558.5	1652435.0	1642742.5	1546957.5	1419284.0	1316134.5	1219307.0	1124978.5	1037006.0	957182.5	882301.5	813065.0	750054.5	691313.5	639635.0	595124.0	552374.0	509243.0	470498.0	435833.5	403265.0	373658.5	349940.5	329070.0	306571.0	287337.0	271385.5	263933.0	258525.0	248181.5	239615.5	235040.0	232117.5	230792.0	230039.0	231325.0	233306.0	231209.0	228923.5	227724.5	229022.5	230261.5	232162.0	234195.0	234695.5	236529.5	240963.0	244272.0	244685.0	245729.0	245329.5	245145.5	263314.5
MHW081_trimmed_clipped_R1_paired	8462.0	8562.0	8769.0	8900.0	8930.5	8996.0	9211.0	9538.5	9950.5	10391.0	11106.5	11830.5	12367.0	13697.0	15460.5	17296.5	19870.0	24033.0	29406.0	35706.5	44328.5	55943.0	70861.0	91092.0	116624.5	149723.0	189992.5	234632.0	287624.0	349240.0	421855.0	504443.5	591528.0	681852.0	777289.5	897991.0	1089511.5	1266096.5	1340351.0	1335482.5	1303918.0	1291816.5	1300528.5	1333272.5	1368269.0	1390247.5	1402082.5	1409375.0	1412823.5	1416051.0	1417554.0	1355570.5	1243094.0	1142680.0	1047345.0	955797.5	869401.0	790517.5	715869.0	645462.5	580308.5	520180.5	468252.5	418324.5	369603.0	327014.0	289135.0	254092.5	221391.5	193022.0	166900.5	142439.5	120947.5	102296.0	86427.5	72558.0	60762.5	51153.0	43395.0	37096.0	32217.0	28136.5	24946.0	22055.5	19642.5	18428.5	17548.0	16962.0	15865.5	14881.0	14275.0	13695.0	13321.0	12875.5	12551.5	12321.0	12219.5	12179.0	12140.5	12096.5	12093.0
MHW081_trimmed_clipped_R2_paired	62852.0	62965.0	63197.5	63461.0	63782.5	64246.5	65140.5	66293.5	67735.5	68921.0	70699.0	72570.0	73358.5	76129.0	79591.0	82150.0	85202.0	91899.5	100019.0	107234.5	116081.5	128668.5	145415.0	166154.0	191972.0	231400.5	276848.0	321503.0	375137.0	437722.5	512053.0	595890.0	683318.5	774152.0	869522.0	989586.0	1180716.0	1357496.0	1431872.5	1427360.5	1396883.0	1385407.0	1394971.0	1428982.0	1464306.5	1486341.5	1498957.5	1506417.5	1511736.0	1522557.5	1533111.0	1470672.0	1355468.0	1253936.0	1156147.0	1063995.0	977471.5	898455.0	823508.0	752045.5	687212.5	627408.5	575274.0	526631.5	479156.5	436052.0	396666.0	361738.5	329336.0	299487.5	273479.0	249998.0	227172.0	207795.5	192496.5	180894.5	171159.5	161139.0	152916.0	146152.0	140497.5	136447.0	133216.5	131206.0	129860.0	128003.0	126185.0	125168.5	124793.0	124381.5	124901.0	125463.0	125180.5	125485.0	126993.5	127842.0	127408.5	127258.5	126838.0	126631.0	131722.0
MHW082_trimmed_clipped_R1_paired	9194.0	9270.5	9376.5	9446.0	9527.0	9650.5	9882.5	10236.5	10755.0	11270.5	11977.0	12760.5	13490.5	15014.0	16960.0	19128.5	22009.0	26569.0	32665.0	39929.0	49790.0	62912.0	79908.0	103163.0	132866.0	171048.5	216531.5	267853.0	329037.5	401412.5	485784.0	579262.0	678716.5	781358.0	887050.5	1016567.5	1210792.5	1392510.0	1481531.0	1485136.0	1451703.5	1434332.0	1438510.5	1467784.0	1500898.0	1521124.0	1528095.0	1530369.5	1528749.0	1527159.5	1521242.0	1450218.5	1332201.5	1227609.5	1126309.5	1025136.0	928634.5	839763.0	756455.0	680251.0	610712.5	546849.0	492549.0	440240.0	387811.5	342268.5	302813.0	265859.0	230994.5	200928.0	173600.5	147602.0	124240.5	104855.5	88806.0	74495.5	62086.5	52356.0	44644.0	38095.5	32942.0	28900.5	25597.5	22392.0	19863.0	18641.5	17656.5	17012.5	15966.5	15031.0	14406.5	13816.0	13444.5	13027.0	12672.0	12387.0	12255.0	12201.5	12140.0	12058.5	12023.0
MHW082_trimmed_clipped_R2_paired	66966.0	67055.5	67290.0	67595.5	67966.5	68484.0	69396.0	70652.0	72436.0	73823.5	75716.0	77762.0	78649.5	81870.5	85676.0	88407.0	91679.0	99201.5	108410.5	116925.5	127629.5	141662.0	160081.5	183828.0	213684.0	258119.5	309985.5	361905.0	423954.5	496194.5	582067.5	677538.5	777684.0	881229.5	988727.5	1118613.5	1312077.0	1494559.5	1585013.0	1589891.0	1556714.5	1541306.0	1550095.0	1581638.5	1610493.0	1628373.5	1637052.0	1640314.5	1639799.5	1646549.0	1654562.0	1587566.5	1466046.5	1359901.0	1257278.5	1155038.0	1057400.5	968450.0	885723.0	808849.5	738845.5	674378.0	619920.0	567552.0	515972.5	469889.5	428940.0	391539.0	356263.5	325352.0	296555.5	270644.0	247289.0	227200.0	210776.5	198820.0	189160.0	178640.0	170204.0	163049.0	157144.5	152967.5	149500.0	147624.5	146438.0	144429.0	142420.0	141301.0	141168.5	140979.5	141969.0	143052.5	142911.5	143606.0	145677.0	146877.0	146431.0	146243.0	145831.0	145602.0	150239.5
MHW083_trimmed_clipped_R1_paired	9488.0	9588.5	9733.5	9775.0	9800.0	9937.0	10235.0	10615.0	11157.0	11692.5	12333.0	13085.5	13813.0	15253.5	17050.5	19113.5	22042.5	26670.0	32691.5	40039.5	49875.5	62863.0	80253.5	103789.0	133334.5	171657.5	217813.0	269324.5	330809.5	403395.5	487300.0	580323.0	679520.0	783481.5	890158.0	1021170.5	1227791.5	1417952.0	1499473.5	1490857.0	1450931.5	1436337.5	1444186.0	1473452.5	1504853.5	1523760.5	1530509.0	1532450.5	1528901.0	1523748.0	1517444.0	1445701.5	1324309.5	1217324.0	1113345.5	1013902.0	923073.5	839085.0	757924.5	682964.5	615152.5	550897.0	494067.5	441638.0	391007.5	345702.0	304736.5	267713.0	234101.5	204114.0	176413.0	150603.5	127470.5	108333.5	92338.0	77880.0	65416.5	55228.0	47045.0	40385.0	34935.0	30625.0	27157.5	23736.5	21118.5	19722.0	18574.5	17850.5	16768.0	15762.0	15062.0	14452.0	14065.0	13593.0	13251.5	13014.0	12895.0	12834.5	12745.5	12668.0	12676.0
MHW083_trimmed_clipped_R2_paired	71193.0	71304.5	71565.0	71877.0	72181.0	72604.5	73555.0	74823.0	76477.0	77813.5	79775.5	81869.5	82810.5	85988.5	89780.5	92643.0	96035.0	103608.5	112729.5	121272.0	132075.0	146480.0	165467.0	189338.0	219832.5	264796.5	316210.5	367776.5	430304.0	503152.0	588359.5	684257.5	785044.0	887181.0	992949.0	1126120.0	1332945.5	1523208.5	1605856.5	1598396.5	1559144.5	1545619.0	1553319.5	1582553.0	1615269.0	1634013.0	1643487.5	1646476.0	1643187.0	1645696.5	1647114.5	1576516.5	1451083.5	1340632.5	1236648.5	1136773.5	1043674.0	958223.0	878219.0	802630.5	734230.5	671030.0	614103.5	562986.5	513398.5	467445.0	426138.0	389693.5	356121.5	324878.0	297810.5	272823.0	248599.5	228395.0	212038.5	200179.0	190418.5	179771.0	170996.5	163747.5	157804.5	153625.5	150075.0	148019.5	146665.0	144353.5	142154.5	140980.5	140588.5	140208.5	140781.5	141434.5	141345.5	141892.0	143595.0	144574.0	144047.0	143791.0	143355.5	143168.0	148338.0
MHW084_trimmed_clipped_R1_paired	9650.0	9822.5	10058.5	10179.5	10261.0	10336.0	10567.0	10932.0	11512.0	12086.0	12847.0	13738.0	14534.0	16156.5	18305.0	20645.0	23878.0	29410.0	36210.0	44147.5	55189.5	70199.5	89954.5	115829.0	148526.5	190746.0	240348.0	296627.0	363954.5	442013.5	531869.5	631597.5	738222.5	847709.0	959641.5	1097901.5	1312249.0	1513924.5	1608850.0	1604476.5	1559562.5	1538860.0	1542666.5	1572918.5	1606216.0	1625646.0	1632637.0	1633192.5	1630957.0	1629677.5	1627580.5	1553804.0	1423331.5	1307521.5	1195723.0	1087954.5	989760.0	899767.5	811867.5	730243.5	656886.5	589440.0	530462.0	474305.5	419077.5	370771.0	328067.5	288179.0	251437.0	219254.5	189519.5	162011.5	137163.5	116525.0	99228.5	83544.5	70338.5	59384.5	50739.5	43799.0	38020.5	33540.5	29893.0	26150.5	23214.5	21746.5	20670.0	19982.5	18801.0	17684.5	16881.5	16160.5	15731.0	15217.0	14853.5	14553.5	14401.5	14342.5	14279.0	14206.5	14192.5
MHW084_trimmed_clipped_R2_paired	106684.0	106798.5	107063.5	107406.0	107786.0	108353.0	109358.5	110662.5	112469.5	113914.0	115968.0	118165.0	119272.5	122791.5	126981.5	130202.5	134001.5	142393.5	152707.0	162282.5	174443.0	190709.5	211675.0	237950.0	270690.5	320580.5	377829.5	434464.0	502550.5	580220.0	671043.0	773239.5	880368.0	990185.0	1102655.0	1239330.0	1452525.5	1653871.0	1750300.5	1750364.0	1707475.5	1687025.0	1691310.0	1720527.5	1753873.0	1774388.5	1782240.0	1784553.5	1784789.5	1791398.0	1791902.5	1712324.0	1579821.0	1461874.0	1348569.0	1241318.5	1141965.0	1052490.0	966673.5	885251.5	811682.5	742747.0	682584.0	628866.5	576255.5	527911.0	484458.5	444931.5	407608.0	373783.0	344864.0	318401.5	293430.0	272204.5	254261.0	243438.0	235064.5	223795.5	214435.5	207356.0	201828.5	197789.5	194485.0	193601.0	193549.5	191091.5	188591.0	187243.0	187603.0	187925.0	189234.0	190641.0	190790.5	192007.0	195169.0	197308.0	197068.0	197203.0	196822.5	196749.0	207249.5
MHW085_trimmed_clipped_R1_paired	8122.0	8180.5	8293.0	8363.0	8433.0	8501.5	8691.5	9044.5	9514.0	9974.5	10640.0	11400.0	12092.0	13595.0	15364.5	17106.5	19545.0	23769.0	29067.5	34835.5	42957.0	54248.5	68743.5	87830.5	112217.0	145268.0	183934.5	226317.5	278149.0	338797.0	408772.5	488463.0	573859.0	661049.5	752917.0	870506.0	1061005.0	1244412.5	1328966.0	1323283.5	1284506.0	1266839.5	1270150.0	1298768.0	1332098.0	1356526.5	1371656.0	1379263.5	1383155.5	1391922.0	1403243.0	1337972.5	1215356.0	1111919.5	1016501.5	926649.0	841272.0	762652.0	689633.0	623104.0	560827.5	502870.0	453697.0	406617.0	361053.0	319853.5	283225.5	250875.0	220062.5	192311.5	166526.5	143394.0	122427.5	104298.5	89202.0	75526.0	63777.0	54386.5	46909.0	40697.0	35454.0	31336.5	28179.5	24745.0	21819.5	20362.0	19309.5	18600.0	17306.5	16118.5	15405.5	14747.5	14300.5	13757.0	13359.0	13072.5	12946.5	12900.5	12881.5	12861.5	12881.0
MHW085_trimmed_clipped_R2_paired	100590.0	100670.5	100826.0	101039.0	101334.5	101761.0	102520.5	103487.0	104894.5	106076.0	107704.0	109452.5	110322.0	112970.5	116071.0	118561.0	121417.5	127749.0	135526.0	142790.5	151768.0	163724.0	179303.0	199444.0	224934.0	263485.5	307640.5	350371.5	402549.5	463833.5	536937.0	617229.0	700609.5	788440.5	880938.0	998557.5	1188488.0	1370160.5	1454735.5	1452152.0	1414693.5	1396134.5	1397994.0	1424786.5	1459611.5	1484022.5	1497751.5	1507240.0	1515845.5	1535057.5	1543853.5	1463535.0	1333145.5	1227659.0	1130816.5	1039124.5	952989.0	874783.0	801793.0	734323.0	673423.0	616489.5	566530.5	521326.0	477694.0	436706.0	400281.0	367254.0	335874.0	308239.5	284396.5	262607.5	241262.5	223136.0	208091.0	197101.0	187974.0	178186.0	170245.0	164509.0	159984.5	156819.5	154458.5	152821.5	151748.5	149636.0	147576.5	146469.0	145587.0	144706.5	144692.5	144750.5	144119.0	143716.5	144676.0	145448.0	145324.0	145510.0	145194.5	145183.0	154271.0
MHW086_trimmed_clipped_R1_paired	8283.0	8384.0	8529.5	8590.0	8658.5	8806.0	9080.5	9422.5	9845.0	10276.0	10933.0	11656.5	12256.5	13648.5	15516.5	17556.0	20169.0	24426.0	30018.5	36453.5	45160.5	56923.5	72160.5	92508.0	118231.5	152018.5	192897.0	238752.0	293830.0	359407.5	435872.5	521409.0	612640.0	707767.5	807984.0	930683.0	1120504.5	1305558.5	1402926.5	1409892.5	1375948.0	1360020.5	1364400.5	1396252.5	1432713.5	1456243.0	1467301.0	1473134.5	1478512.0	1483274.0	1485978.5	1422596.0	1303773.5	1196777.5	1095390.5	999168.0	909451.0	826755.5	749524.5	677197.0	610225.5	548961.5	494575.5	442294.0	393149.5	349782.0	309575.5	273075.0	240208.5	210882.0	183862.0	158573.5	135444.5	115500.5	98476.5	83558.5	70790.5	60380.5	51964.5	44665.0	38850.5	34356.0	30705.0	26914.0	23828.0	22254.5	20978.0	20115.5	18885.5	17803.0	16990.5	16282.0	15888.0	15371.5	14885.0	14514.0	14363.5	14278.0	14183.5	14116.5	14112.0
MHW086_trimmed_clipped_R2_paired	149604.0	149694.0	149908.0	150180.5	150472.5	150906.5	151700.5	152787.0	154383.5	155653.0	157438.0	159315.0	160187.0	163117.5	166567.5	169159.5	172270.0	179509.5	188105.5	195549.5	204974.0	217852.5	234431.0	255358.5	281949.0	323219.0	370674.5	416142.5	471936.0	537834.0	614775.5	701858.0	794076.0	889094.5	989203.5	1111197.0	1299859.0	1483588.5	1580924.5	1588786.5	1555785.5	1542171.0	1547745.5	1578517.5	1614017.0	1637729.5	1649619.0	1657250.0	1665272.5	1678209.0	1671591.0	1585605.0	1459690.0	1350777.0	1247327.5	1149878.0	1058940.0	976625.0	900227.0	828104.0	761883.5	700197.5	646844.0	599332.5	553317.0	509732.0	468684.0	431897.5	398984.0	368793.5	344259.5	322433.0	299224.0	279696.0	263472.5	254759.5	248533.5	237808.0	229083.0	223674.0	219264.5	216731.5	214956.0	215123.0	216101.5	213826.5	211479.0	210202.0	210889.5	211574.5	213367.5	215286.5	215839.5	217640.5	221894.5	225053.5	225261.0	225925.5	225611.0	225687.0	242370.5
MHW087_trimmed_clipped_R1_paired	9304.0	9433.0	9659.0	9812.0	9914.0	10036.5	10334.5	10733.5	11256.0	11841.5	12678.5	13686.5	14612.0	16357.0	18716.0	21301.5	24587.0	30065.5	37369.5	46053.5	57688.0	73447.5	93948.5	120669.0	154263.0	198403.0	251451.0	310695.5	380058.5	464055.5	562903.5	669124.0	781042.0	897007.5	1019956.0	1169974.0	1404727.0	1627641.5	1729048.0	1724904.5	1678111.5	1652966.0	1653447.0	1691324.5	1730102.0	1751526.5	1761972.0	1761757.5	1758231.0	1755533.5	1752380.5	1673323.0	1533680.5	1410104.5	1291785.5	1176352.0	1068880.5	970598.5	877153.0	790008.0	710851.0	637816.5	574406.0	513553.0	452835.5	400492.0	354986.0	312902.5	273602.0	238294.5	205886.5	176519.5	149456.5	126754.0	107811.5	90719.0	76101.5	64215.0	54628.0	46938.5	40858.0	35897.5	31999.0	28141.5	25127.0	23623.5	22428.5	21675.0	20236.5	18897.5	18095.0	17394.5	16972.5	16428.5	15960.0	15592.5	15424.0	15361.5	15331.5	15308.5	15345.0
MHW087_trimmed_clipped_R2_paired	134552.0	134675.0	134976.0	135326.5	135722.5	136232.5	137289.5	138737.0	140717.5	142380.0	144645.5	147098.0	148346.0	152063.5	156528.5	159944.0	163814.0	173006.5	183992.0	193985.0	207014.5	224065.0	245556.0	273326.5	307939.5	360086.0	421511.0	480684.5	551783.5	635799.0	733992.0	843184.5	956489.0	1072729.0	1193642.5	1343189.0	1577538.5	1798943.0	1901012.0	1898050.0	1853525.5	1830943.5	1833505.5	1868309.5	1907695.0	1929517.5	1940192.0	1943426.5	1942704.5	1947087.5	1937860.0	1846586.5	1704681.0	1578988.5	1459469.0	1344758.0	1236535.5	1138486.0	1044130.5	956712.0	878179.5	804328.0	741431.5	683702.5	626572.0	574138.0	527588.5	485419.0	445383.5	409726.5	378790.0	350908.5	323401.5	299828.5	280731.5	268209.5	258393.0	246047.0	236087.5	229109.0	223645.0	220001.0	216957.5	215745.5	215521.0	212982.0	210395.5	209077.0	209418.5	209660.5	211017.0	212428.0	212795.5	214468.5	218240.0	220872.5	220846.0	221296.5	220848.5	220698.0	234919.5
MHW088_trimmed_clipped_R1_paired	10053.0	10180.0	10370.5	10496.5	10595.0	10711.5	11007.5	11396.0	11894.0	12458.0	13230.5	14102.0	14901.0	16433.0	18408.0	20818.0	24189.5	29597.5	36541.0	44648.0	55241.5	69577.5	88524.0	113001.5	144709.0	185808.0	234723.5	289859.5	354419.0	430469.5	520385.5	619699.0	723972.5	831217.5	942020.0	1075131.0	1279032.5	1477370.0	1576192.5	1575161.0	1530418.5	1506097.5	1503176.5	1527824.0	1558987.0	1576863.5	1580318.5	1577394.0	1570669.0	1559785.0	1548654.0	1477734.0	1356881.0	1245987.0	1139267.0	1037617.5	941821.5	854048.5	772021.5	695747.5	624679.5	558939.0	501938.0	447827.5	395065.0	348768.5	307169.0	269104.0	235349.5	205293.5	177309.0	151133.5	127472.5	108199.0	92022.0	77561.5	65242.0	55236.5	47643.5	41235.0	36060.5	32196.0	29113.0	26093.5	23680.0	22549.5	21752.5	21228.0	20090.5	18995.0	18286.0	17684.5	17340.0	16907.0	16590.0	16339.5	16210.0	16159.5	16117.0	16117.5	16165.0
MHW088_trimmed_clipped_R2_paired	110205.0	110326.5	110625.5	111010.0	111453.5	112036.5	113042.0	114334.0	116160.5	117645.0	119739.0	121991.0	123038.0	126442.0	130532.5	133681.5	137452.5	145975.0	156421.5	165894.5	177626.5	193139.5	213259.0	238675.0	270649.0	319476.0	375635.0	429987.5	495531.5	572105.5	662878.0	764192.5	868980.0	976229.5	1087335.5	1221448.0	1424821.0	1618326.5	1716906.5	1719250.5	1675875.0	1651254.0	1651498.5	1679038.0	1709343.5	1727238.5	1731158.0	1728207.0	1720412.5	1716626.0	1714234.0	1643356.5	1522032.0	1412882.5	1304676.0	1201920.5	1107472.0	1020396.5	937653.5	860198.0	789691.5	724776.0	668916.0	617008.5	565525.5	519085.0	477204.0	439376.0	404702.0	373691.0	347425.0	323023.5	299010.5	278808.5	262413.0	256014.0	251790.5	241453.5	233123.0	226890.0	221979.0	218713.0	216123.5	217755.5	220199.5	218103.0	215860.5	214780.0	217074.5	219300.0	222831.0	226382.0	227894.0	231643.0	237729.0	241730.5	241764.0	242262.0	241937.5	241821.0	255470.5
MHW089_trimmed_clipped_R1_paired	8980.0	9157.0	9433.5	9591.5	9706.5	9855.0	10148.5	10580.0	11152.0	11786.0	12643.0	13499.5	14227.0	15853.0	18018.0	20452.5	23753.0	29046.0	35948.0	44358.0	55611.0	70307.5	89226.0	114499.0	146410.5	187008.0	236182.5	291274.0	355523.0	430860.0	517891.0	613884.0	715402.0	818564.5	925538.0	1057308.5	1265695.0	1459249.0	1539825.0	1530391.0	1489235.5	1467134.5	1464602.5	1490032.5	1519506.0	1533776.0	1534813.5	1529338.5	1519013.0	1505960.0	1489954.5	1416301.5	1297418.5	1188253.0	1083190.5	983345.0	889168.0	803265.0	722178.5	647150.5	579872.5	516928.5	461279.5	409425.0	360275.5	316516.0	277890.0	243380.5	211745.5	184467.5	159539.5	135621.5	114146.0	96572.0	81718.5	68652.5	57765.0	49011.5	42185.0	36733.5	32124.0	28581.0	25877.5	23048.5	20794.5	19715.5	18902.5	18420.0	17405.5	16431.5	15868.5	15331.0	14976.0	14554.5	14259.0	14069.0	13993.0	13963.5	13905.5	13841.5	13837.5
MHW089_trimmed_clipped_R2_paired	58316.0	58429.5	58691.0	59069.0	59498.5	60124.0	61254.5	62698.5	64542.0	66036.0	68117.5	70292.0	71425.0	74948.0	79157.5	82590.5	86651.0	95011.5	104816.0	114453.0	126733.0	142246.5	162339.0	188246.5	220093.0	267834.0	323631.0	378323.0	444135.5	520153.5	609015.5	706364.5	807979.0	913169.5	1020725.5	1152556.0	1360637.5	1552446.0	1633165.0	1627542.0	1589604.0	1568694.5	1567669.0	1593518.5	1622352.0	1635393.0	1635483.5	1631289.5	1622564.0	1613831.0	1610918.0	1545816.0	1425104.0	1313763.0	1208050.0	1107443.5	1012147.5	926174.0	845755.0	769904.5	702223.0	640512.0	586051.5	534788.5	485088.5	440247.0	401161.0	367321.0	335200.0	306092.0	280297.0	256952.5	235366.5	217016.0	202141.5	193504.5	186986.0	177899.5	170319.0	163852.5	158712.5	155092.0	151902.5	151801.0	152403.0	150628.0	148847.0	147826.0	149085.5	150301.0	152474.0	154683.0	155694.0	158396.5	162416.5	164736.5	164335.5	164196.0	163874.5	163734.0	168573.5
MHW090_trimmed_clipped_R1_paired	7944.0	8010.5	8109.5	8173.5	8259.0	8386.0	8654.0	9060.0	9605.0	10102.0	10799.5	11577.0	12182.5	13624.0	15558.0	17570.5	20325.5	25032.0	31045.0	38237.0	48136.0	61360.5	78895.5	101968.5	130969.5	168380.5	212936.5	263806.5	323942.5	393824.0	476224.5	567951.5	662021.0	758208.5	857260.0	976225.5	1160265.5	1332636.5	1406409.0	1398876.0	1360807.0	1336346.0	1332707.5	1355463.0	1379120.5	1387856.5	1386885.0	1379482.5	1366725.0	1350757.5	1332616.0	1267153.5	1162864.0	1066471.0	973006.5	882946.5	799306.5	722774.5	649573.0	583991.0	524643.0	467195.5	417215.5	370829.0	325830.5	286768.0	252212.5	220669.0	192421.0	167580.5	144481.0	123127.0	103836.5	87825.5	74642.5	62749.0	52881.5	45214.0	38838.0	33569.0	29448.5	26204.0	23522.5	20700.5	18446.5	17378.0	16582.0	16052.0	15115.0	14234.5	13660.5	13148.5	12841.0	12472.0	12177.0	11932.5	11816.0	11774.0	11700.0	11619.0	11603.0
MHW090_trimmed_clipped_R2_paired	51907.0	51981.0	52192.5	52483.0	52824.5	53359.0	54357.0	55538.0	57155.5	58517.0	60250.0	62175.0	63249.0	66406.5	70015.0	72668.5	76051.5	83582.5	92405.5	100561.0	111143.5	125373.5	143516.5	166946.5	196532.0	240325.5	291436.0	342002.0	403156.5	473713.5	556264.5	648745.0	744417.5	840161.5	938812.5	1059687.0	1245591.5	1416622.0	1491835.0	1489843.5	1454635.0	1431014.5	1427749.0	1451296.0	1475924.0	1485440.5	1482741.0	1474912.5	1464793.5	1453968.0	1447151.0	1390288.0	1284987.0	1185721.5	1090272.5	1001251.0	918308.5	841238.0	768357.0	700420.5	638977.5	581920.0	532471.5	486224.5	441522.0	402416.5	367048.0	334597.5	305362.5	279357.0	256175.5	234695.5	214351.0	198050.5	184752.0	176049.5	169210.0	160858.5	154140.0	148211.5	143245.5	139658.5	136577.0	135775.0	135562.0	133799.5	132103.5	131161.0	131595.0	132020.5	133522.0	135050.0	135480.5	137041.0	139913.5	141678.5	141269.5	141039.0	140712.0	140533.5	144247.0
MHW091_trimmed_clipped_R1_paired	7297.0	7417.5	7656.0	7794.5	7885.5	8070.0	8353.0	8730.5	9230.5	9703.5	10481.0	11397.0	12095.0	13489.0	15207.5	17154.0	19952.5	24326.5	29686.5	35778.5	43924.5	54612.5	68330.0	86159.5	108647.0	137818.5	171594.5	208945.0	253185.5	304331.5	363523.5	428441.0	496551.0	570303.5	658145.5	796878.5	1050371.5	1264048.5	1308547.5	1264636.0	1202844.0	1172623.0	1178793.0	1219298.5	1272314.5	1313360.5	1345552.0	1379571.0	1409159.0	1436564.0	1456888.0	1388989.0	1260393.5	1153990.0	1055658.0	963474.5	879386.5	802509.0	727399.5	657725.0	593961.5	533949.5	482182.5	432250.5	382673.0	338505.5	299195.0	263649.0	231272.5	202283.0	175408.5	150333.0	127303.5	107766.5	91154.5	76658.0	63985.5	53179.5	44608.5	37442.0	31512.0	26955.5	23276.5	19698.5	16806.5	15245.5	14067.0	13199.5	12093.0	11114.5	10487.5	9943.5	9573.0	9156.0	8863.5	8655.0	8558.0	8509.5	8402.5	8277.0	8244.0
MHW091_trimmed_clipped_R2_paired	26804.0	26956.5	27262.5	27593.5	27956.5	28420.0	29324.5	30484.0	31837.0	32993.0	34620.5	36359.5	37320.0	40018.0	43196.5	45780.0	48826.0	54845.5	62464.0	69955.0	79064.5	90686.5	105331.0	123572.0	145950.0	178916.5	217545.0	255439.0	300234.0	352791.0	413326.5	479126.5	548526.0	622957.0	709846.0	847586.5	1102284.5	1315299.0	1357885.0	1316910.5	1257652.0	1226021.0	1230039.5	1270419.5	1324333.5	1365102.0	1396812.0	1429558.5	1462239.5	1501074.5	1532841.5	1462194.0	1324385.5	1214654.5	1115258.0	1021206.5	935496.5	860043.0	783154.5	710872.0	649213.5	591225.5	537752.5	486866.5	439096.0	395073.0	355025.5	319871.0	287789.0	258701.0	231612.5	206053.5	182281.0	162399.5	146033.5	130850.0	116935.5	106052.5	97640.5	89542.5	82778.0	77388.0	72906.5	68339.5	64354.0	62183.5	60360.5	59283.5	57340.0	55437.5	54459.5	53615.0	52618.0	51452.0	50956.5	50535.5	50054.5	49640.0	49209.5	48878.0	48815.0
MHW092_trimmed_clipped_R1_paired	8775.0	8949.0	9235.0	9401.5	9515.5	9692.0	10056.5	10537.5	11069.5	11578.0	12302.5	13178.0	14047.5	15589.5	17439.5	19691.5	22735.5	27118.0	32751.0	39473.0	47816.0	58916.0	73026.0	90792.0	113308.0	141956.0	174559.5	209975.0	252744.5	302141.0	358203.0	419084.5	482495.0	552767.0	640625.0	790357.5	1092138.5	1338337.5	1357245.0	1283540.0	1203195.5	1157491.0	1157249.5	1204563.0	1265226.5	1314701.5	1360896.0	1408708.5	1457302.5	1512078.0	1565704.5	1488905.5	1324879.5	1202534.0	1092353.5	993928.0	905707.5	825536.5	746578.0	673556.0	608446.5	547538.5	494333.5	442767.5	392681.5	348523.0	308871.5	272372.0	239215.0	209077.0	181234.0	155827.5	131785.5	111606.0	94692.5	79935.0	66566.0	54969.5	46271.0	38766.5	32703.5	28145.5	24406.5	20830.0	18004.5	16486.0	15359.0	14637.5	13612.0	12668.5	12057.0	11507.0	11164.5	10785.0	10488.5	10263.0	10159.0	10121.5	10017.0	9881.0	9841.5
MHW092_trimmed_clipped_R2_paired	27085.0	27283.0	27665.0	28059.0	28482.5	29020.5	29959.5	31183.5	32604.0	33693.5	35349.5	37170.5	38194.0	40918.0	44202.0	46971.5	50230.0	56667.5	64569.5	71769.0	80696.0	92752.5	107911.0	126283.0	148442.5	181408.5	219481.5	256040.0	299145.5	348404.5	404933.5	467664.5	533383.0	603068.0	689113.0	840401.5	1143284.5	1388972.0	1408350.5	1334264.5	1254416.5	1208860.5	1208419.5	1251784.0	1310517.0	1362348.5	1407800.0	1456706.5	1509593.0	1578469.0	1649708.0	1568228.5	1388848.5	1262119.5	1152089.5	1052328.0	961801.5	881318.5	802582.0	728309.0	663653.0	603151.5	549805.5	498472.5	447979.5	404569.5	364846.5	328471.0	295038.0	264501.5	236588.5	210290.0	186079.0	165976.5	149027.0	132884.5	118627.5	107159.5	97800.5	89379.0	82626.5	77506.5	73101.5	68476.0	64669.5	62703.5	61020.5	60003.5	58102.0	56225.5	55274.5	54428.5	53397.5	52251.5	51784.0	51380.5	50867.0	50380.5	49939.0	49655.5	49620.5
MHW093_trimmed_clipped_R1_paired	9934.0	10270.5	10707.0	10922.0	11065.0	11285.0	11759.0	12373.0	13027.0	13587.5	14370.5	15295.5	16084.0	17635.5	19698.5	21961.5	25119.5	29981.5	35786.5	42460.0	50860.0	61570.5	75725.0	93290.5	114223.0	141635.5	172453.0	204796.5	242731.0	285716.5	335742.0	390991.5	449953.5	517230.5	610764.5	800107.0	1220353.5	1550608.5	1537349.5	1408465.5	1280749.5	1197459.5	1187736.0	1253205.5	1345740.5	1434365.0	1524873.5	1622648.0	1728879.0	1848720.5	1970336.5	1879729.5	1643066.0	1486232.0	1353856.5	1232932.0	1127124.0	1032583.0	938851.0	852563.0	774502.0	702774.0	641040.5	576344.5	511891.5	456114.5	405250.0	358640.0	315503.0	277272.5	240991.0	206118.5	174424.5	148042.0	125597.0	105151.0	86919.0	71399.0	59387.5	49445.5	41415.0	34752.0	29452.0	24781.0	21150.0	19162.0	17821.5	16976.0	15606.5	14379.0	13563.5	12859.0	12456.5	12004.5	11637.0	11359.0	11234.0	11183.5	11043.0	10883.0	10849.0
MHW093_trimmed_clipped_R2_paired	32881.0	33249.5	33841.5	34311.0	34785.5	35404.5	36573.5	38006.5	39568.5	40847.0	42792.5	44816.0	45857.0	48828.5	52237.0	55017.0	58585.0	66059.5	74516.5	81923.5	91248.0	103345.0	118037.0	135851.5	157302.0	189593.5	226133.5	258756.5	296764.0	341090.5	392212.5	449185.5	509851.5	576657.0	668643.5	855205.5	1280290.5	1610063.5	1591907.5	1467972.0	1340985.5	1255384.5	1245179.0	1307382.5	1397800.0	1484614.5	1572216.5	1671284.0	1782488.5	1925561.0	2079066.5	1981357.0	1724320.0	1562595.0	1426717.0	1304809.0	1196292.5	1101743.0	1007501.0	919590.0	844072.0	772839.5	708418.5	643735.5	580081.5	523874.0	473176.0	426953.0	383567.5	344008.0	307337.0	272612.0	240348.5	213471.5	190537.5	168519.0	149178.0	133560.5	121123.0	110046.0	100821.0	93668.0	87635.5	81564.0	76499.0	73846.5	71584.5	70303.0	67886.0	65451.0	64105.0	62896.0	61681.5	60274.0	59608.0	59036.5	58398.0	57875.5	57382.5	57029.0	56965.0
MHW094_trimmed_clipped_R1_paired	9728.0	10098.0	10642.5	10855.5	10947.5	11160.5	11590.0	12106.5	12726.5	13380.0	14137.0	14884.0	15573.5	16961.0	18783.5	20809.5	23628.5	28062.0	33411.5	39469.5	47331.0	57584.5	70337.5	86482.5	106539.0	132915.5	163939.5	196720.0	235189.5	281412.0	335638.0	395093.5	457812.0	528755.0	627682.5	831870.0	1304490.5	1677610.5	1660029.0	1504232.5	1351873.0	1267562.5	1264605.0	1334407.5	1432249.5	1527139.5	1619425.0	1719344.0	1831188.0	1962368.0	2097358.0	1997771.5	1743540.5	1578275.5	1436227.0	1305970.5	1190870.5	1091487.0	992572.0	900595.0	821195.5	746224.5	678486.0	610767.5	543543.5	483426.0	431111.0	384020.0	339011.0	297679.5	259709.5	223829.5	189597.5	160953.5	136717.0	115396.5	96031.5	78592.0	65501.0	54538.5	45485.5	38278.0	32472.5	27041.5	22791.0	20398.0	18575.5	17348.5	15880.0	14578.5	13721.0	12985.0	12561.5	12142.0	11766.5	11462.0	11322.5	11273.5	11123.0	10916.0	10845.5
MHW094_trimmed_clipped_R2_paired	34253.0	34595.0	35231.0	35825.5	36389.5	36957.0	38000.0	39356.0	41000.5	42458.5	44362.5	46299.0	47226.5	50108.0	53549.0	56128.5	59371.5	66671.5	75245.5	82714.0	91199.0	102097.0	116369.0	133477.5	153876.0	186031.5	222715.5	255533.0	294827.0	341009.0	395699.5	457244.5	522160.5	594103.5	691167.5	894729.0	1370161.5	1744143.5	1725196.5	1571175.5	1419860.0	1334854.0	1330764.5	1396606.0	1490894.5	1583691.5	1677614.5	1778747.5	1893053.0	2047221.5	2218498.5	2117477.5	1839015.0	1663789.0	1516342.5	1382648.5	1266013.0	1167303.0	1067497.5	974639.0	894998.0	820197.5	753865.0	685558.5	617901.0	558437.0	505285.0	457495.5	412328.5	370481.5	331008.0	294622.0	260890.5	232049.0	208200.5	185674.0	164732.5	147371.0	133984.5	121613.0	111421.5	103812.5	97061.5	90069.5	84325.5	81239.5	78660.5	77142.5	74392.0	71751.5	70400.0	69164.0	67667.5	65994.5	65276.5	64666.0	63940.5	63388.0	62892.5	62482.5	62422.5
MHW095_trimmed_clipped_R1_paired	10238.0	10489.5	10913.0	11211.0	11456.5	11670.0	12018.0	12497.5	13023.5	13556.0	14342.5	15263.5	16032.0	17581.5	19565.5	21653.5	24490.0	29317.5	35102.5	41496.5	50176.0	61489.5	75850.5	94363.5	116995.0	146422.5	181099.0	219071.5	264258.5	316820.0	377811.0	445662.5	519113.0	601916.5	710658.0	917086.0	1343492.5	1679336.0	1688814.0	1576992.5	1459447.5	1389600.5	1384498.5	1445854.5	1531233.5	1605606.5	1673138.0	1739755.0	1807208.5	1882304.5	1949126.5	1860539.0	1667845.0	1523300.5	1392108.0	1269360.5	1157608.5	1057315.5	959177.0	865343.0	783928.0	708861.5	641152.0	575087.5	511116.0	454815.5	403041.0	356065.5	312984.5	273703.5	236938.0	202834.5	172235.0	146301.5	124234.0	104732.5	87154.0	71773.5	59866.0	50080.5	42130.0	35759.0	30675.0	25887.5	22134.5	20061.5	18373.5	17288.5	15921.0	14693.0	13882.5	13219.5	12815.5	12349.5	12003.0	11751.5	11637.0	11578.5	11440.0	11286.0	11239.0
MHW095_trimmed_clipped_R2_paired	33590.0	33920.5	34604.5	35229.0	35710.0	36301.0	37503.5	39020.5	40664.5	41941.5	43895.5	46013.0	47161.5	50192.5	53918.0	56754.5	60024.0	67484.0	76158.0	83537.5	92959.5	105484.0	120924.0	139648.5	162845.0	198187.5	238238.5	276255.0	322290.5	375364.0	437817.0	507644.5	581719.5	663914.0	771967.0	977868.5	1407126.0	1745695.5	1752320.5	1641658.0	1525743.0	1453320.0	1447997.5	1507517.5	1588607.5	1661135.5	1729993.0	1799839.0	1871675.5	1962494.0	2051364.5	1958727.5	1750338.5	1599648.0	1467072.5	1344503.0	1230615.0	1129671.5	1029477.0	937235.0	857241.0	780344.5	713251.5	647949.0	583101.0	525414.0	473422.0	427368.5	384054.0	343507.5	306427.0	272073.5	240744.0	214331.0	192780.0	172399.0	153915.0	138572.5	126396.5	115381.5	106082.0	99136.5	93115.0	86912.0	81691.0	78902.5	76493.5	74967.5	72495.0	70120.0	68730.0	67529.0	66327.0	64860.0	64157.5	63583.0	62939.5	62400.5	61851.0	61480.5	61407.5
MHW096_trimmed_clipped_R1_paired	10882.0	11096.0	11393.5	11583.5	11795.0	12048.0	12577.5	13269.0	14023.0	14783.5	15873.0	17189.5	18420.5	20545.0	23372.0	26675.5	30875.5	37339.5	45857.0	55905.0	68747.0	85299.5	106764.0	134105.5	167469.5	210591.0	261540.5	317393.0	382697.5	458184.5	543283.0	635714.0	733933.5	841446.5	971150.0	1179848.5	1581939.5	1911594.5	1951906.0	1872386.5	1783982.5	1735350.5	1738471.5	1798463.0	1876824.5	1940753.0	1993160.5	2046115.0	2094500.0	2144889.0	2186332.5	2084885.0	1883503.5	1723536.0	1578465.0	1439115.0	1309837.0	1193139.5	1081058.0	976093.5	882906.5	794515.5	717605.5	641983.5	567909.5	505072.5	448286.5	396027.0	347093.0	303606.5	263693.5	225817.0	191127.5	162177.0	137919.5	117004.5	97820.5	80834.0	68205.0	57703.5	48870.0	42000.0	36389.0	30845.0	26453.0	23999.5	22135.5	20849.5	19030.0	17420.0	16432.5	15587.0	15015.5	14413.5	14007.5	13694.0	13546.5	13476.5	13310.5	13108.0	13034.0
MHW096_trimmed_clipped_R2_paired	37329.0	37557.0	38046.5	38545.5	39061.5	39753.0	41112.5	42817.5	44693.5	46213.0	48591.0	51274.0	52786.5	56698.0	61509.5	65455.0	70298.5	79949.5	91355.5	102530.0	116266.0	133922.5	156834.0	185001.5	219367.5	268667.0	325699.0	381826.0	448023.0	523777.0	610172.5	706073.5	804747.0	911467.5	1041661.5	1250987.0	1652880.0	1980126.0	2019717.0	1944193.0	1857383.5	1806803.5	1808867.0	1868397.0	1946579.0	2010496.0	2064407.0	2118048.0	2170376.0	2236186.5	2298848.0	2197140.0	1983387.5	1818511.0	1668569.0	1526039.5	1395279.0	1277196.0	1163738.5	1059389.5	966017.0	877484.0	800625.5	725674.5	652913.0	589211.5	532107.5	480031.0	431246.5	387160.0	345646.5	307605.0	273106.5	243957.5	219839.0	198129.5	177908.0	160743.0	147970.0	135968.0	125578.0	117728.5	110970.0	104114.5	98449.5	95264.5	92491.0	90781.5	87977.5	85182.0	83747.5	82552.5	81184.5	79657.5	79159.0	78691.0	77904.5	77293.5	76744.5	76392.0	76365.5
MHW097_trimmed_clipped_R1_paired	8138.0	8401.5	8735.5	8844.5	8869.0	8895.5	9086.5	9329.0	9604.5	9830.0	10240.5	10685.5	10871.0	11601.0	12591.0	13501.5	14688.5	17047.0	19869.5	22564.0	26041.0	30283.0	35924.0	42960.0	51696.0	64624.0	79057.5	93816.5	111734.5	133606.0	160719.0	192139.0	228935.0	273621.5	344547.0	505591.5	879630.0	1159222.5	1147126.5	1062631.0	945119.0	843694.0	828099.0	893465.0	992192.5	1102213.0	1225159.0	1371084.5	1548152.5	1781936.5	2117808.0	2041233.0	1657444.5	1472567.0	1332950.0	1219148.5	1121087.5	1036135.0	954909.5	878496.5	809992.0	745949.0	689245.0	629438.0	567556.5	513014.0	463467.5	416160.0	372733.5	332166.5	293057.0	255398.5	219376.0	189195.5	163368.5	139998.5	117060.0	95888.0	80374.0	67409.0	56628.0	48027.5	40924.0	34478.0	29643.5	26705.0	24332.0	22844.0	20973.0	19341.0	18115.5	17010.5	16320.0	15523.5	14846.0	14387.0	14172.5	14064.0	14022.5	14083.0	14214.0
MHW097_trimmed_clipped_R2_paired	101380.0	101732.0	102230.5	102522.5	102764.0	103052.5	103749.0	104734.5	106062.5	107087.0	108253.5	109447.5	109873.0	111733.5	114027.0	115545.0	117054.0	122105.5	127874.5	131589.0	135873.5	141506.5	148261.5	155723.0	165260.0	185738.0	207284.0	222073.0	240846.5	263020.0	291695.0	325415.5	362219.5	405930.0	473650.0	632559.0	1012561.0	1292162.5	1278272.5	1196728.0	1079554.0	977716.0	959890.0	1022219.5	1116536.5	1221963.5	1341775.5	1483876.0	1663500.5	1929358.0	2310695.0	2215673.0	1789153.0	1599379.5	1458359.0	1339474.0	1237514.5	1153491.5	1072641.0	994338.0	926344.0	861197.0	803008.5	746835.5	688069.5	632018.0	582167.5	537372.5	493862.0	451752.5	413574.0	377653.0	342152.5	311875.5	286141.0	265328.0	245421.0	224880.0	209474.5	198011.5	188673.0	181687.0	176051.5	172444.0	170200.5	166942.0	164094.0	162383.0	162489.0	162699.5	163219.0	163873.0	163878.0	165145.5	169125.5	171942.5	171828.0	172060.5	171932.5	172224.5	184593.5
MHW098_trimmed_clipped_R1_paired	8898.0	9216.0	9606.0	9761.5	9851.5	9852.5	10033.0	10344.5	10673.0	10937.0	11285.5	11738.0	12138.5	13059.5	14334.5	15746.5	17496.0	20315.5	23853.0	27688.5	32536.5	38681.0	46305.5	56099.5	68027.0	84744.0	103635.0	122583.0	146236.5	174069.5	206327.5	243057.0	283941.5	331905.0	399467.0	532556.0	813821.5	1020067.0	1022779.5	968042.5	902001.5	866912.0	877513.0	935451.5	1014391.0	1093039.5	1173448.0	1259159.5	1353591.5	1464223.5	1582110.5	1540825.0	1380785.0	1266779.5	1164994.5	1074107.5	991392.5	915783.0	839287.0	764270.0	697367.5	634856.0	577911.0	522052.5	466407.0	416150.5	370254.5	328476.5	290684.0	255859.0	223395.5	192357.5	163876.0	139910.0	119168.0	101185.0	85379.0	71509.5	60222.5	50735.5	42983.0	36868.5	31916.0	27548.0	24233.0	22354.0	20920.0	19930.5	18521.5	17256.5	16489.0	15838.0	15430.5	14937.5	14540.5	14212.5	14062.0	14062.0	14095.5	14193.0	14353.5
MHW098_trimmed_clipped_R2_paired	136544.0	136980.0	137551.5	137798.5	138014.5	138342.5	139167.0	140245.0	141661.5	142761.0	143994.0	145387.0	146075.5	148174.5	150602.5	152500.5	154607.5	160117.5	166510.5	171488.5	177324.0	184474.0	193113.0	203534.0	216224.5	239777.5	265470.5	284619.0	308573.5	336696.5	370214.0	408116.0	449090.5	496276.5	561416.0	692020.5	973302.0	1178753.5	1181559.0	1131337.0	1067241.5	1030939.5	1041473.5	1097411.5	1173236.0	1251149.5	1328929.5	1414027.0	1511423.0	1637540.5	1755450.5	1689173.5	1517901.5	1403913.0	1301074.0	1207988.0	1124428.5	1048340.5	971913.5	898144.0	832666.5	770088.5	713793.0	662840.5	611814.0	561773.5	516339.0	475453.0	436198.5	399435.5	369734.5	342748.5	313979.5	288994.5	268898.5	255328.0	243018.0	228547.5	216892.5	209180.0	203258.0	199082.0	195943.5	195313.0	195686.0	192887.5	190246.5	188738.5	190675.5	192667.0	194985.5	197440.5	199050.0	202935.0	210913.5	216767.5	217021.0	217589.0	217246.5	217470.0	232992.5
MHW099_trimmed_clipped_R1_paired	7950.0	8149.0	8426.5	8569.5	8629.0	8632.0	8788.0	9086.5	9427.5	9708.0	10146.0	10670.0	11117.0	12074.0	13309.0	14639.0	16285.5	19008.0	22385.5	26103.5	31171.0	37837.0	46045.5	56618.5	69911.5	88249.0	110187.0	133936.5	162803.0	197319.0	237842.0	284979.5	338367.5	398665.5	479059.5	624736.5	909442.0	1134024.5	1156855.0	1112227.0	1058214.0	1027907.0	1043041.5	1102449.5	1179335.0	1250948.0	1317390.5	1382686.5	1446190.0	1511961.5	1574390.0	1518422.5	1377948.5	1270675.5	1171184.5	1076423.5	987723.0	907415.5	827251.0	749494.0	680469.0	615242.0	556354.0	500003.0	445571.5	396383.0	351403.5	312084.5	274733.0	239792.0	208215.5	178766.0	151689.0	128414.0	108706.5	91778.0	76834.0	63825.0	53488.0	45083.0	38302.5	32564.0	27977.0	23855.0	20602.0	18735.0	17390.0	16524.5	15188.5	14006.0	13293.5	12640.5	12250.0	11824.5	11444.5	11164.0	11025.0	10949.5	10880.0	10835.5	10861.5
MHW099_trimmed_clipped_R2_paired	38576.0	38821.0	39319.0	39782.0	40115.0	40453.0	41174.0	42132.5	43425.5	44394.0	45626.0	46940.0	47567.5	49823.0	52332.0	54054.0	56024.0	60939.5	66615.5	71222.0	76688.0	84178.5	93445.5	104165.0	117981.0	141555.5	168672.0	192310.5	221540.5	256819.0	298697.0	346922.5	399905.5	460366.5	539382.5	683656.0	971217.5	1196521.0	1219551.0	1177806.5	1123899.5	1091815.5	1106174.5	1165819.5	1241305.0	1312310.0	1378018.0	1443760.0	1510998.0	1591277.5	1672519.0	1613407.5	1462076.0	1352063.0	1251811.5	1156746.0	1066954.5	986181.5	905948.5	827750.0	758584.5	693075.5	633430.0	576250.0	521623.5	474115.5	429230.5	387793.0	350464.5	315273.5	281916.0	252202.0	225265.0	202018.0	182573.0	165214.0	149781.0	136510.5	125884.5	116436.0	108728.5	102760.5	97623.5	92898.5	89208.5	86756.5	84493.5	83199.0	81558.5	79900.5	79051.5	78305.5	77267.5	76336.5	76647.5	76837.0	76242.5	75799.5	75375.0	75138.0	77824.5
MHW100_trimmed_clipped_R1_paired	8024.0	8187.5	8448.0	8601.5	8737.0	8904.0	9259.0	9714.5	10171.5	10593.0	11133.5	11759.0	12474.0	13857.0	15596.0	17626.5	20300.0	24389.5	29122.5	34483.5	41190.0	49428.5	60264.0	73686.0	89224.5	110112.0	134635.0	159382.0	188137.5	221471.5	260174.5	305023.5	354682.0	410873.0	490688.5	640720.5	946983.0	1168906.0	1154902.5	1092585.0	1037683.0	1004868.5	1021740.0	1091810.0	1180703.5	1267973.0	1354035.5	1441041.5	1531775.5	1625231.5	1709731.5	1663301.0	1521528.0	1412846.0	1312399.5	1216291.5	1123115.0	1037900.5	954093.0	871436.0	796049.0	724611.0	660997.0	598218.5	533297.5	475505.5	423768.5	376904.0	333469.0	292097.0	254198.0	219473.5	186559.5	159093.5	135804.5	114994.5	96561.5	80239.0	67387.0	56783.0	48123.5	41075.0	35139.5	29850.5	25782.0	23303.0	21311.0	19880.0	18188.0	16799.5	15889.0	15096.5	14545.0	13915.0	13391.5	12965.5	12744.0	12655.5	12503.5	12335.0	12298.5
MHW100_trimmed_clipped_R2_paired	48488.0	48742.0	49195.0	49539.5	49856.5	50347.0	51306.5	52518.0	53940.5	55078.5	56664.5	58301.0	59209.5	61774.0	64884.5	67363.5	70307.0	76858.5	84082.0	90235.0	97808.5	107070.0	118610.5	132376.5	148804.5	175647.0	205897.5	230642.5	259750.0	294028.5	334081.5	380082.5	430023.0	486135.0	562517.5	711575.0	1025133.0	1250201.0	1235675.0	1175412.5	1119738.0	1086553.0	1102960.0	1170350.5	1258631.5	1344736.0	1429042.0	1518339.0	1612894.5	1724730.5	1831737.5	1779748.0	1624401.0	1512789.5	1410806.5	1312751.0	1218863.5	1134067.0	1049554.5	966422.0	890280.5	818229.5	754439.0	690624.5	625598.0	567909.5	515621.0	467444.0	423888.5	382426.0	343611.0	308494.0	274841.0	246472.0	223449.0	202914.5	183948.5	167255.5	154152.5	142917.0	133763.5	126624.0	120353.0	114575.5	110022.0	107028.5	104246.5	102473.0	100193.5	97971.5	96705.5	95586.5	94369.0	93268.0	93570.5	93706.5	93074.0	92695.0	92276.0	92078.5	95898.5
MHW101_trimmed_clipped_R1_paired	8282.0	8471.0	8837.5	9051.0	9138.0	9221.0	9477.5	9870.5	10293.0	10679.0	11198.5	11787.5	12317.5	13501.5	15008.5	16632.5	18858.0	22517.0	27179.5	32518.0	39386.5	48177.0	59398.5	74316.0	93054.5	117488.5	146390.5	177783.0	215095.5	259367.0	310799.5	368585.5	432710.5	504644.5	592907.0	726122.5	946120.0	1123935.5	1171231.0	1164697.0	1142789.0	1135029.0	1159294.5	1217723.5	1285397.5	1345866.5	1398984.5	1447170.5	1494088.5	1537328.0	1573017.5	1514309.5	1386512.5	1284530.5	1186967.5	1089563.0	996583.0	913947.0	831993.0	752887.5	683024.0	616371.0	556956.5	499344.0	443290.0	393019.0	347237.0	307178.0	269770.0	235613.5	204129.5	174706.0	147899.0	125038.0	105987.5	90135.5	75963.5	63102.5	53429.5	45516.5	38893.0	33516.0	29084.5	25005.5	21761.5	19808.5	18327.5	17264.5	15855.5	14622.0	13818.0	13143.0	12730.5	12269.5	11889.0	11584.5	11459.5	11416.0	11364.5	11325.0	11322.0
MHW101_trimmed_clipped_R2_paired	44848.0	45052.5	45504.0	45986.0	46393.0	46861.5	47836.5	49076.0	50484.0	51515.0	52909.5	54460.5	55199.0	57636.0	60549.0	62693.0	65352.0	71211.0	78124.5	84282.0	91759.0	101418.0	113209.5	127953.0	147145.5	176944.0	210804.0	242002.0	279527.0	324409.0	376680.0	435426.0	499562.0	570094.5	654611.5	786557.5	1011627.0	1192860.5	1240382.5	1234293.0	1213078.0	1205080.5	1229128.5	1287812.5	1354217.5	1414744.5	1468364.5	1516339.0	1566740.0	1625021.0	1673220.0	1613188.0	1482403.5	1377794.0	1277855.5	1180326.5	1089009.5	1004837.0	921956.0	843761.0	772640.0	705258.5	644891.5	587637.0	532087.0	481419.5	435049.0	394037.0	356219.5	320651.5	288721.0	259714.5	232216.0	208980.5	189976.5	173538.0	159071.5	146019.0	135619.0	126810.0	119224.5	113324.5	108378.0	104113.0	100856.0	98280.5	95871.5	94433.0	92901.5	91442.5	90802.0	90270.0	89542.0	89126.5	89901.0	90355.0	89826.5	89518.5	89167.0	89030.5	93016.0
MHW102_trimmed_clipped_R1_paired	8411.0	8638.0	8943.0	9079.5	9206.5	9413.5	9876.0	10427.5	10982.0	11497.5	12089.5	12874.5	13760.5	15193.5	16997.5	19331.5	22395.5	27005.5	32655.0	38961.5	47185.5	57680.5	70749.5	87089.0	106896.0	132815.0	163255.0	195112.0	231552.0	273965.5	323633.0	378687.0	438554.0	505939.5	594278.0	746453.5	1047396.5	1278133.0	1289255.5	1240799.0	1192127.0	1163152.0	1175217.0	1239185.0	1323909.0	1403949.5	1476176.0	1548303.0	1623295.0	1698918.0	1764829.5	1711889.5	1571749.5	1460653.0	1355842.5	1253039.5	1155899.5	1066201.5	976582.5	888999.0	809902.5	736460.0	668686.0	601367.0	535313.5	476229.0	423661.5	375487.5	330522.5	289585.5	251473.5	216179.5	183782.5	156016.5	132773.5	113200.5	95752.5	79860.0	67125.5	57138.5	49152.0	42258.5	36628.0	31376.0	27210.5	24766.5	22849.0	21480.0	19811.5	18395.0	17430.5	16580.0	16012.0	15374.0	14864.5	14457.0	14214.5	14140.5	14044.5	13911.0	13897.0
MHW102_trimmed_clipped_R2_paired	75051.0	75276.5	75735.0	76172.0	76632.0	77166.0	78120.5	79408.0	81035.0	82338.0	83929.0	85670.5	86623.5	89336.0	92667.0	95560.5	99092.0	106305.0	114757.5	122195.0	130996.0	142445.0	156381.5	173531.5	194326.5	226596.5	262629.5	294436.0	331975.5	375052.5	425759.0	481962.5	542285.0	609522.5	694990.0	845942.0	1151499.5	1382191.0	1392987.0	1348184.0	1299913.5	1270555.5	1283362.0	1347981.5	1431990.5	1509836.0	1582547.0	1655491.0	1732155.5	1821248.0	1901615.5	1843593.5	1694950.5	1583142.0	1476228.5	1372169.5	1273887.5	1183774.0	1093080.0	1004778.0	927143.0	853309.0	785327.0	718952.5	654235.5	596298.0	542415.5	494124.0	449557.0	407234.5	369616.5	334671.0	301174.0	272977.0	249705.5	231748.0	215574.0	198949.5	185844.5	175504.5	167106.5	160628.0	155098.5	150915.5	147793.0	144382.5	141332.0	139494.0	138094.5	136816.0	136785.0	136872.5	136166.5	136206.5	138649.5	140423.5	140000.0	139898.5	139483.0	139257.5	147040.5
MHW103_trimmed_clipped_R1_paired	7153.0	7258.5	7428.0	7515.0	7568.5	7677.0	7944.0	8271.0	8692.5	9108.0	9738.5	10442.5	10999.5	12280.5	13944.5	15682.0	18059.0	22065.0	27178.5	32867.0	40271.5	50197.0	63072.0	80165.5	101362.0	129939.5	163960.0	201491.5	246001.5	298229.5	358839.0	425611.0	498796.0	576582.0	664458.0	785375.0	985036.5	1156889.5	1215246.0	1209418.5	1183217.0	1175731.5	1191777.5	1233739.5	1281683.0	1318346.5	1343664.0	1364112.0	1379588.5	1390605.0	1395894.5	1341384.0	1239376.0	1146598.0	1054989.0	966564.5	884174.5	807741.5	733087.5	662289.0	597855.5	537781.5	485113.0	433741.5	383816.0	340145.0	300277.0	264131.5	231505.5	202924.0	175796.5	150133.0	127218.0	107793.0	92086.0	78374.5	66347.5	56247.5	48186.5	41372.5	35776.5	31513.0	27965.0	24395.0	21417.5	19891.5	18808.0	18029.5	16706.0	15554.0	14764.5	14013.0	13601.0	13130.5	12789.0	12530.5	12432.5	12404.0	12370.5	12316.5	12293.0
MHW103_trimmed_clipped_R2_paired	52596.0	52710.0	52994.0	53350.5	53713.0	54168.0	55046.0	56160.5	57545.5	58655.0	60077.0	61590.5	62409.5	64923.5	67815.0	70121.0	72959.5	79069.0	86346.0	92743.5	100750.5	111488.5	125386.5	142715.0	164495.0	198471.5	237414.0	274373.5	318858.0	371252.0	432558.5	501231.0	574388.0	651364.5	738207.0	858834.0	1058420.0	1230231.5	1291152.0	1287663.5	1261704.5	1254849.0	1271915.0	1314750.0	1362707.5	1400156.0	1428226.5	1448736.5	1463504.0	1482175.5	1499112.0	1446679.0	1341504.5	1248480.0	1156663.0	1068402.0	986665.0	909066.0	834017.0	763760.0	699223.5	639045.5	585839.0	535032.0	486632.0	442202.5	401462.5	365956.0	332634.0	301581.0	273821.0	248859.5	225552.0	205805.0	189729.5	178297.0	168958.0	158371.5	149359.5	141822.5	135910.5	131516.0	127543.5	125533.5	124423.5	122298.0	120204.0	118916.0	118565.0	118251.0	118907.0	119651.0	119421.0	120131.5	122651.5	124201.5	123720.0	123571.0	123264.5	123074.5	129040.5
MHW104_trimmed_clipped_R1_paired	7146.0	7257.5	7416.5	7502.5	7575.5	7673.0	7944.0	8293.0	8667.5	9097.0	9696.5	10303.0	10753.5	11826.0	13298.0	14755.0	16562.5	19772.5	23821.0	28275.5	34074.0	41512.0	51068.5	63348.0	78730.5	100709.0	125945.5	152368.5	184741.5	223022.0	268293.5	319153.5	374164.5	435925.5	511960.0	629673.0	849831.0	1034047.0	1083755.5	1076122.5	1045824.0	1027961.0	1041967.5	1095243.5	1161098.0	1220319.0	1275016.0	1330631.5	1385895.0	1448959.5	1528525.5	1472433.5	1313767.5	1206424.0	1109771.0	1018766.5	935319.5	860375.0	788607.5	719824.5	657637.5	598777.0	547281.0	497011.5	447129.0	402805.5	362522.0	325053.0	289857.5	258300.0	227992.5	199491.0	173335.0	150661.0	130773.5	113187.5	97015.0	82781.0	71718.0	61657.0	53171.5	46449.0	40615.0	34983.5	30698.0	27998.0	25615.5	24006.0	22067.5	20380.5	19185.0	18146.5	17512.5	16682.5	15874.5	15234.0	14919.5	14778.0	14699.5	14722.0	14802.0
MHW104_trimmed_clipped_R2_paired	129263.0	129380.5	129615.0	129866.5	130126.5	130458.0	131214.0	132258.5	133510.5	134483.5	135819.5	137241.0	137955.5	140118.5	142775.0	144797.0	146990.0	152371.5	158624.5	164048.0	170707.0	179186.0	189816.5	202735.0	218858.5	247134.5	279178.5	305747.5	337952.0	377018.0	423849.0	475925.0	531866.5	593340.5	668437.5	786346.5	1006060.0	1188619.0	1238942.0	1233632.0	1201980.5	1184518.5	1199320.0	1249358.0	1313038.0	1373255.5	1428444.0	1482854.0	1540674.5	1619318.0	1699691.0	1617180.5	1440352.5	1326719.5	1226538.5	1133326.0	1049333.5	972939.0	898383.0	828179.0	765188.0	705117.0	651262.0	603374.0	556778.5	512116.0	470494.0	433264.5	398532.5	365570.5	338613.5	314335.0	288829.5	266734.5	248394.5	235686.5	224488.5	211417.5	200958.5	194351.0	189158.5	185582.5	183042.0	181397.5	180537.0	177783.0	175243.0	173810.0	173656.5	173529.5	174066.0	174739.5	174944.5	176333.0	180824.5	184281.0	184263.0	184629.0	184466.5	184703.0	197468.5
MHW105_trimmed_clipped_R1_paired	6910.0	7025.5	7230.0	7330.0	7379.0	7496.0	7746.0	8069.0	8479.5	8891.0	9523.0	10245.5	10889.5	12156.5	13694.0	15237.0	17318.0	21018.5	25412.5	30386.5	37367.0	46472.5	57816.5	72872.5	91975.5	117456.0	148001.5	180930.0	220184.5	266656.5	321402.5	381629.0	445790.0	516940.5	602307.5	733234.5	976917.5	1183844.0	1238273.0	1220212.5	1174825.0	1144477.0	1146539.0	1188785.0	1244532.5	1294841.0	1339156.0	1379698.0	1419283.0	1468877.5	1530833.5	1466929.0	1311197.0	1200678.0	1100724.5	1007187.0	922327.5	845955.5	771933.0	701639.0	638197.5	578107.5	525228.0	474529.0	424237.5	379395.5	339031.0	302053.5	267620.0	236187.5	207011.0	179629.0	154185.5	132084.0	113510.5	97110.5	82440.0	69755.5	59540.0	50708.0	43551.0	37798.5	32921.0	28487.0	24908.5	22689.5	20957.0	19859.0	18355.0	17024.0	16039.0	15149.5	14586.5	13906.0	13328.0	12911.5	12730.0	12664.0	12647.0	12674.0	12747.5
MHW105_trimmed_clipped_R2_paired	98889.0	99014.5	99261.5	99498.5	99784.0	100258.0	101188.5	102341.0	103759.0	104881.5	106291.0	107845.5	108712.0	111118.5	113979.5	116105.0	118677.0	124871.0	131901.0	138003.0	145763.0	155661.0	168477.5	184351.5	203841.0	235748.5	271682.0	304469.0	344768.0	392095.0	447946.5	510249.5	575743.0	646026.5	730485.0	861390.5	1104785.5	1311309.5	1365386.0	1350410.0	1307048.0	1274253.5	1274818.5	1316817.5	1372777.0	1420711.0	1462186.5	1503791.0	1549083.0	1610570.0	1675787.0	1595922.5	1427055.0	1310950.5	1208266.5	1114058.5	1027937.0	951489.0	874811.0	801537.5	737240.5	677627.0	624640.0	575697.5	529130.5	484348.0	442351.0	405418.5	371430.5	339881.0	312784.5	288183.0	262987.5	241379.5	223665.5	210171.0	198513.0	185997.5	175772.5	168709.5	163059.0	159004.5	156014.5	153375.5	151643.0	149296.5	147014.0	145742.0	144825.0	143905.5	143670.5	143540.5	143002.0	143032.5	145206.5	146895.0	146730.0	146894.0	146697.0	146786.0	156827.5
MHW106_trimmed_clipped_R1_paired	7733.0	7939.5	8228.0	8367.5	8443.5	8504.0	8806.5	9267.5	9769.0	10225.0	10825.5	11520.0	12067.0	13307.0	14964.5	16755.5	19157.0	22917.5	27702.5	33547.5	41266.0	51038.0	63462.5	79655.5	100637.0	128925.0	162554.0	199530.5	242952.5	294339.5	354613.0	422619.0	496285.0	576125.0	667596.0	796307.0	1013083.0	1201688.5	1269490.0	1265817.5	1234066.5	1218030.0	1225559.5	1265689.0	1314649.0	1349760.5	1375010.5	1395671.5	1412552.0	1426071.5	1434547.5	1377416.0	1268809.5	1171966.0	1077539.0	984920.5	897584.0	818082.5	741347.5	668360.5	602790.5	541435.0	487211.5	435781.5	385538.0	340961.0	300220.5	263930.5	230977.0	201425.5	174430.5	149339.5	126449.5	107011.5	91147.0	77359.5	65215.5	55201.5	47163.0	40431.5	35031.0	30767.5	27416.5	24207.5	21766.0	20551.5	19510.5	18847.0	17746.5	16738.5	16117.5	15537.0	15173.0	14731.5	14380.0	14124.5	14029.0	13999.5	13990.0	13990.5	14025.5
MHW106_trimmed_clipped_R2_paired	82128.0	82288.5	82624.0	82999.5	83412.5	84015.5	85062.5	86252.5	87777.5	89001.5	90604.0	92372.5	93230.5	95782.0	98843.5	101151.0	104006.0	110669.5	118608.5	125665.5	133882.0	144433.5	158102.5	175049.0	196370.0	230601.5	270256.0	307860.5	352243.5	404209.5	465993.0	534133.5	608231.0	688707.0	778411.0	906474.5	1122413.0	1309839.5	1377181.0	1374553.5	1345566.5	1330768.0	1339937.0	1380178.0	1429018.5	1464712.5	1490099.5	1512541.0	1529000.0	1545953.0	1561585.0	1505779.5	1395836.5	1297528.0	1201989.5	1110621.0	1024675.5	945784.5	869588.5	796917.5	731008.0	669845.0	615728.5	565183.5	516111.0	471322.5	431176.0	395962.0	362871.5	331854.5	305419.5	281564.5	258457.0	238918.5	222337.5	213592.5	207111.5	196290.0	187566.0	180801.5	175219.0	171344.5	168355.0	168357.0	168948.5	166883.0	164817.5	163643.5	164940.0	166206.0	168478.0	170863.5	172005.0	175139.0	180659.5	184235.5	184135.5	184432.5	184133.5	184010.5	196304.0
MHW107_trimmed_clipped_R1_paired	7694.0	7825.5	8035.5	8128.0	8193.5	8283.5	8505.0	8856.0	9313.0	9729.5	10339.5	11077.0	11678.0	12831.5	14397.5	16109.0	18450.0	22292.0	27132.5	32673.0	40223.5	50456.0	63833.0	80784.0	102067.5	131200.0	165645.0	203291.0	248514.5	301696.0	363386.0	432406.5	506625.0	586856.5	677858.5	804454.5	1020336.0	1212242.5	1278781.0	1264446.0	1222509.0	1201473.5	1206983.5	1245787.0	1289914.0	1321163.5	1344884.0	1365834.0	1385131.0	1404221.5	1425108.0	1361587.0	1232407.0	1125613.5	1028536.0	936171.5	849615.5	772444.5	697407.5	628554.0	567922.5	509061.5	457989.0	410974.0	365115.5	323909.0	286476.5	253041.0	221746.0	193688.0	168699.0	145220.0	122935.5	104424.0	88743.5	74669.5	62707.5	52696.0	44684.5	37992.5	32823.5	28473.5	24861.5	21521.5	18906.0	17595.5	16545.0	15819.5	14632.5	13579.5	12933.5	12349.0	11983.0	11568.5	11256.0	11028.0	10942.0	10921.0	10871.0	10804.5	10793.5
MHW107_trimmed_clipped_R2_paired	40788.0	40910.5	41180.0	41490.5	41834.5	42315.5	43208.0	44280.0	45560.5	46565.5	48025.5	49591.5	50386.0	52963.5	56003.5	58197.0	60933.5	67129.5	74143.5	80449.5	88649.0	99743.5	113661.5	130983.0	153467.0	187599.5	226779.5	264506.5	310150.0	364403.0	427973.5	498420.5	573242.0	653712.5	744014.5	869559.0	1085321.0	1277582.0	1345259.0	1334059.0	1292807.5	1269231.5	1274815.5	1314855.5	1359099.0	1390207.5	1413492.5	1435597.0	1457125.5	1488299.0	1526971.5	1460289.0	1320214.0	1210413.5	1109734.5	1016288.5	928833.0	849658.5	774091.0	705375.0	644282.5	585412.0	534952.5	488110.5	441542.0	400571.5	364046.5	330493.0	299722.5	271794.0	246295.5	222090.5	199514.5	181128.5	165585.5	151859.5	140052.0	129893.0	121787.0	114333.0	108283.0	103675.0	99724.5	96391.5	93739.5	91899.0	90124.0	89160.5	87902.5	86559.0	85967.0	85402.5	84494.5	83872.0	84409.5	84663.0	84197.5	83936.5	83649.5	83548.0	86316.0
MHW108_trimmed_clipped_R1_paired	7594.0	7710.5	7863.0	7958.0	8060.5	8166.0	8451.0	8853.0	9411.5	9922.0	10516.0	11256.0	11902.0	13263.5	15030.5	16882.0	19392.5	23485.5	28605.0	34502.5	42234.5	52438.5	65551.5	82544.0	103547.0	131205.0	163988.0	199246.0	241885.0	292589.0	350489.5	414634.0	484325.0	561619.5	653828.0	792444.0	1034945.5	1237350.0	1291446.5	1277930.5	1240499.5	1216517.5	1226705.5	1275656.5	1335105.0	1386682.5	1431896.5	1473024.5	1512564.5	1552509.5	1589296.5	1527448.0	1392610.0	1282200.0	1178487.0	1081457.5	989686.5	905976.0	824826.0	747111.5	678200.0	613115.0	554819.0	498776.0	444485.0	395819.5	351174.0	311317.5	274144.0	240100.0	209391.5	180276.0	153180.5	130842.0	112095.5	95301.0	79991.0	67012.0	56939.0	48267.5	41010.0	35283.0	30518.0	26130.0	22749.0	20686.0	19057.0	17950.0	16581.5	15381.5	14555.5	13834.0	13310.5	12726.5	12226.5	11830.5	11655.5	11589.0	11514.0	11418.0	11388.0
MHW108_trimmed_clipped_R2_paired	49876.0	50053.0	50370.0	50618.5	50903.0	51365.5	52272.0	53405.5	54877.5	56025.5	57526.0	59108.5	59947.0	62526.0	65583.0	68025.5	70875.0	77261.5	84950.0	91753.5	100005.5	110760.5	124530.0	142010.5	163518.5	196516.0	234900.0	270378.5	313074.5	364063.0	423169.5	489078.0	560309.0	637910.0	728837.5	865622.0	1109936.5	1316019.5	1371837.5	1359495.5	1322700.0	1298011.0	1307661.5	1357246.0	1417415.5	1467890.0	1513016.5	1555899.0	1598523.5	1652499.5	1702090.5	1635118.0	1490420.5	1377653.5	1273674.0	1173827.5	1080135.5	997052.5	915664.5	836996.0	766953.5	700753.0	642273.0	585668.0	530390.0	481453.5	436306.0	396047.5	358894.0	323895.5	292098.0	263121.0	236431.0	213322.0	194355.5	177886.5	163158.0	150300.5	139694.0	130672.0	123230.0	117414.5	112467.0	108018.0	104476.0	101936.5	99632.5	98268.5	96367.0	94534.5	93703.5	92985.5	91948.0	91033.0	91443.5	91653.5	91146.0	90822.0	90419.0	90278.0	94020.0
MHW109_trimmed_clipped_R1_paired	7863.0	7959.0	8093.5	8145.0	8214.5	8376.5	8647.0	9008.0	9431.5	9803.5	10372.5	10975.0	11526.0	12745.5	14256.5	15836.0	18089.5	21762.0	26180.0	31203.0	38140.0	46903.0	57905.5	72945.0	91210.5	115544.0	144733.5	176114.0	213541.0	257719.5	308936.0	366220.5	428354.0	498059.5	583888.5	721324.0	986419.5	1197764.5	1226465.0	1192118.5	1145332.0	1121753.5	1133031.0	1181386.5	1243792.0	1296601.5	1341328.0	1384317.0	1427479.0	1472590.5	1517211.5	1459378.0	1324790.5	1218828.5	1120702.0	1028854.0	944462.5	865276.0	787376.5	715153.5	648726.5	586449.5	531227.5	477492.0	425527.5	378614.0	335884.0	297215.5	262009.0	230109.0	200309.0	172116.5	146172.0	124629.5	106655.0	90913.0	76613.5	64174.0	54366.5	45983.0	39207.0	33738.0	29205.5	25142.5	21910.5	19948.0	18357.0	17242.0	15925.0	14779.5	14043.0	13433.5	13039.0	12559.0	12155.0	11820.5	11649.0	11583.5	11518.5	11454.0	11454.5
MHW109_trimmed_clipped_R2_paired	52740.0	52855.5	53115.5	53381.0	53632.0	54011.0	54852.0	55940.5	57265.0	58346.5	59653.5	61121.0	62005.5	64354.5	67177.0	69360.5	72030.5	77949.5	84715.0	90732.5	98130.5	107432.0	119371.0	134730.5	153430.5	183025.0	217275.0	248438.5	286219.5	330819.0	383233.0	441603.5	504790.5	574617.0	658926.5	795789.0	1061894.0	1273771.5	1302934.0	1271094.5	1224360.0	1200238.0	1213991.0	1262422.5	1322468.5	1373858.0	1420825.5	1467268.5	1510475.0	1566318.5	1625409.5	1563388.0	1419115.0	1309755.5	1210298.0	1117234.5	1031810.5	952146.5	873159.5	800277.5	734283.5	671146.0	615040.5	562727.5	510860.0	462999.0	419641.5	381169.0	345833.0	312750.0	282751.5	255028.5	229423.0	207953.5	189803.0	174644.0	161532.5	149165.5	139162.5	130782.5	123734.5	118112.5	113663.0	109643.5	106343.5	103923.0	101760.5	100413.5	98861.5	97383.5	96674.5	96098.5	95280.5	94657.0	95401.5	95919.0	95438.0	95189.0	94873.5	94748.5	99025.5
MHW110_trimmed_clipped_R1_paired	8785.0	8944.0	9177.0	9290.5	9318.0	9399.0	9706.0	10084.5	10571.5	11036.5	11660.5	12426.5	13061.5	14318.5	15934.0	17748.5	20172.0	23990.5	28774.0	34302.5	41559.0	50475.0	62032.0	76334.0	93559.0	118589.5	146730.0	175649.0	210691.5	251468.0	299964.5	354763.0	413949.5	479896.0	567495.5	726569.0	1054070.5	1321021.0	1354901.5	1297103.0	1217198.5	1162747.0	1161795.5	1223995.0	1311413.0	1394875.0	1476578.0	1561438.0	1649918.0	1754412.0	1876505.5	1812331.0	1613750.0	1480677.5	1361448.5	1251578.0	1149620.5	1060320.0	971926.0	885808.5	809685.0	738713.5	677041.0	612805.0	548017.0	492134.0	441177.0	394003.0	349756.0	308377.5	269519.5	233421.0	199941.0	171079.0	146594.5	125280.0	105330.0	87451.0	73921.5	62575.5	53045.0	45361.5	39042.0	33141.5	28340.5	25405.0	23164.5	21633.0	19752.5	18149.5	17097.0	16182.0	15648.5	15029.5	14480.0	14062.0	13865.5	13788.5	13675.5	13615.5	13685.0
MHW110_trimmed_clipped_R2_paired	83103.0	83287.0	83620.0	83940.0	84267.0	84707.0	85595.5	86729.5	88214.5	89448.5	91006.0	92673.0	93585.0	96063.0	98990.0	101442.0	104333.5	110724.5	118172.0	124437.5	132191.0	142183.5	154690.0	169909.0	188127.0	218851.0	253884.5	283577.0	319447.5	361064.0	410142.5	466739.5	525769.5	591295.5	678261.0	835531.0	1164029.0	1432139.0	1467543.0	1412431.0	1333162.5	1278801.0	1277320.0	1336991.5	1422512.0	1506022.0	1584609.0	1669203.5	1765587.0	1892239.5	2033979.0	1955069.5	1734231.5	1595984.0	1476100.0	1364794.5	1262279.0	1170093.5	1080307.5	995607.5	919134.5	845917.0	783927.5	722946.0	659774.0	603692.5	552795.5	505670.5	460001.5	418213.5	380668.5	345337.0	311469.0	282844.0	259298.0	238936.0	219929.5	201815.5	187655.0	176471.0	167551.5	160859.5	154952.0	149825.0	145883.0	142245.0	139110.5	137241.0	135542.5	133900.5	133251.0	132823.0	131872.0	131373.0	132827.0	133859.5	133501.5	133393.0	133143.0	133231.5	140386.5
MHW111_trimmed_clipped_R1_paired	7611.0	7702.5	7859.5	7979.0	8102.5	8286.0	8571.0	8874.0	9354.0	9852.5	10588.5	11477.5	12106.5	13489.5	15320.0	17144.0	19555.5	23833.0	29110.5	34944.5	42953.0	53603.0	67438.0	85316.0	108062.0	139448.0	176421.0	217330.5	265501.5	322759.5	389065.0	461552.5	540827.5	625821.5	721938.5	855410.5	1089111.5	1300535.5	1374397.0	1359802.0	1313659.5	1289148.5	1291641.5	1329727.5	1379489.5	1416388.5	1442934.5	1467311.5	1489824.0	1516032.0	1548514.0	1479239.5	1334484.0	1218759.5	1114007.5	1016581.0	923868.0	841606.0	763987.0	690345.5	623480.0	561028.0	506196.0	454476.0	404289.0	359835.0	319501.0	282119.5	248200.0	218533.5	190377.0	163999.0	139944.5	119543.0	102559.5	87560.5	74294.0	62822.0	54099.5	46694.5	40341.5	35402.0	31400.5	27379.5	23980.0	22180.5	20861.5	19981.0	18545.5	17235.5	16314.0	15457.5	14934.5	14312.0	13875.5	13547.0	13410.0	13387.0	13363.5	13369.5	13404.0
MHW111_trimmed_clipped_R2_paired	92033.0	92140.0	92378.5	92646.0	92954.5	93424.0	94317.5	95447.0	96931.0	98136.5	99755.5	101504.5	102376.5	104999.5	108177.0	110605.5	113452.0	119929.5	127506.0	134343.5	143169.0	154776.5	169576.5	188533.0	212423.0	249637.5	292244.5	332590.0	380995.0	438788.5	507025.0	581990.5	662184.0	747627.0	843060.0	976997.0	1209912.0	1419029.5	1491339.0	1479117.5	1435585.0	1409457.5	1413622.5	1452267.0	1498653.0	1533918.5	1561948.0	1586689.0	1611230.0	1651999.0	1691380.0	1608400.5	1451462.0	1332579.5	1224280.5	1124347.0	1032087.0	948350.5	869409.5	797109.0	730006.5	666142.0	611880.5	562471.0	514770.0	470303.5	429427.5	392754.5	358671.0	327887.5	301319.5	276754.0	253180.0	232912.5	215929.0	203531.0	192843.0	181170.0	171896.0	165272.5	159862.5	155941.0	152680.0	150128.0	148423.0	146106.0	143882.0	142594.0	141734.5	140828.5	140670.5	140659.0	140005.0	139665.0	140873.0	141804.5	141565.5	141659.0	141423.5	141408.5	150152.0
MHW112_trimmed_clipped_R1_paired	6852.0	6936.5	7038.0	7090.5	7172.0	7291.5	7560.0	7916.0	8325.0	8738.5	9288.0	9929.0	10451.5	11429.0	12824.0	14210.5	15887.5	19201.5	23359.5	27656.0	33069.5	40038.0	49734.0	62312.0	77630.0	99396.5	124725.0	151007.5	182730.5	220576.5	265707.5	315507.0	369070.0	429734.0	504094.0	619949.0	845822.0	1040119.0	1085563.0	1058729.0	1009607.5	981601.0	986044.5	1027920.0	1082736.5	1129986.0	1173536.0	1217147.0	1260896.0	1315830.5	1392603.0	1340961.0	1188870.5	1085967.5	996067.0	913926.5	839016.0	771315.0	706751.0	646478.0	593339.0	542785.0	497245.5	454717.5	412889.0	374866.0	340525.0	307535.0	276655.0	248640.5	221673.0	196933.5	173324.0	152028.0	133677.5	117353.0	101637.0	87832.0	76809.5	66360.5	57657.0	50948.5	44826.5	38728.5	34126.5	31024.0	28109.0	26175.5	24070.0	22117.0	20545.0	19307.0	18517.0	17480.5	16402.0	15544.5	15093.0	14873.5	14800.5	14779.0	14819.5
MHW112_trimmed_clipped_R2_paired	108071.0	108150.0	108321.0	108541.0	108799.0	109183.0	109901.0	110754.0	111949.5	112941.0	114085.0	115391.5	116113.0	118066.5	120263.5	122014.5	124249.0	129432.0	135561.5	140915.0	147296.5	155496.0	165990.5	178948.5	195055.5	222175.5	252925.0	279667.0	312579.0	351574.5	397407.0	449338.0	505029.0	565895.0	638518.0	753875.5	982099.0	1175877.5	1220969.5	1197732.5	1150525.5	1121710.0	1124519.0	1163668.5	1216858.5	1264400.5	1307303.0	1350149.0	1397070.0	1465161.5	1542527.0	1467478.0	1297898.0	1188735.0	1094710.0	1009963.0	930684.5	859609.5	790903.5	726637.5	670840.0	617098.5	570347.5	527960.0	485223.0	444698.5	408798.5	376750.0	346762.0	318211.5	294211.0	272431.5	250129.0	231457.5	215882.0	204378.0	194073.5	182750.0	173787.5	167888.5	163397.0	160202.0	157481.0	155824.5	155250.0	153091.0	150885.0	149636.5	149619.0	149618.0	150092.0	150659.0	150717.5	151687.0	154814.5	157139.5	157105.0	157424.0	157384.0	157764.0	170332.0
MHW113_trimmed_clipped_R1_paired	6947.0	7082.5	7243.5	7320.0	7406.0	7503.0	7698.5	7965.5	8311.5	8655.5	9233.5	9896.0	10430.0	11485.0	12748.0	14138.0	16061.0	19330.0	23391.5	27722.5	32962.0	39955.0	49122.5	60478.0	74794.0	94782.0	117096.5	140223.5	168893.0	201825.0	240313.5	284897.0	332955.5	386896.5	459909.5	600170.5	913170.0	1156253.5	1152934.0	1080171.5	1004639.0	957054.5	961969.0	1019146.5	1096129.5	1172159.5	1246953.0	1326293.0	1416028.5	1524328.0	1669772.0	1608332.5	1386923.5	1256245.5	1148605.5	1053379.5	968696.5	892979.0	817989.5	746371.0	683402.5	623350.0	569053.5	516175.0	464169.0	417412.5	374749.5	335578.0	299289.0	264870.5	232603.5	202844.5	173852.5	149317.0	129090.0	110969.5	94188.5	78929.0	66985.0	56632.0	48320.0	41626.5	35831.0	30520.0	26437.5	23813.5	21596.0	20196.0	18543.5	17032.5	15959.5	15082.0	14535.0	13867.0	13278.5	12812.0	12555.5	12420.0	12372.0	12378.5	12437.5
MHW113_trimmed_clipped_R2_paired	81086.0	81216.0	81466.0	81731.0	82016.0	82406.5	83138.5	84103.5	85384.0	86384.5	87592.0	88953.0	89707.5	91762.0	94299.5	96292.0	98583.0	103930.0	110079.0	115076.5	121264.5	129492.5	139760.5	151864.5	166725.0	192398.5	220448.0	243592.5	272453.5	306221.5	346303.5	391757.0	440735.0	495979.0	568004.5	706713.5	1021300.0	1263893.5	1260578.0	1191029.5	1116364.5	1068630.5	1070515.5	1123991.0	1200907.5	1277309.0	1350491.5	1427994.5	1520246.5	1649871.0	1817890.0	1739159.5	1493478.5	1357965.0	1248086.5	1149598.5	1061840.0	984174.5	907641.0	835461.0	771062.5	709993.0	655036.0	603737.5	553068.0	504993.5	461282.5	422222.5	385500.5	351255.5	320756.0	292565.5	264961.0	240987.0	220816.0	205166.0	191058.5	176355.0	165120.5	156757.0	149792.0	144473.0	140120.5	136973.0	134799.0	132121.0	129752.0	128420.5	127741.5	127105.0	127104.5	127223.0	126668.0	126762.5	129097.5	130816.0	130581.5	130666.5	130603.5	131020.0	140692.5
MHW114_trimmed_clipped_R1_paired	8231.0	8377.5	8549.0	8635.5	8722.0	8804.0	9020.5	9281.5	9599.0	9915.5	10353.0	10867.0	11324.5	12256.5	13452.0	14908.0	16720.5	19777.5	23615.0	27756.0	33132.5	40148.5	48979.0	60118.0	73580.0	91789.5	113836.5	136823.0	163941.5	195897.5	233406.5	276841.0	325013.5	380675.0	455531.0	588899.0	861103.5	1076989.5	1097491.5	1050929.0	998788.0	975286.5	990859.0	1050624.5	1130495.5	1206486.5	1279730.0	1355016.5	1431606.0	1509785.5	1580548.5	1547649.0	1438635.0	1350943.5	1262498.5	1173905.5	1088344.5	1009150.0	927943.5	847582.0	774552.0	704449.5	642550.5	579795.5	513954.5	456180.5	404911.5	357557.0	314852.0	276033.0	238739.0	204897.5	173737.0	147227.0	125142.5	105477.0	88153.5	73014.0	61240.5	51548.5	43869.5	37832.0	32748.0	28314.5	25054.0	23071.5	21552.0	20527.5	19080.0	17818.5	17028.0	16338.5	15851.5	15296.0	14862.0	14561.0	14452.5	14416.5	14400.5	14468.0	14596.0
MHW114_trimmed_clipped_R2_paired	96182.0	96378.0	96733.5	97036.0	97309.0	97620.0	98256.5	99190.0	100522.0	101578.5	102802.5	104090.0	104726.0	106876.5	109485.0	111413.5	113625.0	119135.0	125332.5	130402.5	136597.5	144427.0	153984.5	165628.5	179949.0	204787.0	233070.0	255833.0	283389.5	316327.0	355106.0	399317.0	448140.0	503042.0	574873.5	706824.5	980407.5	1196078.0	1217294.5	1172683.5	1121635.5	1099296.0	1114845.5	1174594.5	1252532.5	1327964.0	1402716.5	1477740.0	1555863.0	1645062.5	1722038.5	1681861.5	1567718.0	1478321.5	1390146.0	1303221.0	1217661.0	1138555.0	1056334.0	974379.5	902777.0	834681.0	772124.5	711068.5	648996.5	592016.5	540538.0	493727.0	450317.5	409747.0	374065.0	341799.0	310062.5	283165.0	261283.0	246021.5	232614.0	216961.0	204377.5	195082.5	187771.0	182125.0	177473.0	175938.5	175500.0	172583.0	169841.5	168302.5	169070.0	169823.5	171229.0	172786.5	173509.5	175714.0	180866.0	184551.5	184413.5	184706.5	184442.5	184505.5	197907.5
MHW115_trimmed_clipped_R1_paired	11398.0	11530.5	11732.5	11871.0	11993.5	12185.5	12571.0	13059.5	13695.0	14346.5	15290.0	16364.5	17362.0	19208.5	21544.5	24103.0	27554.0	32990.5	39768.5	47855.5	58599.0	72719.0	91101.5	114100.0	142975.0	183872.0	231054.0	281390.0	342116.5	412867.5	495062.0	586412.0	684097.5	789297.5	915138.5	1110386.0	1481902.0	1800767.5	1868789.0	1820480.5	1749958.0	1713512.0	1723306.0	1786949.0	1869092.0	1939960.5	1998190.0	2049068.0	2102533.5	2164158.5	2227241.0	2136723.0	1931393.5	1770524.0	1622818.5	1484329.5	1356624.5	1239172.5	1125606.5	1021334.0	926486.5	836841.0	759339.5	683380.5	607970.0	542227.0	482981.0	428287.0	378045.0	332192.5	290153.0	250993.5	214021.5	182898.0	155924.5	132650.5	112131.0	93754.5	79739.0	68235.0	58502.0	50390.5	43845.5	37711.0	32773.0	29880.5	27513.0	25866.0	23766.5	21969.5	20744.0	19653.5	18989.5	18182.5	17482.5	16993.0	16782.5	16703.5	16610.5	16516.5	16509.5
MHW115_trimmed_clipped_R2_paired	58963.0	59117.5	59439.5	59848.5	60342.0	61057.0	62396.5	63928.5	65796.5	67356.5	69391.0	71654.5	72867.5	76475.5	80788.5	83991.5	87915.0	96666.5	107099.0	116459.0	128053.5	143243.5	163055.0	187844.5	217908.5	265638.5	320319.0	370498.0	431952.0	504350.0	587822.5	681964.5	781359.5	888295.0	1015364.0	1209241.5	1581308.0	1901063.0	1970306.5	1926330.5	1856925.5	1819504.5	1828577.5	1890035.5	1971669.0	2041531.5	2098235.0	2152238.0	2210172.0	2287909.0	2378720.5	2285374.5	2061517.0	1894061.5	1743597.5	1603911.0	1473290.0	1356500.5	1243444.5	1137093.5	1041360.0	951401.5	873166.5	797294.0	722122.0	655395.0	595006.5	539671.0	488158.0	441668.5	399407.5	360227.0	323565.0	292005.0	265441.5	242414.0	221891.0	203811.0	189546.5	176834.0	166240.5	158014.5	150984.5	144581.5	139401.5	135981.0	132785.0	130779.0	128152.0	125648.5	124297.5	123137.0	121664.5	120363.5	120794.0	120874.5	120070.5	119615.5	119198.0	119048.0	122763.5
MHW116_trimmed_clipped_R1_paired	8420.0	8550.0	8770.0	8874.0	8924.0	9034.5	9288.5	9634.0	10087.5	10590.0	11315.5	12100.0	12759.0	14159.5	15919.5	17778.0	20455.0	24772.0	30072.0	36232.5	44410.0	55002.5	68997.5	87207.0	109388.5	140081.0	175987.5	214144.5	259096.0	312511.5	374730.5	442408.0	515144.5	593751.5	685133.0	817925.5	1063120.5	1280463.0	1338057.5	1310768.0	1264617.5	1239722.0	1245573.5	1291848.0	1346880.5	1387405.5	1422288.0	1457416.5	1490271.0	1527035.5	1570434.0	1504179.0	1353636.5	1234380.5	1126628.0	1028417.5	938289.0	856247.5	776983.0	703064.0	635606.5	573753.0	519291.0	464801.5	413020.0	367829.5	326617.5	289446.0	254486.0	222531.5	193521.5	167016.5	142431.0	121185.5	103184.5	87008.0	72629.0	60878.5	51712.0	43842.5	37254.5	32178.5	28256.5	24558.0	21667.0	20089.0	18838.0	18054.5	16810.0	15656.5	14879.0	14156.5	13709.5	13164.5	12737.5	12424.0	12288.5	12257.0	12227.0	12191.5	12189.0
MHW116_trimmed_clipped_R2_paired	44879.0	45001.0	45255.5	45546.0	45873.5	46342.0	47257.5	48507.5	49988.0	51113.0	52675.5	54394.5	55411.5	58131.5	61247.5	63783.5	66829.0	73625.0	81674.5	88859.0	97844.5	109559.5	124312.5	143255.5	166859.0	202947.0	244335.0	283008.0	329827.0	384226.5	447396.5	517279.5	590974.5	669583.5	760158.5	894555.0	1139835.5	1355171.5	1413721.5	1389884.0	1344381.5	1319173.0	1325875.5	1368124.0	1419696.5	1462354.0	1498427.0	1531951.5	1566580.0	1615608.0	1675462.5	1606911.5	1446451.5	1324865.5	1215659.5	1115755.0	1022445.0	938965.0	859166.0	784745.5	718325.0	654833.5	599593.0	547562.0	495556.0	450075.0	408934.5	371589.0	336697.0	304468.5	275651.0	249014.0	223912.0	202526.5	184814.0	169324.0	155575.5	143673.5	134264.5	125787.5	118780.5	113537.5	109022.0	104998.0	101889.0	99727.0	97676.5	96526.5	94935.0	93314.0	92643.5	92073.0	91123.5	90355.5	90897.5	91222.5	90774.0	90550.0	90274.0	90143.0	93682.5
MHW117_trimmed_clipped_R1_paired	8744.0	8843.0	8986.5	9067.0	9131.5	9295.0	9633.0	10082.0	10659.0	11222.0	12014.0	12852.0	13601.5	15065.0	16913.5	19064.5	21925.5	26613.5	32394.5	38728.5	47054.5	57966.5	72078.0	90267.5	112932.0	143721.0	179523.5	217697.5	263190.0	316223.0	377325.5	445006.5	517769.5	596976.5	691735.0	842720.5	1135577.0	1383031.0	1428524.0	1382424.5	1321539.5	1290176.5	1296690.5	1348580.5	1415741.5	1472830.0	1522558.0	1571087.5	1618214.0	1671365.5	1734595.0	1667493.0	1500810.5	1376171.5	1264285.0	1159443.0	1063636.5	977262.5	892937.5	814383.0	743489.0	676817.0	617790.0	559991.5	504204.0	453264.5	406632.0	364505.0	325610.5	289527.5	255860.0	224180.0	194130.0	168893.5	146859.0	126462.5	107749.0	92191.5	79552.0	67865.0	58376.5	50834.5	44443.0	38403.5	33814.5	30936.0	28337.0	26646.0	24531.5	22667.0	21250.5	20069.0	19352.5	18383.0	17357.0	16540.0	16194.0	16080.5	15987.5	15862.5	15822.0
MHW117_trimmed_clipped_R2_paired	56304.0	56449.0	56758.5	57118.5	57497.0	57963.0	58908.5	60156.5	61772.0	63052.5	64754.0	66640.5	67713.0	70657.5	74174.5	76878.5	80045.5	87186.0	95415.5	102796.0	112295.5	124482.5	139743.5	159064.0	183021.0	220086.0	262352.0	301294.5	347868.0	401932.5	464808.5	534867.0	609707.5	690102.5	785082.0	936931.5	1231363.0	1480257.5	1527315.5	1484059.0	1422320.0	1388792.5	1398512.5	1451678.0	1516198.0	1572521.5	1620871.0	1666953.0	1717835.0	1786415.0	1862578.5	1786795.5	1606882.0	1476127.5	1359079.0	1251478.0	1152777.0	1063111.5	974441.5	891515.5	817498.5	747699.0	687484.0	628651.0	570449.5	518586.5	471623.0	429538.5	389990.5	352912.0	319538.0	288588.0	259727.5	235563.0	214998.5	196568.5	180392.0	166476.5	155140.0	145446.0	137405.0	131257.5	126191.0	121353.0	117449.5	114747.5	112288.5	110972.0	108952.0	106903.0	106028.0	105230.0	104037.5	102947.0	103382.0	103749.0	103309.5	103121.5	102866.0	102789.0	107143.5
MHW118_trimmed_clipped_R1_paired	8335.0	8415.0	8568.0	8659.5	8688.0	8777.0	9065.0	9440.5	9891.5	10387.0	11048.5	11780.0	12446.5	13634.5	15245.0	17217.5	19892.5	24022.0	28906.5	34766.5	42505.0	52804.0	66344.5	84028.5	105698.0	133655.5	166762.5	203226.0	245954.5	295905.0	355015.0	420740.0	489724.0	564670.5	652140.0	779615.5	1012386.5	1209486.0	1260170.5	1245507.0	1211224.0	1194300.5	1210644.5	1261830.5	1318838.0	1366370.0	1407318.5	1443752.0	1477779.5	1514584.0	1550748.5	1489934.0	1356124.0	1245331.0	1143903.0	1048806.0	959451.0	878173.0	798269.0	723288.0	655109.0	591702.5	536113.5	481945.0	428602.5	380541.0	337779.0	298859.0	263310.5	231431.0	200849.0	172706.5	146706.0	124678.0	106568.0	90508.5	76074.5	63994.0	54597.5	46286.0	39458.5	34123.0	29724.5	25502.0	22213.5	20390.0	18923.5	18012.0	16760.5	15627.5	14862.0	14184.5	13753.5	13271.5	12834.5	12496.5	12366.0	12316.0	12248.5	12178.5	12172.0
MHW118_trimmed_clipped_R2_paired	56583.0	56673.5	56880.0	57168.0	57546.5	58059.5	58973.5	60130.0	61548.0	62708.0	64257.5	65840.5	66689.5	69343.0	72583.0	75153.5	78111.0	84653.5	92343.0	99156.0	107743.5	119192.5	133299.0	150817.5	172777.5	206785.5	245777.0	282156.5	325937.5	377175.0	435956.0	501918.5	573118.0	648313.0	734668.0	863753.5	1097843.0	1294651.0	1343843.5	1330162.0	1298951.5	1284641.5	1301323.0	1351174.0	1408183.0	1454904.5	1493825.0	1530040.0	1567640.5	1616957.0	1663509.5	1596663.5	1454199.0	1342043.0	1238998.5	1140771.0	1050805.0	968890.5	888043.5	813092.0	745584.0	680138.0	623285.5	570919.5	518068.5	470412.0	427544.5	388276.0	351548.5	318251.0	289146.0	261405.0	234905.0	213109.5	194632.5	179082.5	165979.0	153831.5	143759.5	135188.0	128334.0	123217.0	118835.0	114906.0	111809.5	109430.0	107140.5	105824.0	104293.5	102776.0	102134.5	101588.5	100756.0	100132.5	100855.5	101285.5	100825.0	100606.5	100276.0	100145.0	104391.5
MHW119_trimmed_clipped_R1_paired	9022.0	9124.5	9305.5	9408.0	9457.0	9605.0	9982.5	10488.5	11054.0	11566.0	12375.5	13371.5	14236.0	15875.5	18040.0	20425.5	23577.0	28569.5	34816.0	42089.0	51832.0	64307.0	80359.0	101796.0	128041.0	162939.0	203158.0	246607.0	298781.5	359371.0	429775.0	505599.0	584972.0	672572.0	775438.0	932454.0	1240977.5	1509826.5	1567705.5	1521837.0	1451957.5	1407706.0	1403927.0	1450671.5	1511778.0	1565270.5	1611855.5	1653585.5	1694149.5	1744500.0	1809154.5	1735507.5	1558579.0	1429868.0	1312970.5	1197845.5	1089261.5	993432.0	902443.5	819783.5	745023.0	676163.5	619179.0	555460.5	489987.5	436719.5	390775.5	347486.0	306515.5	269548.5	234125.0	202256.0	172656.0	147635.0	127061.0	108116.5	90616.5	75743.5	64743.0	55731.5	48007.0	41693.5	36562.0	31623.0	27782.5	25689.5	24017.0	22850.0	21068.0	19456.5	18449.0	17579.0	17031.5	16369.5	15811.0	15394.0	15218.0	15154.0	15075.0	15004.0	15010.5
MHW119_trimmed_clipped_R2_paired	79862.0	79998.5	80253.5	80517.5	80886.5	81413.5	82424.5	83834.5	85635.5	87055.0	88871.5	90833.0	91923.5	95054.5	98894.0	101958.5	105465.5	113266.0	122467.0	130684.0	141330.0	155334.0	172974.5	194894.0	221967.0	264052.5	312158.5	357287.0	410107.5	470242.5	541186.5	620071.0	701362.5	788334.5	890717.0	1048926.0	1357103.0	1624452.5	1682896.0	1637701.5	1569349.5	1526238.5	1522295.5	1568988.5	1631109.0	1684123.0	1730191.0	1771770.5	1814166.5	1875574.0	1952967.5	1874671.0	1686201.5	1553920.0	1434138.0	1318839.5	1208310.0	1110299.5	1019387.0	935396.5	860971.5	790921.5	731159.0	671218.0	610424.5	555631.0	507841.5	464607.0	422849.0	384932.0	350393.0	319364.5	289703.5	264930.0	244616.5	227835.5	212989.0	198367.5	187137.5	178005.0	170218.0	164600.0	160181.0	156264.0	153180.5	150226.5	147560.5	146079.5	144629.0	143165.5	142866.0	142760.5	141936.5	141504.0	142866.5	143794.0	143430.5	143477.0	143210.0	143171.5	152029.0
MHW120_trimmed_clipped_R1_paired	10603.0	10833.0	11147.5	11321.5	11461.0	11646.0	12012.5	12473.5	13001.5	13450.5	14238.0	15150.5	15879.5	17548.5	19661.5	21807.0	24611.0	29177.0	34879.5	41416.5	49624.0	59990.5	73438.5	90650.5	111710.0	139086.0	170758.5	204966.0	245585.5	292399.5	346790.5	406564.5	470612.5	543007.0	639626.0	831700.0	1269664.0	1610221.0	1587458.5	1450736.5	1328951.0	1262237.0	1265288.0	1338035.0	1434264.5	1524693.0	1613780.5	1708169.5	1807037.5	1920508.0	2031258.5	1936436.5	1708436.5	1552427.5	1415878.5	1292202.5	1182152.0	1084604.0	988814.5	896634.5	813849.5	736828.0	667886.0	601941.0	537604.0	478878.0	425225.5	376664.0	331280.5	289671.0	251919.5	215395.5	180953.5	152070.5	126969.5	104849.5	85453.5	69065.5	56052.5	45449.5	37508.0	31685.0	27326.0	23426.0	20550.0	19118.5	18081.5	17459.5	16261.0	15116.0	14364.0	13663.5	13222.0	12741.5	12391.0	12126.0	11992.0	11923.5	11779.0	11612.5	11566.0
MHW120_trimmed_clipped_R2_paired	34523.0	34812.0	35291.0	35681.5	36067.5	36636.0	37726.5	39033.0	40513.5	41769.0	43735.5	45816.0	46818.0	49742.0	53263.0	55913.5	59029.5	66274.0	74878.0	82177.5	91072.5	102720.5	117585.0	135725.0	157239.0	189904.5	227170.5	261472.5	303060.5	351322.0	406807.0	468182.0	533148.5	605420.5	701877.0	894892.5	1332129.5	1670822.0	1648379.0	1515676.0	1394885.5	1324162.0	1325850.5	1397973.0	1491518.5	1580070.5	1668812.5	1764447.5	1870259.0	2004721.0	2144586.0	2047042.0	1796876.5	1632031.0	1492826.5	1366837.0	1253378.0	1152987.5	1056260.5	966245.0	884412.5	807890.0	739217.0	671735.0	607095.0	549888.5	497323.0	448212.0	402636.5	360879.0	321372.5	284586.0	250422.0	220805.0	195838.0	172583.5	152283.5	136468.5	123381.5	111552.5	102217.5	95630.0	90432.0	84891.5	80522.0	78569.5	76745.0	75710.5	73415.5	71110.0	70017.5	68967.5	67613.5	65993.5	65303.5	64741.0	64029.5	63509.5	63074.5	62729.0	62674.5
MHW121_trimmed_clipped_R1_paired	11969.0	12092.5	12337.0	12536.5	12714.0	12966.0	13460.0	14158.0	14955.0	15776.0	16902.0	18078.0	19203.5	21282.0	24014.0	27398.5	31751.5	38035.5	46344.0	56480.5	69461.5	86738.0	109121.0	138196.0	174336.0	221194.0	276347.0	336385.5	408399.0	492610.5	587200.0	689186.0	796713.5	912434.0	1052079.0	1279320.5	1728378.5	2112673.5	2173072.0	2061346.0	1923449.0	1847885.5	1835461.0	1885559.5	1953615.5	2009876.0	2052003.5	2085220.0	2118476.5	2155133.5	2179510.5	2075959.5	1882520.0	1719440.5	1566474.5	1425123.0	1298953.5	1184349.0	1070092.0	963761.0	869860.0	782017.0	703390.0	627354.5	556315.5	494209.0	436312.5	383486.0	335838.5	293008.5	253407.5	216212.5	182342.0	154054.5	129349.0	107223.0	88640.5	73422.0	61111.5	50775.5	42778.5	36640.0	31913.5	27547.5	24089.0	22302.0	21012.0	20160.0	18788.0	17519.5	16721.5	16014.0	15566.0	15013.5	14566.0	14254.0	14114.5	14038.5	13871.0	13680.0	13618.5
MHW121_trimmed_clipped_R2_paired	41314.0	41522.5	42013.0	42574.0	43170.5	43939.0	45302.0	47015.5	49092.0	50845.5	53287.5	55883.0	57423.0	61530.0	66357.0	70212.0	74918.5	84857.0	97087.0	108440.5	122521.5	141392.0	165369.0	195434.5	232346.0	285672.0	347541.5	409561.0	482797.5	566478.5	664001.0	770247.0	880831.5	997265.0	1133270.5	1360326.5	1810865.0	2194166.0	2255306.5	2146795.5	2009866.0	1930170.5	1916296.5	1969811.5	2039015.0	2089319.0	2128928.0	2168721.0	2206142.5	2254464.0	2303265.0	2199269.0	1986266.0	1816466.0	1662842.5	1519629.5	1392308.5	1275567.0	1161381.0	1057456.0	963263.0	875340.0	798049.0	722906.0	651004.0	587833.5	529581.0	477583.5	430472.0	386739.5	347068.0	310574.0	275821.5	246840.0	222722.5	201095.0	182528.5	166764.5	154239.5	142788.0	133125.0	126023.0	120125.5	114550.0	110071.0	107537.5	105211.5	103906.5	101719.5	99505.0	98579.0	97778.5	96482.0	95076.5	94823.5	94531.0	93713.0	93042.5	92411.0	91975.5	91976.0
MHW122_trimmed_clipped_R1_paired	10314.0	10515.0	10825.5	10984.5	11160.0	11430.0	11847.5	12366.5	12952.0	13521.5	14358.0	15346.5	16224.0	17794.0	19931.0	22482.5	25959.0	31220.5	37828.0	45666.5	55552.0	68375.5	85334.0	107306.0	134066.5	168995.0	210259.5	255321.0	308837.5	369819.0	439579.5	517642.0	598428.5	687489.5	798098.0	983136.0	1362480.0	1677235.5	1712618.5	1621630.0	1514579.5	1458932.5	1460688.5	1516681.0	1588574.5	1646347.5	1696188.5	1746874.5	1795892.0	1845346.0	1884586.0	1803310.5	1635588.0	1498147.5	1373438.5	1255599.0	1146261.0	1047926.0	950804.5	859469.0	779101.0	703194.0	634370.0	568269.5	504925.5	448731.0	398343.0	352059.0	308547.0	269915.5	233959.0	199946.0	169017.0	142811.0	120371.5	101086.5	83907.0	69013.5	57364.0	47694.0	39937.5	33688.5	28742.0	24387.0	21005.0	19130.0	17772.5	16947.5	15748.5	14691.0	14017.5	13391.5	12966.0	12461.0	12084.5	11804.0	11681.0	11642.5	11521.0	11357.0	11304.0
MHW122_trimmed_clipped_R2_paired	32381.0	32610.5	33107.5	33597.0	34050.0	34654.0	35815.0	37245.5	38906.0	40285.0	42236.0	44309.0	45495.0	48845.5	52699.0	55691.0	59622.0	67748.0	77196.5	85953.5	96934.5	111223.5	129163.0	151237.5	178391.0	218468.5	265790.0	311480.0	364827.0	427454.5	498450.5	576358.5	660100.5	750374.5	858945.5	1044934.5	1425858.0	1740477.0	1773650.0	1684996.5	1580439.0	1522199.5	1522126.0	1576669.5	1647045.0	1705596.5	1756120.5	1806606.5	1859082.5	1923868.5	1983095.5	1894322.0	1712819.5	1576001.5	1448041.5	1327474.0	1215950.5	1117654.0	1021590.5	928886.5	848375.0	772165.0	704053.0	639162.5	575501.0	518181.5	466785.0	421502.5	379057.0	339749.5	302767.0	267878.5	236790.5	210668.0	188556.5	168062.5	149935.0	135310.0	123451.0	112486.5	103253.5	96485.5	91042.0	85323.0	80633.0	78155.5	75992.0	74746.5	72498.5	70299.0	69114.0	68068.0	66858.0	65467.0	64862.0	64305.5	63641.5	63097.0	62580.5	62202.5	62167.5
MHW123_trimmed_clipped_R1_paired	10437.0	10567.5	10801.0	10956.5	11119.0	11389.0	11850.0	12409.0	13139.0	13917.5	14985.0	16152.5	17170.5	19078.5	21665.5	24718.5	28670.0	34793.5	42791.5	52311.5	64469.0	80152.5	100389.0	126789.5	159510.5	201456.0	251158.5	306566.0	369868.5	442146.0	524708.0	614114.0	708883.5	810079.5	930507.5	1124989.5	1513635.5	1846951.0	1893613.0	1801840.0	1696893.5	1642635.5	1642319.0	1697217.0	1769389.0	1828016.5	1876952.0	1922627.5	1962677.0	2004836.0	2041782.0	1945125.0	1756138.5	1603881.5	1464777.5	1333806.0	1213041.0	1106199.0	1001788.0	902986.0	815247.5	733473.0	662195.0	593641.5	524689.0	465215.5	413284.5	363952.0	318944.0	279147.0	241240.5	205789.5	174494.0	148067.5	125637.5	106517.0	89060.0	73772.5	62176.0	52509.5	44624.5	38492.0	33354.5	28453.0	24547.5	22375.5	20807.0	19761.0	18227.5	16865.5	16014.0	15270.5	14766.5	14202.0	13758.5	13438.0	13288.0	13212.5	13049.5	12850.0	12788.5
MHW123_trimmed_clipped_R2_paired	35897.0	36084.5	36504.0	36979.5	37450.0	38056.0	39310.0	40902.0	42706.0	44194.5	46337.0	48652.0	49919.5	53586.0	57943.0	61525.0	66079.5	75301.5	86096.5	96516.5	109457.0	125977.5	147372.0	174592.5	208474.5	256490.5	312432.5	368886.5	432755.0	505406.5	590657.5	683129.0	778599.5	880524.5	1000854.0	1195968.5	1584563.0	1914456.0	1962977.5	1876150.5	1771581.5	1715553.5	1714303.5	1768475.0	1839186.5	1897252.5	1944917.5	1990832.5	2036968.0	2094847.0	2153675.5	2055892.5	1852486.5	1695083.5	1551992.5	1419920.0	1298003.0	1187501.5	1082497.0	985044.0	898693.5	817416.5	745340.5	677022.0	608592.0	548479.0	495041.5	446644.5	402413.0	361534.0	323363.0	289084.5	257437.5	230211.0	207935.5	188535.5	171179.5	155853.0	143980.5	133023.0	123697.0	116506.5	110309.0	104624.0	100097.0	97307.0	94865.5	93504.5	91368.0	89275.0	88479.5	87811.5	86596.0	85392.5	85274.0	84966.5	84115.0	83424.5	82857.5	82448.0	82413.5
MHW124_trimmed_clipped_R1_paired	11188.0	11678.5	12444.5	12824.5	12987.5	13084.0	13322.0	13713.5	14279.0	14915.5	15732.5	16403.0	16829.5	18235.0	20008.5	21658.0	23870.5	28025.5	33029.0	38130.5	44528.5	53022.5	64126.0	78215.0	95845.0	120310.5	149210.5	180160.0	217386.0	261444.5	314852.0	376265.5	442468.0	519178.0	631846.5	865009.5	1385244.0	1799283.5	1788448.5	1631317.0	1478278.5	1385507.0	1382798.0	1467403.5	1588633.0	1704420.0	1819141.5	1944285.5	2078484.5	2233625.5	2395890.0	2287872.0	2002731.5	1823092.0	1668943.5	1522387.5	1383773.5	1265048.0	1152476.5	1045599.0	952996.5	867259.5	793637.5	715736.5	635248.0	566456.5	505280.5	449796.5	397652.5	349819.5	303295.0	259785.5	220369.0	186644.0	158214.5	132231.5	108173.5	88072.0	72959.0	60306.5	50186.0	42148.5	35755.0	29868.0	25189.0	22819.0	21163.5	20117.5	18431.0	16910.5	15954.0	15059.0	14531.0	14002.5	13595.0	13270.0	13120.0	13040.5	12873.5	12728.5	12706.5
MHW124_trimmed_clipped_R2_paired	37156.0	37695.5	38639.5	39313.0	39770.0	40308.0	41404.5	42803.5	44374.5	45597.5	47366.5	49115.5	49933.0	52674.5	55798.0	58025.0	60592.0	67326.0	75099.0	81320.0	88458.5	97727.5	109853.0	124437.5	142461.0	172544.5	207406.0	238330.5	275508.5	319946.5	374178.5	436250.0	504577.0	583147.0	692818.5	924937.5	1448550.0	1861146.5	1848700.0	1695054.5	1542856.5	1448432.5	1443227.0	1524743.0	1641934.0	1756920.0	1870781.5	1995063.0	2134681.5	2317229.5	2521752.0	2410418.5	2097788.0	1909745.5	1752069.0	1604397.0	1463211.5	1340791.0	1225513.0	1119773.5	1029670.5	943065.5	868508.0	791581.5	711153.0	641424.5	580593.5	525568.0	472651.5	423330.0	376404.0	332660.0	292668.0	258563.0	230210.5	203321.5	178711.5	158160.0	141932.0	128080.0	116726.0	107850.5	100598.5	93364.5	87441.0	84329.0	81746.5	80256.5	77406.0	74644.0	73164.5	71810.5	70237.0	68375.0	67539.0	66878.5	66099.0	65465.0	64890.5	64478.5	64441.0
MHW125_trimmed_clipped_R1_paired	10317.0	10443.0	10649.0	10810.0	10959.5	11138.0	11594.0	12208.0	12880.5	13512.0	14381.5	15413.0	16392.0	18413.5	20819.5	23407.5	26920.5	32556.0	39777.0	48157.5	59385.5	73853.5	92829.0	118099.5	149447.5	190651.5	239613.5	293094.5	355845.0	429239.5	513951.5	607544.5	707865.5	813648.0	934012.0	1117428.0	1449820.0	1746342.0	1824235.5	1761456.5	1665673.5	1610453.5	1605361.5	1649134.5	1702874.5	1739338.0	1764424.5	1786291.0	1805136.0	1824509.0	1831725.5	1741567.0	1582770.5	1443602.0	1314125.0	1194514.0	1086700.0	990165.0	893767.0	804116.5	724454.0	647769.0	580922.5	519206.5	459783.0	406218.5	358459.5	315251.5	275901.0	241154.5	209258.5	178846.5	150003.0	125853.5	105079.0	86714.5	71741.0	59578.5	49749.0	41858.5	35480.5	30574.5	26903.0	23308.5	20498.5	19176.5	18197.0	17558.0	16370.5	15272.5	14577.0	13958.5	13576.0	13105.5	12734.0	12438.0	12322.0	12287.0	12164.0	12010.5	11960.5
MHW125_trimmed_clipped_R2_paired	33484.0	33646.0	33976.5	34377.0	34850.5	35535.5	36670.0	38049.0	39811.5	41202.0	43226.0	45513.0	46772.0	50082.0	54044.5	57272.5	61233.5	69350.5	79221.0	88677.5	100811.5	116986.5	137353.5	163246.5	195739.5	242398.5	296408.0	349866.0	413624.0	488081.5	575092.0	670438.5	770357.5	875730.5	996124.0	1179831.5	1512850.5	1806836.5	1882730.0	1826768.0	1733428.5	1674471.5	1666040.5	1709377.5	1765863.0	1800377.0	1821459.0	1843698.5	1867445.5	1897278.5	1924103.0	1835167.0	1662736.0	1520430.0	1389128.0	1267863.5	1158272.0	1060305.5	965403.0	875471.5	794594.0	719200.0	653614.5	591042.5	531577.0	479445.0	431235.5	388757.0	350067.0	314037.5	281266.5	250811.0	222115.5	198197.5	177848.5	159593.0	144241.0	131694.0	121559.5	112396.5	104894.0	99192.0	94561.5	90116.0	86589.5	84587.0	82799.0	81937.5	80189.5	78291.5	77397.5	76668.5	75566.0	74349.0	74102.0	73803.0	73167.5	72664.5	72187.5	71856.5	71819.0
MHW126_trimmed_clipped_R1_paired	8895.0	9314.5	9951.5	10275.5	10430.5	10596.0	10947.0	11350.5	11681.0	11882.0	12296.0	12893.0	13395.5	14553.5	15983.5	17460.5	19425.0	22698.5	26687.5	30830.5	35901.5	42435.0	50687.0	60976.0	73172.5	89231.5	108058.0	127530.5	150556.0	177675.0	210965.0	248955.0	290563.0	342258.5	428930.0	649146.5	1234956.5	1659727.5	1551449.0	1311382.5	1094450.0	963970.5	939454.0	1009668.5	1124201.0	1244677.5	1373425.5	1524444.5	1701876.5	1913688.5	2151367.5	2052430.5	1721570.0	1535949.0	1391661.0	1268463.0	1161052.0	1069293.0	979482.5	891029.0	816238.0	747074.5	685562.0	621546.0	555828.5	498602.0	445752.5	396574.5	351527.5	309956.5	269983.0	230923.5	193984.0	162653.5	135554.5	111313.5	89700.5	71457.0	57092.0	45804.5	37326.5	30705.5	25727.0	21535.0	18386.0	16823.0	15761.0	15072.0	13927.5	12921.0	12206.5	11512.5	11062.0	10584.0	10227.5	9943.5	9789.5	9724.0	9594.5	9457.5	9418.5
MHW126_trimmed_clipped_R2_paired	32339.0	32810.5	33576.0	34084.5	34489.0	34902.0	35737.0	36874.0	38156.0	39148.0	40642.5	42206.5	42917.5	45311.0	48123.5	50015.5	52198.0	57853.5	64272.0	69264.0	75210.0	82682.0	91850.0	102681.5	115657.5	137450.5	161140.0	180138.5	203326.5	231349.0	265615.0	304742.0	347542.0	398181.5	480549.0	700279.0	1292592.5	1720058.0	1610947.5	1373270.5	1156097.5	1021430.5	995455.0	1063812.5	1173501.0	1291377.0	1416441.5	1565005.0	1747609.5	1991890.0	2277398.5	2169914.0	1806918.0	1612416.5	1462123.5	1335471.5	1227841.0	1136178.0	1045620.5	959512.5	884196.5	813552.0	751059.0	687103.0	622645.0	564203.0	510849.5	463420.0	418294.5	375021.5	334442.0	295419.5	258078.5	226081.0	198487.5	172483.5	149458.5	130923.5	116411.0	104047.5	94023.0	86660.0	80893.0	75078.5	70499.0	68410.0	66627.0	65560.0	63183.0	60842.5	59427.5	58088.0	56784.0	55284.0	54494.5	53843.0	53235.5	52734.5	52286.0	51938.5	51882.0
MHW127_trimmed_clipped_R1_paired	12159.0	12406.0	12775.5	13014.0	13159.0	13301.5	13739.5	14333.0	14942.5	15500.0	16393.0	17484.5	18365.5	19990.5	22231.0	24830.0	28137.5	33396.0	40029.5	47421.5	56975.5	69228.0	85130.0	105203.0	128823.5	159805.5	196262.0	234871.5	279839.0	331811.0	390895.0	457272.5	528402.5	606947.5	711459.5	924272.5	1407163.5	1774449.0	1746875.0	1591495.5	1437407.0	1349590.0	1345061.0	1413538.0	1508639.5	1599782.0	1690425.5	1788349.0	1893441.0	2017559.5	2144253.0	2038256.0	1777244.5	1600027.5	1452599.5	1319323.5	1198868.0	1096391.0	995203.0	899739.0	816575.5	739179.0	671592.5	604050.0	535920.5	476601.0	424188.0	374662.5	328669.5	287039.0	247857.0	211445.5	177379.0	147921.5	122931.0	99838.5	80347.0	64797.0	52339.0	42768.5	35661.5	30584.5	26949.0	23560.0	21054.5	20021.5	19199.5	18606.0	17385.5	16244.0	15541.5	14908.0	14484.0	13968.0	13572.5	13255.5	13102.5	13045.5	12892.0	12740.5	12714.0
MHW127_trimmed_clipped_R2_paired	35904.0	36168.0	36642.0	37052.5	37517.0	38063.5	39103.0	40570.0	42244.5	43692.5	45874.0	48099.0	49237.0	52190.5	55780.5	58878.5	62786.5	70928.0	80252.0	88496.0	99025.5	112650.0	129229.5	149575.5	174349.0	210902.0	252747.5	291586.0	337536.0	390544.0	451351.0	519572.5	591357.0	670499.5	773513.5	985611.5	1469791.0	1834575.0	1806268.5	1655076.0	1504741.0	1415579.0	1406586.0	1472295.0	1566932.5	1656725.0	1745235.0	1846326.0	1957369.5	2104084.0	2265563.5	2152126.0	1863525.5	1680838.0	1530170.0	1394826.5	1271558.5	1166410.0	1066815.0	970962.5	888924.5	812264.5	743415.5	675284.0	608122.0	549556.5	495822.5	447051.5	401322.5	358264.5	317964.0	281206.0	247470.5	217627.0	192355.5	168778.0	148324.0	132386.5	119650.5	108776.5	100359.5	94583.0	90002.0	84928.5	80836.0	79060.5	77463.0	76532.0	74392.5	72199.5	71003.5	69947.5	68551.0	66886.0	66218.5	65725.0	65151.5	64674.0	64182.0	63782.0	63757.0
MHW128_trimmed_clipped_R1_paired	11023.0	11210.0	11536.5	11733.0	11861.0	12093.0	12565.0	13144.0	13802.0	14458.0	15410.5	16505.0	17493.0	19464.5	21936.0	24751.0	28618.5	34643.5	42277.0	51050.5	62314.0	77285.0	97249.0	123056.0	154616.0	195361.5	243998.0	298031.5	361285.0	434027.5	518525.5	612759.0	711254.5	818024.0	948571.0	1160691.0	1578529.0	1932520.0	1987269.5	1892701.5	1777915.0	1721675.0	1724556.5	1783086.5	1858495.5	1920125.5	1968021.5	2013379.5	2057077.0	2098370.5	2128233.0	2026859.5	1836302.0	1681522.0	1537005.5	1400932.5	1275566.5	1162280.5	1052593.0	949386.5	856327.5	769023.5	692596.0	619969.0	549851.0	487115.5	430256.0	378709.0	331435.0	289551.5	250520.0	213413.5	179116.5	150496.5	126185.5	104352.0	85693.5	70162.0	57905.5	48073.5	40022.5	33842.5	29294.0	25169.0	21926.0	20379.0	19226.5	18404.0	17072.5	15859.0	15052.5	14310.0	13866.0	13381.0	13012.0	12726.5	12594.0	12539.5	12395.5	12218.0	12163.0
MHW128_trimmed_clipped_R2_paired	36605.0	36815.5	37239.5	37691.5	38191.5	38897.5	40155.5	41674.0	43512.5	45025.5	47186.5	49541.0	50851.5	54452.5	58798.0	62325.0	66569.5	75523.0	86185.0	96141.5	109054.0	125586.5	146268.5	172300.0	204492.5	251150.5	306209.5	360889.0	424473.0	499274.0	585536.5	678379.5	778061.0	886524.0	1015326.5	1228456.5	1645887.0	1998055.5	2053709.0	1964469.0	1852687.5	1792428.5	1792365.5	1850209.0	1925902.5	1986856.0	2035611.5	2081446.5	2126166.0	2183268.0	2235327.0	2133850.5	1930683.0	1766665.5	1616771.0	1480767.0	1353320.5	1238026.5	1127885.5	1025132.0	932812.5	846221.0	770537.0	697675.0	627924.0	566042.0	508534.0	457019.0	410715.0	368583.0	328986.0	291627.0	257911.0	229411.5	204624.0	182300.0	163631.0	148358.0	135782.5	124089.0	114690.0	107934.5	102217.0	96522.5	91940.0	89610.0	87542.0	86332.5	84129.5	81975.0	80992.5	80109.5	78872.5	77514.5	77223.0	76850.5	76041.5	75397.0	74833.0	74442.0	74399.5
MHW129_trimmed_clipped_R1_paired	11707.0	11842.5	12084.0	12264.5	12424.0	12697.0	13227.0	13892.0	14694.0	15525.0	16650.5	17985.5	19232.0	21493.5	24497.0	27838.5	32298.0	39539.0	48990.0	60420.0	74840.5	94121.0	119784.0	153106.0	194983.5	249177.5	313714.5	385937.5	469903.5	568388.0	683871.5	807171.0	936980.5	1078539.5	1241286.5	1482586.0	1919470.0	2295536.0	2386284.0	2318231.0	2206300.0	2135238.5	2121200.5	2175608.0	2248061.5	2299192.0	2333899.5	2360825.5	2381740.0	2403429.5	2414798.5	2299345.5	2095295.5	1919699.5	1755457.0	1597170.5	1448581.5	1315523.5	1188723.0	1070959.5	964132.0	864851.5	779884.5	696799.0	614707.5	542980.5	480387.5	423306.0	369369.0	322459.0	278510.0	236969.5	199538.0	167694.0	140319.5	115954.5	95391.5	78775.0	65618.5	54693.5	45701.0	38868.0	33746.0	28870.5	24998.0	22988.0	21629.5	20770.5	19259.0	17861.0	16952.5	16116.5	15534.0	14944.5	14524.0	14219.0	14093.0	14021.5	13850.0	13654.5	13598.0
MHW129_trimmed_clipped_R2_paired	41425.0	41576.5	41968.5	42474.5	43074.5	43864.0	45268.5	47067.5	49243.0	50952.0	53404.5	56220.0	57855.5	62054.5	67145.5	71374.5	76541.0	87365.0	100480.5	112796.5	128825.5	149760.5	176285.5	211049.5	253580.0	313898.0	386135.5	458818.5	544311.5	645174.0	761455.5	887240.5	1018836.5	1160379.5	1322074.5	1565379.0	2004432.0	2378002.5	2467977.0	2402327.0	2293186.0	2219591.0	2204399.0	2259328.5	2330122.0	2383014.5	2418228.0	2445729.5	2470787.5	2508183.5	2543031.0	2425861.0	2205202.0	2023736.0	1856356.0	1697022.0	1548383.0	1414930.0	1288107.5	1170007.0	1064314.0	964483.5	879076.0	797103.0	714679.5	643129.5	580174.0	522646.5	470016.0	422152.5	376775.5	335183.5	296753.5	264517.0	237600.5	214112.0	194090.0	176914.5	163016.5	150106.0	139666.0	131999.0	125505.5	119492.0	114639.0	111834.5	109310.5	107947.5	105559.5	103130.5	102173.5	101380.5	100173.0	98866.5	98712.0	98495.5	97719.0	97067.0	96466.0	96021.0	95934.0
MHW130_trimmed_clipped_R1_paired	11030.0	11432.0	12027.5	12375.5	12643.5	12979.5	13533.5	14089.5	14646.0	15196.0	16022.0	16969.5	17910.0	19453.5	21526.5	24088.0	27497.0	32582.0	38817.5	45943.5	54718.0	66215.5	80869.0	98622.5	120332.5	148894.0	180940.5	213783.5	253793.0	300448.5	354686.5	415016.5	480401.5	555901.0	665104.0	905210.0	1458987.5	1869158.5	1809108.0	1620877.5	1446019.0	1335080.5	1324977.5	1409921.0	1529034.0	1647015.5	1773296.0	1917440.0	2085662.0	2287580.0	2514458.5	2384073.0	2013481.0	1793955.5	1616018.0	1464171.0	1334492.5	1224903.0	1116875.0	1012319.0	920757.5	836809.5	762408.5	687370.0	612151.5	546618.0	487682.5	433687.0	383458.5	337856.0	295872.0	254692.5	215642.0	183532.5	156663.0	133422.0	110422.5	88988.0	73533.0	60767.0	50507.5	42117.5	35394.5	29623.0	24933.5	22044.0	19985.5	18561.0	16847.0	15427.5	14527.0	13770.5	13278.0	12760.5	12359.0	12031.5	11850.5	11774.0	11652.0	11497.0	11434.0
MHW130_trimmed_clipped_R2_paired	37074.0	37521.0	38237.5	38814.0	39422.0	40088.5	41210.5	42694.0	44455.0	45807.0	47884.5	50136.5	51301.0	54488.5	58189.5	61217.5	65032.5	73063.5	82326.0	90376.0	100308.5	113073.0	128829.0	147365.0	169649.0	204029.0	241413.5	274582.5	315478.5	362765.0	418162.5	480850.0	547083.0	620817.0	726759.5	967254.0	1524773.0	1935196.0	1875861.0	1690812.0	1516953.5	1402068.0	1387472.0	1468935.5	1585118.0	1701884.5	1826451.5	1970222.0	2142810.5	2380211.5	2658353.5	2517221.5	2110472.0	1880933.0	1697619.0	1545630.5	1415161.0	1301855.5	1191401.5	1087600.0	998888.0	914972.5	838937.0	764161.0	690215.5	624548.0	564753.5	511738.0	461617.5	413664.5	370691.0	329869.0	291010.0	258170.0	231139.0	206719.5	182490.5	161311.0	145640.0	131597.5	119791.0	110742.5	103200.5	95610.5	89222.0	85687.5	82783.0	81059.5	78338.5	75708.5	74289.5	73037.5	71609.5	70040.0	69621.0	69243.0	68528.0	67859.0	67145.0	66673.0	66611.5
MHW131_trimmed_clipped_R1_paired	11765.0	12150.5	12796.0	13245.0	13496.5	13783.0	14443.0	15163.5	15837.0	16547.5	17628.5	18820.5	19846.5	21915.0	24616.5	27603.5	31593.0	38181.0	46126.5	54872.0	66323.5	81189.0	99385.5	121541.0	148861.5	184486.0	224460.5	267005.0	316025.5	370909.0	435431.0	507409.5	583141.0	669189.5	792894.0	1073527.0	1788038.0	2329923.5	2239400.5	1970139.5	1728240.0	1585187.5	1561997.0	1650132.5	1783385.0	1916018.0	2050058.0	2198665.0	2361384.5	2544005.0	2729754.5	2606429.5	2275906.5	2061157.5	1878084.5	1714228.5	1568623.5	1440734.5	1315645.0	1195345.5	1088057.5	989566.0	902709.5	813468.0	724765.5	647480.0	577496.0	512210.0	452330.0	397885.0	347018.0	298554.5	251954.5	213149.5	180777.0	153092.5	127358.0	103934.5	86157.5	71417.5	59224.5	49402.0	41652.5	34713.0	29195.0	25841.0	23462.0	21893.5	19995.5	18387.0	17374.5	16447.5	15801.5	15128.5	14598.0	14168.0	13935.5	13826.0	13620.0	13386.5	13316.5
MHW131_trimmed_clipped_R2_paired	40427.0	40870.0	41662.5	42364.5	43003.0	43740.0	45182.0	47021.0	49020.0	50573.0	52816.5	55274.5	56535.0	60191.0	64745.0	68569.5	73116.0	82585.0	93728.0	103983.0	116785.5	132507.5	152200.0	175787.0	203531.5	244487.5	290979.0	334238.5	384012.5	440647.5	506639.0	580156.0	656958.0	742509.0	864558.5	1147223.5	1861584.5	2401642.5	2315342.0	2050741.0	1809121.0	1662307.5	1635076.0	1721481.5	1853593.5	1984216.0	2115522.5	2263387.0	2433652.0	2648192.0	2884391.0	2756626.0	2386964.5	2158273.0	1971495.0	1807590.5	1661069.5	1532260.0	1405683.5	1284036.5	1178355.5	1080154.5	991259.5	903045.0	814376.5	735976.5	666049.5	601927.0	541569.5	484623.5	432686.5	384077.5	337965.0	299164.5	266665.5	237988.5	211082.0	187243.5	169178.0	152815.5	139143.5	128559.5	119602.5	110933.5	103601.5	99518.5	96305.0	94326.0	91142.5	88093.0	86465.0	85011.5	83279.5	81300.0	80503.0	79874.0	78974.5	78232.0	77502.0	76934.0	76808.5
MHW132_trimmed_clipped_R1_paired	9329.0	9613.5	10070.0	10300.5	10406.5	10572.5	10942.5	11403.5	12049.5	12680.0	13502.5	14476.0	15219.0	16906.0	19036.0	21372.0	24403.5	29318.0	35367.0	42044.0	50801.0	62172.5	76512.5	94470.5	116427.5	145912.0	180536.5	217603.0	261129.0	311183.5	369673.0	433988.0	502761.5	582180.5	692205.5	911208.0	1400524.0	1796300.0	1792566.5	1634928.0	1478304.5	1383938.0	1370674.5	1440552.0	1541984.5	1635996.0	1729270.5	1830886.5	1938168.0	2059361.5	2182613.0	2088193.0	1845699.0	1679697.0	1534855.5	1398170.0	1272642.5	1164907.0	1060182.0	962395.5	875152.5	792141.0	721391.5	650125.0	578216.0	514813.5	458294.5	406480.0	358442.0	314005.5	272155.5	234200.0	197653.5	167227.0	142266.0	120268.5	99672.5	81409.0	67571.0	56407.0	47527.0	39994.0	33999.0	28484.0	24156.0	21683.5	19781.0	18528.0	16821.5	15310.5	14396.0	13597.5	13107.0	12608.5	12245.5	11942.5	11781.0	11721.5	11585.5	11426.5	11373.5
MHW132_trimmed_clipped_R2_paired	31819.0	32145.5	32727.5	33184.5	33615.5	34167.0	35202.5	36475.0	37922.5	39131.5	41010.0	42956.5	43943.5	46951.5	50414.0	53074.5	56443.5	63766.5	72347.5	79903.0	89033.0	101339.0	117037.5	135320.5	158034.5	192393.0	231438.0	268856.0	312849.0	363426.5	422926.0	488444.0	558701.5	637865.5	745081.0	964505.5	1457078.0	1851435.5	1846551.5	1692759.5	1537524.0	1440332.5	1425755.5	1493528.0	1592072.5	1684863.5	1774925.0	1877089.5	1991704.0	2137143.0	2297729.5	2198009.5	1929219.0	1757758.0	1608420.5	1469487.5	1343581.0	1235542.5	1130680.5	1031771.5	944838.0	862713.0	791146.5	719398.5	646115.5	582487.0	527073.5	475575.5	427167.5	382770.0	340636.0	302141.0	266068.0	235590.0	210360.0	187669.0	167023.5	148569.0	134297.5	121645.5	111273.0	103587.0	97075.0	90313.0	84671.0	81510.5	78896.5	77257.5	74707.5	72283.0	71001.0	69917.0	68620.5	67133.0	66710.5	66357.0	65602.0	65020.0	64532.5	64177.0	64151.0
MHW133_trimmed_clipped_R1_paired	10595.0	10803.5	11161.0	11410.5	11630.5	11895.0	12346.0	12980.5	13776.5	14552.5	15654.0	16888.5	17955.0	19854.5	22504.5	25669.0	29747.0	35950.5	43559.0	52164.5	63462.5	78712.5	98110.5	122474.5	152110.0	190757.0	235508.5	283220.0	339559.0	404270.0	478673.5	561541.0	647765.5	743303.5	868069.5	1100322.5	1613453.0	2020767.0	2009027.0	1854907.0	1712050.5	1632857.0	1629696.0	1699812.0	1795924.0	1879040.5	1950286.5	2023311.5	2097526.0	2176129.0	2246644.5	2143804.0	1921254.5	1749438.0	1594279.0	1453795.5	1327949.5	1213572.0	1100698.5	995453.0	901375.5	812273.0	732382.5	654706.0	581432.5	516278.5	455653.5	400028.5	349426.5	304693.5	264266.0	225921.0	189760.0	158979.0	132569.0	109307.0	89275.5	72815.0	60140.0	49737.5	41294.5	34798.0	30131.0	26006.0	22625.5	20873.0	19644.5	18820.5	17429.0	16175.0	15353.0	14651.0	14222.5	13671.0	13219.0	12883.0	12729.5	12669.5	12528.5	12303.5	12208.0
MHW133_trimmed_clipped_R2_paired	36559.0	36806.5	37261.5	37738.5	38274.5	38965.5	40277.5	41859.0	43656.5	45213.0	47557.5	49952.5	51250.5	54763.5	58940.5	62681.0	67318.5	76265.5	87039.5	97163.0	109190.5	125189.5	145907.0	171224.0	201948.5	246061.5	295870.0	343669.0	401079.0	467165.5	543564.5	628492.0	716873.5	812574.5	937121.0	1168195.0	1679947.0	2087051.0	2077118.5	1926661.0	1785091.5	1703452.5	1694968.0	1763444.0	1859644.5	1942478.0	2015179.0	2088665.5	2167357.0	2266589.0	2365326.0	2256878.0	2013420.0	1836030.0	1676663.0	1534381.5	1407747.5	1292766.5	1178760.0	1071889.0	977942.0	889456.0	810062.5	733145.5	658180.5	592740.0	533317.0	479426.5	429533.0	383513.5	342007.0	303129.0	267069.0	236393.5	210279.0	187136.5	167375.5	151068.0	137980.0	126057.0	116203.0	109004.0	103445.5	97903.0	93399.5	91038.0	88908.0	87770.0	85748.5	83728.0	82575.0	81480.5	80201.5	78762.0	78311.0	77903.0	77148.0	76510.0	75920.0	75508.0	75440.5
MHW134_trimmed_clipped_R1_paired	8223.0	8422.5	8730.5	8899.0	9027.5	9256.5	9696.5	10192.5	10702.5	11133.0	11865.0	12768.0	13485.0	14971.0	16817.5	18985.0	21939.5	26613.0	32381.0	39144.0	48380.0	60375.0	75994.0	96543.5	122159.5	156246.0	197067.5	242573.0	296321.0	358875.5	431399.5	512781.0	600704.0	694525.0	804495.5	970320.0	1264838.5	1515415.0	1577490.5	1542742.0	1483610.0	1451684.0	1456622.0	1503909.0	1562525.0	1605245.5	1639647.0	1672010.5	1700324.5	1727627.0	1744937.0	1660781.0	1504270.5	1374083.0	1255157.0	1141980.0	1037119.5	942873.5	853335.5	769647.0	692904.0	620970.0	560435.0	502202.0	444111.5	392440.0	345733.0	303879.5	265640.5	231344.5	199690.5	169807.5	142327.5	119236.5	99430.0	81858.0	67049.0	54496.0	44786.0	37260.0	31003.0	26196.0	22681.5	19434.5	16880.0	15648.5	14785.0	14217.5	13093.5	12020.5	11352.5	10765.5	10438.0	10014.0	9670.0	9446.5	9359.5	9315.0	9216.0	9109.5	9095.0
MHW134_trimmed_clipped_R2_paired	28253.0	28430.5	28808.0	29213.0	29651.5	30287.5	31385.0	32672.0	34179.0	35370.0	37091.0	38904.0	39900.5	42756.5	46153.0	48728.0	51940.5	59059.0	67202.5	74637.0	84434.5	97445.5	113838.0	134861.0	161228.0	199410.5	244427.5	289973.5	344180.0	407438.0	480895.0	563492.5	650552.0	744161.5	855894.5	1021748.0	1316799.5	1567849.5	1630805.5	1597108.0	1537822.0	1504030.5	1508063.5	1556285.0	1615088.5	1658026.5	1692365.0	1724739.0	1754342.0	1796208.0	1832482.5	1744119.0	1575874.5	1443862.0	1322134.5	1205827.0	1100802.5	1005842.5	914780.0	830595.0	755339.0	684657.0	622734.0	563072.5	504608.0	453223.5	407423.5	367064.5	328783.5	293227.0	260555.5	230019.5	202626.5	179737.5	160228.5	142053.5	126540.0	114094.5	104150.0	95430.0	88140.0	82655.0	78267.5	73627.5	69793.5	67924.0	66226.5	65292.5	63366.5	61469.0	60519.0	59617.0	58543.5	57304.0	56814.0	56429.0	55890.5	55423.5	54995.5	54659.0	54562.5
MHW135_trimmed_clipped_R1_paired	11334.0	11530.5	11770.5	11892.0	12073.5	12372.5	12898.5	13487.0	14138.5	14836.0	15878.5	17046.5	18033.0	19940.0	22408.0	25234.0	29095.5	34786.0	42172.0	51074.5	62474.0	77036.5	95532.5	119075.5	148698.0	187017.5	231746.5	280934.5	337553.0	401195.0	474025.5	555799.0	641336.0	735192.5	855493.0	1079074.0	1560488.5	1941467.0	1946399.5	1801409.0	1650755.0	1573796.0	1569008.0	1630233.0	1715845.5	1791712.0	1860383.5	1929382.0	1999509.0	2080529.5	2154864.5	2050835.0	1828956.0	1667185.0	1523474.0	1385464.5	1257574.5	1144719.0	1036077.0	934113.0	845698.5	764120.0	692442.5	619869.5	547652.0	484788.5	429163.5	378324.0	331101.0	288452.0	247513.0	210032.0	175378.5	145870.0	121163.0	98067.0	78859.0	64206.5	52164.5	42663.5	35855.5	30864.0	27176.0	23795.5	21199.5	20003.0	19110.0	18529.5	17332.5	16190.5	15460.5	14786.5	14343.0	13844.5	13456.0	13133.5	12989.0	12932.0	12818.5	12685.5	12631.0
MHW135_trimmed_clipped_R2_paired	35121.0	35362.5	35833.0	36285.5	36777.0	37438.5	38609.5	40130.0	41935.5	43457.0	45619.0	47820.5	49089.0	52616.5	56757.5	60184.0	64305.5	72993.0	83452.0	93071.0	104971.5	120806.0	140756.5	165355.0	195736.5	238993.5	290025.0	339789.0	396445.5	461854.0	537685.5	620373.0	706560.0	800749.5	919722.0	1142437.5	1622444.5	2000339.5	2007791.5	1870675.0	1721363.0	1640438.5	1632211.0	1691382.0	1776152.0	1851577.0	1922681.0	1995289.0	2070004.5	2166970.5	2266876.5	2159583.5	1919210.5	1753546.0	1606139.5	1465405.0	1336574.5	1222278.0	1111448.0	1009541.5	921610.0	840257.0	768697.5	695019.0	621979.5	560319.5	505501.0	454482.0	406509.5	363688.0	322890.5	284632.5	249677.5	220120.5	195471.5	173103.0	154291.0	138939.5	126830.0	116203.0	107799.0	101915.0	97160.0	92685.0	89127.0	87247.0	85387.0	84318.5	82381.0	80410.0	79399.0	78469.5	77261.0	75996.0	75772.0	75539.0	74902.5	74358.5	73852.5	73437.5	73349.5
MHW136_trimmed_clipped_R1_paired	12097.0	12247.5	12439.5	12555.5	12652.5	12739.0	13021.0	13508.5	14218.0	14882.0	15845.0	16983.0	17860.0	19822.0	22316.5	24880.0	28453.5	34376.5	41725.0	50286.0	61824.0	76734.0	97206.5	124771.5	159193.5	204712.5	258608.5	319172.0	391901.5	478265.5	579541.0	690567.0	807628.5	930618.5	1059369.0	1220706.5	1466521.0	1691814.5	1795951.0	1800149.0	1766058.5	1754308.0	1767944.0	1811928.5	1858056.5	1889889.5	1909290.0	1919858.5	1926090.5	1938681.5	1948017.5	1853846.5	1689194.0	1551163.5	1423445.0	1299121.5	1180164.0	1071483.5	968812.5	874456.5	787738.0	706663.5	637555.0	571523.0	506314.0	448661.5	397395.0	350683.5	306637.5	267992.5	232287.0	198668.0	169263.5	144183.5	122176.0	102864.5	86813.0	73751.0	63198.5	54350.0	47377.5	41821.0	37241.0	32649.0	28957.5	27105.5	25621.0	24670.0	22914.5	21303.5	20311.5	19431.0	18888.5	18235.5	17751.0	17392.0	17236.5	17179.5	17087.5	16970.0	16937.5
MHW136_trimmed_clipped_R2_paired	87175.0	87312.0	87626.0	87983.5	88374.5	88918.5	89980.0	91391.5	93268.5	94814.5	97011.5	99324.5	100418.0	104096.5	108451.5	111819.0	115720.0	124555.0	135356.5	145113.0	157548.5	174516.5	196527.0	224424.0	259817.0	312813.0	374040.5	434681.0	508211.5	594753.5	696715.0	810422.0	928874.5	1052699.0	1181276.0	1340507.5	1586241.5	1813835.5	1919744.0	1925820.5	1892951.0	1879425.0	1892859.5	1938348.5	1984619.5	2018258.5	2040916.5	2051243.5	2059261.5	2085486.5	2109821.5	2015360.5	1843759.0	1701184.0	1568292.0	1441317.0	1320579.0	1211119.5	1109675.5	1015605.0	928854.5	847837.5	777607.5	712198.5	648896.0	591642.5	539562.0	492866.0	449399.5	409400.0	373962.5	341421.5	311134.5	285071.0	262989.5	246532.0	233360.0	219862.5	208618.5	199309.0	191784.5	186126.0	181356.5	178353.0	176298.0	173417.5	170646.5	169179.5	168491.5	167705.0	167960.0	168380.5	167673.5	167649.5	169004.0	169612.5	168942.5	168642.5	168125.5	167885.5	173333.0
MHW137_trimmed_clipped_R1_paired	11707.0	11842.0	12087.5	12231.5	12318.0	12494.5	12882.5	13372.0	13986.0	14611.5	15516.5	16509.5	17405.0	19483.0	21930.0	24439.0	28092.5	34106.0	41957.5	51088.0	62858.0	78719.0	99827.0	127633.5	163414.0	210862.0	267494.5	331346.0	406954.5	496068.5	600970.0	718074.5	841845.5	971718.5	1107805.5	1276465.0	1540214.5	1791533.5	1913283.5	1920578.0	1880762.5	1860263.5	1867434.0	1913986.5	1962099.5	1990296.0	2008879.5	2020354.0	2026042.0	2033997.5	2037498.0	1945322.5	1784688.0	1643616.5	1507455.0	1376169.0	1253010.5	1139828.0	1031841.0	933349.5	843297.5	757899.5	683682.0	613652.5	545089.0	485248.0	431900.0	381585.0	335833.0	295395.0	257699.5	221741.5	188562.0	161185.0	137970.5	116082.0	97489.0	83264.0	71549.5	61389.0	53434.0	47005.0	41574.5	36360.0	32158.5	29930.5	28142.5	26924.0	24977.0	23196.0	22085.0	21110.5	20466.0	19637.0	18909.5	18345.5	18087.0	17983.0	17848.5	17712.0	17686.5
MHW137_trimmed_clipped_R2_paired	89462.0	89610.5	89934.0	90327.5	90780.5	91415.0	92597.5	94118.0	96167.5	97745.5	99911.0	102337.0	103532.5	107457.5	112058.0	115352.0	119640.5	129242.5	140430.0	150513.5	163712.5	181222.5	203833.0	232642.5	269281.0	324164.0	388224.0	452378.0	529123.5	618816.5	725079.5	844023.0	969387.0	1099945.0	1237135.0	1406292.0	1670613.0	1922349.5	2045015.5	2056621.0	2015716.0	1992976.5	2002047.0	2048199.0	2096881.5	2127764.0	2146082.0	2159551.5	2169490.0	2187210.0	2202963.0	2109261.5	1940958.5	1797104.5	1658724.5	1524293.5	1397496.0	1282573.0	1174151.0	1073298.5	981671.5	895093.5	820854.0	752320.5	685075.5	624419.5	569497.0	519557.0	472989.5	431539.5	394116.0	359411.0	326790.0	299403.0	276849.5	260418.5	247288.5	232759.5	220866.0	210985.5	202974.0	197139.5	192247.5	189305.5	187285.5	184330.5	181448.0	179852.5	179019.5	178172.0	178735.5	179406.0	178785.5	178989.5	180895.5	181955.0	181342.0	181085.0	180555.0	180309.0	186507.0
MHW138_trimmed_clipped_R1_paired	12062.0	12216.5	12456.0	12622.5	12737.0	12888.5	13333.0	13915.0	14591.0	15304.0	16425.0	17745.0	18805.0	20905.5	23662.0	26707.0	30809.5	37454.0	45871.5	56093.5	69891.0	87724.0	111684.5	143984.5	185328.5	239914.0	303195.0	374234.5	460058.0	562296.5	681943.5	813796.0	952113.5	1096979.5	1251972.5	1443406.0	1743815.5	2022828.0	2148136.5	2147983.0	2100663.5	2083324.0	2095145.0	2145413.5	2202833.5	2240298.0	2259328.5	2269094.0	2273707.5	2281033.0	2286463.5	2180730.0	1992453.5	1828722.5	1672214.0	1525316.5	1390931.5	1265718.0	1145327.5	1034395.5	932874.0	837950.0	753304.0	675039.5	600304.0	531985.0	470913.5	415146.0	363920.0	317970.0	275444.0	236045.0	200804.5	170752.0	144609.0	121685.5	101993.0	85982.5	73075.5	62118.5	53689.5	47176.0	41877.5	36516.5	32141.0	29886.0	28169.5	27113.0	25301.0	23638.0	22504.5	21423.5	20753.5	20007.5	19390.0	18918.0	18727.5	18659.5	18563.5	18457.0	18454.5
MHW138_trimmed_clipped_R2_paired	116120.0	116253.0	116576.5	116983.5	117422.0	118120.5	119472.5	121165.0	123469.5	125373.0	128087.0	130969.0	132387.5	136925.0	142225.5	146220.5	150932.5	161482.0	174014.5	185670.5	200915.0	220905.5	246898.0	280067.0	321912.5	384554.5	456768.5	529375.5	617413.0	719527.0	840810.0	975579.5	1115704.5	1263796.5	1418402.0	1609210.0	1906962.0	2185854.5	2315271.0	2318220.0	2270285.5	2251271.5	2266143.0	2316011.0	2371268.0	2409954.0	2430221.0	2441283.0	2450569.0	2472039.5	2488194.0	2374728.5	2175895.0	2007417.5	1849148.5	1699724.5	1561177.5	1435560.5	1315095.5	1202724.0	1101889.0	1007099.5	922128.5	845066.0	771948.5	704196.0	642090.5	586555.0	535753.0	488599.5	446979.5	408951.5	373119.0	342903.0	317257.0	298291.5	283218.5	266856.0	253314.5	242723.5	234018.5	227859.5	222892.0	219457.0	217117.5	213876.5	210655.5	208917.0	207738.5	206477.5	206549.5	206789.0	205980.5	205785.5	207448.5	208527.0	208005.0	207846.0	207305.5	207040.0	215572.5
MHW139_trimmed_clipped_R1_paired	13265.0	13487.5	13816.5	13991.5	14113.0	14255.5	14638.0	15224.0	15884.5	16568.0	17590.0	18704.5	19652.5	21718.5	24321.0	27281.5	31273.5	37399.0	45446.5	55128.5	67947.0	84922.0	107002.5	136308.5	173425.5	222429.5	280381.5	344909.5	421779.5	511959.5	617589.5	734362.0	858821.0	989568.5	1128294.0	1302518.0	1583837.5	1846226.5	1959771.0	1960444.5	1919445.5	1902748.5	1912160.0	1959023.5	2016655.0	2055450.5	2078105.0	2092666.5	2099889.5	2109529.0	2122562.5	2027652.0	1849806.5	1698407.0	1553521.5	1417173.5	1289266.0	1170851.5	1059895.0	955614.0	860071.5	772039.5	695258.0	622094.5	550737.0	488502.0	432916.0	380904.5	333267.0	291922.5	253687.5	217104.5	183735.5	155943.0	132563.5	111420.0	93432.0	79103.0	67626.5	57787.0	50012.5	44343.5	39649.5	35005.5	31519.5	29815.5	28451.0	27519.0	25877.0	24435.0	23522.5	22623.0	22049.5	21382.5	20892.5	20558.5	20435.0	20391.5	20332.0	20289.5	20321.5
MHW139_trimmed_clipped_R2_paired	160129.0	160303.5	160652.5	161057.5	161557.0	162265.5	163572.5	165218.5	167381.0	169189.5	171604.0	174232.0	175675.5	179707.0	184517.0	188361.5	192838.0	202946.5	214931.5	225764.5	239772.5	258796.5	282885.5	312836.5	350954.5	408531.5	475463.0	540139.5	616759.0	707094.0	814233.5	932767.5	1057413.0	1189723.0	1329838.0	1503219.0	1782204.0	2043339.0	2158110.0	2161620.5	2122259.5	2105539.0	2116891.0	2163764.5	2217996.0	2255991.0	2278989.0	2295430.0	2308615.5	2331669.0	2336114.5	2220863.5	2037218.0	1881423.0	1734927.0	1596115.0	1468725.0	1352776.0	1241222.0	1135652.0	1039361.5	951430.0	875039.5	805817.0	738720.0	675331.0	619054.5	568456.5	520946.0	477299.5	440618.5	406801.0	373226.5	344982.0	321615.0	306278.0	293552.5	278345.5	265960.5	257494.5	250852.5	246446.5	243163.5	241306.0	240519.0	237602.5	234752.5	233283.0	232648.0	231923.5	232279.0	232775.5	232058.5	232209.0	234575.0	236237.0	236175.5	236590.5	236129.5	236032.5	251396.0
MHW140_trimmed_clipped_R1_paired	11012.0	11140.5	11306.5	11386.0	11486.0	11651.5	11988.0	12413.5	12977.5	13610.0	14384.5	15297.5	16172.0	17962.0	20331.5	22849.0	26197.5	31754.0	39112.0	47989.0	59508.5	75046.5	95618.5	122885.5	157526.5	202289.0	255930.0	316423.0	388098.5	473735.0	574698.5	686761.0	804622.0	926168.0	1053884.0	1211565.0	1459522.5	1689534.0	1790717.5	1782465.5	1729343.0	1702279.5	1706567.0	1746250.5	1785534.0	1804420.5	1808988.5	1807368.0	1803204.0	1797514.5	1785444.0	1703195.5	1564668.0	1432260.0	1306733.5	1191386.5	1083150.0	981102.5	884210.5	795224.5	711955.5	635641.5	570075.5	507577.0	447939.5	394632.5	346640.5	303892.0	264982.5	230022.0	198427.5	168880.5	142034.5	120107.5	101561.5	84916.5	70796.0	59583.5	50848.5	43656.5	37908.5	33470.0	30001.0	26564.5	23796.5	22442.5	21411.0	20742.5	19502.0	18338.5	17611.0	16947.0	16511.5	16003.5	15631.5	15383.0	15293.0	15254.5	15204.0	15142.0	15131.5
MHW140_trimmed_clipped_R2_paired	66734.0	66873.5	67197.5	67589.0	68040.5	68705.0	69949.5	71535.0	73592.0	75269.5	77738.5	80279.0	81364.5	85243.0	89872.5	93363.5	97586.5	106930.0	117711.5	127477.0	140526.0	157420.5	179502.5	207904.0	243295.5	296392.0	357443.5	417415.0	491122.0	577143.0	677620.0	791927.5	911841.0	1033867.5	1162198.5	1321419.0	1570780.5	1801120.0	1902039.0	1896372.0	1847620.5	1821393.0	1827023.0	1866856.5	1904390.5	1922430.5	1925047.0	1925124.5	1923582.5	1921358.5	1930593.5	1862999.0	1721525.0	1590273.5	1464882.5	1345384.5	1234681.5	1133161.5	1035817.0	948108.0	866497.5	788751.5	721671.5	660666.5	600867.0	546580.0	498996.0	456380.0	416515.5	380267.0	348144.5	319304.0	292392.0	269599.5	250707.5	239608.0	231375.0	219878.0	210167.5	201481.0	194724.5	189803.5	185461.0	185246.0	186006.5	183774.5	181479.5	180263.0	181836.5	183293.0	186019.0	188813.5	189851.5	193038.0	198054.0	200890.0	200256.5	199977.5	199554.5	199278.0	203779.5
MHW141_trimmed_clipped_R1_paired	10665.0	10752.5	10912.5	11057.0	11165.5	11275.5	11596.0	12062.5	12680.0	13329.0	14220.5	15261.5	16115.5	17933.0	20275.0	22765.0	26241.0	31737.0	38813.0	47410.5	59092.5	74516.0	94690.5	121216.5	154877.0	199844.0	253199.0	312223.5	383034.5	466607.5	564200.5	672366.5	786850.0	906903.5	1033868.0	1191917.5	1436634.5	1663981.5	1769065.0	1767922.0	1723129.5	1703847.0	1712021.5	1752813.5	1799025.0	1830449.0	1848064.5	1857987.0	1863629.5	1872933.5	1880275.5	1795268.5	1643127.0	1510129.0	1382523.0	1262356.5	1149944.0	1044777.5	946240.0	855622.0	771140.0	692450.5	625037.5	560717.5	498433.0	443672.5	393797.5	347453.5	305157.0	267659.0	232548.0	199878.5	170727.5	146008.0	124708.0	105268.5	88553.5	75382.0	64599.5	55367.5	48110.5	42314.0	37660.0	32934.0	29120.0	27120.0	25409.5	24281.5	22664.5	21199.0	20180.5	19292.5	18729.0	17992.0	17338.5	16834.0	16591.0	16498.0	16388.5	16258.0	16206.0
MHW141_trimmed_clipped_R2_paired	89776.0	89898.0	90173.0	90527.5	90948.0	91567.0	92736.0	94251.5	96310.5	97897.5	100117.0	102676.5	103917.5	107672.5	112205.0	115681.5	119743.5	129048.5	140153.0	149966.0	162758.0	179754.5	201329.5	229101.5	264436.0	317289.5	378132.5	437713.5	510646.0	595388.0	694780.0	806425.0	922816.0	1043557.5	1171786.0	1331000.0	1574859.0	1802569.0	1908833.5	1911267.0	1869144.0	1850854.5	1862860.0	1904434.5	1948043.5	1977573.5	1995554.5	2008042.5	2016386.5	2031815.5	2050869.5	1966118.5	1805308.5	1670491.5	1542416.0	1419531.5	1305648.0	1199810.0	1099434.0	1006983.0	921483.5	842016.5	774369.5	710931.0	648784.0	592145.5	541272.5	495959.0	453713.0	415014.5	380614.0	349221.5	319200.0	293876.0	272999.5	258058.5	245877.0	232483.0	221354.0	211762.5	204055.5	198795.0	194288.0	191757.5	190308.5	187722.0	185042.5	183525.0	183056.0	182473.0	183120.5	183811.0	183283.0	183686.0	185910.5	187208.0	186540.5	186227.0	185637.5	185321.0	190976.5
MHW142_trimmed_clipped_R1_paired	11381.0	11534.5	11828.5	11991.5	12025.0	12155.0	12508.0	12978.5	13605.5	14276.0	15121.5	16083.5	16958.5	18726.0	21164.5	24002.5	27574.5	33344.5	41055.0	50097.0	62190.0	78412.5	99425.0	127658.0	163386.0	209530.0	264953.5	327012.0	399341.5	484869.5	585858.0	697505.0	815351.0	937775.0	1068012.5	1228090.5	1476779.0	1713049.5	1825075.0	1828210.5	1782468.5	1755997.0	1758955.0	1796320.0	1839725.5	1867308.0	1878284.5	1881372.5	1882653.5	1885650.0	1882390.0	1797122.0	1650053.5	1517034.5	1388769.5	1264996.0	1150012.0	1044654.0	944704.0	852913.5	767128.0	686868.0	618492.5	552758.5	488089.5	432093.0	383085.0	336865.0	292846.5	255397.5	221640.5	189425.0	160117.0	135929.0	115497.5	96725.5	80916.0	68250.0	58070.0	49879.0	43197.0	37857.0	33593.0	29331.5	25967.5	24267.0	22946.5	22060.5	20701.0	19464.0	18634.5	17887.5	17425.5	16859.5	16412.0	16096.0	15990.5	15960.5	15878.0	15779.0	15759.0
MHW142_trimmed_clipped_R2_paired	81434.0	81556.5	81897.0	82304.5	82731.5	83384.0	84559.5	86046.5	88099.5	89798.5	92217.5	94814.5	96086.5	100065.5	104753.0	108315.0	112634.5	122272.0	133806.0	144456.0	157742.5	175087.5	197967.0	226912.5	263115.0	317563.0	380873.5	443463.0	517613.5	603284.0	704416.5	819451.0	940965.5	1064411.0	1193163.0	1354403.0	1605115.5	1839441.5	1951644.0	1959305.5	1915920.0	1890200.5	1894188.5	1931769.0	1973037.5	1998546.5	2010139.5	2015981.0	2019707.0	2029945.5	2044405.5	1965634.0	1811930.5	1677053.5	1549624.5	1425787.5	1308749.5	1201670.5	1102287.0	1009229.0	923263.0	843257.5	773585.5	709360.5	646866.0	590817.5	539966.0	494052.0	451571.5	412850.5	377689.0	346017.5	316906.5	292117.5	271276.0	257833.5	247317.0	233832.0	223046.0	213936.0	206553.5	201102.5	196446.5	194979.5	194367.5	191656.5	188939.5	187457.0	187804.0	188103.0	189983.0	191961.5	192317.0	194281.5	198154.5	200353.0	199694.5	199358.5	198862.5	198654.5	204320.5
MHW143_trimmed_clipped_R1_paired	11776.0	11889.5	12112.0	12261.0	12375.0	12538.0	12924.5	13482.0	14193.5	14945.5	15925.5	16996.0	17924.0	19917.5	22425.0	25309.0	29228.5	35703.0	44065.5	53911.5	67113.5	84319.0	106793.0	136695.5	174473.0	223998.5	283740.0	350087.0	429144.0	521982.0	628555.5	746957.0	873775.5	1007031.0	1148011.0	1321365.5	1594443.0	1850153.5	1964587.5	1965215.0	1918667.5	1901669.0	1915573.5	1962578.0	2015192.0	2048685.0	2068386.5	2077821.0	2082439.0	2088388.5	2089175.5	1994377.0	1827687.0	1679882.0	1539104.0	1404354.0	1276977.0	1160217.0	1048616.5	945317.0	852067.0	765326.5	689353.5	617029.5	546538.0	484021.0	427793.5	376578.5	329190.5	287239.5	248699.5	212674.0	180512.5	153428.0	129930.0	109253.5	92223.0	78079.5	66503.5	56820.0	49195.5	43308.5	38612.0	33807.5	29768.5	27622.5	26031.0	24996.0	23326.0	21832.5	20826.5	19914.0	19339.0	18608.0	18039.0	17628.5	17448.5	17388.0	17288.5	17161.0	17118.5
MHW143_trimmed_clipped_R2_paired	77814.0	77930.5	78242.5	78640.0	79100.0	79796.0	81124.5	82808.5	84992.5	86787.0	89328.0	92042.0	93407.5	97688.0	102646.0	106459.5	111140.0	121310.5	133577.0	144990.0	159335.5	177976.0	202076.0	232854.5	271704.0	329945.5	397995.0	464752.0	544878.5	637797.0	746011.5	868165.0	996829.0	1130808.0	1272844.0	1446506.0	1717746.5	1974059.0	2091691.0	2095063.5	2052824.5	2038974.0	2054661.5	2101916.0	2153262.5	2186677.0	2205899.5	2216852.0	2226018.5	2241036.0	2258658.5	2169510.5	1996654.0	1846074.0	1702445.0	1566179.0	1437932.5	1320104.0	1209378.0	1106419.0	1012544.5	924833.0	849087.5	777444.5	706506.0	643546.0	587086.0	536067.5	487758.0	444113.5	405135.5	369352.5	336069.5	307578.5	284267.0	267326.5	253301.0	238358.0	226158.0	215365.0	206602.0	200050.0	194430.0	190964.0	188495.5	185458.5	182367.5	180578.5	179563.5	178567.0	179208.5	179908.5	179375.5	179838.0	182298.5	183681.0	182887.0	182512.0	181958.0	181641.5	186131.0
MHW144_trimmed_clipped_R1_paired	10320.0	10439.0	10649.0	10791.5	10890.0	11045.5	11357.5	11791.5	12399.0	12995.0	13902.0	15001.0	15809.0	17625.0	20025.5	22396.5	25524.5	30978.5	37843.0	45461.5	56036.0	70204.5	88939.5	112996.5	143561.5	185610.5	234989.5	289318.0	355270.0	431984.5	522017.5	622775.5	728040.0	839603.0	960958.0	1114164.5	1353766.0	1580851.5	1682627.5	1681841.5	1642639.5	1625363.0	1637205.5	1682307.0	1730162.5	1759454.0	1774999.5	1783529.5	1787580.5	1792955.0	1796834.5	1715926.0	1570853.0	1440696.5	1316875.0	1199937.5	1091422.0	993067.5	899771.5	811766.0	731231.5	655649.5	588681.0	527712.0	468345.5	414142.5	366561.0	323611.0	283585.5	247630.5	214325.0	184153.5	156320.0	132853.5	113566.5	96100.0	80970.0	68641.0	58916.5	50846.5	44417.5	38992.0	34628.0	30385.5	26931.0	25107.0	23630.0	22654.0	21055.0	19623.0	18667.0	17811.0	17312.0	16672.5	16178.5	15835.0	15709.5	15670.0	15604.0	15512.5	15484.5
MHW144_trimmed_clipped_R2_paired	74900.0	75023.5	75330.0	75679.5	76051.0	76637.0	77819.5	79337.0	81253.5	82781.5	84780.0	86918.5	87987.0	91542.5	95781.5	98918.0	102570.5	110965.0	121065.5	130176.5	141784.5	157207.5	177044.0	202590.5	234465.5	282750.5	338405.0	393409.5	460980.0	538782.5	630051.0	731648.5	838939.0	953490.5	1074539.0	1227344.5	1467902.0	1694204.5	1797823.5	1801042.0	1765998.5	1750653.5	1760836.5	1801948.0	1848654.0	1877589.5	1892165.0	1904243.0	1913251.5	1928163.0	1946149.5	1865954.0	1714071.0	1581109.5	1454147.0	1336938.0	1227248.0	1126810.5	1032769.0	944775.0	864279.5	789520.5	722996.5	661504.5	602851.5	549021.0	500424.5	457512.0	416631.5	379584.0	347048.5	317009.5	289255.0	265392.5	245666.5	231778.5	220093.5	207016.0	196553.5	187808.5	180447.5	175201.5	170854.0	167903.0	165953.5	163444.5	160846.0	159329.5	158755.0	158111.0	158591.5	159223.5	158773.0	159245.0	161244.0	162314.0	161693.0	161384.0	160884.5	160594.0	165222.0
MHW145_trimmed_clipped_R1_paired	10948.0	11082.5	11268.0	11390.0	11519.5	11723.5	12192.0	12772.5	13476.5	14191.0	15206.5	16330.5	17221.0	19169.0	21764.5	24623.5	28602.5	35180.5	43427.5	52992.5	66088.0	82995.5	105136.5	135664.5	173849.5	223282.0	282605.0	348209.5	426107.0	518258.0	625970.0	744987.0	871403.5	1002257.5	1138708.0	1307619.0	1571218.5	1815706.5	1920718.5	1914634.0	1862257.5	1833877.0	1836956.5	1873689.0	1914694.0	1937159.5	1946965.5	1946173.0	1939478.5	1929767.5	1909983.0	1820755.0	1675438.5	1541072.5	1413000.0	1287451.5	1165957.0	1054715.5	951990.0	857221.5	768736.0	685753.0	616945.0	551037.5	484931.5	427946.0	378976.5	333146.5	289455.0	252140.0	218037.5	186515.5	158162.5	133666.0	112703.0	94709.0	79402.5	66958.5	57417.5	49498.5	43214.5	38251.0	34076.5	29908.0	26664.5	25043.0	23739.5	22924.5	21500.5	20173.0	19286.5	18504.0	18035.0	17459.5	17006.0	16662.5	16512.0	16439.5	16346.5	16257.0	16236.5
MHW145_trimmed_clipped_R2_paired	65910.0	66044.5	66394.5	66829.5	67310.5	68089.5	69514.5	71232.0	73474.5	75244.5	77626.5	80283.0	81696.0	85933.5	91021.5	94909.0	99455.0	109374.5	121400.0	132664.5	146793.0	165334.5	189534.0	220054.5	258924.0	316967.0	384090.0	450433.5	529387.0	622223.0	731158.5	852803.5	981040.5	1111664.0	1248505.0	1418183.0	1681444.5	1925861.5	2034858.5	2032697.0	1981947.0	1956530.5	1960857.0	1996362.0	2037916.0	2062837.5	2072930.0	2070413.0	2061970.0	2059233.0	2063570.5	1986960.5	1838244.5	1701948.5	1571463.0	1445882.5	1324623.5	1212842.5	1107279.0	1011569.0	924586.5	842996.5	772898.0	706130.0	641247.0	583103.5	532494.5	486721.5	443588.0	405516.5	370357.0	337680.5	308437.5	284075.5	263774.5	251084.5	241170.5	228390.0	218128.0	209092.5	201530.5	195886.5	191060.5	190634.0	191093.0	188596.5	185975.5	184389.5	185803.0	187215.0	189957.0	192768.5	193866.0	197010.0	201968.0	204761.5	203980.5	203623.5	203191.0	202955.5	207144.5
MHW146_trimmed_clipped_R1_paired	8779.0	8881.5	9050.0	9155.0	9290.0	9484.5	9864.5	10338.0	10952.5	11613.0	12486.5	13502.0	14413.5	16232.5	18580.0	21167.5	24553.5	30162.5	37282.5	45636.5	56860.0	71479.0	90625.5	116074.5	147823.5	188959.5	237909.0	292755.5	357362.5	432557.0	519522.5	614898.5	717581.0	826709.0	944229.5	1099910.0	1377224.0	1636019.5	1724753.0	1702416.5	1651292.0	1629071.0	1637669.5	1683811.5	1739214.5	1777534.5	1802540.5	1821933.5	1836431.5	1850097.0	1862124.0	1783667.5	1631000.5	1497892.0	1373709.5	1255144.5	1143433.0	1042429.5	944450.0	852197.0	768972.0	690904.0	624168.0	558848.5	495575.5	440866.5	391383.0	345414.0	302688.0	265014.0	229669.0	197206.5	167909.5	142948.5	121973.0	102858.5	86499.5	73397.0	62636.0	53453.0	46062.0	40363.0	35728.0	31106.0	27437.5	25540.0	23998.5	22982.5	21363.5	19867.0	18860.5	17945.5	17390.5	16722.5	16247.5	15913.5	15763.0	15712.0	15623.0	15529.5	15534.0
MHW146_trimmed_clipped_R2_paired	80371.0	80485.5	80757.5	81080.5	81493.5	82146.5	83329.5	84820.0	86738.5	88328.0	90465.0	92814.5	94050.5	97599.0	101919.5	105444.0	109374.0	118206.0	129116.0	138827.5	151181.0	167557.0	188299.5	214562.0	247072.5	296404.0	353503.5	408166.5	474405.5	551163.5	640335.5	739623.0	842433.0	951702.0	1071409.0	1227193.0	1501892.0	1760159.5	1851544.5	1833444.0	1783768.5	1759159.5	1768902.5	1814888.5	1866580.5	1905894.0	1934091.5	1954520.0	1968833.0	1989293.0	2014080.0	1933901.5	1773103.5	1637003.0	1510350.5	1390477.0	1277665.0	1175268.5	1077628.5	986159.5	902791.5	823951.0	755857.5	692434.0	630052.0	573963.5	524085.0	479583.5	436955.0	397417.0	363224.0	331944.0	301671.5	276433.0	255741.5	240013.0	227508.5	214390.5	203409.0	194287.5	187006.0	181605.5	177011.5	174107.5	172171.0	169586.0	167007.5	165608.0	164472.5	163255.0	163313.0	163527.0	162904.0	162821.0	164347.0	165330.5	164874.0	164777.5	164388.0	164165.5	169739.0
MHW147_trimmed_clipped_R1_paired	11248.0	11431.5	11697.5	11807.0	11859.0	11985.0	12344.0	12842.0	13447.5	14015.5	14877.5	15861.5	16727.5	18605.0	21068.5	23770.0	27315.0	33244.5	40611.5	49242.0	60891.5	75912.0	95896.5	122034.5	153997.0	196909.5	248501.0	304287.0	371077.0	449993.0	540879.0	641445.0	748457.0	861249.5	983083.5	1136254.5	1393626.0	1635742.5	1726670.5	1715869.0	1681832.0	1673791.0	1687544.5	1733177.5	1786835.5	1826472.0	1851287.5	1864730.5	1872580.0	1877708.0	1879389.5	1799817.0	1654396.0	1524620.0	1400249.0	1279536.5	1165181.0	1059950.0	959240.0	866149.0	780473.5	699911.0	630426.5	563338.5	497211.0	440474.0	389867.0	342314.5	298784.5	261053.0	226059.0	192912.0	163254.0	138850.5	118001.5	99111.5	83478.0	70923.0	60689.5	52288.5	45400.5	39883.5	35628.0	31496.5	28210.0	26581.5	25343.0	24513.5	23022.5	21699.0	20885.0	20108.5	19638.0	19085.5	18633.0	18280.0	18130.5	18077.5	18019.0	17978.5	18011.5
MHW147_trimmed_clipped_R2_paired	93586.0	93760.5	94094.0	94410.5	94797.5	95461.5	96667.0	98153.0	100060.5	101638.5	103947.5	106441.0	107699.5	111214.5	115512.5	119099.0	123430.0	132668.0	143652.0	153842.0	166558.0	183130.0	204253.0	230948.5	264276.5	314743.5	373287.0	430014.5	497563.5	576234.5	669610.0	772910.0	880293.0	994306.0	1117261.0	1270959.5	1526525.5	1765413.5	1859134.0	1856426.0	1823551.0	1812478.5	1829386.0	1878472.5	1930537.5	1967726.0	1992597.5	2006480.5	2016490.5	2028725.0	2036399.0	1957675.0	1810058.0	1677984.0	1551647.0	1429673.5	1315487.0	1210675.5	1109654.5	1014905.0	929489.0	849038.0	780716.5	717398.5	652766.0	594898.0	543518.5	496449.0	452306.5	412064.0	377195.5	345821.5	315609.5	290275.5	269542.0	255691.0	244477.0	230924.0	219886.5	210827.5	203495.5	198530.5	194552.0	193069.0	192494.0	189893.0	187295.0	185842.5	185928.5	185956.0	186945.5	188061.0	188205.5	189755.0	193603.5	196071.5	195612.0	195547.5	195150.5	194958.0	203822.0
MHW148_trimmed_clipped_R1_paired	11592.0	11791.5	12085.5	12214.5	12310.0	12496.5	12925.0	13476.0	14119.0	14754.0	15593.0	16644.5	17649.5	19678.0	22292.0	25225.5	29107.0	35245.5	43156.5	52505.5	65127.5	81474.5	103113.5	131989.5	167375.0	213237.0	267066.0	327684.0	400909.0	486105.0	584384.0	693113.0	810599.5	934215.0	1070137.0	1253131.0	1587379.5	1897435.5	1989407.5	1949615.5	1884398.5	1862274.0	1880474.5	1935149.5	1997101.0	2043255.0	2071520.0	2090394.0	2105158.0	2115220.0	2115097.5	2025487.0	1864968.5	1716921.5	1573703.0	1437031.5	1310648.5	1195274.0	1080728.5	972916.5	875921.5	785050.0	705099.5	628684.5	554063.0	488756.5	430701.5	377709.0	329621.0	286791.0	247517.5	210700.0	177040.5	149325.5	125887.0	105208.5	88265.0	74111.0	62785.0	53280.0	45627.0	39916.0	35322.5	30925.0	27478.0	25741.5	24487.5	23653.5	22103.5	20706.0	19875.0	19106.0	18615.0	17989.0	17528.5	17206.0	17061.0	17025.5	16972.5	16932.0	16954.0
MHW148_trimmed_clipped_R2_paired	71182.0	71351.5	71751.5	72204.5	72681.5	73359.0	74708.5	76440.5	78550.0	80241.5	82661.5	85228.0	86558.5	90756.5	95571.0	99218.0	103820.0	113906.5	125987.0	136840.5	150270.0	168142.0	191166.0	219661.5	255553.0	310918.0	374780.5	435924.0	508969.5	593989.0	693922.5	805502.5	923020.5	1047415.0	1184652.0	1368625.0	1701439.5	2008581.0	2104280.5	2072467.0	2009912.5	1984149.5	2001548.5	2060345.0	2123663.0	2167560.0	2195276.0	2215708.5	2230116.0	2245194.5	2263469.0	2182494.5	2018702.5	1869745.5	1724651.0	1587325.0	1460684.0	1343397.5	1229079.5	1121859.0	1023914.0	931983.0	851788.0	776544.5	702325.0	637060.5	579212.0	526334.0	476560.0	431076.0	392547.5	357373.5	322855.0	293834.5	270180.5	252933.5	239076.0	224536.0	212234.0	201764.5	193443.0	187255.0	181910.5	179097.5	177489.0	174838.5	172076.5	170584.5	170575.0	170515.0	171445.0	172384.5	172332.0	173539.0	176459.5	178068.0	177330.5	176964.5	176519.5	176286.0	181590.5
MHW149_trimmed_clipped_R1_paired	11549.0	11624.5	11746.0	11826.0	11928.0	12149.0	12620.5	13264.0	13978.5	14708.0	15822.0	17148.0	18398.5	20781.0	23671.0	26794.5	31101.0	37895.5	46789.0	57418.0	71640.5	90901.5	116275.0	148637.0	189386.0	243041.5	306337.0	377820.0	462950.5	563378.5	682779.0	821492.0	981416.0	1158414.5	1345537.5	1518332.5	1649701.5	1760796.0	1853601.5	1914781.5	1966597.0	2022762.5	2077717.0	2128490.0	2179138.0	2214605.0	2230402.0	2231556.0	2224593.5	2219582.5	2209846.0	2103776.0	1919807.5	1755047.5	1599437.5	1453352.5	1318941.0	1197656.0	1085756.5	978745.0	877036.0	785190.5	703684.5	627017.5	556553.5	493170.0	434186.0	381321.0	334908.0	291907.5	252748.0	217274.5	184924.0	157291.0	133139.0	112265.0	95315.5	81690.0	70294.0	60282.5	52182.0	45957.0	40665.5	35439.5	31526.0	29508.0	27717.0	26489.0	24794.0	23340.0	22299.5	21334.5	20697.5	19894.0	19221.5	18713.5	18501.0	18415.0	18281.5	18140.0	18099.0
MHW149_trimmed_clipped_R2_paired	95088.0	95163.5	95397.5	95769.0	96254.0	96996.0	98364.0	100080.0	102367.0	104313.0	107072.0	110112.0	111679.0	116422.5	121780.5	125871.5	131002.0	141887.5	154789.0	166842.0	182607.5	203897.0	231159.5	264350.5	306112.5	368313.0	440544.0	513612.0	600155.0	700861.5	822422.5	964184.0	1125467.0	1303360.5	1490710.0	1663499.0	1798212.5	1912987.0	2008255.0	2071025.5	2121532.0	2178127.5	2236247.0	2289105.0	2339269.5	2374119.5	2388110.5	2388285.5	2383085.0	2389265.5	2393466.5	2284461.0	2092552.5	1926228.5	1766720.0	1617803.5	1484633.0	1362809.0	1249376.0	1140965.5	1037273.5	943813.0	862682.5	786376.5	715593.5	651120.5	592411.0	540622.0	492081.0	447371.5	408859.0	373993.5	341400.0	313758.0	290463.5	273989.5	260990.0	246920.0	235222.5	225568.5	217479.5	211485.0	206628.0	203768.0	201983.0	199206.5	196253.5	194616.5	193825.0	192943.5	193428.5	193993.0	193483.0	193880.5	195891.5	196917.5	196269.5	195970.5	195440.0	195229.0	201406.5
MHW150_trimmed_clipped_R1_paired	11782.0	11929.0	12160.0	12303.5	12413.5	12583.0	12960.5	13460.5	14131.0	14862.5	15826.5	16914.0	17951.5	19892.5	22382.0	25426.5	29526.5	35653.5	43512.0	52877.0	65336.0	82258.0	104682.0	133449.5	168594.0	216230.5	272066.5	333044.0	407116.0	493358.5	592503.0	702568.0	818806.5	943009.0	1081985.0	1264221.0	1582963.5	1888218.5	1991596.0	1959008.0	1901539.5	1878477.5	1890780.0	1948984.5	2017656.0	2063208.0	2090128.5	2109761.5	2127257.5	2145280.0	2160947.0	2068143.5	1891210.5	1738515.0	1590788.0	1452369.5	1326649.0	1207965.5	1093683.5	988392.0	891932.0	800795.5	720474.0	644792.0	571764.0	506325.0	447602.0	395184.0	346146.5	302444.5	263073.5	225079.0	190752.0	162476.0	137976.5	116229.0	97541.0	82648.5	70541.5	60119.0	51687.0	45026.0	39575.5	34458.0	30514.5	28282.0	26447.0	25237.5	23527.0	22031.5	21127.0	20317.5	19745.5	19050.5	18468.0	18009.0	17805.0	17751.0	17689.5	17608.0	17605.5
MHW150_trimmed_clipped_R2_paired	82512.0	82680.5	83019.5	83386.5	83856.5	84545.5	85863.5	87578.0	89790.0	91559.0	93942.0	96556.5	97890.0	101937.5	106878.5	110714.5	115280.0	125290.0	137165.0	147884.5	161887.0	180590.5	204171.0	234217.5	271105.5	326334.0	389756.0	451453.5	526499.5	613568.5	714959.5	827142.5	945283.5	1069773.5	1208750.5	1393346.0	1711566.5	2013084.5	2117672.0	2091753.5	2037696.0	2013631.0	2026538.5	2085135.0	2151417.0	2195494.5	2224201.5	2247012.5	2264926.5	2289303.0	2316762.5	2225399.0	2042607.5	1885937.0	1737107.5	1596717.0	1466847.5	1347375.5	1232299.5	1126755.5	1030307.0	938020.0	857730.0	783932.0	711923.0	645883.0	586696.0	533965.5	485066.5	440502.0	400896.0	364030.0	329413.0	300501.5	276607.0	258004.5	242922.5	227962.0	215464.5	204847.0	196259.0	189968.0	184506.5	180049.0	176877.5	173865.0	170913.5	169270.0	167551.5	165878.0	165759.0	165705.5	164610.0	164022.0	165163.0	165865.0	165284.5	164986.5	164494.0	164230.5	169727.0
MHW151_trimmed_clipped_R1_paired	12104.0	12257.5	12502.0	12624.5	12758.0	12963.0	13381.0	14015.0	14841.5	15640.0	16728.5	17991.0	19008.5	21183.5	23962.5	27089.5	31463.0	38374.0	47657.0	58967.5	73744.0	93139.0	118719.5	152292.0	194127.5	248338.5	313572.5	386944.5	473915.5	576395.5	694702.0	824299.5	962709.0	1108167.5	1262076.5	1453113.5	1756481.5	2037218.5	2151895.5	2146121.0	2101152.5	2079378.5	2087563.0	2132497.5	2182179.0	2216342.5	2231299.5	2236463.5	2234020.0	2228615.5	2220104.0	2118067.5	1944076.0	1787168.5	1638475.5	1495793.0	1359653.0	1235098.0	1117750.5	1007576.0	905180.0	810087.5	728238.0	650505.5	574942.5	508280.5	447815.5	393328.5	343916.5	299053.0	258736.5	221446.0	186628.0	158015.0	134083.0	112768.5	95021.5	80349.5	68511.0	58682.0	50694.0	44438.0	39375.5	34396.0	30348.0	28159.5	26485.5	25401.0	23731.0	22203.5	21197.0	20355.5	19832.5	19131.5	18588.0	18217.5	18076.5	18010.0	17894.0	17777.0	17762.5
MHW151_trimmed_clipped_R2_paired	78053.0	78199.5	78544.5	78961.5	79476.5	80276.5	81702.5	83442.0	85725.5	87616.0	90218.0	92965.5	94387.5	98820.0	104112.5	108369.5	113414.0	124396.0	137575.5	150001.0	165608.5	186412.0	213453.0	247339.0	290287.0	353654.0	426983.5	500255.5	588253.0	691118.5	811050.0	943557.5	1083443.0	1229940.5	1385024.5	1577461.0	1880062.5	2159073.5	2278313.0	2280478.0	2234532.0	2212261.5	2223041.5	2267996.5	2319437.0	2354193.0	2372436.0	2377228.5	2377025.0	2381453.5	2387909.0	2292792.5	2114838.5	1958809.5	1807351.0	1661565.0	1524749.5	1399687.0	1281712.5	1170355.0	1068756.5	972847.5	889778.5	814021.0	739348.5	670875.5	609902.0	557023.0	506921.0	460327.0	419681.5	382137.5	346424.0	316325.5	292158.0	274275.0	259988.5	244752.5	231850.5	220717.5	211567.0	204821.0	198936.0	195476.5	193216.0	190121.0	187127.5	185359.0	184472.5	183591.0	184483.5	185493.0	185139.0	185830.0	188368.0	189743.0	188899.5	188471.5	187942.5	187634.0	192511.5
MHW152_trimmed_clipped_R1_paired	10673.0	10772.5	10951.0	11055.0	11139.0	11327.5	11774.0	12353.0	13005.0	13685.0	14780.5	15953.0	16891.5	18966.5	21696.0	24542.5	28120.0	34411.0	42290.0	51005.0	63113.0	78777.5	99238.5	126613.0	160460.5	205764.5	258150.0	315906.5	385926.0	466229.5	559703.0	665332.5	777661.5	894720.0	1025483.0	1203887.0	1526489.0	1824660.5	1915758.5	1883591.0	1827746.0	1808144.5	1821191.5	1873038.5	1936122.0	1982233.0	2013475.0	2037773.0	2054803.5	2070139.0	2081101.5	1989299.5	1818473.5	1670751.0	1530298.0	1395529.0	1271200.5	1156951.5	1047426.5	945512.5	852889.5	766005.5	689818.0	616923.5	545532.0	483528.5	429805.5	379344.0	331978.0	290245.5	251616.5	215856.0	183236.0	155567.5	132215.0	112208.0	95074.5	80486.5	69092.0	59392.5	51485.5	45198.0	39969.5	34695.0	30528.0	28403.0	26655.0	25426.0	23527.5	21842.0	20793.0	19792.5	19185.5	18485.5	17941.0	17528.0	17375.5	17338.0	17278.0	17207.0	17210.0
MHW152_trimmed_clipped_R2_paired	74320.0	74429.5	74691.5	75031.0	75448.5	76069.5	77269.0	78807.5	80740.5	82355.0	84712.5	87216.0	88533.5	92468.0	97120.5	100658.0	104818.5	114176.5	125364.0	135511.5	148780.5	166195.0	188129.0	216276.0	250886.5	303470.5	364300.0	422368.5	492774.0	575424.0	671220.5	778106.0	891300.0	1010358.5	1142472.0	1321395.5	1641875.5	1936620.5	2029823.0	2005552.5	1952880.5	1928281.5	1941421.0	1994841.0	2055880.5	2102059.0	2135067.0	2160449.5	2178355.5	2201691.5	2228325.0	2138801.0	1960780.0	1810340.5	1667922.5	1531028.5	1405738.0	1291441.0	1179070.0	1076683.5	984124.0	895963.0	820577.5	749369.0	679493.5	617068.5	560865.5	510015.0	462723.5	419716.0	381590.0	347040.5	314284.0	286426.0	263636.5	245538.5	230533.0	216046.5	204087.5	193705.0	185329.0	178974.0	173520.5	169192.5	165743.5	162627.5	159665.0	157976.5	156408.5	154903.5	154882.0	154942.0	153946.0	153369.5	154557.0	155240.0	154572.0	154200.0	153695.0	153527.0	158456.0
MHW153_trimmed_clipped_R1_paired	11309.0	11406.0	11571.0	11666.5	11756.5	11922.0	12289.5	12819.5	13610.0	14347.5	15269.0	16364.5	17361.0	19445.0	22131.0	24972.0	28847.0	35410.5	43892.5	53613.0	66723.5	84150.0	107023.5	137364.5	175112.5	224673.0	283378.0	348788.0	427043.5	517448.5	623277.5	738938.5	858830.5	986874.0	1126249.0	1301732.5	1595190.5	1869130.5	1969766.0	1955820.0	1916996.5	1906201.0	1920737.0	1973840.5	2032714.5	2073846.0	2101435.0	2116095.5	2124028.5	2130593.5	2132428.0	2039942.5	1872341.0	1726744.0	1586375.5	1449722.5	1323107.0	1205964.5	1093045.0	989020.5	894088.5	803493.5	724417.5	649484.5	577261.5	512999.5	456339.5	404193.0	354647.0	310556.0	270805.5	234035.0	199519.0	170660.5	146165.5	123643.0	104415.0	89096.0	76735.5	65697.0	56638.0	49801.5	44153.5	38461.0	33892.0	31285.0	29057.5	27600.0	25731.5	24089.0	22911.0	21844.5	21169.5	20340.5	19616.0	19053.5	18768.5	18642.0	18503.5	18366.0	18347.5
MHW153_trimmed_clipped_R2_paired	76595.0	76718.5	77016.0	77360.5	77780.0	78459.0	79683.0	81251.0	83374.0	85099.0	87489.5	90067.0	91392.5	95514.0	100448.0	104251.0	108741.0	118524.0	130447.5	141652.0	156256.0	175200.0	199173.0	230162.5	268853.0	326342.0	392127.5	456964.5	536360.5	628315.0	735155.5	854626.5	977945.0	1105959.5	1244334.0	1421079.5	1715870.0	1990599.5	2093971.0	2083722.0	2045847.0	2035808.5	2054485.0	2106345.5	2162578.5	2204229.0	2230024.0	2243880.5	2254796.5	2270876.0	2288161.5	2199279.0	2025242.0	1874728.5	1731770.0	1592067.5	1463775.0	1346683.0	1231348.5	1124513.0	1028322.5	937298.0	857963.0	784127.0	711340.5	645785.0	587001.5	533819.5	485284.5	440890.5	400463.5	364261.0	329820.5	300411.5	276529.5	257885.5	242314.0	227226.5	215071.0	204117.0	195142.0	188763.0	183456.0	179567.5	176707.0	173685.0	170687.5	168997.5	167739.5	166445.0	166555.0	166810.5	165994.0	165822.5	167415.5	168248.0	167513.5	167211.0	166669.0	166332.0	171300.0
MHW154_trimmed_clipped_R1_paired	9416.0	9507.0	9645.0	9737.5	9889.5	10065.0	10378.5	10867.5	11518.0	12220.5	13186.0	14197.0	15092.5	16934.0	19378.0	21964.0	25480.5	31410.5	39025.0	47770.0	59111.0	74697.5	94823.0	120913.0	154440.0	199213.5	251652.5	309207.0	377850.0	456728.5	547991.5	650429.5	759397.0	874956.5	1000074.0	1157646.5	1416502.0	1654789.5	1745216.5	1738314.5	1707269.5	1703387.5	1721658.0	1770103.0	1825051.5	1861315.5	1883450.5	1898240.0	1907788.0	1916514.5	1924316.0	1840622.0	1681251.5	1544506.0	1415726.5	1289310.5	1175101.5	1072520.0	971793.0	877955.0	793211.5	712862.5	642539.5	577209.5	513472.5	455887.5	404693.0	357590.5	313813.5	275248.5	239551.0	205808.5	174850.5	149604.0	128087.0	107991.0	90829.5	76991.0	65753.5	56305.0	48656.5	42518.5	37557.5	32614.0	28629.0	26467.5	24784.5	23656.0	21935.5	20410.5	19328.5	18345.0	17785.5	17059.0	16434.0	16008.0	15824.5	15741.0	15697.5	15687.0	15716.5
MHW154_trimmed_clipped_R2_paired	82132.0	82228.0	82512.0	82890.0	83300.5	83968.0	85189.5	86648.0	88567.0	90137.0	92349.0	94792.5	96027.5	99649.5	104022.0	107475.0	111674.5	120676.0	131413.0	141630.5	154575.0	171553.0	193380.5	220683.5	254971.0	307535.5	368268.0	426214.5	495243.5	575152.0	670230.5	776416.0	886683.0	1002047.0	1126641.5	1285581.0	1544964.5	1783180.0	1873742.5	1870703.0	1840766.0	1833138.0	1853191.0	1903694.0	1954213.5	1989071.0	2013907.0	2030016.0	2042269.0	2059114.0	2078493.5	1991919.0	1823828.5	1682210.0	1548934.5	1423906.5	1307645.5	1201151.0	1099348.5	1003801.0	918025.5	836865.0	766158.0	701708.5	638636.0	581072.0	529616.5	482984.5	439712.0	400620.0	365454.0	333213.0	302651.5	276660.5	255203.5	238985.0	225535.0	211868.0	200874.0	191624.5	184108.5	178593.0	173872.0	170387.5	167952.0	165365.0	162734.5	161221.0	159847.0	158413.5	158170.0	158040.5	157131.0	156648.5	157742.0	158404.5	157905.5	157805.0	157478.5	157362.0	163166.0
MHW155_trimmed_clipped_R1_paired	12435.0	12624.0	12938.0	13125.5	13260.5	13465.0	13869.0	14431.0	15151.0	15913.0	16986.0	18159.5	19252.5	21362.5	24189.0	27506.0	31874.0	38746.5	47483.0	58103.5	72090.0	90630.0	115326.5	147252.0	186635.0	237792.5	298641.0	367178.5	448315.0	542834.0	652386.5	773507.5	901721.0	1034763.0	1178791.5	1361420.0	1661947.0	1943923.5	2048207.5	2026996.0	1980068.0	1961960.5	1967612.0	2016438.5	2071394.5	2104233.5	2121293.0	2128897.0	2133734.5	2132654.0	2126616.0	2036368.0	1870123.0	1717600.5	1573783.0	1435503.0	1305217.0	1186254.5	1072371.0	966476.5	870024.5	779256.5	699562.0	624182.0	551778.0	487452.5	430513.0	378853.5	330635.5	288261.5	249105.0	212818.0	180222.0	152765.0	129949.5	109632.0	92400.0	78047.0	66747.5	57299.5	49447.0	43696.5	39172.5	34688.5	31088.0	29332.5	28014.0	27173.5	25596.0	24161.0	23266.0	22403.5	21815.0	21114.0	20645.5	20305.0	20132.0	20089.5	20038.0	20023.0	20076.0
MHW155_trimmed_clipped_R2_paired	117288.0	117500.5	117913.0	118350.0	118834.0	119542.5	120981.5	122783.0	125054.0	126944.0	129584.0	132313.0	133678.0	138075.5	143365.5	147509.5	152444.5	163316.0	176320.0	188349.0	203735.5	223833.5	249780.0	282107.5	322245.0	383553.0	453725.0	521834.0	603734.5	698354.0	807653.5	931405.0	1062203.5	1196381.5	1340740.5	1522534.5	1820290.0	2099857.0	2209370.0	2194486.5	2147317.0	2129019.0	2135908.0	2184068.0	2241771.5	2275569.0	2291401.5	2299841.0	2303079.0	2308358.0	2310333.0	2216829.5	2049213.5	1899121.5	1752811.5	1613753.5	1486076.0	1366127.5	1251914.0	1146264.5	1048465.0	957716.0	878868.5	805811.0	734298.0	670498.0	613410.5	561854.0	514115.5	469191.0	429997.5	395483.5	362501.5	334296.5	311553.5	297321.5	285884.5	270894.0	258746.0	249514.5	242043.5	236743.5	232439.0	231089.0	230741.5	227901.0	224970.0	223329.0	223827.0	224254.5	226033.0	227908.0	228371.5	230308.0	234596.0	237439.5	237117.0	237291.0	236749.5	236468.0	248651.0
MHW156_trimmed_clipped_R1_paired	9362.0	9422.5	9485.5	9526.0	9637.0	9831.5	10195.0	10683.5	11292.5	11898.5	12752.5	13692.0	14549.0	16281.0	18610.5	21242.5	24584.0	30079.0	37050.5	44880.0	55976.5	71623.0	91513.5	117065.0	149747.5	191611.0	241705.0	298497.0	364517.0	442480.5	532683.5	630558.5	733380.5	840395.0	959603.0	1117958.0	1383293.5	1628028.5	1711432.0	1680494.5	1618254.0	1587501.0	1588021.5	1621273.0	1659832.5	1683845.0	1693937.5	1696315.5	1693929.0	1688685.0	1676467.5	1593621.5	1458606.0	1339668.5	1226341.0	1115764.5	1012145.0	917240.5	827695.5	744656.5	668789.0	597433.5	536012.5	478497.5	422600.5	372018.0	327230.5	287137.0	250140.5	218214.0	188589.0	160327.5	134491.5	113213.0	95744.0	80263.5	66612.0	55459.0	46881.0	39823.0	33984.0	29393.0	25698.5	22158.0	19304.0	17829.0	16753.5	16087.0	14981.0	13939.5	13286.5	12722.5	12388.0	11983.5	11630.0	11347.5	11207.0	11136.0	11022.0	10899.5	10865.5
MHW156_trimmed_clipped_R2_paired	34687.0	34767.0	35018.5	35352.5	35748.0	36339.5	37418.5	38815.0	40615.5	42095.5	44226.0	46521.5	47630.0	51028.0	55172.0	58314.0	62268.0	70727.0	80884.0	90665.0	102979.0	119082.0	140407.5	167765.0	201150.0	248441.0	304560.0	362428.0	430511.0	508522.0	600935.0	702589.5	806833.5	915739.0	1033643.5	1192663.5	1457187.5	1697111.0	1780979.0	1755892.0	1697355.5	1663081.5	1661978.0	1695813.5	1731858.5	1754922.5	1766433.0	1770849.0	1770787.0	1772156.5	1775966.5	1700240.0	1560959.5	1437398.0	1319084.5	1206139.0	1101467.5	1007506.0	918120.0	833397.5	758579.0	688854.5	627566.0	569707.0	512825.0	463694.5	419279.0	379316.0	342517.5	309178.5	278931.5	250288.0	224172.5	202513.0	184809.0	170990.0	159535.0	148472.0	139451.0	130922.5	123869.0	118653.0	114175.0	110998.0	108582.5	106535.0	104503.0	103345.0	102279.0	101149.5	101222.5	101412.0	100888.5	100771.5	101510.0	101774.0	101090.0	100489.0	99981.5	99625.0	99599.5
MHW157_trimmed_clipped_R1_paired	10666.0	10741.0	10848.5	10943.0	11086.5	11262.5	11641.0	12204.5	12852.0	13416.0	14278.5	15356.0	16202.0	17959.5	20425.5	23080.5	26774.0	32535.0	40162.0	49305.0	61367.5	78106.5	100259.5	128854.5	164099.0	209416.5	263305.5	324510.5	398055.5	483612.5	581390.0	686738.5	799256.5	918802.0	1049365.5	1228707.0	1528260.5	1799338.0	1887076.5	1850707.5	1786773.5	1756836.0	1762141.0	1805686.5	1855143.5	1886648.5	1902482.5	1910603.5	1913477.0	1911291.0	1898829.5	1810107.5	1662234.0	1525676.0	1395422.5	1272324.5	1158549.0	1053576.5	952495.5	856921.5	769877.0	689265.5	617881.5	550298.0	486450.0	429703.0	377428.5	331057.0	288284.5	250217.5	216422.5	184807.0	155369.0	130919.0	111093.5	92691.5	76709.5	64485.0	54610.5	46085.5	39226.0	33896.5	29700.5	25662.5	22437.0	20681.0	19329.0	18385.5	17150.0	16073.5	15329.0	14675.5	14252.0	13763.0	13432.5	13179.5	13061.0	13022.5	12926.5	12792.5	12741.5
MHW157_trimmed_clipped_R2_paired	36839.0	36933.5	37215.5	37604.0	38074.5	38712.0	39902.0	41436.5	43323.0	44868.0	47126.5	49562.5	50887.5	54662.0	59046.0	62590.5	66905.0	75972.5	86921.0	97466.5	111085.5	129047.5	152148.0	181268.0	217736.0	269042.0	329934.5	393480.5	467367.5	552162.0	650941.0	759434.5	874911.5	997159.5	1128476.5	1304758.5	1603334.0	1875085.5	1962962.5	1931839.5	1870195.5	1837116.0	1839469.0	1880541.5	1928300.0	1960082.5	1977178.5	1985972.0	1992002.5	1999315.0	2003702.5	1919091.0	1765577.0	1626239.0	1493587.0	1371002.0	1255064.5	1149428.5	1049106.0	951995.0	865025.0	785507.0	714616.0	647724.0	583805.5	527094.0	475439.5	429312.5	386955.5	348417.5	313798.5	281474.5	251783.5	227015.0	206809.0	190416.5	176394.5	163945.0	153772.5	143785.0	135685.0	129463.5	124098.0	120000.0	116869.5	114476.0	112164.0	110785.0	109520.0	108375.5	108419.5	108490.0	107958.5	107812.5	108577.0	108876.5	108158.0	107524.0	106925.5	106512.0	106469.5
MHW158_trimmed_clipped_R1_paired	11413.0	11569.0	11798.5	11899.5	11982.5	12248.0	12764.5	13357.5	14086.0	14819.5	15973.0	17260.5	18340.0	20489.0	23200.0	26409.5	30937.5	38026.0	47204.0	57883.0	72264.0	91146.5	116448.0	149699.0	190874.0	242892.0	303786.5	373509.0	454437.5	547127.0	653919.0	770909.5	893886.5	1023991.0	1169790.0	1380620.5	1781982.0	2151369.0	2229146.0	2123755.5	2008693.0	1958073.0	1954123.0	2003330.0	2066234.5	2110816.5	2139653.5	2161581.5	2174389.5	2179732.0	2178270.0	2081800.5	1910330.0	1757903.5	1614720.5	1477345.5	1345332.0	1221984.5	1104892.0	996414.0	897557.5	804304.0	724190.0	647880.0	572017.0	505168.5	446393.0	392642.5	342163.5	297737.0	257163.0	219615.5	184598.5	156207.0	132747.0	110771.0	92060.0	76894.0	65093.0	54987.0	46780.0	40473.0	35472.5	30634.5	26548.5	24396.0	22674.5	21463.0	19856.0	18441.0	17535.5	16709.0	16180.5	15619.5	15204.5	14869.5	14697.0	14622.0	14460.0	14251.0	14168.0
MHW158_trimmed_clipped_R2_paired	38415.0	38577.0	38947.5	39351.5	39798.5	40484.0	41746.0	43404.0	45501.5	47285.0	49773.5	52322.5	53678.0	57764.5	62803.5	66868.5	71752.5	81861.0	94198.5	106451.5	121981.5	142565.0	168771.0	202990.0	245767.0	303665.0	372055.5	442212.0	523273.5	617861.0	727566.0	845794.0	970571.0	1101899.0	1248230.0	1458634.0	1858359.5	2225536.5	2304541.5	2204637.5	2090191.0	2038080.5	2033349.0	2082358.5	2142120.0	2186332.5	2216163.5	2237028.5	2251772.5	2269485.0	2289958.5	2198061.0	2017523.5	1860556.0	1713480.5	1570745.5	1438220.5	1317953.0	1199226.0	1091117.0	994982.0	901281.0	820709.0	744791.5	668579.0	601885.5	542523.0	488586.0	438738.0	393781.0	352184.0	313675.0	279093.0	250401.5	226900.0	205861.5	187361.5	172007.5	159708.5	148378.5	139066.5	131903.0	125813.5	120300.0	115724.0	112822.0	110256.0	108734.5	106745.5	104801.0	104169.0	103632.0	102625.5	101787.5	102031.5	102050.0	101288.0	100603.0	99970.0	99516.0	99430.5
MHW159_trimmed_clipped_R1_paired	8562.0	8726.0	8976.0	9113.0	9210.5	9423.0	9859.0	10382.0	10911.5	11427.5	12317.5	13353.5	14182.0	15862.5	18074.0	20652.0	24150.5	29654.5	36667.0	44554.5	55013.5	69188.5	87416.0	110635.0	139180.0	175445.0	218834.5	266551.5	322395.5	387908.5	462726.5	544436.5	629833.5	721676.5	829670.0	993143.0	1343547.5	1664467.0	1704298.5	1593501.0	1488811.0	1443907.0	1443725.5	1489156.0	1545974.0	1595742.0	1634212.5	1664464.5	1689699.5	1713327.5	1728099.5	1656517.5	1519557.0	1400654.5	1288731.0	1181253.0	1080812.5	987145.5	894781.5	807778.5	730414.5	656821.5	592333.5	530070.5	467687.5	412878.5	365411.5	321994.0	281461.5	245310.5	212217.0	180573.5	152074.0	129150.5	109490.0	91950.0	76129.0	63367.0	53759.0	45665.5	38757.0	33331.0	29177.0	24992.0	21591.5	19843.5	18567.5	17724.5	16290.5	14989.5	14215.0	13513.5	13071.0	12573.5	12211.5	11962.0	11867.0	11816.0	11695.5	11558.0	11523.5
MHW159_trimmed_clipped_R2_paired	28167.0	28318.0	28610.0	28930.5	29332.0	29938.5	31010.0	32290.5	33787.5	34969.5	36702.5	38643.0	39602.0	42584.5	46381.5	49497.5	53277.5	60933.5	70284.0	79166.5	90116.5	105311.5	124837.0	148422.5	177298.0	218375.5	266145.0	313856.5	371686.5	437696.0	513070.0	595091.0	680947.5	775172.5	884134.0	1047796.5	1396317.0	1714429.5	1753357.0	1648912.5	1546497.0	1497866.0	1498996.5	1545869.0	1602046.5	1647612.0	1684327.5	1717880.0	1746781.5	1777386.0	1806454.0	1740207.5	1596847.5	1473022.0	1358090.5	1248974.0	1147830.0	1054101.0	962809.5	877515.0	799384.5	724962.0	660356.0	597473.0	535707.5	481788.5	434164.0	391137.0	350622.0	313709.5	279963.5	248600.0	219734.0	195607.5	175661.0	158508.0	143675.0	130712.5	120350.0	110934.0	103054.5	97208.0	92163.5	87400.0	83478.0	81094.0	79038.0	77783.0	76106.0	74527.0	73888.0	73388.5	72692.5	72057.5	72127.0	72050.0	71456.5	70927.0	70478.0	70160.0	70103.5
MHW160_trimmed_clipped_R1_paired	9426.0	9494.5	9643.5	9750.0	9829.5	9984.5	10257.5	10644.0	11215.0	11791.0	12613.5	13553.0	14314.0	15899.0	18040.5	20411.5	23445.5	28692.5	35316.5	42878.0	53326.5	67575.0	86702.5	112059.0	143737.5	184082.0	232944.0	288439.0	354138.0	431186.0	520699.0	619364.0	722752.0	832736.5	950571.0	1097931.0	1336591.5	1562455.0	1653707.5	1644071.0	1606991.5	1593934.0	1608639.0	1654179.5	1701220.0	1730739.5	1746587.5	1753464.0	1754931.5	1753169.0	1742019.0	1663117.5	1531356.0	1409671.5	1292224.5	1179367.5	1073662.0	974883.0	881933.0	795375.0	714801.0	640342.0	574570.0	512231.5	451928.5	398931.5	351110.0	307913.0	268003.5	232647.0	201859.5	171531.5	143543.5	120825.5	101748.0	84891.5	70541.0	59008.5	50017.5	42524.5	36205.0	31189.0	27343.5	23499.5	20400.5	18835.5	17667.5	16930.0	15842.5	14848.5	14184.0	13575.0	13203.5	12777.5	12442.5	12196.0	12079.0	12025.5	11904.5	11752.5	11701.0
MHW160_trimmed_clipped_R2_paired	32682.0	32782.5	33047.0	33372.5	33736.5	34282.0	35336.0	36624.0	38177.0	39458.0	41474.5	43670.0	44672.5	47896.5	51820.5	54870.0	58464.0	66229.5	75933.5	85026.0	96492.5	112375.0	132650.5	158326.5	191174.5	237310.0	291158.5	347114.5	413697.5	492050.0	583463.5	682538.5	787702.5	899572.0	1017469.0	1165705.0	1404291.5	1627738.0	1718292.0	1712248.0	1676914.0	1662527.0	1677548.5	1721667.5	1764847.0	1793096.5	1808570.5	1816536.0	1822523.0	1826531.0	1830972.5	1760008.5	1623029.5	1497521.5	1375973.5	1262110.5	1158644.5	1062214.0	967731.5	880673.0	800590.0	725841.0	660632.5	597535.5	536917.0	484414.0	436325.0	393472.5	354758.0	318972.5	286535.0	255903.0	228124.5	205742.0	186771.5	170982.5	157847.0	146156.5	136847.0	128038.5	120639.0	115004.5	110318.0	106712.5	103884.5	101753.0	99762.0	98665.0	97631.0	96550.0	96639.5	96854.0	96350.0	96274.5	97023.5	97243.5	96601.5	96005.0	95390.0	95000.0	94958.0
MHW161_trimmed_clipped_R1_paired	8806.0	8884.0	9014.5	9118.0	9214.5	9416.0	9832.5	10322.0	10921.0	11483.5	12368.0	13403.5	14201.5	15853.5	18276.0	20916.5	24321.0	29840.5	36660.0	44698.5	55604.5	70478.0	89979.0	114715.5	145508.0	185921.0	234027.5	287781.0	351269.5	425466.5	511735.5	604507.0	703864.5	809162.5	925207.0	1086160.0	1365615.0	1625948.0	1709152.5	1673132.0	1609157.0	1574336.5	1575960.0	1617021.5	1663969.5	1696030.5	1713293.5	1722444.5	1731646.0	1735021.5	1725251.0	1644536.0	1510602.5	1387607.0	1268564.0	1157299.0	1053952.5	957710.0	864471.0	778715.5	700622.5	626972.0	564096.0	502566.0	442869.0	391170.0	345075.0	302989.5	264407.0	230487.5	198514.0	168683.0	142086.5	120140.5	101148.5	83808.5	69335.5	57669.5	48626.5	41075.5	34770.0	29871.0	26035.0	22535.0	19687.0	18167.5	17017.5	16260.0	15115.5	14091.5	13391.5	12727.5	12323.5	11881.5	11543.5	11305.5	11213.0	11164.5	11070.5	10940.5	10887.5
MHW161_trimmed_clipped_R2_paired	32967.0	33061.5	33354.0	33739.0	34143.5	34720.0	35831.5	37239.5	38954.0	40300.5	42288.0	44513.5	45647.5	48965.0	53046.5	56290.0	60159.5	68727.0	78827.5	87859.0	99684.0	115514.5	136249.5	162185.5	194385.5	240033.5	293598.5	347908.5	412091.0	487145.5	573353.0	669486.0	770253.5	875409.5	992629.0	1152902.5	1433495.0	1691456.0	1772530.5	1740162.5	1679079.0	1644789.5	1645437.5	1685686.5	1730453.0	1761028.5	1780451.5	1790411.0	1797291.0	1809273.0	1818135.0	1740514.5	1599716.5	1472216.5	1351262.0	1240416.5	1136032.5	1038915.0	945931.0	859606.5	780909.0	707556.5	644455.5	583826.0	525227.0	473717.5	428044.5	386585.5	347196.0	311925.5	279302.5	249159.0	222543.5	200592.0	181606.5	164839.0	150970.5	139385.5	129906.0	121004.5	113628.0	108075.5	103327.0	99219.0	96007.0	93906.0	91980.0	90935.5	89437.5	87990.0	87565.0	87226.5	86612.0	86099.5	86382.5	86401.5	85759.5	85226.0	84741.5	84387.5	84337.5
MHW162_trimmed_clipped_R1_paired	10969.0	11038.5	11133.0	11215.5	11309.0	11448.5	11778.0	12240.5	12856.5	13429.5	14209.5	15084.0	15856.0	17551.0	19780.5	22073.5	25514.0	31071.5	37947.5	46223.5	57046.0	71865.5	91319.5	115977.5	147736.5	189646.0	239511.5	296331.0	363439.5	441279.0	531301.0	630925.0	735439.0	845736.5	966441.0	1130132.5	1402580.5	1637858.0	1717452.5	1697750.5	1644260.5	1622098.5	1629607.5	1665365.0	1707341.0	1733604.5	1742996.5	1747449.5	1746093.0	1742942.5	1731716.5	1643964.5	1505706.5	1380895.5	1261723.5	1149048.5	1044270.0	947822.5	855540.5	769899.0	690572.5	618461.0	555205.0	492933.0	434196.5	383666.0	337736.0	295636.0	257423.5	223864.0	193158.0	164034.5	137651.0	116118.5	97807.5	81118.0	67090.0	56094.0	47308.0	39931.0	34072.0	29357.5	25744.5	22299.5	19585.0	18372.0	17397.5	16735.5	15646.0	14675.5	14087.0	13494.5	13101.5	12657.5	12339.0	12128.5	12039.0	12005.0	11914.0	11794.5	11753.0
MHW162_trimmed_clipped_R2_paired	33388.0	33514.0	33781.5	34114.5	34496.0	35073.0	36179.0	37526.0	39159.0	40484.0	42391.5	44475.5	45588.5	48842.0	52790.5	55921.5	59746.5	67953.0	77725.5	86836.0	98689.5	114660.5	135434.0	161461.5	194138.0	240424.0	295470.0	353184.0	420678.5	499111.0	591370.0	693173.0	798433.5	909170.5	1029627.5	1192145.0	1463027.0	1699788.0	1781212.0	1764852.0	1713331.0	1687864.0	1693548.5	1729818.0	1771660.5	1798176.0	1810589.5	1815782.5	1815598.0	1818616.5	1818260.5	1736476.0	1592887.5	1463804.5	1342725.5	1228253.0	1123670.0	1026621.0	933493.0	848918.5	770221.0	696022.5	632475.0	572133.5	514394.5	462672.0	416123.0	375266.5	336160.0	301721.5	271071.0	242010.0	215576.0	193294.0	174869.5	159220.5	146200.0	134875.5	125658.5	116847.0	109431.0	104205.5	99821.5	95812.0	92611.5	90692.5	88970.0	88089.5	86745.5	85331.5	84911.5	84537.5	83789.0	83301.5	83602.5	83580.5	82926.0	82396.5	81927.5	81565.0	81531.0
MHW163_trimmed_clipped_R1_paired	10380.0	10505.0	10663.0	10737.0	10827.5	10979.5	11353.5	11817.5	12323.5	12941.0	13879.5	14893.0	15771.0	17566.0	20019.5	22791.0	26230.0	31613.5	38769.5	47419.0	58826.5	74387.0	94425.5	120078.5	152689.5	194343.5	244621.5	301461.5	367054.0	443861.5	532530.5	628341.0	730766.0	838618.5	956859.0	1119569.0	1407973.5	1674154.0	1749041.5	1697089.5	1631144.0	1605212.5	1612159.5	1656110.5	1701687.5	1732665.0	1753209.5	1766031.5	1771140.5	1770501.5	1761520.5	1679899.5	1540987.0	1416901.0	1300362.5	1186260.5	1078940.5	980230.0	884920.5	798983.0	719485.5	642345.0	577858.5	515750.0	453689.5	400577.5	353957.5	310567.5	270042.0	234684.5	202341.0	172165.5	144905.0	122578.0	103500.0	86211.5	71536.0	59572.0	50287.5	42652.0	36476.5	31504.5	27531.5	23764.0	20845.0	19355.0	18214.0	17438.5	16255.5	15209.5	14571.0	14008.5	13636.0	13136.0	12758.0	12507.0	12376.0	12320.5	12194.0	12049.0	12016.5
MHW163_trimmed_clipped_R2_paired	35722.0	35849.5	36150.0	36514.5	36943.0	37509.5	38631.5	40033.5	41754.0	43184.0	45270.0	47545.5	48780.5	52206.5	56305.5	59781.0	63911.0	72641.5	83242.5	93179.5	105385.5	121727.0	143216.0	170199.5	204145.0	252257.5	308101.5	364972.0	431916.0	509447.0	599052.5	698732.5	803147.5	911041.5	1030943.0	1193573.5	1480113.5	1744289.5	1819814.5	1772043.5	1707596.5	1678842.5	1684006.5	1727584.5	1773019.5	1803243.0	1823596.5	1838159.0	1843072.5	1849381.0	1857100.0	1779907.0	1635314.0	1508065.5	1388047.5	1271628.5	1163412.5	1064982.5	970852.0	883295.0	802841.5	727975.5	663473.5	600974.0	539203.0	485244.5	438510.5	396617.5	356900.5	320453.0	287002.5	256448.5	229130.0	206221.5	186928.5	170185.5	155930.5	143796.0	134104.0	125129.5	117873.5	112578.5	107942.5	103846.0	100480.5	98250.5	96278.0	95154.0	93774.0	92399.0	92120.5	91946.5	91327.5	91012.0	91498.0	91602.0	90926.5	90356.5	89818.0	89433.0	89399.0
MHW164_trimmed_clipped_R1_paired	8686.0	8767.5	8890.0	8985.0	9064.5	9211.5	9584.0	10058.5	10594.0	11101.5	11823.0	12666.0	13309.5	14672.0	16635.5	18800.5	21661.5	26351.5	32466.0	39780.0	49502.5	62708.0	79504.5	101150.0	128977.5	165173.0	208309.5	257626.5	315185.5	382696.0	461949.0	547585.0	639647.5	740740.5	852592.5	1000156.0	1254229.0	1490787.5	1575628.0	1561965.0	1519471.5	1495015.5	1498229.5	1540144.0	1588428.0	1621129.0	1640820.5	1652982.5	1662108.0	1669645.5	1663615.5	1587136.5	1462392.0	1348768.0	1240724.5	1132887.5	1029986.5	934280.0	842092.0	760137.0	684628.5	613374.5	553823.0	493638.0	433728.5	382661.0	337318.5	295623.0	257325.0	224845.0	193794.0	164183.5	137612.0	115865.0	97678.0	80858.0	66674.0	55276.5	46270.5	38962.0	32970.5	28231.5	24511.0	21058.5	18379.0	16971.5	15962.0	15289.0	14219.5	13273.5	12650.5	12076.0	11720.0	11325.5	11028.5	10790.5	10659.5	10595.5	10488.5	10373.0	10341.5
MHW164_trimmed_clipped_R2_paired	31239.0	31320.0	31590.0	31944.5	32326.0	32925.0	33993.0	35250.0	36793.0	38056.0	39880.0	41810.5	42741.5	45702.5	49243.5	52071.0	55490.5	62964.5	71915.0	80195.5	90547.0	104330.0	122329.5	145302.5	173714.0	214760.0	263664.5	313229.0	372083.5	440765.5	521123.0	610707.0	704332.5	803432.0	914480.5	1064163.5	1318159.5	1552740.0	1636717.5	1626673.5	1589037.0	1563292.5	1565992.5	1607604.5	1654574.0	1687176.0	1707817.0	1721754.5	1731990.0	1742998.5	1748446.0	1676349.5	1546182.0	1428490.0	1316677.0	1207855.5	1105113.5	1010944.0	919681.0	836596.5	761255.5	689772.5	628081.0	568082.5	508983.0	457826.0	413213.5	372556.0	333760.0	299464.5	266776.0	236880.0	210883.0	188829.0	170306.0	153458.0	139329.5	127843.0	118634.0	110036.5	102832.0	97546.0	93057.5	88682.0	85065.5	83080.0	81395.5	80407.0	78884.5	77355.5	76749.0	76229.5	75410.0	74692.5	74734.0	74580.0	73947.5	73446.0	73018.0	72691.0	72615.5
MHW165_trimmed_clipped_R1_paired	10891.0	10942.5	11023.0	11110.0	11218.0	11351.0	11685.0	12181.0	12786.5	13365.0	14109.0	15021.5	15838.0	17324.0	19331.0	21684.0	24873.5	30032.5	36771.5	44660.5	55458.5	69427.5	87705.5	112287.5	142780.0	182505.5	231665.5	287540.5	352528.0	429305.5	518095.0	616628.5	722568.0	835332.5	962185.0	1140074.5	1449543.5	1731729.0	1822220.5	1789709.0	1726286.0	1701008.0	1713422.0	1757740.5	1809467.0	1842755.5	1861649.5	1871645.5	1870747.5	1866300.0	1852566.0	1766908.0	1628004.5	1497410.0	1370781.0	1251214.5	1140051.5	1036926.5	936867.0	843543.5	757739.5	676484.5	605858.0	539252.0	475490.5	418790.5	367839.5	322912.5	281261.0	244195.0	211090.5	180327.0	152050.5	128115.0	108108.5	90583.5	75328.5	62822.0	53333.0	45245.5	38446.0	33237.0	29046.0	25019.5	21763.0	20095.0	18779.5	17797.0	16509.0	15385.0	14686.0	14088.5	13729.0	13220.5	12832.0	12586.0	12468.5	12412.0	12316.0	12193.0	12147.0
MHW165_trimmed_clipped_R2_paired	37207.0	37271.0	37507.0	37872.5	38350.0	38997.0	40158.5	41635.5	43418.5	44801.5	46772.5	48903.5	49994.5	53360.0	57395.0	60700.5	64592.5	72929.0	82864.5	92186.0	103971.0	119195.5	139042.0	164392.5	195754.5	241654.0	296739.0	352419.5	418628.0	496868.5	587969.0	689628.5	797994.0	911448.5	1038523.0	1217046.0	1525047.0	1806156.0	1898683.0	1867653.0	1805632.5	1779649.5	1789392.5	1831918.0	1882160.0	1915870.0	1932170.5	1941873.5	1947042.5	1951644.0	1951096.5	1868024.0	1720945.0	1587902.0	1459871.5	1336687.0	1224110.5	1121518.5	1021411.0	927144.5	841709.5	762143.5	691601.5	625691.0	562229.0	505092.0	454511.0	409109.0	367314.0	329781.0	295830.0	264343.5	235141.0	211016.0	191672.0	174593.5	159678.5	146873.0	136561.5	127049.5	119251.5	113415.0	108226.5	103354.5	99450.0	97096.5	94934.5	93657.5	92012.0	90475.0	89864.0	89263.5	88319.0	87502.0	87579.5	87451.0	86697.5	86134.0	85679.0	85304.0	85239.0
MHW166_trimmed_clipped_R1_paired	10524.0	10612.5	10764.0	10870.0	10991.5	11194.0	11591.0	12149.5	12803.5	13447.5	14499.5	15727.5	16839.5	18724.0	21231.5	24182.5	28127.5	34283.0	42239.5	52055.5	64967.0	82096.5	105053.5	134863.5	171958.0	218591.5	274578.0	338730.0	413915.5	500639.5	600441.0	711171.5	826825.0	947581.0	1080535.0	1260910.5	1579023.0	1869981.0	1957456.5	1913799.5	1845048.0	1813163.5	1815595.0	1857531.5	1905734.5	1938312.5	1955865.5	1963386.5	1965674.0	1964637.0	1954581.5	1863907.0	1710674.5	1570278.5	1436291.5	1309521.0	1192499.0	1083823.0	978438.0	880338.5	790863.5	708470.5	635171.0	566055.5	499481.0	439954.5	388062.0	341015.5	296876.0	257830.5	222980.0	190354.0	161155.0	136172.5	114541.5	96157.5	80551.5	67454.5	57242.5	48805.0	41756.5	36309.0	31905.0	27547.0	24064.0	22259.5	20820.0	19804.0	18398.0	17158.0	16355.0	15638.0	15202.0	14658.0	14232.5	13915.5	13774.5	13711.5	13586.0	13428.0	13375.0
MHW166_trimmed_clipped_R2_paired	37389.0	37514.0	37863.5	38293.0	38699.5	39303.0	40507.0	42022.0	43901.5	45479.5	47748.5	50233.0	51546.5	55230.5	59861.5	63560.5	67955.0	77437.0	88902.5	99839.5	113961.0	132808.0	157502.0	188078.5	225298.5	278703.5	341837.5	406212.0	482638.5	571430.0	673387.5	785481.5	903261.0	1026287.5	1160907.5	1340609.5	1655937.0	1947663.5	2036508.5	1996894.0	1927895.0	1891185.5	1892392.0	1936344.5	1987631.5	2019097.0	2034972.0	2044723.5	2050126.0	2054450.5	2063208.5	1981642.5	1823012.0	1679436.5	1539898.0	1410658.5	1293475.5	1183908.5	1078331.0	980197.5	891672.5	808775.0	736023.0	667535.0	600571.0	541120.0	488792.5	442378.5	398515.0	359455.0	323244.5	289952.0	259842.5	234368.5	213638.0	196933.0	183359.0	170330.5	159509.0	149486.0	141224.0	134957.5	129466.5	125504.0	122508.5	119949.5	117550.5	116227.5	115110.5	113981.0	114107.5	114342.5	113937.5	114185.0	115358.5	115761.0	115011.5	114440.0	113908.5	113490.5	113444.0
MHW167_trimmed_clipped_R1_paired	10094.0	10164.5	10245.5	10299.0	10401.0	10594.5	10989.0	11452.0	12040.0	12603.0	13561.0	14669.0	15479.5	17316.0	19568.5	21951.0	25225.5	30606.5	37513.0	45610.0	56618.5	71799.5	91418.0	116681.5	149117.0	190398.5	240375.5	298255.5	365833.0	443081.5	532671.0	633265.0	739065.5	850966.5	973875.0	1133691.0	1391912.0	1629836.0	1726921.5	1716876.0	1667542.0	1643498.5	1650533.5	1692171.5	1737364.5	1763745.0	1775910.5	1780075.0	1778887.5	1775144.5	1760673.5	1677050.5	1543283.5	1418885.5	1300086.5	1185853.5	1076819.0	977308.0	882224.0	794483.5	715322.0	639757.0	574475.5	512039.0	451343.5	398787.0	351803.5	308921.5	268947.0	233954.0	201732.0	171661.0	145060.0	122902.5	104196.5	87538.5	72988.5	61346.0	52400.5	44901.5	38649.5	33606.0	29724.0	25742.5	22335.5	20645.0	19399.5	18552.0	17138.5	15879.5	15081.5	14380.5	13954.5	13414.0	13044.0	12793.5	12676.5	12621.5	12505.5	12368.5	12327.5
MHW167_trimmed_clipped_R2_paired	33318.0	33419.5	33658.0	34013.0	34461.5	35064.0	36148.5	37486.0	39080.5	40355.5	42360.0	44506.5	45534.5	48763.5	52635.5	55836.0	59777.5	67492.5	76915.0	86199.5	98112.5	114104.5	134751.5	161281.0	194167.0	240987.5	297039.0	354394.5	421076.5	499997.0	592602.5	694488.0	802296.5	915287.0	1038297.0	1198235.0	1456777.0	1694641.5	1790089.0	1784535.5	1738012.5	1710473.5	1716588.0	1757294.0	1800935.0	1827943.0	1840383.5	1844140.0	1846196.5	1850384.5	1848788.5	1768313.0	1627927.5	1500908.0	1378382.0	1261196.0	1152365.5	1052743.0	958334.5	871458.0	792487.5	717456.0	652828.5	590377.0	528646.5	475113.0	428300.0	386902.5	347394.5	311713.0	278338.0	247922.5	221292.0	198595.5	179859.5	163385.0	149412.0	137739.5	128147.0	118890.5	111432.0	105778.0	100815.0	96474.5	93056.5	90839.5	88713.5	87458.0	85811.5	84305.5	83863.5	83439.0	82706.5	82205.0	82496.5	82514.5	81857.5	81305.5	80863.0	80542.5	80484.5
MHW168_trimmed_clipped_R1_paired	9345.0	9390.0	9505.0	9611.5	9710.5	9850.0	10156.5	10587.0	11197.0	11810.5	12648.5	13618.0	14309.0	15981.5	18268.5	20628.0	23844.0	29209.5	36202.0	44279.0	55176.5	69920.5	89350.0	114877.5	146993.5	188327.5	238510.0	294927.0	361954.5	440467.5	529739.0	629553.0	734110.0	844743.5	966413.0	1124033.5	1386568.0	1629161.5	1718666.0	1697497.0	1640072.5	1609256.0	1611806.0	1645888.0	1683209.0	1707462.0	1717953.0	1719008.0	1713699.5	1706316.0	1690031.0	1608465.0	1481600.0	1363052.5	1245729.5	1133962.0	1032081.5	937103.5	845071.5	760854.0	683869.0	611869.5	548360.5	489196.0	431281.5	379241.5	334119.5	292474.0	254653.5	221793.0	191643.0	163432.0	137216.0	115727.5	97786.0	81343.0	67327.5	56553.0	48156.5	40869.0	34873.0	30319.0	26790.0	23296.5	20475.0	19025.0	17953.5	17265.0	16149.5	15155.0	14488.0	13891.5	13514.5	13071.0	12762.0	12529.5	12408.5	12357.0	12261.0	12138.5	12097.5
MHW168_trimmed_clipped_R2_paired	32751.0	32833.5	33080.5	33453.5	33897.0	34467.0	35557.0	36946.0	38535.5	39769.5	41584.5	43601.0	44678.5	48023.5	51970.5	55032.5	58880.0	67101.5	77022.5	86308.0	98188.0	113800.5	134562.5	160994.5	194082.0	241199.0	296352.5	354367.0	422136.5	501398.5	593937.5	694797.0	801381.0	913993.0	1036359.5	1195961.5	1456786.5	1696228.0	1786622.5	1767892.5	1711410.5	1679071.5	1680850.5	1715914.5	1751825.5	1772845.5	1783693.5	1787131.5	1782995.0	1781751.0	1780451.0	1703774.0	1569253.0	1447349.5	1329607.5	1218470.0	1114816.5	1019327.5	928496.5	843495.0	766742.5	694858.5	632421.0	573190.0	514948.5	463640.0	418239.5	378232.5	340864.0	306428.5	275995.0	247945.0	221603.5	199728.5	181792.0	167159.5	154848.5	143617.0	134747.5	126141.5	118841.5	113723.5	109357.5	105798.0	103110.0	101150.0	99309.5	98288.0	97272.5	96243.5	96264.0	96359.5	95943.0	95877.0	96521.0	96695.0	96062.0	95578.0	95093.5	94738.5	94693.5
MHW169_trimmed_clipped_R1_paired	8225.0	8264.0	8371.0	8472.0	8560.5	8707.5	9020.5	9472.5	9993.5	10492.5	11289.5	12235.5	12991.5	14586.0	16795.0	19195.0	22225.0	26994.0	33085.0	40485.5	50473.5	64042.0	81578.0	104109.0	132801.5	169880.0	214442.5	265022.5	324861.0	394748.5	474277.5	562732.0	657734.5	757689.5	871421.5	1030549.0	1299713.0	1551221.5	1637490.0	1598780.0	1536263.0	1511108.5	1516890.0	1558417.0	1606467.0	1639861.0	1661465.5	1673098.0	1677588.5	1683819.0	1683591.0	1608380.5	1474882.5	1355145.5	1243118.5	1134751.5	1032892.0	939177.0	850459.0	768014.0	690994.5	617434.0	554870.5	496527.0	438030.5	385345.5	339480.0	298803.0	260034.0	225517.5	194917.0	166239.5	140011.5	117933.0	98976.5	81982.0	67914.0	56348.0	46979.5	39512.0	33595.0	28922.0	25168.5	21683.5	18971.0	17609.0	16580.0	15930.5	14860.5	13832.0	13143.5	12538.5	12186.0	11755.5	11441.0	11210.0	11093.0	11050.0	10961.5	10855.0	10827.0
MHW169_trimmed_clipped_R2_paired	30090.0	30183.0	30440.5	30785.0	31176.5	31699.0	32652.0	33875.0	35397.5	36675.0	38560.5	40543.5	41520.5	44599.5	48278.0	51141.5	54859.5	62532.5	71513.5	80020.5	90816.0	105500.0	124158.0	147351.5	176908.5	219005.0	268472.0	319471.5	380548.0	451102.0	532090.5	622490.5	718161.0	820229.5	935543.5	1094102.5	1362503.5	1614213.0	1700983.5	1663864.5	1600490.0	1575548.0	1583095.5	1621847.0	1669542.5	1703489.0	1722848.0	1736326.5	1744946.0	1756290.0	1769765.0	1697444.0	1557135.5	1434814.0	1318777.5	1209961.0	1109348.0	1014554.0	924628.0	841027.0	764679.5	692048.5	629180.0	570884.5	512236.5	460945.0	415508.5	374851.5	336944.0	302256.0	270043.0	240393.0	214057.0	191477.0	173022.5	156887.5	142970.5	131162.0	121527.5	112871.5	105598.5	100074.5	95472.5	91361.0	88041.5	86078.0	84202.5	83165.5	81823.5	80420.5	79975.5	79613.5	78906.5	78396.0	78692.0	78710.0	78068.0	77530.5	77088.5	76806.0	76779.0
MHW170_trimmed_clipped_R1_paired	10570.0	10667.5	10813.5	10886.0	10994.5	11175.5	11461.5	11877.0	12401.0	12895.5	13623.5	14542.0	15282.0	16732.5	18786.0	21078.0	24111.0	29221.0	35564.5	42867.5	52851.5	65902.0	83032.5	105314.5	132577.5	168958.5	213006.0	261902.5	320497.5	387342.5	465760.5	554043.0	647711.5	751394.0	873651.5	1055467.0	1397632.0	1713312.0	1797132.5	1733216.0	1642600.0	1600217.5	1603725.5	1650363.5	1709761.0	1757548.5	1791962.0	1816598.5	1835129.0	1852241.0	1858813.0	1781270.0	1639054.0	1508963.5	1385513.5	1268405.5	1157930.5	1055645.5	957405.0	864640.0	778917.5	699037.0	630179.0	563171.5	496854.5	438068.5	386523.0	339855.5	296576.0	258311.5	222981.0	190046.5	159855.5	134390.0	113220.5	94251.0	78043.0	64833.0	54279.5	45480.5	38403.5	33106.5	28809.5	24722.5	21666.5	20123.0	18976.0	18291.5	17160.0	16134.5	15440.0	14809.5	14421.0	13923.5	13606.0	13390.0	13258.0	13202.0	13133.5	13034.5	12993.5
MHW170_trimmed_clipped_R2_paired	30556.0	30701.5	31011.0	31328.0	31699.5	32272.0	33322.0	34632.0	36266.0	37628.5	39526.0	41573.0	42613.5	45688.0	49412.5	52338.0	55834.0	63403.5	72504.0	81118.0	91757.5	105702.0	124089.5	146867.0	175239.5	216490.5	265053.5	313705.5	372479.0	441557.5	521833.0	612621.5	707922.0	811058.5	932728.0	1114964.0	1457494.0	1773366.0	1858249.0	1795875.5	1707451.0	1662696.5	1665333.0	1714339.5	1774056.5	1820808.0	1851982.5	1877737.5	1898673.0	1921457.5	1939511.0	1862852.0	1716869.0	1587086.0	1461737.0	1341167.5	1228226.5	1126089.5	1028527.5	936080.5	851427.5	771331.0	701990.5	634842.5	568150.0	510883.5	459896.5	412535.0	369575.0	330311.5	293605.5	260262.0	229925.0	204355.0	182953.0	163425.5	146771.5	133399.5	122460.5	112694.5	104538.0	98249.5	93120.0	87977.5	83798.5	81664.0	79677.5	78542.0	76688.0	74874.0	74247.0	73647.5	72745.0	71863.0	71739.0	71535.0	70905.5	70338.0	69803.0	69402.5	69302.0
MHW171_trimmed_clipped_R1_paired	14506.0	14633.0	14792.5	14918.0	15050.0	15260.5	15726.5	16323.5	17081.5	17862.0	19109.0	20458.5	21616.0	24074.0	27133.0	30414.5	35176.5	42471.5	51775.0	63230.0	77936.5	97994.0	124258.5	159077.5	202852.5	258238.0	323861.0	398238.5	486891.5	589842.5	709900.0	841052.0	977864.5	1123382.5	1284738.0	1503514.5	1865641.5	2200266.0	2322730.0	2290432.5	2218135.5	2186814.5	2197030.5	2254258.0	2319724.0	2364656.0	2389393.0	2404757.0	2411888.5	2412779.0	2400408.5	2285987.5	2098400.5	1926275.0	1764099.0	1611077.0	1465565.5	1331183.0	1202968.5	1083440.5	974597.5	873795.0	786220.5	700658.0	617638.0	545045.0	479997.0	420783.0	366638.5	319759.0	277082.0	235792.5	197629.0	166408.5	140523.5	117145.0	97188.5	81205.0	68467.5	57934.0	49477.0	43122.0	38181.0	33086.5	28994.5	27159.0	25712.0	24721.5	23145.5	21744.5	20818.5	19923.0	19369.0	18754.5	18290.5	17940.5	17782.5	17732.0	17601.0	17407.5	17339.0
MHW171_trimmed_clipped_R2_paired	50017.0	50109.5	50459.0	50988.5	51573.5	52400.5	53986.5	55979.5	58397.5	60371.0	63293.0	66449.5	68075.5	72872.0	78665.0	83197.5	88570.0	100155.5	113979.5	126888.0	143444.5	165271.0	193735.5	229587.0	274022.0	337661.5	412509.5	487907.5	577433.5	682876.5	804555.5	938162.0	1076418.5	1223904.0	1387150.5	1604769.5	1964052.5	2295744.5	2419450.5	2395243.5	2326609.0	2290963.5	2300580.5	2355004.0	2414326.5	2458660.0	2486057.5	2499833.5	2508435.5	2521996.5	2536323.0	2431177.5	2233643.5	2059455.0	1893913.5	1737517.0	1591975.5	1457268.5	1327069.0	1206790.5	1098523.5	996995.5	909265.5	826151.5	743872.0	670577.5	605285.0	547773.5	494040.5	445003.5	400937.5	359940.0	322154.0	290479.5	264532.0	243362.5	225878.5	209977.5	196948.0	184597.5	174367.0	166924.0	160365.5	155193.0	151424.0	148550.0	145808.0	144343.0	142832.5	141248.0	141385.5	141600.5	140880.5	140933.0	142313.0	142833.5	141920.5	141154.5	140366.5	139801.0	139769.0
MHW172_trimmed_clipped_R1_paired	9421.0	9474.0	9581.0	9686.0	9790.0	9992.0	10428.5	10960.0	11613.0	12299.5	13094.5	13963.0	14898.5	16529.0	18616.5	21032.0	24215.5	29330.0	36085.0	44121.5	54888.5	69501.5	88515.5	113137.0	143448.0	182940.0	230739.0	284470.0	346698.5	418619.0	503149.5	596193.0	692632.5	794623.5	908847.5	1061135.0	1329249.5	1575591.5	1657732.5	1629994.5	1566941.5	1538588.0	1543902.0	1582850.0	1627454.0	1654252.0	1670201.0	1677059.0	1677194.5	1674606.0	1663610.0	1586780.5	1459057.5	1340908.5	1228581.5	1121132.5	1019766.5	925221.5	834974.0	752709.5	676988.5	605505.5	544320.0	485387.5	427492.0	378315.5	333408.0	291946.5	254791.0	221688.5	191523.5	163455.5	137786.0	116266.0	98050.0	81877.5	68043.0	56804.0	47980.5	40728.0	34798.0	30087.0	26287.5	22657.5	19882.5	18480.0	17408.0	16684.0	15614.0	14625.0	13970.0	13414.5	13081.0	12693.0	12385.0	12112.5	11969.5	11920.5	11802.5	11648.5	11590.5
MHW172_trimmed_clipped_R2_paired	32633.0	32737.0	33033.0	33441.0	33866.5	34458.0	35541.5	36968.0	38742.5	40189.0	42171.0	44239.0	45312.0	48518.0	52432.5	55557.0	59348.5	67529.5	77375.0	86625.0	98248.0	113896.5	133945.0	159014.0	190738.5	236439.0	289689.0	343122.5	406334.5	479955.5	565837.0	660455.5	759610.5	862601.5	973741.0	1128552.0	1397015.0	1642017.0	1725735.0	1698879.5	1640404.0	1613088.0	1617518.0	1654253.5	1696107.0	1722990.0	1737270.5	1745298.0	1748333.0	1749861.5	1751915.0	1681012.5	1548083.5	1426052.0	1312126.5	1204524.5	1102549.0	1008406.5	918149.0	834424.0	758990.5	688259.0	626866.5	568155.0	511075.5	460791.5	416059.5	376177.5	338453.0	305085.5	274474.5	245839.0	219787.5	198167.5	179958.0	164349.5	151391.0	140029.0	130835.5	122044.5	114783.0	109404.5	104765.5	100936.5	97883.0	95738.5	93790.0	92720.0	91486.5	90206.5	89869.5	89650.0	89064.0	88755.0	89173.5	89220.0	88590.5	88100.5	87659.0	87341.5	87324.5
MHW173_trimmed_clipped_R1_paired	10474.0	10506.5	10585.0	10682.5	10795.0	10917.5	11228.0	11681.0	12246.5	12822.0	13617.0	14565.5	15341.5	16904.5	19149.0	21643.0	24838.0	29980.5	36736.0	45006.5	56200.5	71319.0	91267.5	117589.0	150375.5	192858.0	243369.5	300994.5	368300.0	447168.5	539574.5	640142.5	745810.0	856399.5	977164.5	1134528.0	1388135.0	1629116.5	1720163.0	1693409.0	1642610.5	1623182.5	1628298.5	1666181.5	1708866.5	1732431.5	1742535.5	1745540.5	1742708.5	1734640.5	1718833.0	1637033.0	1505002.0	1381231.0	1263970.0	1154870.0	1051372.5	955083.0	862369.5	776269.5	696776.0	622016.5	557040.0	495607.0	437719.5	387815.5	341803.0	299290.0	260967.0	227021.0	196475.5	168092.5	141392.5	119554.0	101590.5	85167.0	71279.0	59712.5	50447.0	43014.5	37014.0	32223.5	28398.5	24670.0	21673.0	20092.0	18791.5	17832.0	16526.0	15414.0	14803.0	14264.0	13903.0	13460.0	13113.0	12861.0	12749.5	12711.5	12606.0	12436.5	12364.5
MHW173_trimmed_clipped_R2_paired	35509.0	35599.0	35859.5	36213.0	36630.0	37251.5	38401.0	39831.0	41590.0	43025.0	45159.5	47471.5	48618.5	52055.0	56161.0	59349.0	63314.0	71779.5	82017.5	91683.5	103953.5	120389.5	141703.5	168686.0	202493.5	250297.5	306564.5	365185.5	434179.0	513711.5	607456.0	710809.5	818240.0	931174.5	1052249.0	1208684.0	1461774.0	1699804.5	1791285.0	1769951.0	1719375.5	1696655.5	1703480.5	1739340.5	1778019.0	1803940.0	1813456.0	1815470.0	1816600.0	1816018.5	1815067.5	1740847.0	1604761.5	1478056.5	1358639.5	1246336.0	1141331.5	1046490.5	953678.0	866839.5	788051.0	714508.0	650135.5	590131.5	532841.5	480370.0	433495.5	392650.5	354503.0	319897.0	288179.0	258852.0	232541.5	210130.0	191583.0	177376.0	164979.5	153189.0	143792.5	135031.0	127739.0	122002.0	117177.0	113585.5	110611.0	108143.0	105915.5	104629.0	103470.5	102400.5	102634.0	102983.5	102689.5	102917.0	103926.5	104335.5	103685.0	103148.5	102669.5	102325.0	102313.5
MHW174_trimmed_clipped_R1_paired	10337.0	10397.5	10541.5	10640.5	10723.0	10916.5	11327.5	11814.5	12368.0	12914.0	13724.5	14780.5	15735.5	17428.5	19692.0	22177.5	25538.0	31108.5	38560.0	47372.0	59112.0	74611.0	95252.5	122524.0	157092.0	201799.5	254930.5	316020.5	389038.0	473546.5	570807.0	677715.0	792497.5	914576.0	1044137.0	1207330.5	1465642.0	1705197.5	1803143.0	1794893.5	1753000.0	1737002.0	1748823.0	1789937.0	1833739.0	1860583.0	1872896.5	1878996.5	1877526.0	1870863.0	1853551.5	1764255.5	1624434.5	1495323.0	1370290.5	1248507.0	1134053.5	1031014.0	932299.0	839617.0	755098.5	675191.5	605763.5	540429.0	477312.0	421160.5	370027.5	323912.5	282785.0	246792.5	212827.5	181058.0	152735.5	129021.0	109244.0	91828.0	76658.5	64100.0	54418.0	46448.5	39929.5	34859.0	30664.5	26494.5	23081.5	21304.5	19884.5	18861.5	17560.5	16399.5	15565.5	14844.5	14418.0	13865.5	13458.0	13211.5	13089.0	13025.5	12893.0	12734.5	12688.5
MHW174_trimmed_clipped_R2_paired	34376.0	34464.5	34724.5	35105.0	35573.5	36162.5	37226.5	38640.5	40397.0	41824.0	43919.0	46197.5	47380.0	50873.5	54976.0	58180.0	62171.0	70731.0	80859.0	90624.5	103225.5	120463.0	142750.0	170601.5	205536.0	255671.5	315038.5	376852.5	450784.5	536074.5	635150.5	745178.0	860727.5	982364.0	1112958.0	1278245.5	1535686.5	1772303.0	1871192.5	1867306.0	1826745.0	1809593.0	1820509.0	1860453.0	1904223.5	1932454.0	1946331.5	1950684.0	1951122.0	1952698.0	1952344.0	1869037.5	1723646.0	1594189.0	1465078.5	1342798.5	1228962.5	1123032.5	1023353.5	929592.5	845001.0	767025.0	697318.0	631606.0	568416.0	511838.0	461405.5	416620.0	375336.5	338034.0	304081.5	272035.0	243087.0	219011.0	198910.0	182628.5	169169.5	156715.5	146245.0	136731.5	128968.0	122730.0	117416.0	113379.5	110135.5	107504.5	105037.5	103665.0	102319.0	100991.5	100933.5	101029.0	100493.5	100310.0	101110.5	101416.0	100670.0	100047.0	99507.5	99177.0	99142.5
MHW175_trimmed_clipped_R1_paired	9115.0	9207.5	9363.5	9446.0	9507.0	9660.5	10030.5	10473.0	11035.5	11586.0	12411.5	13344.0	13971.0	15613.0	17729.0	19795.5	22606.5	27244.5	33166.0	39751.0	48609.0	60717.5	76950.0	98235.0	124813.0	159712.0	201031.0	248057.0	304354.0	369643.5	446943.5	532839.5	623817.5	722160.5	833132.5	982522.0	1240492.0	1478889.0	1556954.0	1536955.5	1499047.0	1487916.0	1506737.0	1557671.0	1611177.5	1646297.0	1666932.5	1682352.0	1689472.5	1690782.0	1680995.0	1605789.0	1482255.5	1365580.0	1253512.5	1145438.0	1044461.5	951316.0	861963.0	777261.0	697968.0	624168.0	560363.0	500092.5	441701.5	390156.0	344126.0	302015.5	262784.5	229031.5	198644.0	169555.0	142973.5	120917.5	102316.0	85781.0	71847.5	60578.0	51646.0	44242.5	38231.0	33368.0	29318.5	25265.0	21917.5	20140.0	18867.5	17959.5	16469.5	15180.5	14369.5	13642.0	13268.5	12802.5	12452.0	12217.5	12119.5	12062.5	11954.5	11833.5	11786.0
MHW175_trimmed_clipped_R2_paired	29376.0	29463.0	29727.5	30113.0	30549.5	31119.0	32151.0	33412.0	34881.5	36053.5	37796.0	39643.5	40572.0	43545.5	46990.5	49584.0	52823.0	59899.0	68441.5	76249.0	86065.0	99084.5	115957.5	137449.0	164299.0	203185.0	249657.5	298084.0	355059.0	420789.5	497915.5	585496.0	678356.0	777066.0	889478.0	1038990.5	1296339.0	1533727.0	1610901.0	1595127.5	1558889.0	1546772.0	1565153.5	1613045.0	1664931.5	1700251.0	1723019.0	1737873.5	1745301.5	1754217.0	1760192.0	1691405.5	1562124.0	1443015.5	1327969.5	1218220.5	1117400.5	1023077.0	932477.0	847385.0	768956.0	696541.0	632005.5	570627.0	512506.5	460367.5	414112.5	372789.0	334029.5	299603.5	267731.0	238267.0	212057.0	189704.0	171170.0	155539.0	142119.5	130701.0	121339.0	112647.5	105186.0	99453.0	94590.5	90188.0	86570.0	84178.5	82068.5	80801.5	79145.5	77535.5	76982.5	76533.5	75793.5	75187.0	75409.0	75423.5	74811.5	74267.5	73794.0	73449.5	73369.0
MHW176_trimmed_clipped_R1_paired	7458.0	7575.0	7741.0	7788.5	7793.5	7863.0	8067.0	8386.0	8851.0	9319.5	10009.0	10850.5	11540.0	12773.0	14501.5	16541.5	19323.0	23813.0	29597.0	36614.0	46088.5	58765.0	75131.0	96978.5	124697.0	160561.5	203406.0	251554.0	309775.0	378496.0	456607.5	544016.5	638309.0	735698.0	838949.0	979063.5	1190526.5	1391610.0	1503432.5	1491378.5	1424092.0	1394348.0	1395659.5	1427439.5	1463710.0	1490107.5	1506690.0	1518618.0	1527117.5	1538179.5	1557670.5	1491258.0	1353774.0	1238517.0	1128713.0	1022275.0	921436.0	829878.0	744683.0	665821.0	594772.5	529984.0	473625.0	421236.5	370947.0	326702.5	287453.0	251312.5	218865.5	190240.5	164342.5	141314.0	120739.5	102924.5	87991.0	74972.5	63273.5	53625.5	46388.0	40292.5	35157.5	31134.5	27957.5	24740.5	22088.0	20663.0	19529.5	18748.5	17549.5	16472.5	15749.0	15091.5	14635.5	14077.0	13670.5	13352.5	13200.5	13151.5	13072.0	12981.0	12953.0
MHW176_trimmed_clipped_R2_paired	76244.0	76334.5	76523.0	76736.0	76991.0	77427.5	78250.0	79253.5	80710.5	81928.5	83619.0	85484.0	86351.0	89181.5	92535.0	95112.5	98353.0	105202.5	113550.0	121480.5	131385.5	144433.0	161890.0	184258.5	211958.5	253119.5	300835.0	348858.5	407338.0	475469.0	554422.5	643181.0	736987.0	833869.0	936714.5	1076603.0	1289950.0	1491776.0	1603320.5	1592687.0	1527659.0	1498994.5	1500265.0	1534448.5	1573356.0	1598411.0	1614969.5	1628615.5	1637477.0	1655261.5	1680400.0	1608486.5	1466281.5	1350520.0	1239080.0	1132406.0	1033322.5	940915.0	853973.5	775485.5	704386.0	639734.5	584316.0	533225.5	483633.5	437831.5	396604.5	361120.0	328555.0	298181.0	272690.0	250509.0	229213.5	210163.0	194374.0	180846.5	168813.0	158462.0	150343.5	144429.0	139797.5	136248.0	133189.0	129671.5	126747.0	124542.0	122457.5	121294.5	119353.0	117402.0	116423.0	115563.0	114329.5	112796.0	112167.0	111791.0	111536.5	111527.5	111027.5	110789.5	117191.5
MHW177_trimmed_clipped_R1_paired	7738.0	7843.5	7990.5	8064.0	8109.5	8158.0	8390.5	8724.5	9090.0	9464.5	10116.5	10906.5	11505.0	12881.0	14555.0	16271.0	18748.0	22998.0	28278.5	34244.5	42493.5	53412.0	67640.5	86832.0	111824.0	144495.5	182838.5	226292.5	277580.0	337209.0	407569.0	485132.5	566182.0	651675.5	743398.5	859566.5	1046734.0	1227945.5	1327435.5	1320103.5	1264508.5	1241595.5	1239266.5	1267721.0	1300788.0	1322460.5	1333563.0	1340498.0	1348073.5	1360127.0	1373839.5	1309561.5	1185828.0	1083233.5	986270.5	896100.0	814578.0	738217.0	667179.0	601370.5	540960.0	485374.0	436425.0	390624.0	347017.5	307849.0	271918.0	239708.0	210897.0	184829.0	160214.5	137783.0	117878.0	101086.5	87203.0	74796.5	63935.5	54854.5	47296.0	41215.5	36334.5	32163.5	28885.5	25501.0	22627.0	21223.0	20115.5	19389.5	18141.0	17009.0	16218.0	15473.5	15039.5	14529.0	14132.5	13855.0	13721.0	13672.0	13647.5	13618.5	13625.5
MHW177_trimmed_clipped_R2_paired	108025.0	108132.5	108338.5	108567.0	108792.0	109059.0	109701.5	110645.5	111972.0	113049.0	114600.5	116268.5	117068.5	119732.5	122896.0	125231.5	128097.5	134582.0	142188.0	149330.5	158369.0	170060.5	185517.5	205309.0	230614.0	268527.5	312412.5	356108.0	407333.0	466950.0	537575.5	617256.0	700897.5	785566.5	876323.0	993169.0	1178425.5	1357913.5	1457941.5	1454136.0	1400994.5	1375965.5	1374243.0	1404560.5	1436885.0	1457603.5	1469648.5	1479269.5	1488634.5	1509245.0	1521222.5	1441473.5	1310435.5	1204187.0	1105688.0	1015031.5	933834.0	858515.5	786422.5	720475.5	660748.5	605621.0	557086.0	513415.0	471878.5	432856.5	397341.5	365996.0	336782.0	309094.5	285813.0	265048.5	245171.0	227789.5	213095.0	203524.0	195556.5	185812.5	178076.5	172644.5	168110.0	165098.0	162549.5	161125.5	160392.0	158144.0	155924.0	154617.0	154331.0	154107.5	154758.5	155470.5	155283.5	155693.0	157739.0	159364.5	159277.0	159508.5	159135.0	159009.0	169168.5
MHW178_trimmed_clipped_R1_paired	7121.0	7198.5	7310.5	7379.0	7435.0	7497.5	7671.5	7946.5	8368.0	8789.5	9313.0	9935.5	10566.0	11887.5	13538.5	15327.5	17671.0	21648.0	26746.5	32788.5	41258.0	51908.0	65835.5	84579.5	107935.0	139128.0	175827.5	216199.5	265048.0	323123.5	389673.5	461913.0	539775.0	621245.0	706420.0	811883.5	974289.5	1131501.0	1218981.5	1216296.5	1171832.5	1152317.5	1149765.5	1173814.5	1201616.0	1218268.5	1226564.5	1233701.0	1242298.0	1255153.0	1276003.0	1213438.5	1088714.0	992857.0	903975.0	820814.5	746959.0	678849.5	613764.0	555524.0	501804.5	450797.5	406941.0	366177.5	326529.0	291268.0	260059.0	231379.0	204709.0	180991.0	158950.0	138503.5	120032.5	103918.5	90288.0	78099.5	67098.0	57919.0	50546.5	44046.5	38495.5	34263.5	30609.0	26887.0	23937.5	22184.0	20692.0	19750.0	18417.0	17229.0	16339.0	15558.5	15089.5	14465.0	13823.5	13306.0	13078.0	13001.5	12961.0	12911.0	12914.5
MHW178_trimmed_clipped_R2_paired	129989.0	130061.0	130198.0	130355.5	130576.5	130893.5	131513.5	132398.0	133693.5	134782.5	136421.0	138131.0	138931.0	141490.0	144425.0	146773.0	149620.0	155971.5	163640.0	170363.0	179213.5	191043.0	206221.0	225466.5	249475.5	286140.0	328664.0	369741.0	419419.5	477643.0	545176.5	619753.5	697049.5	777602.5	863225.0	968251.5	1128897.0	1284678.0	1373707.0	1373471.0	1330830.5	1311529.5	1309614.5	1332566.5	1357654.5	1374886.0	1386539.0	1393750.0	1402366.0	1426674.0	1436983.5	1346452.0	1210671.5	1110055.5	1019369.0	936488.0	860682.5	791902.0	728116.5	667669.5	612623.0	562405.0	517859.5	479433.5	442932.0	407464.5	375473.0	347293.5	320936.0	296465.5	276817.0	259469.0	241089.0	225321.5	212004.5	203364.5	196555.0	187907.0	180779.5	176475.0	173270.5	171174.5	169651.0	168295.5	167580.0	165614.5	163590.0	162514.5	161817.0	161037.0	161002.5	161046.0	160501.5	160340.5	161841.0	163124.5	163255.0	163795.5	163554.0	163559.5	175225.5
MHW179_trimmed_clipped_R1_paired	6691.0	6762.5	6862.0	6905.0	6977.0	7054.5	7205.0	7474.5	7834.0	8193.5	8775.5	9457.0	9945.0	11094.5	12666.0	14276.5	16604.0	20355.5	25105.5	30817.0	38257.0	48570.5	62319.0	80136.0	102617.0	132639.0	168803.0	208743.5	256928.0	314126.5	380854.0	455708.5	534777.5	616682.5	705397.5	821330.0	1012588.0	1193920.5	1287915.0	1275343.0	1215002.0	1189441.5	1186650.5	1215485.5	1247437.0	1271249.0	1286461.0	1294741.0	1302414.0	1316034.0	1333705.0	1273399.5	1155216.0	1062051.5	973504.0	886048.5	805363.5	729538.5	659576.5	596179.5	537302.0	482900.5	435562.0	390335.0	345760.0	306685.5	272644.0	241389.0	212131.0	185659.0	160922.0	138269.5	117762.5	100847.0	86244.5	72847.0	61326.0	51983.5	44538.0	38201.0	33172.0	29291.0	25974.0	22795.5	20314.0	18899.5	17735.0	17009.0	15833.5	14761.5	14103.5	13480.5	13054.0	12568.5	12212.5	11945.0	11820.0	11770.0	11717.5	11673.0	11681.0
MHW179_trimmed_clipped_R2_paired	107397.0	107473.0	107630.0	107793.5	107983.5	108309.0	109006.0	109919.0	111158.5	112187.0	113658.5	115213.5	115968.5	118593.0	121674.5	123831.0	126459.5	132731.0	140088.5	146870.0	155554.5	166809.5	181069.0	199520.5	222726.5	259030.5	301275.0	341024.0	389599.0	448379.0	516179.5	590791.0	670884.0	753722.0	842135.5	957767.0	1148217.5	1328815.0	1421888.5	1410480.5	1351096.0	1327075.0	1327184.5	1355013.0	1385908.5	1408766.5	1423710.5	1435691.5	1448082.5	1472078.0	1485030.5	1407713.0	1282183.0	1185081.0	1095749.0	1007659.0	927299.5	853497.0	783327.5	718370.5	659941.0	606020.5	558807.0	516266.0	474147.0	435210.0	400712.0	369110.5	339347.5	312045.5	289088.5	267964.5	246890.5	229334.0	214810.5	205563.5	198103.0	188554.5	180700.0	175007.0	170543.0	167565.0	165162.0	164081.5	163687.5	161549.0	159362.5	158165.0	157870.5	157596.5	158298.5	159089.0	159029.0	159621.0	161755.0	163324.5	163276.5	163558.5	163117.0	162910.5	173008.0
MHW180_trimmed_clipped_R1_paired	8967.0	9076.0	9262.0	9387.5	9446.5	9458.5	9564.5	9820.0	10269.5	10731.0	11282.5	11896.5	12486.5	13663.5	15188.0	16892.0	19116.0	22937.0	27816.0	33417.0	41296.5	51749.5	65168.0	83358.5	106588.0	136983.0	173583.0	214503.5	263955.0	322646.0	391228.5	468002.5	549383.0	635839.0	729150.0	851098.0	1052445.5	1240474.0	1333695.5	1318852.0	1260432.0	1241700.5	1246642.0	1280967.0	1319138.5	1346988.5	1365192.0	1378119.5	1390733.5	1405700.5	1417653.0	1357986.5	1242408.5	1143043.0	1048641.5	957827.5	873845.5	795950.0	721039.0	651720.0	588187.0	529404.5	478486.0	428017.0	378640.0	336258.0	297623.0	261949.0	229798.0	200828.5	173321.5	148617.5	127046.5	108159.0	92355.0	78305.5	66013.5	55997.0	48067.0	41505.0	36105.0	32015.0	28765.0	25464.0	22800.0	21468.0	20412.0	19675.5	18461.0	17349.5	16627.5	15954.0	15564.0	15139.5	14771.5	14472.0	14351.0	14306.0	14263.0	14235.0	14259.0
MHW180_trimmed_clipped_R2_paired	99884.0	99998.5	100170.5	100359.5	100622.5	101011.0	101813.0	102903.5	104385.0	105496.5	107024.0	108695.5	109419.0	112051.5	115183.5	117402.5	120063.5	126538.5	134313.0	141130.0	149654.0	160984.5	175758.5	194691.5	217723.0	254256.0	297337.5	338701.5	389059.5	448360.0	517254.0	595282.0	678890.0	764763.0	858171.0	980347.0	1179845.5	1365602.5	1458895.0	1447789.0	1392717.5	1376050.0	1380961.0	1414736.5	1453387.0	1480615.5	1498657.0	1513292.0	1525903.0	1546275.0	1561351.5	1496696.0	1380713.5	1281749.5	1185948.0	1095802.5	1011495.5	932366.0	857392.5	787990.0	725252.0	666270.0	614193.0	566308.0	520438.0	477738.5	438662.5	403379.0	370461.5	340074.0	313868.5	291120.0	269002.5	249239.0	232998.5	224116.5	217087.0	206623.5	197856.5	191473.0	186594.5	183107.5	180266.0	180330.5	181109.0	178767.0	176407.5	175199.0	176290.5	177336.0	179101.0	180965.5	181599.5	183632.5	187774.0	190558.5	190422.5	190812.5	190537.0	190413.5	201710.5
MHW181_trimmed_clipped_R1_paired	6729.0	6798.0	6901.5	6964.5	7028.5	7113.5	7286.5	7541.5	7897.5	8308.5	8865.0	9475.5	10048.5	11265.5	12982.0	14868.0	17331.5	21387.0	26816.5	33095.0	41534.5	52909.5	68213.5	88418.5	113752.0	146125.0	184564.0	227746.0	278916.5	339166.5	409333.0	486245.5	565952.0	647198.0	733344.5	842320.5	1012551.0	1176535.5	1267038.5	1254626.0	1192008.5	1160941.5	1150719.5	1168609.5	1189833.5	1199339.0	1202040.0	1201517.0	1195332.0	1190587.5	1188562.5	1127172.5	1020516.0	931383.0	847157.0	764701.5	690583.0	622122.0	557407.0	499290.0	445872.0	396526.0	354149.0	314792.0	277118.5	244564.5	215950.0	189307.5	164747.0	143286.5	123510.0	105964.0	90580.0	77387.5	66272.5	56209.0	47303.0	40017.5	34527.0	29881.5	26022.5	22960.5	20510.0	18185.5	16321.0	15390.0	14650.0	14143.5	13216.5	12365.5	11887.0	11447.0	11148.5	10804.0	10525.0	10300.0	10195.0	10163.5	10140.0	10112.5	10114.0
MHW181_trimmed_clipped_R2_paired	51896.0	51971.0	52175.5	52414.0	52648.5	53023.0	53813.5	54796.5	56076.0	57126.0	58674.5	60312.0	61078.5	63741.0	66862.0	69169.0	72056.5	78571.5	86381.5	93618.0	102973.5	115583.5	131824.0	151621.0	176990.5	218431.0	265015.5	307949.5	359967.0	420303.5	490147.0	567817.0	648791.0	731051.5	817605.0	925421.5	1095387.0	1260691.5	1352868.0	1343111.0	1282705.5	1251914.5	1244957.0	1264153.0	1283167.5	1292813.0	1294223.0	1292660.5	1290659.5	1294445.5	1301666.0	1241155.5	1130264.0	1038431.0	951499.0	869068.0	795289.0	726523.0	662239.0	604156.0	551147.0	502142.0	459650.5	422368.0	386396.0	352672.0	323161.0	297196.0	272325.0	249705.0	230420.0	213409.0	197058.0	183113.5	171707.5	161970.5	153540.0	145856.5	139518.0	134148.0	129925.0	127014.0	124499.0	121736.0	119558.5	117958.5	116286.0	115388.5	113838.0	112266.0	111885.5	111599.0	110860.5	110254.5	110997.5	111498.0	111113.0	110945.5	110594.5	110400.0	114195.5
MHW182_trimmed_clipped_R1_paired	8796.0	8867.0	8943.0	8991.0	9080.0	9180.5	9404.0	9739.5	10218.0	10673.5	11352.0	12131.5	12776.0	14267.0	16183.5	18322.5	21121.5	25799.5	32009.5	39294.0	48705.0	61190.0	77776.0	99686.5	127156.0	163225.0	206669.0	255527.5	313669.5	381516.5	460951.5	548057.0	640845.0	738643.5	840722.5	971406.0	1178053.0	1372171.5	1469626.5	1458274.0	1401084.5	1376148.0	1375879.0	1406204.5	1438770.5	1463113.5	1479333.5	1489150.5	1496771.0	1511679.0	1530160.5	1456754.5	1320707.0	1210900.0	1107378.5	1008837.5	917610.0	832947.0	752840.0	679789.0	612390.0	550872.5	498265.5	447759.5	397332.5	353016.5	314393.0	278285.0	244358.5	214519.5	186625.0	160388.0	136523.5	116271.0	99482.5	84622.5	71102.5	60096.0	51433.0	43815.5	37569.5	32908.0	29255.5	25719.0	22918.0	21390.5	20090.5	19244.5	18001.5	16882.5	16100.5	15359.5	14820.0	14211.0	13715.5	13335.0	13145.5	13045.0	12921.5	12773.0	12713.0
MHW182_trimmed_clipped_R2_paired	81337.0	81473.5	81727.5	81963.0	82226.0	82684.5	83593.5	84800.0	86462.0	87787.0	89824.5	92009.5	92924.5	96279.0	100198.5	102992.5	106489.0	114325.0	123699.5	132081.5	142427.5	156090.5	174039.0	197066.5	225629.5	272779.5	327000.5	375794.5	434725.0	503211.0	584092.5	674202.0	767912.5	866202.0	968747.0	1099271.0	1306181.5	1499732.0	1599039.0	1594282.0	1538974.0	1512219.0	1513634.0	1545321.5	1579473.0	1603080.0	1618472.5	1630734.0	1641725.0	1666932.5	1694654.0	1615749.0	1468630.5	1355316.0	1250693.5	1150765.5	1058488.5	972512.5	891745.0	818363.5	752105.0	690713.0	637756.5	588852.5	539396.5	493828.5	454199.5	418350.5	383714.5	351993.5	324406.5	299484.0	275554.0	254872.5	238501.0	223520.0	210087.0	199199.0	190148.5	182733.5	176695.0	172477.5	169174.5	164664.0	160860.5	158611.5	156355.5	155165.5	152396.5	149524.5	148578.0	147678.0	146005.0	144233.5	144233.0	144314.5	143800.5	143539.5	143012.5	142737.0	147583.5
MHW183_trimmed_clipped_R1_paired	8802.0	8855.0	8957.5	9009.0	9038.0	9113.5	9329.0	9655.0	10091.0	10558.0	11186.5	11857.0	12475.5	13814.5	15613.5	17601.5	20284.5	24663.0	30554.0	37431.5	46503.0	59313.0	76037.0	97957.5	125577.0	161651.5	205047.0	254089.5	312673.5	382102.0	462636.5	551225.5	645958.5	745020.0	850720.5	984460.0	1204477.0	1414232.5	1522962.5	1507794.5	1432330.0	1395469.0	1386892.5	1414699.5	1447061.5	1466187.0	1475713.0	1481376.0	1481392.5	1480436.0	1478047.5	1408421.0	1286758.0	1181613.0	1082365.0	985378.5	895008.5	811449.0	731227.5	657730.0	590637.0	528275.5	475109.5	423451.0	372333.0	327806.5	289251.0	254129.5	221410.0	192730.0	166224.5	141900.0	120403.0	102466.5	87267.0	73436.0	61726.0	52437.0	44812.0	38489.5	33407.0	29386.0	26167.5	22972.0	20442.0	19186.0	18250.0	17613.0	16508.5	15495.0	14827.0	14205.0	13820.0	13334.0	12961.0	12708.5	12587.5	12544.5	12454.5	12365.5	12361.0
MHW183_trimmed_clipped_R2_paired	60266.0	60361.5	60591.5	60873.5	61215.0	61715.0	62675.0	63911.5	65525.5	66822.0	68731.5	70761.0	71713.5	74950.0	78727.0	81426.5	84645.0	92207.5	101196.0	109320.5	119590.0	133361.5	150997.5	173047.5	201171.0	248326.5	302107.5	350861.0	410963.5	480710.0	561530.5	652903.5	749244.0	847721.5	952333.5	1087824.0	1307457.0	1517550.0	1627750.0	1614756.0	1544056.0	1508015.0	1501359.5	1530034.5	1562442.0	1583606.0	1593695.5	1598314.0	1600139.0	1607540.0	1619402.5	1556565.0	1433723.5	1328120.0	1226059.5	1128864.0	1038932.0	952908.5	873513.0	800841.5	733043.5	670574.5	617603.0	567955.5	517926.5	473037.5	433437.5	398078.5	365075.0	335218.5	308518.0	284599.5	262253.5	243180.0	227376.0	215643.5	205915.0	195802.0	187689.0	180589.0	174535.0	170159.5	166549.5	163632.0	161497.5	159342.5	157089.5	155833.0	154602.0	153380.0	153808.0	154286.0	153830.0	154140.5	156036.0	157031.0	156351.0	155997.5	155570.5	155333.5	159328.5
MHW184_trimmed_clipped_R1_paired	7715.0	7802.5	7932.5	8012.0	8068.0	8161.5	8405.5	8712.0	9139.5	9580.5	10228.0	11045.0	11741.0	13069.0	14736.5	16721.0	19609.5	24114.0	29895.5	36661.5	45900.5	58367.0	75207.5	97243.5	124432.0	160115.0	202672.0	250625.0	307946.0	376653.5	456462.0	543334.0	634972.5	729188.0	830754.0	961926.5	1171328.0	1369800.5	1472757.5	1455738.5	1385663.5	1357591.0	1354575.5	1383232.0	1414249.0	1432287.0	1444198.0	1449309.0	1450711.5	1456528.0	1459510.0	1390348.5	1266378.0	1161485.0	1062015.5	965013.5	876399.0	794334.5	717921.0	646151.0	579609.5	518931.5	465749.5	415942.0	368029.0	324995.5	287012.0	252859.0	220758.5	192721.5	167081.5	142776.5	121017.0	103638.0	88973.0	75399.5	63686.5	54230.5	46885.0	40429.5	35006.0	30840.0	27506.5	24248.0	21593.5	20177.0	19075.5	18357.0	17212.5	16141.0	15392.5	14696.0	14240.5	13772.5	13383.0	13032.5	12862.0	12779.0	12674.0	12612.0	12630.5
MHW184_trimmed_clipped_R2_paired	76874.0	76999.5	77245.0	77454.0	77696.0	78113.0	78971.0	80163.0	81792.0	83123.5	84942.0	86791.5	87616.5	90800.0	94550.0	97204.0	100473.5	107955.0	116656.5	124397.0	134877.5	148623.0	166007.5	188185.0	216096.0	262346.0	315363.0	363741.0	421633.0	489567.0	570179.0	659166.5	751622.5	847909.0	948980.0	1078551.0	1289739.0	1488356.5	1591823.0	1581118.5	1514681.5	1486417.0	1483900.5	1512125.5	1544678.0	1565092.0	1575814.0	1580947.5	1584934.0	1597715.5	1611588.0	1543810.5	1416169.0	1309317.5	1207651.5	1109990.0	1022201.0	941803.5	864884.5	792911.0	727512.0	666319.0	612873.0	565651.5	520171.5	476705.0	437572.0	403418.0	371174.0	341490.5	316110.5	292994.5	270746.0	251945.5	236416.0	224968.5	215102.0	204334.5	195919.5	189136.5	183448.0	179471.5	176030.0	173039.5	170899.5	168554.5	166138.0	164800.0	163401.5	161965.5	161983.5	162098.0	161301.0	160995.5	162621.0	163746.0	163251.0	163082.5	162593.0	162318.0	168591.0
MHW185_trimmed_clipped_R1_paired	6924.0	7002.0	7068.5	7060.5	7104.0	7195.0	7422.0	7775.0	8235.0	8691.5	9363.5	10172.0	10806.5	12122.0	13916.5	15862.5	18500.5	22877.5	28329.0	34443.0	42778.0	54406.5	69377.5	88937.5	114056.5	147129.5	186064.0	229111.0	280631.5	340327.5	409565.5	485568.5	565320.0	648310.0	735351.0	845912.0	1028094.5	1200556.5	1286892.0	1272647.5	1211098.0	1181873.0	1174905.5	1194407.0	1217204.5	1232634.0	1242310.0	1244819.5	1246622.0	1255957.5	1270394.0	1202312.5	1074108.5	977215.5	890000.0	806678.5	728495.5	657122.0	592181.0	533214.0	479011.0	429261.5	386408.0	344718.0	305387.5	271602.5	240895.0	212964.0	187059.0	164227.0	142495.5	122693.0	105682.5	90877.5	77997.0	66749.5	57108.0	49132.5	42791.5	37151.5	32637.5	29061.5	26033.5	22962.5	20449.5	19095.0	18007.5	17340.5	16232.5	15213.5	14482.0	13789.0	13358.0	12819.0	12395.0	12097.5	11987.0	11960.5	11975.5	11982.0	11986.0
MHW185_trimmed_clipped_R2_paired	103403.0	103478.0	103614.5	103796.0	104081.5	104513.5	105265.5	106287.0	107699.0	108823.0	110466.0	112242.0	113118.0	115750.5	118913.5	121445.5	124357.0	131235.0	139419.5	146438.0	155730.0	168549.0	184699.5	205218.0	230862.0	273481.0	321889.0	365029.5	417154.0	477396.0	547526.0	625210.0	706777.0	788898.0	875336.5	985515.0	1163425.0	1333884.0	1423030.0	1412156.0	1352511.0	1325322.5	1320639.0	1338637.0	1359694.0	1375425.5	1385119.5	1389123.5	1393308.0	1413648.0	1429243.5	1345829.0	1209398.5	1109208.0	1018334.0	933656.5	856168.5	785134.5	721197.0	661906.0	606808.5	556368.5	513443.0	475765.5	439868.0	405907.5	375194.5	347480.0	321138.5	297059.0	277300.5	260042.0	242428.0	227232.5	214320.5	203760.5	194777.5	185890.0	178822.0	174286.0	170776.0	168599.0	166765.0	163638.0	161179.5	159220.0	157219.5	156190.5	154069.0	151909.0	151061.0	150288.5	149054.5	147729.0	148264.5	148929.0	148762.5	148975.5	148745.0	148765.0	157587.5
MHW186_trimmed_clipped_R1_paired	11733.0	11783.0	11864.0	11955.5	12065.5	12213.0	12565.0	13038.5	13633.0	14286.0	15216.5	16250.0	17131.5	18855.5	21188.5	24051.5	27863.5	33837.0	41582.5	50723.5	63140.0	80407.0	102381.5	131469.0	168707.5	216321.0	273389.0	338207.5	415282.0	506918.5	612619.0	727921.0	849805.0	976810.5	1114809.5	1298011.0	1603330.5	1887102.0	2009109.5	1970498.5	1872472.0	1817314.5	1799861.5	1836149.5	1872938.5	1891903.0	1897937.0	1897699.5	1893796.0	1892102.0	1881604.0	1779674.0	1616780.5	1475737.5	1345566.5	1219262.5	1101937.5	995041.0	893472.5	801469.5	716745.5	638413.5	571496.5	507729.5	446734.0	393888.0	347417.0	304494.5	263680.0	228122.0	195737.5	166178.0	139948.5	117439.5	98376.0	81569.0	67285.5	55726.0	46650.5	39402.0	33915.0	29992.5	26928.5	23745.0	21199.0	20095.5	19229.5	18687.5	17518.0	16406.0	15703.0	15037.0	14621.5	14119.0	13688.5	13347.5	13191.0	13124.5	12987.5	12832.0	12780.0
MHW186_trimmed_clipped_R2_paired	41088.0	41194.5	41487.5	41843.0	42221.0	42802.5	43938.0	45465.0	47374.0	48827.5	51097.5	53581.5	54759.0	58487.0	62937.0	66444.0	70689.5	79784.0	91008.5	101937.0	115710.5	133839.0	157697.0	187563.5	225419.5	279833.0	343766.0	410301.0	489720.5	582765.0	689615.0	806457.0	930591.0	1059785.0	1198445.5	1381187.0	1686497.0	1968425.0	2088175.0	2051550.5	1953516.5	1900575.0	1883912.5	1916208.0	1949097.5	1965331.5	1970733.5	1973636.0	1975373.0	1984656.0	1995254.5	1898056.5	1725945.0	1580675.5	1444770.5	1316267.5	1198642.5	1090502.5	989892.0	897609.5	813009.0	735369.5	667997.5	604540.5	544163.0	490832.5	444212.5	402326.0	362264.0	326839.0	293404.0	263089.0	236786.5	214133.5	195568.0	180024.0	166773.5	155160.5	145845.0	137096.0	130056.5	125038.0	120900.5	117881.0	115530.5	113603.5	111672.5	110666.5	109539.0	108390.5	108562.0	108758.0	108162.5	108027.0	108941.5	109307.5	108514.5	107859.5	107295.5	106849.0	106780.5
MHW187_trimmed_clipped_R1_paired	11181.0	11253.0	11377.0	11459.5	11546.0	11725.5	12063.0	12534.5	13207.5	13881.5	14923.5	16147.5	17239.0	19303.5	21884.0	25037.5	29549.5	36600.5	45611.5	56509.5	71584.5	91287.5	117576.0	152036.5	194824.0	250887.0	316934.0	391271.5	479206.0	582416.0	700925.5	828350.5	962089.0	1100405.0	1246173.5	1439614.0	1754983.5	2045080.5	2176121.0	2131917.0	2013437.0	1950869.0	1928057.5	1949612.5	1975794.0	1990389.0	1992761.5	1983498.0	1971910.5	1966863.5	1952460.0	1835932.5	1654917.0	1504642.5	1362652.5	1227340.5	1106527.0	995870.0	891737.0	797401.5	712546.0	634566.5	566311.0	502002.0	440860.0	388214.0	341174.5	297851.0	259174.0	225618.0	194190.0	165518.0	139847.0	118251.5	100362.0	83808.5	69465.5	58402.0	49820.0	42459.5	36502.5	32054.0	28459.0	24811.0	21932.5	20607.5	19493.5	18734.0	17539.5	16454.0	15762.0	15076.5	14612.5	14077.5	13639.0	13323.0	13163.5	13080.0	12926.5	12757.0	12708.0
MHW187_trimmed_clipped_R2_paired	40918.0	41027.0	41329.5	41703.5	42063.5	42597.0	43778.0	45328.5	47295.0	48876.0	51217.5	53847.0	55222.0	59204.0	64117.5	68157.5	73144.0	83227.5	95660.5	108090.0	123971.5	145035.0	172826.5	208415.0	253074.5	314365.0	385808.0	461425.0	550933.5	655394.0	775912.5	905207.5	1040738.5	1181862.0	1328713.5	1522193.0	1835224.5	2120761.0	2252738.0	2212225.5	2094374.0	2031906.5	2007042.5	2027807.5	2055646.0	2066846.5	2068988.0	2065293.0	2056946.0	2064820.0	2076442.0	1964026.0	1767597.5	1608238.0	1462488.0	1327307.5	1205159.5	1092342.5	987989.0	894516.5	809959.5	732178.0	665091.0	602073.5	540941.5	487224.5	440090.0	398593.5	360072.0	325135.0	292875.5	263807.0	237520.0	214923.0	197109.5	181895.0	168291.5	156775.5	147686.5	138735.0	131386.0	126100.0	121430.5	117579.0	114583.5	112513.5	110421.5	109175.5	107896.5	106643.5	106493.0	106424.0	105811.5	105448.0	105980.0	106120.0	105305.5	104619.0	103991.0	103537.5	103466.0
MHW188_trimmed_clipped_R1_paired	11743.0	11823.5	11979.5	12079.0	12150.5	12287.0	12654.0	13183.5	13799.0	14388.0	15208.0	16274.0	17188.5	18993.0	21604.5	24485.5	28339.5	34544.5	42605.0	52796.0	66418.5	84048.0	107310.0	138396.5	177997.0	228715.5	289665.5	358273.0	439834.0	536915.5	649015.5	770287.5	897760.5	1029899.0	1168776.0	1351562.0	1644028.0	1911675.5	2029711.0	1994921.0	1901793.5	1855913.0	1846952.0	1878753.0	1910602.5	1926927.0	1932865.0	1930456.5	1920033.5	1913457.0	1896100.0	1788199.0	1623241.5	1479438.5	1343950.0	1216538.5	1100082.0	993110.0	893065.0	800919.0	716150.5	639062.5	571650.5	506687.0	444803.5	391104.5	344325.5	301210.0	261773.5	226993.5	194742.5	165385.5	139085.5	116699.5	97646.5	80695.5	66326.0	54911.0	46000.5	38974.5	33415.5	29111.0	25857.0	22782.0	20415.0	19264.5	18305.0	17692.0	16618.5	15609.0	14956.0	14331.5	13915.0	13427.0	13070.5	12806.0	12662.0	12599.5	12432.0	12258.5	12216.5
MHW188_trimmed_clipped_R2_paired	41455.0	41556.0	41827.5	42148.0	42548.5	43170.5	44345.0	45871.5	47857.0	49512.5	51873.0	54400.5	55644.0	59415.5	63946.0	67495.5	71916.5	81626.0	93337.5	104443.5	118936.0	138386.5	163884.5	196601.0	237288.0	293459.0	359805.0	429620.0	512687.0	610182.5	723275.5	847017.5	976804.0	1108258.5	1247974.0	1432833.5	1724781.5	1990464.5	2109071.5	2078300.0	1984516.0	1935611.0	1925939.5	1955466.5	1987671.5	2005558.5	2008201.0	2005087.0	2001283.5	2006324.0	2009954.0	1906377.0	1730566.0	1582870.5	1445078.5	1316010.0	1197658.5	1089311.5	987578.5	896434.5	812466.5	735590.5	669053.5	605010.0	543483.0	489486.0	442541.0	400012.0	360099.0	324813.5	291873.0	261665.0	235524.5	212765.0	193550.0	177363.5	163663.0	152202.5	143144.5	134566.5	127452.0	122375.5	118190.5	114656.0	111829.0	109825.5	107845.0	106807.5	105778.0	104671.5	104708.5	104782.0	104051.0	103738.0	104567.5	104923.0	104205.0	103579.5	102998.5	102583.5	102502.5
MHW189_trimmed_clipped_R1_paired	12441.0	12525.5	12660.5	12765.0	12864.5	12986.0	13299.0	13804.0	14530.0	15261.5	16281.5	17461.0	18473.5	20531.5	23158.5	26219.0	30335.0	36907.5	45761.5	56268.0	70376.5	89494.0	114449.5	147609.5	190306.5	244573.5	308541.5	382601.5	470315.5	571888.0	689095.0	817526.5	954577.5	1096455.0	1245532.5	1443232.0	1766052.0	2057814.5	2182901.5	2142627.0	2038206.0	1991965.0	1984525.0	2016233.0	2052218.0	2071769.5	2077141.0	2075563.0	2069105.0	2066142.5	2050036.0	1935218.5	1759574.5	1606881.5	1459048.5	1322134.0	1199200.0	1084437.5	975284.0	875931.5	786490.0	701549.5	626552.0	557112.0	489949.0	431309.5	378759.5	331770.0	290173.0	253053.5	218299.5	185600.0	156513.0	132223.5	111963.5	93688.5	78005.0	65637.0	55481.0	46974.0	40447.5	35369.5	31220.0	27156.0	23806.0	22104.5	20776.5	20004.0	18679.5	17396.0	16544.5	15791.5	15272.5	14660.5	14197.5	13839.0	13679.0	13613.0	13472.0	13269.5	13188.5
MHW189_trimmed_clipped_R2_paired	44216.0	44334.5	44652.5	45053.0	45506.0	46142.0	47349.0	48904.5	50891.0	52511.5	54841.5	57394.0	58742.0	62889.5	67770.0	71505.0	76222.5	86113.0	98291.5	110273.0	125449.5	145829.0	172701.0	207316.0	250565.0	309694.0	380058.5	455536.0	544372.0	647489.0	767398.5	900103.0	1037096.0	1177908.0	1330013.0	1529997.0	1851011.0	2139958.0	2266025.5	2231362.5	2130908.0	2079714.0	2070598.5	2105137.5	2139035.5	2156608.0	2162696.5	2161768.5	2157395.5	2168161.5	2178951.5	2072001.5	1884479.5	1725908.5	1574563.5	1434807.5	1311723.0	1195753.0	1086017.0	987694.0	897247.0	813009.5	738628.5	668973.0	602927.5	544998.5	492917.0	446542.5	403895.0	364918.0	329626.5	296792.0	267124.5	242427.0	222190.0	205489.5	191155.0	178202.0	167600.5	157435.5	149053.5	142812.0	137501.5	133978.0	131232.0	128734.5	126397.5	125129.5	124196.0	123168.0	123623.0	124238.5	123812.0	123959.0	125181.0	125666.0	124788.5	124016.5	123310.5	122810.5	122732.5
MHW190_trimmed_clipped_R1_paired	9762.0	9836.5	9939.5	9990.5	10032.5	10143.5	10407.0	10800.0	11349.5	11851.0	12723.5	13763.5	14546.5	16194.5	18370.0	20684.5	23710.5	28952.0	35951.5	44419.5	55949.5	71289.5	91437.0	118839.5	153261.0	196950.5	250538.5	311812.5	383161.5	466935.5	564581.0	671387.0	784567.0	902291.0	1027696.0	1195268.5	1476535.5	1734166.0	1844679.0	1809278.5	1710743.5	1658353.0	1643875.0	1672524.5	1705048.0	1721155.5	1725541.5	1722496.0	1715394.0	1707164.0	1688822.0	1597848.5	1457915.0	1332903.5	1214021.5	1101452.0	995716.5	898004.0	806639.5	724059.0	648542.0	578826.0	518828.5	460539.0	404593.5	356206.0	313368.5	274803.5	239422.5	207809.5	177961.0	151400.0	128498.0	108374.0	91216.5	75649.0	62391.5	52264.0	44153.5	37613.5	32325.5	28274.0	25296.5	22237.5	19718.0	18552.5	17694.0	17140.5	15956.0	14843.0	14125.5	13460.0	13053.5	12579.5	12252.0	11987.0	11832.5	11772.5	11689.5	11583.5	11546.0
MHW190_trimmed_clipped_R2_paired	31462.0	31575.5	31835.5	32127.0	32429.5	32864.0	33753.5	34940.0	36426.0	37592.0	39340.0	41286.0	42299.0	45234.5	48749.0	51712.0	55343.0	62962.0	72327.0	81532.5	93597.5	109960.0	131511.5	158927.0	193390.0	241755.0	299256.5	360604.0	434086.0	519246.0	617659.5	725392.5	837694.0	955491.0	1082759.0	1252702.5	1533133.5	1788825.5	1899491.0	1865369.0	1769106.5	1718183.0	1704484.0	1730837.5	1761336.0	1778449.0	1783187.0	1780482.5	1775082.0	1776769.5	1774188.5	1684708.5	1535118.0	1405161.5	1285469.5	1171914.5	1066043.5	968891.5	878069.5	795473.5	719024.0	648642.0	588379.0	530454.5	474201.5	426415.0	384253.0	345823.5	310136.0	277699.5	247414.0	220423.0	196865.5	176599.5	159463.0	143713.0	130723.5	120178.0	111604.5	103931.0	97485.0	92656.5	88672.0	84942.0	82037.0	80466.5	78862.0	77946.0	76436.0	74869.0	74537.5	74278.0	73475.0	72789.5	72903.0	72815.0	72204.0	71685.5	71127.0	70694.0	70614.0
MHW191_trimmed_clipped_R1_paired	11370.0	11427.5	11492.5	11571.5	11676.5	11800.0	12172.5	12691.0	13287.5	13825.0	14639.5	15633.5	16486.5	18326.0	20448.0	23053.5	26802.5	32376.5	39502.5	48054.5	59708.0	75932.5	96865.0	123868.0	158894.5	204098.5	258402.0	320645.0	393697.0	480241.5	580139.0	690093.0	806684.5	927772.0	1058703.5	1231529.5	1519872.0	1783552.5	1895899.0	1864363.5	1776592.5	1736364.5	1732203.0	1768987.5	1805944.5	1826781.0	1837511.5	1842810.0	1843579.5	1841631.0	1830230.5	1734230.5	1579680.5	1443901.5	1315513.0	1193636.5	1081585.5	978880.0	882073.5	792321.0	709786.0	635212.0	569602.0	506210.0	444578.0	390623.5	343358.5	300977.5	261105.0	225895.5	193913.0	164259.5	137609.5	114483.0	95062.0	77755.5	63271.5	52322.0	44083.0	37175.0	31927.0	28108.0	25270.5	22485.5	20228.5	19174.5	18291.0	17783.0	16714.0	15632.0	14895.0	14228.5	13809.0	13312.0	12876.5	12528.0	12393.0	12347.5	12212.5	12017.5	11927.5
MHW191_trimmed_clipped_R2_paired	38898.0	38990.0	39208.0	39498.0	39876.5	40415.0	41403.0	42714.5	44455.5	45891.0	47992.0	50267.0	51450.0	54979.5	59178.0	62393.0	66303.5	74973.0	85504.0	95200.0	108015.0	125407.5	147861.0	176407.5	212439.0	263572.5	323557.0	385399.0	460355.5	547912.0	650012.5	763432.0	881709.5	1004278.0	1135014.5	1309085.0	1595014.0	1856031.0	1970038.0	1942132.0	1856594.0	1813445.0	1805926.5	1840058.0	1876755.5	1898725.5	1908104.0	1912788.5	1918001.5	1931305.0	1942714.0	1848994.0	1682963.0	1542617.5	1409835.5	1286572.0	1173796.5	1069058.0	972341.5	882846.0	801280.0	726973.0	660521.5	597269.5	536259.0	484167.0	437490.5	394027.0	354759.0	319751.5	286384.0	255945.0	229353.0	206346.5	187412.0	172071.0	159284.5	148089.5	139069.5	130837.0	124250.5	119460.0	115482.0	112460.0	110085.5	108297.0	106461.0	105485.5	104533.5	103428.5	103498.0	103733.5	103084.5	102808.0	103644.5	103954.5	103207.5	102596.0	101999.5	101536.5	101456.5
MHW192_trimmed_clipped_R1_paired	7593.0	7684.5	7829.0	7913.0	7976.0	8091.5	8312.5	8638.0	9133.5	9621.0	10343.5	11228.5	11969.0	13344.5	15272.5	17580.0	20625.0	25332.5	31401.0	38616.5	48962.0	62582.5	80017.0	103372.0	133006.5	170276.0	214922.5	266072.5	325253.5	394492.0	475373.0	562996.5	655565.0	752022.5	852485.0	988305.5	1207873.5	1411204.5	1504717.5	1477463.5	1401225.0	1361252.0	1350799.5	1374412.0	1400702.0	1415011.0	1418697.0	1415209.0	1409064.5	1404534.5	1393271.5	1315834.0	1194632.5	1088869.0	991546.0	898577.0	809409.5	728239.0	652908.5	585277.0	524289.0	467840.5	418675.5	371658.0	326499.5	287291.5	252737.5	220944.5	192012.5	166670.0	142862.0	120738.5	101035.5	84835.5	70904.0	58079.0	47417.5	38956.0	32346.5	27250.5	23238.0	20337.0	18196.0	15973.5	14280.5	13594.5	13010.5	12584.0	11667.5	10804.0	10270.0	9787.0	9511.5	9167.0	8914.0	8706.0	8583.0	8547.5	8476.5	8375.5	8344.5
MHW192_trimmed_clipped_R2_paired	28282.0	28390.5	28638.5	28932.5	29274.5	29700.5	30541.0	31675.0	33128.5	34324.5	35955.5	37723.0	38660.0	41352.5	44643.0	47486.0	50789.5	57566.5	66195.0	74668.5	85085.5	99170.0	117906.0	141871.5	171839.5	213299.0	262462.5	314152.0	375327.0	445244.0	526316.0	616135.5	708702.5	804203.5	906171.5	1041652.5	1260340.5	1465314.0	1559565.5	1532401.5	1456880.5	1416332.0	1405791.5	1428007.5	1450408.0	1463981.0	1471317.0	1469538.0	1463750.5	1469169.5	1468458.0	1387021.5	1257901.5	1150240.5	1050152.0	955326.5	866044.5	785293.5	711524.5	642963.0	580807.5	524328.5	475604.0	429372.0	384406.0	345092.0	310267.0	279359.0	251076.5	224602.5	200107.5	177691.5	157512.0	141315.5	127685.0	114264.0	102812.5	94186.5	87379.0	81107.0	76151.5	72597.5	69777.5	66672.5	63987.5	62707.5	61403.5	60693.5	59253.5	57809.0	57207.5	56644.5	55800.0	54927.0	54752.0	54534.5	54012.5	53588.5	53228.5	52962.5	52909.5
MHW193_trimmed_clipped_R1_paired	11843.0	11902.5	12015.5	12113.0	12220.5	12352.5	12647.0	13145.5	13752.0	14260.0	15044.5	16063.5	16926.5	18659.5	21168.5	24018.5	27620.0	33353.0	40889.5	50019.5	62389.5	79384.0	101964.5	131049.0	167655.0	215150.5	271358.5	335667.0	413170.5	502579.0	605890.5	719513.5	837975.0	961677.5	1094504.0	1269976.5	1563811.5	1828609.0	1930162.5	1887421.0	1790987.0	1747894.5	1744427.5	1774695.0	1808562.0	1826196.0	1829874.0	1829717.5	1824432.0	1819764.5	1805404.5	1702216.0	1542888.0	1407258.5	1277966.5	1155407.5	1043813.0	941721.0	845763.5	757370.5	678019.0	603639.0	538177.0	477140.0	419430.5	369265.0	323645.5	282210.5	244611.0	211479.5	181133.0	153169.5	127867.5	106413.5	88325.5	72006.5	58527.5	48614.5	40766.5	34490.0	30020.0	26796.5	24345.0	21772.5	19732.5	18846.5	18119.0	17658.0	16592.0	15574.5	14943.0	14353.5	13936.5	13466.0	13162.5	12927.0	12789.5	12734.5	12603.0	12435.5	12391.0
MHW193_trimmed_clipped_R2_paired	36190.0	36289.5	36576.0	36920.5	37324.0	37894.0	38877.0	40165.0	41909.0	43372.5	45469.0	47741.5	48865.5	52286.0	56364.5	59752.0	64023.0	72643.0	83195.0	93658.0	106942.0	124894.0	148185.0	177634.0	216011.5	269277.5	330729.5	395415.5	472818.5	563878.0	669650.0	784913.5	905034.5	1029750.0	1162663.0	1340604.0	1631591.5	1893691.0	1998355.0	1956065.5	1861711.5	1818408.5	1812652.0	1843134.5	1875059.5	1890725.0	1896795.0	1899350.5	1895874.0	1901631.5	1904363.0	1801188.0	1632001.5	1490634.0	1357455.0	1234499.5	1122786.5	1020580.0	924493.5	836847.0	757568.0	684068.0	619845.5	558329.5	500842.5	450668.5	404644.0	364949.0	327958.5	293196.5	261223.5	232688.0	207204.5	185055.0	167406.0	151691.5	138059.5	127472.0	119374.0	111807.5	105747.5	101727.0	98233.0	95001.5	92459.0	90938.0	89379.5	88505.0	87110.0	85658.0	85296.5	85064.5	84239.5	83473.5	83741.0	83764.0	83094.0	82502.5	81904.0	81472.5	81414.5
MHW194_trimmed_clipped_R1_paired	10788.0	10856.5	11006.5	11111.5	11195.5	11324.0	11538.5	11905.5	12417.5	12923.0	13713.5	14557.5	15262.5	16767.5	18821.5	21089.0	24145.0	29232.5	35888.0	43880.5	54430.5	68858.0	88210.0	113941.0	146381.0	187097.5	236462.0	294401.0	363388.5	443597.0	536732.5	639355.5	748144.0	862422.0	985880.5	1151936.0	1430018.0	1684857.0	1793239.5	1760226.5	1670874.0	1629977.0	1626933.0	1662268.5	1700359.5	1723879.0	1735364.0	1741964.5	1744489.5	1746097.5	1736574.5	1644636.5	1499043.5	1371620.5	1253959.0	1141968.5	1035499.0	936247.0	842659.0	758221.5	681765.0	610776.0	548413.5	488433.5	430752.0	379964.0	333753.5	292065.5	254805.5	222037.5	190688.0	162390.0	136971.0	114874.0	96745.0	80319.5	66186.5	55095.5	46275.0	38998.0	33243.0	29097.0	26009.5	22865.0	20400.0	19272.0	18330.5	17680.5	16506.5	15398.0	14722.5	14101.5	13686.0	13193.0	12822.5	12565.0	12434.5	12369.5	12264.5	12127.0	12079.0
MHW194_trimmed_clipped_R2_paired	36399.0	36515.0	36778.5	37059.0	37384.5	37901.5	38931.0	40321.5	42059.0	43407.0	45371.0	47499.0	48546.5	51771.0	55517.5	58359.5	61911.0	69784.5	79447.0	88309.0	99767.0	115253.5	135425.5	161508.5	194767.5	241602.5	296408.0	354550.0	423481.5	503455.5	597043.5	701740.0	811879.0	927686.5	1051238.5	1215247.5	1494607.0	1750744.0	1860870.5	1829268.0	1740369.0	1697746.0	1692805.0	1727559.0	1765418.5	1789940.0	1801875.0	1809764.5	1814594.0	1827785.5	1836972.0	1748117.0	1593625.0	1462321.5	1339927.0	1225008.0	1120858.5	1023652.0	929445.5	842941.0	765635.0	694588.0	632581.5	573126.0	515052.5	463190.0	417140.5	376795.0	339652.5	305608.0	273621.0	244573.0	218356.5	196502.5	178492.5	161619.0	147529.0	135891.0	126540.0	117973.5	110972.5	106010.0	101624.0	97790.5	94793.0	92910.5	91103.5	90197.5	88827.5	87389.0	87096.0	86825.5	86124.5	85710.5	85993.0	85887.5	85155.0	84533.0	83982.5	83595.0	83535.5
MHW195_trimmed_clipped_R1_paired	10392.0	10447.5	10591.0	10728.5	10843.0	10997.5	11280.5	11703.0	12386.5	13093.0	13991.0	15042.5	16002.0	17854.0	20302.5	23148.5	27197.5	33302.5	41172.5	50934.5	64093.5	81659.0	104553.5	135192.5	174350.0	223517.5	281351.0	347527.0	426221.5	517127.5	622018.5	736763.0	856305.5	980700.5	1112672.5	1286299.0	1569816.5	1836457.5	1961281.5	1925348.5	1821387.5	1765645.5	1748716.0	1775137.5	1805452.5	1822177.0	1826572.0	1823540.5	1815242.0	1811094.0	1799787.0	1698106.5	1536165.0	1398391.5	1273124.0	1151739.5	1038616.0	935929.5	839867.5	752971.5	672211.0	599802.5	539379.0	478327.0	418288.0	367933.0	324723.0	284177.0	247433.5	215100.0	184183.0	156734.5	132675.0	112361.5	94828.0	78866.0	65102.0	54221.5	45652.0	38665.0	33177.5	29013.0	25919.5	22775.0	20237.0	19067.0	18152.5	17617.5	16553.0	15489.0	14818.5	14215.5	13790.5	13314.0	12946.0	12639.0	12489.0	12399.5	12249.0	12104.5	12068.0
MHW195_trimmed_clipped_R2_paired	37982.0	38109.0	38420.0	38757.5	39116.0	39657.5	40740.0	42136.0	43959.5	45512.5	47742.0	50152.0	51416.0	55065.0	59413.0	63031.5	67364.5	76380.5	87632.5	98587.0	112697.0	131652.0	156427.0	187519.5	226080.5	280468.0	344855.0	411656.5	491009.5	582777.5	688738.5	806469.5	927754.0	1052858.0	1185878.5	1359856.5	1641967.0	1906247.5	2030922.0	1997244.0	1895486.0	1841035.5	1823707.5	1850457.5	1878907.5	1892838.0	1899388.0	1898838.5	1896126.5	1906313.5	1911457.0	1807650.0	1634890.5	1492542.0	1364500.0	1241400.5	1125637.0	1022831.0	928247.5	840419.5	761070.5	689321.0	626444.0	565501.5	506840.5	456375.5	412751.0	373424.0	336078.5	303063.0	271407.0	242674.5	217979.0	197403.5	180123.0	163882.0	149953.5	138577.0	129513.5	121511.5	114807.0	109781.5	105569.0	101635.0	98506.5	96766.5	95001.5	93974.0	92483.5	90976.5	90524.0	90111.0	89378.0	88810.5	89002.5	88933.5	88206.5	87580.5	87053.0	86660.0	86602.5
MHW196_trimmed_clipped_R1_paired	7640.0	7721.0	7811.5	7855.5	7911.0	8039.5	8328.0	8696.0	9195.0	9745.5	10476.5	11306.5	12235.0	13973.5	16280.0	19301.5	23346.5	29207.0	36879.5	46055.5	58302.0	74678.5	95561.5	121923.0	154105.5	194684.0	241292.5	292601.0	353436.0	422079.5	497555.0	579747.5	663394.0	746042.5	833437.0	954815.5	1140816.5	1297020.0	1352182.0	1292034.0	1191454.0	1145397.0	1127191.0	1127378.5	1131091.5	1127934.5	1117880.5	1104871.5	1095561.0	1102929.5	1149313.5	1084539.5	928117.0	824408.5	732141.0	651380.0	581712.0	519884.0	463981.0	413745.5	370382.5	331538.0	298871.0	268378.0	238541.5	213851.0	191613.0	171767.5	153682.0	137174.5	122340.5	108734.0	96061.5	85035.0	75850.0	66785.0	58040.5	50979.5	45833.0	40972.5	36545.5	33022.5	29766.0	26181.0	23595.0	22021.0	20380.5	19172.5	17670.5	16470.0	15542.5	14796.0	14288.5	13568.5	12928.5	12443.0	12228.5	12158.5	12119.0	12092.0	12115.0
MHW196_trimmed_clipped_R2_paired	153267.0	153378.0	153608.0	153833.5	154070.5	154470.0	155338.0	156475.0	158116.5	159550.5	161414.0	163428.0	164548.5	167673.5	171608.5	175012.0	179252.5	187008.0	196465.5	206410.5	219429.0	236232.5	257542.0	284649.5	317507.0	365224.0	418624.5	468826.0	529968.0	598730.5	674482.5	757474.0	840882.0	923394.5	1008206.0	1127107.5	1312848.5	1469845.5	1527955.0	1471766.5	1374302.0	1327838.0	1309646.5	1309373.5	1312534.5	1310069.5	1299997.5	1289608.5	1281327.5	1291654.0	1315859.0	1216066.5	1049237.5	944279.0	852985.5	771016.5	698997.5	635933.5	577901.0	526064.0	481051.5	440530.0	406221.5	379651.5	354276.0	327586.5	303500.0	283435.0	265000.0	246875.5	235852.0	226957.0	214610.5	204227.0	195876.0	186231.5	176739.5	170156.5	165394.5	165386.0	166047.5	168004.5	170329.0	167744.5	165514.0	164028.5	162443.5	161681.5	156968.0	152264.0	148772.5	145283.0	142130.0	136898.0	130765.5	126783.5	126753.5	126868.5	126587.5	126915.5	134174.0
MHW197_trimmed_clipped_R1_paired	8746.0	9006.5	9340.5	9429.5	9448.0	9510.5	9795.0	10236.5	10953.0	11847.5	12958.0	14240.0	15572.5	17894.5	21123.5	25021.0	30201.0	37886.5	47736.0	59663.5	75535.5	96266.5	122898.5	156879.5	197489.5	247005.5	303397.5	365551.5	440721.5	524043.0	614577.0	714941.5	818007.0	918227.0	1021718.5	1158511.5	1349977.5	1511545.5	1576637.0	1527893.0	1440364.5	1398554.0	1381204.5	1384283.5	1389999.5	1387542.5	1375941.5	1359978.5	1345607.5	1340953.5	1357648.0	1282205.0	1127300.5	1003172.5	889482.5	786773.5	695439.5	615419.5	542887.5	477683.5	421092.5	370537.5	326817.5	286678.0	249492.0	218539.5	190389.5	165651.5	144766.0	125732.0	108594.5	93612.0	80716.5	69635.0	60478.0	51851.0	43518.0	37165.5	32789.5	28904.5	25660.0	23143.5	21037.5	18676.0	16751.0	15847.0	15043.5	14496.5	13565.0	12662.5	11968.5	11342.0	10941.0	10458.0	10092.5	9799.5	9679.5	9676.0	9660.0	9637.0	9651.5
MHW197_trimmed_clipped_R2_paired	116636.0	116967.5	117516.0	117942.5	118387.0	118955.0	120008.0	121421.5	123481.0	125345.0	127640.0	130132.5	131751.5	135846.0	140846.0	145333.0	150978.5	161115.0	173753.0	186517.0	202756.5	224294.5	250955.0	284571.0	325230.0	383125.0	448255.0	509286.5	582804.5	665398.5	756438.5	857219.5	959997.5	1059362.5	1161704.0	1296083.5	1486417.5	1649839.0	1720090.5	1676561.0	1589467.0	1548053.5	1532625.0	1536132.0	1541704.0	1537785.0	1525508.5	1511421.5	1500286.5	1504042.5	1510035.0	1413968.0	1255481.0	1132849.5	1020225.5	917531.5	825700.5	745165.5	671359.0	605021.0	548604.0	497609.0	453813.0	417010.0	382398.0	349852.5	320696.0	296305.0	274469.0	253395.5	237658.5	224642.0	211020.0	199097.5	189478.5	177517.0	165850.0	158781.5	153445.0	151111.5	149615.0	149380.5	149386.5	145216.0	141515.5	139931.5	138305.0	137413.0	133135.0	128909.5	126055.0	123221.0	120577.5	116539.5	112619.0	110112.5	109988.0	110028.5	109600.0	109558.5	115584.0
MHW198_trimmed_clipped_R1_paired	16550.0	18689.0	21698.0	23034.0	23604.5	23892.5	24920.0	26735.0	29139.0	31818.0	34578.5	37515.5	41133.5	46984.5	55976.0	69066.0	87990.5	113533.5	145063.5	183598.0	232505.5	294582.0	368601.5	457664.5	555009.0	657024.0	764676.5	869223.0	974965.0	1077391.5	1176165.0	1273173.5	1356865.0	1429875.0	1514094.0	1667831.5	2014692.0	2297959.5	2244143.0	1887894.5	1477408.5	1245232.0	1116189.5	1041562.0	991184.0	952671.5	926308.0	916012.5	934368.5	994223.0	1073794.0	1000203.5	811548.5	667027.0	543142.5	444884.5	370521.0	314089.0	269359.5	232465.0	202472.0	177497.0	157601.5	139467.0	122456.5	109025.5	97422.5	87524.5	78764.5	70590.0	62979.0	56428.5	50966.0	46434.5	42582.0	37136.0	31623.5	28443.0	26190.5	24030.0	22194.5	20799.5	19698.5	18018.5	16517.5	15962.0	15444.5	15138.0	14345.5	13573.0	13077.5	12603.0	12322.0	11936.5	11619.0	11417.0	11361.0	11369.0	11398.5	11432.0	11452.5
MHW198_trimmed_clipped_R2_paired	123702.0	125878.5	129097.5	130792.5	131949.0	132784.5	134629.5	137500.5	141091.0	145125.5	149816.0	154279.0	158110.5	165869.5	176855.5	190460.0	209151.5	236492.0	269657.5	307912.5	356540.5	417997.5	491264.0	578957.0	674796.0	782917.5	894536.0	996978.5	1102854.0	1203456.5	1300825.0	1397513.0	1482764.0	1553817.5	1630675.5	1773068.5	2121234.0	2436038.0	2406859.5	2057176.5	1653112.5	1419175.0	1285345.5	1207434.0	1155534.0	1116162.5	1086200.5	1074590.0	1091893.5	1159721.0	1229025.5	1128706.0	932672.0	786943.5	661908.0	560099.5	482155.5	423724.5	376848.5	337810.5	306515.0	280866.5	260229.5	245453.0	231570.5	216775.5	203818.5	193262.5	183783.5	174277.0	168970.5	165183.5	159076.0	153702.0	149646.5	143212.0	136441.5	132652.5	129962.0	131865.5	134180.0	136726.5	139320.5	136948.0	134805.0	133769.0	132697.5	132287.0	127653.5	123021.0	119245.5	115480.0	111168.5	103340.0	95069.0	90354.0	90435.5	90522.0	90055.0	89837.0	93381.5
MHW199_trimmed_clipped_R1_paired	7440.0	7549.0	7701.5	7813.0	7956.5	8126.0	8456.5	8962.5	9736.0	10517.0	11474.5	12755.0	14133.5	16432.0	19541.0	23584.0	29097.0	36817.0	46674.0	58947.5	76041.5	98646.5	127078.5	162957.5	206908.0	261265.5	323161.5	390520.5	469730.5	557466.0	652729.0	755833.5	860039.5	964491.5	1076337.0	1225456.0	1466428.5	1691049.5	1789600.5	1707440.5	1545952.5	1455881.0	1413126.5	1404091.0	1399554.5	1390657.0	1373820.0	1353920.5	1334668.0	1321662.5	1322154.5	1240863.5	1093254.0	974410.0	865427.0	765219.5	676247.0	598485.5	528474.5	466604.0	411943.5	362200.5	320181.5	282039.5	246772.5	216684.0	190180.0	167250.5	146808.5	128176.5	111468.5	96641.0	83512.5	72733.5	63492.0	54611.5	46354.0	39686.5	34714.5	30341.5	26801.0	24016.0	21860.5	19564.5	17669.0	16798.5	16074.0	15569.0	14543.0	13596.5	13026.0	12506.0	12191.0	11819.5	11526.5	11294.5	11189.0	11150.0	11146.5	11155.0	11169.0
MHW199_trimmed_clipped_R2_paired	56265.0	56425.5	56751.0	57056.5	57404.5	57890.5	58791.5	59957.0	61584.0	63059.5	64883.5	66957.0	68580.5	72125.0	76676.0	81225.5	86756.0	96222.5	108232.0	121292.0	138550.0	161712.5	190655.0	227353.0	271060.0	328475.0	394451.0	461762.5	541011.0	628354.5	724041.5	826961.5	930570.5	1032706.5	1141948.0	1291166.5	1534658.5	1763067.0	1864964.0	1784725.5	1625457.0	1536779.0	1490606.0	1480301.5	1477136.0	1467511.5	1450118.0	1431419.0	1413871.5	1410232.5	1418921.5	1331274.5	1177762.0	1058870.0	948621.0	846655.5	757057.5	677663.0	607184.5	544574.5	488792.5	439589.5	397739.0	360137.5	325374.5	295418.0	268440.5	245252.0	223954.0	203808.0	187426.0	173364.5	159641.5	147813.0	138492.5	129075.0	119879.0	112512.0	107034.0	103112.5	99828.5	97538.0	95679.5	92770.5	90348.5	88958.0	87567.0	86840.5	84888.5	82907.5	81644.5	80427.5	79122.5	77350.0	76279.5	75667.5	75449.5	75358.0	75148.0	75167.5	78465.0
MHW200_trimmed_clipped_R1_paired	7689.0	7820.0	7976.0	8010.0	8054.0	8163.5	8368.5	8698.5	9243.0	9802.5	10533.5	11342.0	12089.5	13554.5	15511.0	17839.5	20974.5	25933.5	32572.5	40523.5	51052.0	65113.0	84189.5	109481.5	140706.5	181334.0	229837.0	284552.5	349483.5	425612.0	512508.0	607663.5	710420.5	816641.5	925747.5	1059584.0	1264947.5	1464069.5	1578054.5	1564353.5	1487510.0	1450261.0	1440254.5	1461519.5	1486310.0	1496768.0	1492706.5	1484158.0	1471830.5	1456939.5	1443421.0	1371143.5	1251065.5	1142277.0	1034279.5	933935.5	842443.5	757830.0	679398.5	606287.5	540435.0	480066.5	426404.5	376437.0	329313.5	289179.0	253610.5	220504.0	191865.5	166731.5	143404.0	122578.0	104056.0	88333.5	75546.5	64192.5	54102.0	46319.5	40081.0	34606.5	30306.5	27156.0	24542.0	21789.5	19699.0	18690.0	17860.0	17285.0	16263.0	15349.5	14748.0	14165.5	13767.0	13290.0	12880.0	12601.5	12501.0	12446.0	12380.0	12299.0	12266.5
MHW200_trimmed_clipped_R2_paired	50609.0	50714.5	50970.0	51251.0	51550.0	52023.0	52971.0	54138.5	55662.0	56929.5	58709.0	60620.5	61619.5	64666.0	68186.0	70972.5	74588.5	82167.0	91114.5	99941.0	111665.0	127203.5	147175.0	172328.5	204102.5	250473.5	303992.0	357537.5	422937.5	499408.0	587291.5	685009.5	787504.0	892503.0	1003325.0	1137579.0	1340847.0	1538401.0	1656370.5	1649654.0	1574324.5	1537993.5	1530485.5	1552850.0	1577154.5	1587074.0	1585042.0	1578321.0	1567806.0	1561594.0	1559537.5	1490245.0	1366138.0	1256242.0	1151268.0	1050559.0	958034.0	873716.0	794610.0	721152.0	654380.5	593338.0	538935.5	489298.5	443425.5	402427.0	365081.5	331957.0	302073.0	275073.0	251024.5	229639.0	210583.5	194389.0	181206.0	171261.5	163074.0	154678.0	147444.5	141145.0	136083.0	132335.0	129213.5	127448.5	126210.0	124442.0	122633.0	121637.5	121219.0	120785.5	121536.5	122345.0	122095.5	122614.5	124605.5	125678.0	125169.0	124976.0	124603.5	124435.0	128378.0
MHW201_trimmed_clipped_R1_paired	8126.0	8468.5	8955.5	9182.0	9432.5	9864.5	10625.0	11616.0	12912.5	14417.5	16087.0	17998.5	20110.5	23525.0	28256.5	34595.5	43303.5	55018.5	69716.0	87672.0	111087.0	141154.0	178306.5	224677.5	279394.5	343010.0	412782.0	487005.0	571872.0	662218.0	757876.0	856679.0	952716.5	1047688.5	1147656.0	1290737.5	1544596.0	1771794.0	1832917.0	1690576.0	1474406.5	1348248.5	1276250.5	1241657.5	1218473.5	1191944.5	1158330.5	1126563.5	1101688.5	1088073.0	1090126.5	1016130.5	878516.0	768663.5	671010.5	583474.5	508639.0	445244.5	389666.5	341432.5	298927.0	262006.5	232156.0	204646.0	178652.5	156992.5	137921.0	121299.5	106950.0	94069.0	82453.0	72253.5	63332.0	55819.0	49439.0	42905.0	36735.5	32193.0	28880.0	25851.0	23234.0	21226.0	19639.5	17760.5	16169.0	15393.5	14680.5	14269.5	13487.0	12706.5	12151.0	11633.5	11283.0	10874.0	10566.5	10340.0	10257.0	10251.0	10251.0	10251.0	10271.0
MHW201_trimmed_clipped_R2_paired	52557.0	52876.0	53474.5	53994.5	54564.0	55339.0	56619.0	58272.5	60508.0	62660.5	65159.0	67919.0	70269.5	74998.0	80963.0	87579.5	96270.0	109538.5	126113.0	144576.5	168256.0	198901.5	236450.0	282613.0	336765.0	403444.5	476637.5	550544.0	634848.5	725490.5	821546.0	921487.0	1017258.0	1109349.0	1205731.5	1346735.5	1602789.5	1837994.5	1906303.5	1765925.0	1551617.5	1425208.0	1352390.5	1315873.0	1290469.0	1263571.5	1231989.0	1202739.0	1177096.5	1170025.0	1179627.0	1100086.0	956475.5	843981.5	743466.0	654925.0	578848.0	514052.0	457428.5	407711.0	365255.5	328574.0	297582.5	269921.5	244339.5	222287.5	202604.0	186309.5	171340.5	157300.5	145767.0	135647.5	126121.0	118154.5	111733.5	103800.5	96380.5	91648.0	87936.5	85423.5	83458.5	82293.0	81460.0	79099.5	76966.0	75910.0	74751.5	74119.0	72123.0	70116.0	68829.0	67567.5	66130.5	63959.5	62176.0	61109.0	60870.5	60792.0	60678.5	60693.0	63055.5
MHW202_trimmed_clipped_R1_paired	9053.0	9318.5	9689.5	9903.5	10112.0	10587.5	11370.0	12124.0	12930.5	13712.0	14835.5	16235.5	17681.0	20335.0	24167.5	29295.0	36024.5	44918.5	56844.0	72290.5	92254.5	117820.5	150175.0	191228.0	240745.5	300342.0	367515.0	441321.0	527948.0	622702.5	726141.0	838985.5	955263.5	1072669.0	1203460.5	1403898.0	1710165.0	1977494.0	2094159.5	1978243.0	1772609.0	1672367.0	1625932.5	1617542.5	1621104.5	1622211.0	1614998.0	1607032.5	1605226.5	1616986.0	1650334.5	1567086.5	1383573.0	1238284.5	1107771.5	987838.5	881882.0	788654.0	702819.0	627568.0	560308.5	498466.5	445250.5	395578.0	349794.0	310699.0	274601.5	243266.0	215301.5	188542.0	164664.5	143511.0	124404.5	107828.0	93853.0	81004.0	67907.5	56472.0	48409.5	41847.5	36529.0	31999.0	28373.0	24897.5	22108.0	20638.5	19449.0	18624.5	17436.5	16415.0	15717.5	15095.5	14658.0	14115.0	13774.0	13546.5	13435.5	13391.0	13372.0	13374.5	13407.0
MHW202_trimmed_clipped_R2_paired	71563.0	71896.0	72526.5	73022.5	73501.0	74308.0	75728.5	77450.0	79433.5	81050.0	83147.5	85568.5	87207.5	91112.5	96350.0	101774.0	108715.0	119716.5	133310.0	148821.0	169261.5	195369.0	227747.5	268555.0	317546.5	380451.5	451037.5	523496.0	608504.5	702501.5	806110.5	918396.5	1033467.5	1148267.5	1274069.5	1470058.5	1772298.0	2049347.5	2183028.0	2073910.5	1870512.5	1769622.5	1722591.0	1711782.0	1711049.5	1711847.0	1706292.0	1699324.0	1699292.5	1720129.5	1766204.5	1679295.5	1488170.5	1343132.5	1211800.5	1092990.0	986719.0	891008.0	804208.0	727442.5	659549.0	597271.5	543768.5	494619.5	448292.5	407830.5	370892.5	339405.0	310103.5	281715.5	257723.0	236678.5	216779.5	198760.5	184244.0	169537.5	153895.0	141315.0	132153.0	125923.5	120898.0	117285.0	114401.0	109994.0	106395.0	104386.5	102541.5	101406.5	98634.0	95859.5	93881.0	92098.0	90397.5	87958.0	86048.5	84862.0	84638.0	84573.5	84340.5	84364.5	87975.0
MHW203_trimmed_clipped_R1_paired	6220.0	6338.5	6458.5	6455.5	6470.0	6576.0	6886.0	7247.5	7690.0	8116.0	8759.5	9656.0	10466.0	11976.5	14054.0	16363.0	19492.0	24493.5	30993.5	38659.0	49082.5	62963.5	80990.5	104177.5	132908.5	169050.0	211523.5	259459.5	316603.0	381605.5	455179.5	536112.5	621156.5	709314.5	802131.0	925497.5	1102820.0	1271296.0	1367698.5	1348787.0	1284181.0	1260674.5	1260288.0	1278094.0	1294373.5	1302696.0	1301889.5	1295467.0	1285760.0	1275492.5	1272007.5	1207691.5	1090781.0	989112.0	891786.0	801051.5	717716.5	639519.0	567413.5	503243.5	444473.0	391100.0	345178.5	302718.5	262948.5	228807.5	199659.5	174081.0	150743.5	129908.5	111692.5	95906.5	82200.5	70727.0	61118.5	52227.5	44090.0	37601.5	32914.5	28959.5	25754.0	23295.5	21329.0	19116.0	17265.5	16437.5	15746.0	15251.5	14353.0	13541.0	13019.0	12506.0	12164.0	11750.0	11456.5	11245.0	11159.5	11132.0	11130.0	11153.0	11185.0
MHW203_trimmed_clipped_R2_paired	70442.0	70548.5	70782.5	71050.5	71327.0	71692.5	72388.0	73265.5	74476.5	75541.0	76948.0	78504.0	79386.5	81879.5	85048.0	87910.0	91528.0	98122.0	106179.0	114567.0	125151.0	139568.5	158300.5	181646.0	209998.5	249257.5	295026.5	341757.5	398039.0	462243.0	534988.5	616306.5	702121.5	789732.5	882285.0	1003621.0	1178671.5	1348635.0	1448800.0	1433076.5	1369838.5	1347953.5	1346749.0	1362065.0	1380002.0	1389828.5	1390101.0	1384499.5	1376261.5	1372093.5	1367848.0	1297238.5	1178953.0	1077231.0	979144.0	886807.0	802336.5	724257.0	651733.5	586733.0	528350.5	475432.5	428839.0	387205.5	348943.5	314617.5	284104.0	258560.5	235035.5	213106.0	195835.5	180723.0	166314.0	153968.5	143870.5	134855.0	126708.5	119906.5	114489.0	110972.0	108370.0	106681.0	105319.5	102987.0	101163.5	99859.0	98552.0	97864.0	96408.0	94933.0	93957.5	93064.0	91909.5	90497.0	90012.0	89812.5	89790.0	89993.5	89782.5	89665.5	96426.5
MHW204_trimmed_clipped_R1_paired	6887.0	7018.0	7182.0	7226.0	7296.0	7517.5	7887.5	8303.5	8833.5	9307.5	10032.5	11135.0	12260.5	14241.0	16800.5	19988.0	24578.0	31251.0	39592.0	49880.5	63460.0	81515.5	104575.5	133784.0	169128.0	212071.5	261383.5	315524.5	379376.5	450564.0	527533.0	610947.5	695535.5	779511.5	871080.5	1005232.5	1220045.0	1414072.0	1503130.5	1432303.5	1298716.0	1237939.5	1212448.5	1211549.0	1217854.5	1220109.5	1213907.5	1208760.0	1207874.0	1218379.5	1263062.5	1201345.0	1043923.5	929259.0	828943.0	739230.0	660015.0	590223.5	526938.5	471319.5	421634.5	376561.0	337701.0	302555.0	269943.0	241239.0	214883.5	192397.0	172034.5	152406.0	134571.5	118710.0	104574.0	92267.0	81787.5	71842.5	61933.0	53372.5	46974.5	41210.5	36548.0	32843.5	29589.0	26084.5	23294.0	21744.5	20275.0	19361.0	18162.0	17036.0	16200.5	15536.5	15057.5	14344.0	13704.5	13241.0	13051.5	12987.5	12973.5	12993.0	13038.0
MHW204_trimmed_clipped_R2_paired	130839.0	131008.0	131281.0	131499.5	131765.0	132153.5	132859.5	133857.5	135324.5	136559.5	138125.0	140008.0	141322.5	144109.0	147677.5	151296.0	156116.5	164028.5	173675.0	184709.5	198554.0	216468.0	239899.5	269214.0	304319.5	350075.0	402429.5	456178.5	518671.5	588174.5	665000.5	747961.0	832395.0	916746.5	1005349.0	1135106.5	1347222.5	1545697.5	1644514.5	1578824.0	1446138.0	1385540.0	1359009.5	1355977.0	1359378.5	1361787.0	1357783.0	1353141.5	1353544.0	1370917.5	1402108.5	1309933.5	1142109.0	1027719.5	925131.5	833855.0	754084.0	682379.0	616529.0	558670.5	507613.5	461505.0	422841.0	389777.0	358060.5	328122.5	301001.5	278084.0	256783.0	236413.5	221530.5	208958.5	195113.0	183097.0	173374.5	163490.0	153340.0	145104.5	139102.0	137051.5	135847.5	135811.5	136302.0	134394.5	132933.5	131449.0	129946.5	129131.0	126337.0	123556.5	121412.5	119290.5	117145.0	113801.0	110570.5	108739.0	108950.5	109273.5	109131.5	109340.5	117014.0
MHW205_trimmed_clipped_R1_paired	7001.0	7490.0	8174.0	8546.0	8907.5	9441.5	10489.5	11919.5	13741.5	15920.5	18155.0	20129.0	22542.0	26380.5	31879.5	39927.5	51140.5	66216.5	85388.0	109175.5	139671.5	178182.0	225126.5	282817.0	348420.5	420734.5	496365.5	573470.0	657630.5	741218.5	824409.0	909551.5	988743.0	1060635.0	1136807.5	1249652.5	1461822.0	1663823.0	1698622.5	1529183.0	1295487.5	1153262.5	1075350.5	1034699.0	1006552.0	980351.0	953450.5	926918.5	907683.5	900966.5	911037.5	854130.5	740440.0	651326.5	571994.0	502490.5	441718.5	390209.5	346212.0	307551.5	272727.0	241820.0	216143.0	192294.0	169929.5	150440.5	133141.5	117983.0	104197.0	91628.0	80407.0	70443.0	61686.5	54219.5	48061.0	41541.5	34994.5	30140.5	26671.5	23682.5	21351.5	19595.0	18010.5	16023.0	14233.0	13324.0	12613.0	12224.5	11433.5	10646.0	10074.0	9566.5	9289.0	8941.0	8673.0	8481.5	8407.5	8391.5	8421.0	8470.0	8499.5
MHW205_trimmed_clipped_R2_paired	81756.0	82279.5	83036.0	83446.0	83874.5	84622.0	86005.0	87950.5	90550.5	93292.5	96320.5	99219.5	101837.5	106521.5	113149.0	121600.0	132883.0	149170.5	169340.0	192938.5	223023.0	261151.0	308252.5	364977.0	429218.5	504812.5	583790.5	660385.5	743539.0	824863.0	907612.0	993086.5	1072927.5	1144355.0	1216452.5	1325040.0	1539416.0	1755374.0	1799918.0	1634129.0	1406288.5	1263809.5	1184450.0	1143167.5	1113989.5	1087713.0	1059743.0	1033426.0	1014111.0	1011925.0	1014030.0	938001.5	818800.0	730276.0	650339.0	579130.5	518016.5	466431.5	420400.5	379283.0	343971.0	312728.0	286374.0	264631.5	243984.5	223738.0	205298.0	190119.0	176385.5	162879.0	153803.0	146247.0	136920.0	129074.5	122699.5	116022.5	109929.5	105204.0	101486.5	101566.5	102184.5	103440.0	104943.5	103336.5	102056.0	101036.5	99916.0	99352.5	96207.5	93059.5	90366.0	87669.5	84556.5	78888.5	72251.5	68229.0	68188.0	68250.5	68164.5	68311.5	71288.0
MHW206_trimmed_clipped_R1_paired	21762.0	32004.0	46577.5	53294.0	57015.5	59755.5	64473.5	71917.0	79896.0	84973.5	86172.0	86317.0	86999.5	89090.5	93861.5	101734.5	112046.5	123425.5	136952.0	152762.0	171558.5	194698.0	221625.5	254261.0	289183.5	326023.0	360875.0	391309.5	425591.5	461965.5	499824.0	539352.5	576531.0	611695.0	653103.0	714949.0	814170.0	904921.5	926006.0	869878.0	789498.0	735299.0	697602.0	672307.5	657517.5	649034.5	644111.0	643926.0	658236.5	692979.5	729189.0	681749.0	577677.5	495336.5	420741.5	358225.5	308879.0	270088.0	238979.5	212531.0	188777.5	168565.5	151645.0	135283.0	120534.0	108133.0	96381.5	85902.0	76608.0	68024.5	60441.0	53833.5	47865.5	42578.0	38085.0	32957.5	27995.5	24510.0	21751.5	19471.5	17641.0	16031.5	14658.0	13251.5	12131.0	11578.0	11001.0	10578.0	9942.0	9322.0	8857.5	8456.0	8171.0	7832.0	7576.0	7390.0	7308.0	7298.0	7310.5	7335.5	7375.5
MHW206_trimmed_clipped_R2_paired	73774.0	84341.0	98312.5	103549.5	106521.0	108821.5	113642.0	120844.0	128661.5	136185.0	141696.5	144775.0	145798.5	147766.0	152009.5	158236.0	166705.5	177680.5	190773.0	206015.5	223720.0	245491.5	272354.5	304703.5	338665.0	377526.0	416341.5	448202.0	481717.5	517869.0	556985.5	596947.0	635100.0	670791.5	708600.0	764287.5	861815.0	959409.5	991124.0	940948.5	863749.0	812751.0	776603.5	748545.5	729440.5	719169.0	711264.0	709349.0	721900.0	761269.5	802745.5	747132.5	634791.5	551919.5	477904.5	414060.0	362762.5	322741.0	290045.5	261660.0	237848.5	217667.0	201055.5	186306.0	171744.0	158435.5	146419.5	136000.0	126439.5	117391.5	110985.0	105533.0	99314.0	93680.0	89110.5	84186.5	79128.5	75248.0	72443.0	71983.5	71865.5	72121.0	72581.0	71624.0	70878.0	70100.5	69285.0	68840.0	67141.5	65412.0	63846.5	62295.5	60801.0	58265.0	55642.0	54280.5	54623.0	54649.0	54048.5	53688.5	55770.5
MHW207_trimmed_clipped_R1_paired	13439.0	15063.0	17394.5	18799.0	20086.0	21395.5	23804.0	28078.5	34961.5	42556.5	48067.5	52067.5	57445.5	64712.0	74388.0	87627.0	105231.5	127781.0	152848.5	180784.5	215068.0	257243.5	306753.5	363831.0	423520.5	488011.5	551055.0	607105.0	665656.5	722713.0	781603.5	844337.0	900901.5	951212.5	1001212.5	1074458.0	1210229.0	1328772.5	1331588.0	1217037.0	1076385.0	992553.5	945452.5	922798.0	914832.0	911862.0	917068.0	938057.0	983740.0	1069604.5	1172490.5	1113465.5	924983.5	767617.5	630886.5	523050.5	440925.5	377430.5	326556.5	285571.0	251512.5	222695.5	199635.5	177933.0	157006.5	139560.0	123946.5	110501.0	98560.5	87303.5	77208.0	68076.0	60079.5	53095.5	47015.0	40469.5	34289.5	29969.0	26676.5	23715.0	21326.0	19386.0	17762.0	15806.5	14169.0	13537.5	12966.5	12574.5	11719.0	10921.5	10419.0	9951.5	9647.0	9274.5	8989.5	8778.0	8709.0	8702.0	8728.5	8793.0	8847.5
MHW207_trimmed_clipped_R2_paired	51158.0	52849.5	55501.5	57328.5	59054.0	60820.0	63610.0	67945.0	74964.0	83256.5	90867.5	96623.0	102389.0	111282.0	121920.0	135148.5	152615.5	175805.5	201729.5	229253.0	262774.5	304821.5	354287.5	410559.0	469290.5	536860.5	604122.5	661061.0	718937.0	775261.0	836207.0	898887.0	955091.0	1004596.5	1052323.5	1119119.5	1255011.0	1389651.5	1402535.5	1288763.5	1148981.0	1063080.0	1013088.0	988115.5	976696.5	971207.5	975204.5	995646.5	1040957.0	1134581.5	1246015.0	1182495.0	989198.5	832122.0	693139.0	582055.0	499038.0	435191.5	382961.5	340464.5	306453.0	277552.0	253884.5	232889.5	212373.0	194873.5	179170.5	165521.0	153313.0	141472.0	131891.5	123555.0	115118.0	108030.0	102065.0	94513.5	87291.5	82652.5	79052.0	77131.5	75793.5	74980.0	74429.0	72282.0	70427.5	69500.0	68537.0	68046.0	66210.5	64357.5	62890.5	61457.5	59965.0	57577.0	55331.5	54096.5	54239.0	54321.0	53876.0	53568.0	55746.0
MHW208_trimmed_clipped_R1_paired	8754.0	8829.0	8929.5	8970.5	9014.5	9041.0	9207.0	9559.0	9988.0	10382.5	10970.5	11694.5	12299.5	13574.0	15318.0	17286.0	19905.5	24223.5	29897.0	36666.5	45767.5	58449.0	75382.0	97542.0	125787.5	163463.0	208083.5	258564.5	319656.5	390965.0	474270.5	567552.0	667166.5	772129.0	885111.5	1037057.0	1293417.5	1528386.0	1638131.0	1613552.0	1529196.5	1492384.5	1487756.5	1520220.5	1558967.5	1585293.0	1601964.5	1612271.5	1618239.0	1627154.5	1631093.0	1556274.0	1427126.0	1316325.0	1209611.5	1106225.5	1010360.5	922610.0	838655.5	760121.0	687177.0	620351.0	560472.0	502211.5	446456.5	397812.5	354130.0	312973.5	274875.5	240982.5	209931.5	181048.5	154613.0	132110.5	112955.5	95737.5	80605.5	68480.5	58571.5	49845.5	42844.0	37147.5	32545.5	28319.5	24951.5	23101.5	21555.0	20512.0	19076.0	17727.0	16793.5	16016.0	15532.0	14922.5	14354.5	13929.5	13751.0	13673.5	13549.0	13416.5	13385.5
MHW208_trimmed_clipped_R2_paired	77494.0	77553.0	77739.5	77970.5	78250.0	78671.5	79494.5	80608.5	82145.0	83343.5	84986.0	86775.5	87612.0	90470.5	93918.0	96417.0	99457.5	106525.5	114925.5	122859.0	133022.0	146753.5	164840.5	187795.0	216251.0	259472.5	310178.0	360933.0	422619.5	494919.0	579253.5	674306.0	774914.0	880371.0	994135.0	1145234.0	1401721.5	1637136.5	1748747.5	1729140.0	1646706.5	1610178.0	1605846.0	1638041.0	1675331.5	1702949.0	1721049.0	1733787.5	1743427.5	1759043.5	1768854.0	1687866.0	1549845.5	1436680.0	1329586.5	1224455.5	1127153.0	1038907.5	954708.5	874920.5	801597.0	733229.0	673468.5	617571.5	562753.0	512257.0	466399.5	425747.5	388469.0	353336.0	321526.5	293073.5	266591.5	243410.5	223905.0	207933.0	194117.5	181492.0	171305.0	162742.0	155744.5	150576.0	146105.5	142006.5	138984.0	136408.0	133865.0	132519.0	130686.5	128775.5	128176.0	127704.0	126509.0	125477.0	126052.5	126456.5	126033.0	125909.5	125504.0	125286.0	130967.0
MHW209_trimmed_clipped_R1_paired	8481.0	8562.5	8672.5	8699.0	8709.5	8763.5	8951.5	9258.5	9675.0	10082.0	10681.5	11332.5	11911.5	13190.5	14857.5	16728.5	19105.5	22909.5	28120.5	34447.5	42888.5	54113.5	69264.0	89596.5	115327.0	148939.5	189005.5	234851.5	289231.0	353375.5	429068.5	512394.5	600966.5	694595.5	796154.0	925864.5	1135176.5	1329945.5	1420852.5	1407988.5	1356060.5	1334853.0	1333121.0	1364412.5	1400844.0	1421619.5	1430557.5	1436199.5	1437808.0	1438073.0	1438162.0	1377308.5	1265190.0	1162778.5	1066243.0	975439.0	890565.5	811543.0	736193.5	665759.5	599025.5	536536.0	483238.5	432349.5	381755.5	337505.0	298736.5	263066.5	229759.0	199499.5	171834.5	146945.0	124575.0	105422.0	89418.5	75244.0	62973.5	52754.5	44673.0	38244.5	32902.0	28635.5	25340.5	22223.0	19698.5	18391.5	17444.5	16847.5	15844.0	14913.5	14265.0	13664.0	13308.5	12899.0	12555.5	12280.5	12145.5	12089.5	12002.5	11915.0	11901.0
MHW209_trimmed_clipped_R2_paired	63611.0	63683.0	63864.0	64086.5	64382.0	64829.0	65612.5	66651.0	68061.5	69181.5	70803.5	72537.5	73331.5	76103.5	79382.0	81793.0	84772.0	91475.5	99441.5	106944.0	116310.5	128298.5	144142.0	164840.5	190927.5	230711.0	276928.5	322443.0	377372.0	441958.0	518549.0	603860.5	693146.0	786892.0	888361.5	1018037.5	1227417.5	1422413.0	1515474.5	1505796.5	1456187.0	1434864.0	1433390.5	1465202.0	1501244.0	1523036.0	1533104.5	1538368.0	1542431.5	1550750.0	1560564.5	1501624.5	1386061.5	1285136.5	1188833.5	1096008.0	1010224.0	930492.0	853864.5	783350.5	718150.5	655398.0	601166.0	550845.5	501845.5	458481.5	419009.0	382228.0	348064.5	317193.5	289894.5	265233.5	242148.5	222159.0	205713.0	194553.0	185419.5	175037.0	166725.0	159515.0	153582.5	149360.0	145670.0	143856.0	142813.5	140703.5	138639.0	137480.5	137446.5	137445.0	138410.5	139406.5	139479.0	140439.0	142870.0	144319.0	143845.0	143741.0	143308.5	143094.0	149054.0
MHW210_trimmed_clipped_R1_paired	9428.0	9543.5	9705.5	9775.0	9831.5	9926.5	10215.0	10615.0	11142.0	11709.5	12387.5	13209.5	14036.0	15521.5	17465.0	19813.0	22835.0	27721.5	34174.5	41860.0	51910.5	65082.5	82879.0	106353.0	136096.0	175362.5	221915.0	274277.5	336960.5	410674.5	497216.5	593879.0	694620.5	798466.0	909217.0	1053880.0	1291198.5	1508872.5	1598101.5	1575969.0	1518213.0	1496143.5	1501628.5	1537901.0	1576452.5	1602265.5	1617835.0	1627539.0	1633230.0	1642265.5	1652901.0	1577352.0	1433383.0	1313326.0	1202391.5	1094504.5	996776.5	906794.0	819828.0	739342.5	666463.0	599167.5	541311.5	484279.0	427202.0	378747.5	335945.0	295779.0	258487.5	225578.0	195154.0	167332.0	141691.0	119831.5	101578.0	85388.5	71261.5	59683.0	51017.0	43712.5	37581.0	32853.5	29193.0	25536.0	22577.0	21050.5	19888.5	19218.0	18032.5	16905.5	16109.5	15379.0	14934.5	14374.0	13922.5	13583.5	13418.0	13363.0	13266.5	13162.5	13154.5
MHW210_trimmed_clipped_R2_paired	99719.0	99834.0	100081.0	100360.5	100658.5	101087.0	101971.0	103213.0	104959.5	106334.0	108182.0	110157.0	111148.5	114427.5	118287.0	121152.0	124662.5	132554.5	142133.5	150899.5	161948.0	176772.0	196019.5	220787.5	251656.5	297663.0	351285.0	403964.5	467143.5	542451.0	629546.0	727745.0	830012.5	935037.5	1047655.5	1192124.5	1426532.5	1640205.5	1730127.5	1713479.5	1660419.0	1638888.5	1641787.0	1676981.5	1717796.5	1744324.0	1759894.0	1769894.0	1778495.5	1800655.0	1817013.5	1728024.5	1576134.0	1454152.5	1340261.0	1232020.5	1132524.0	1041782.0	955872.0	874835.0	800861.5	734197.5	676016.0	620846.5	566285.5	516856.0	472833.0	433509.5	396321.0	362150.5	332448.0	305582.5	279580.5	257354.0	239322.5	225059.0	213099.5	201375.5	191798.5	184106.0	177865.5	173866.5	170716.0	168213.0	166480.5	164269.0	161989.5	160632.0	159600.5	158514.0	158418.0	158409.0	157555.0	157122.0	158128.5	158701.0	158314.0	158290.0	157813.0	157659.5	165237.5
MHW211_trimmed_clipped_R1_paired	9095.0	9211.5	9329.5	9341.0	9367.0	9445.0	9696.5	10012.0	10477.0	10982.0	11685.0	12545.0	13183.0	14664.0	16651.5	18679.5	21481.5	26048.0	31886.5	38775.5	47946.0	60254.0	76312.0	97420.5	124387.0	160366.5	202801.0	249686.5	306516.0	374549.0	453683.0	541362.5	634616.5	732049.0	835006.0	965732.0	1172235.0	1367446.0	1469175.5	1461304.0	1406737.0	1386347.5	1390258.5	1427573.5	1465358.5	1486737.0	1500305.5	1510690.0	1517041.0	1528392.5	1541605.0	1471154.0	1339640.0	1229290.0	1124444.5	1024982.0	934934.0	850809.0	770888.5	697771.0	630324.5	567287.5	510725.5	457305.5	405187.5	358330.5	317288.5	280239.0	246042.0	215215.5	186637.0	160599.0	136993.0	116489.0	99248.5	84333.5	71628.0	60817.0	52332.5	45259.5	39348.5	34723.5	31013.0	27197.0	24173.0	22752.0	21561.5	20811.5	19502.0	18269.5	17455.0	16703.0	16229.0	15629.5	15167.5	14833.0	14676.5	14614.5	14548.0	14498.5	14516.0
MHW211_trimmed_clipped_R2_paired	149911.0	150030.5	150273.0	150482.0	150670.0	151010.0	151743.5	152779.0	154290.0	155535.0	157316.5	159249.5	160200.0	163164.5	166678.5	169345.0	172496.0	179835.5	188716.5	196806.0	207086.5	220350.0	237605.5	259790.0	287264.5	329193.0	378130.0	425732.5	483272.0	551307.0	630878.5	719866.5	813540.5	909930.0	1013444.0	1143935.5	1348425.0	1541490.5	1643644.5	1641943.5	1590066.5	1568593.5	1571936.5	1608230.5	1645924.5	1667969.0	1682124.0	1694314.0	1705031.0	1726353.0	1730074.0	1638004.5	1500202.5	1387233.5	1280273.0	1179695.5	1088978.5	1005521.0	926463.5	852914.5	785759.0	723796.5	668084.5	618446.0	570502.5	523609.0	481300.0	444462.0	410788.5	379405.0	353272.5	329541.0	305813.5	285066.0	267553.5	257769.5	249976.5	238768.5	229390.5	223006.0	218197.0	215425.0	213454.0	213151.0	213603.5	211159.5	208730.0	207464.5	208091.0	208684.0	210333.0	212102.0	212342.5	213741.0	217490.5	220210.5	220397.5	221249.5	220784.5	220479.0	236787.0
MHW212_trimmed_clipped_R1_paired	7464.0	7537.0	7626.5	7659.5	7698.0	7768.5	7978.5	8301.5	8679.5	9040.0	9532.0	10103.5	10682.5	11900.0	13349.0	15092.0	17606.0	21623.5	26664.5	32398.0	40589.5	51409.5	65858.0	85462.5	109889.0	141867.5	179683.5	223554.0	276777.0	338774.0	411909.5	493375.0	579412.5	669595.5	766935.0	890240.5	1081815.0	1262627.0	1360144.0	1354538.0	1303176.5	1281812.5	1282857.5	1316526.0	1353082.0	1377677.5	1388841.0	1394282.5	1396490.5	1397408.5	1395433.0	1337437.0	1233825.0	1138394.0	1047895.5	960744.5	878274.0	801958.0	729137.5	658859.5	593617.5	533849.0	482068.0	431451.0	381138.0	338145.0	300300.0	265170.0	232476.0	202699.0	175744.0	151178.0	128512.5	109051.0	92622.5	78472.5	66052.5	55930.5	47979.0	41080.5	35478.5	31104.5	27614.0	24099.5	21261.5	19833.0	18708.5	17946.5	16776.5	15719.5	15013.0	14352.0	13943.0	13455.5	13058.5	12753.5	12600.0	12530.5	12446.5	12393.0	12389.5
MHW212_trimmed_clipped_R2_paired	82834.0	82889.5	83047.0	83282.0	83524.5	83866.5	84583.5	85560.0	86904.5	87966.0	89458.0	91077.5	91845.5	94419.0	97476.5	99777.5	102512.5	108948.5	116595.5	123512.5	132503.0	144566.0	159718.5	178952.5	204035.0	242316.0	286903.5	329816.5	381922.5	444423.5	517159.0	599960.0	688172.5	778247.5	872878.5	995510.5	1189290.5	1370281.5	1468341.5	1467563.5	1418543.0	1396330.5	1398485.0	1432476.0	1468453.0	1492839.0	1506061.0	1513256.5	1517043.5	1523359.0	1525951.5	1465126.5	1358929.5	1265817.0	1173671.5	1083150.0	1001390.0	925466.5	851707.0	782252.0	717377.0	657613.0	605944.5	556980.0	508321.0	464757.5	426162.5	390781.5	357912.0	327511.0	301182.5	277234.0	253670.0	233906.5	217645.5	207159.0	198873.0	188219.0	179541.0	172722.0	167186.5	163352.5	160228.0	159199.0	158990.0	156910.0	154716.0	153532.0	154080.0	154594.5	155841.0	157168.0	157637.0	159313.0	162720.5	164945.5	164737.5	164905.5	164469.0	164285.5	174163.0
MHW213_trimmed_clipped_R1_paired	8068.0	8156.0	8254.5	8273.5	8292.0	8351.0	8545.0	8831.5	9242.5	9658.5	10275.5	11022.5	11693.0	13167.5	15022.0	16954.5	19699.5	24072.5	29680.0	36373.0	45669.0	58073.0	74190.0	95687.0	122743.5	157731.5	200175.0	248459.5	305626.0	373605.0	452955.5	540404.5	633664.0	732240.5	837985.0	977637.5	1209933.0	1425710.0	1529221.5	1509732.5	1440537.0	1413992.5	1413099.0	1449364.5	1488558.5	1514946.0	1531310.5	1539872.5	1546874.0	1553340.0	1556200.5	1492946.5	1377465.0	1276617.0	1179573.5	1081196.5	987901.5	901466.0	819515.0	743667.0	671877.5	605489.5	548669.0	492688.5	437378.5	388558.5	344921.5	304603.0	266909.5	232786.5	201047.0	172504.5	146357.0	123970.0	104871.0	88137.0	73864.5	62007.0	52950.5	45165.5	38619.0	33556.5	29408.5	25474.0	22441.5	20755.5	19436.0	18584.5	17295.0	16103.0	15322.0	14574.0	14082.5	13556.5	13156.0	12880.5	12775.5	12729.5	12654.0	12620.0	12661.5
MHW213_trimmed_clipped_R2_paired	102140.0	102206.0	102374.0	102576.0	102819.5	103190.0	103976.5	105034.0	106516.5	107749.5	109488.5	111330.0	112190.0	115050.0	118457.0	121187.0	124405.0	131368.5	139883.0	147787.5	157592.5	170886.5	188092.5	209899.0	237558.0	279037.5	327323.5	375571.5	432903.0	500769.5	581497.5	670949.5	765616.5	863387.0	969602.5	1109422.0	1338081.5	1553781.5	1659591.5	1643530.5	1577956.0	1551572.5	1551152.5	1586779.0	1626107.0	1653187.0	1669911.0	1681792.5	1689984.5	1701290.0	1702337.0	1630556.5	1513641.5	1411477.0	1312272.0	1213972.5	1122813.0	1037785.0	954513.5	877198.0	806628.0	740093.0	682525.0	629377.5	575591.5	525965.0	482071.0	441755.5	404087.5	369277.5	338834.0	310988.0	283527.5	260416.0	241647.0	227674.5	215807.5	203417.0	193592.0	186144.0	180076.0	175729.0	172194.5	169699.0	168010.5	165495.5	163130.5	161782.5	161190.5	160605.5	160845.5	161222.0	160968.5	161514.5	164211.5	166106.0	165942.0	166157.0	165584.5	165414.5	176427.0
MHW214_trimmed_clipped_R1_paired	10271.0	10405.5	10552.0	10582.0	10632.0	10759.0	11009.0	11347.0	11818.0	12227.0	12838.5	13677.0	14395.5	15867.0	17746.5	19732.5	22368.5	26713.5	32472.0	39025.0	47926.0	60264.5	76565.5	97793.5	124519.0	159928.0	202520.0	250180.5	307485.5	374309.5	452502.0	540174.5	632215.5	729538.5	835093.5	970938.0	1189404.5	1388258.0	1475654.5	1469670.0	1430033.0	1417720.0	1432027.5	1476356.0	1520537.5	1554069.5	1579568.0	1600721.5	1619016.0	1644972.5	1671545.0	1596616.5	1451223.5	1332614.0	1223238.5	1118140.5	1016768.0	924537.5	838474.0	759544.5	687409.5	619615.0	561251.0	503719.5	446366.0	397031.5	352862.0	311540.0	273181.0	238576.5	206458.5	177083.5	149884.0	126692.5	107066.0	88915.5	73602.0	61435.5	51786.0	43830.5	37230.0	32353.0	28706.5	25112.0	22278.5	20934.5	19876.0	19150.5	17854.5	16673.0	15890.5	15140.5	14633.0	14054.5	13598.5	13246.5	13104.0	13055.5	12982.0	12903.0	12890.0
MHW214_trimmed_clipped_R2_paired	60034.0	60156.0	60396.5	60674.5	61009.5	61427.0	62269.5	63444.5	65127.0	66533.0	68390.0	70392.5	71282.0	74351.0	78107.0	80790.5	83950.5	91410.5	100200.0	107937.5	118008.5	131667.5	148985.5	170942.0	199333.0	241812.5	290577.0	338967.0	397489.0	465296.5	545207.0	634447.0	728556.0	826432.0	931191.0	1067673.0	1286506.5	1485508.0	1573503.0	1570442.0	1532162.5	1519793.5	1533758.0	1577134.0	1620780.0	1653857.5	1679199.0	1701718.0	1724189.5	1762401.0	1807421.5	1731032.0	1571986.5	1449809.5	1339922.5	1233220.0	1131701.0	1038490.0	950947.5	871807.5	798961.5	730795.0	671657.0	615003.0	558719.5	509138.0	464783.0	422543.0	383581.0	348145.0	315842.5	286592.0	258823.5	235345.0	216079.5	199612.0	185586.0	173180.5	163267.5	154497.5	147290.5	142083.5	137701.5	134282.0	131766.0	129563.5	127302.0	126091.0	125161.5	124122.0	124020.0	124018.5	123299.5	123014.0	124109.0	124736.0	124191.0	123860.5	123384.5	123194.0	127158.5
MHW215_trimmed_clipped_R1_paired	10962.0	11050.0	11193.5	11301.5	11363.0	11462.5	11782.0	12206.5	12818.5	13466.5	14297.0	15242.5	16085.5	17886.5	20182.5	22635.5	25955.0	31548.0	38856.5	47475.5	58790.5	73897.5	94062.0	120579.5	154316.5	199403.5	252333.0	310843.0	382290.5	466743.0	564537.0	672868.0	787813.5	910221.0	1045366.5	1230458.5	1555915.5	1852011.5	1971941.5	1924933.0	1806745.5	1751283.5	1740286.5	1774258.0	1821422.5	1855806.0	1874932.0	1888246.5	1898370.0	1913315.5	1932543.5	1847433.0	1681140.5	1541467.0	1412783.0	1291478.0	1176662.0	1071752.0	974201.5	882043.0	798009.5	719621.0	650874.0	585249.0	521789.0	466002.5	414376.5	367603.5	324399.0	285544.5	249611.5	215835.0	184377.5	158109.0	135894.0	115437.5	97612.0	83293.0	72117.5	61856.5	53220.5	46766.0	41407.5	36137.5	32129.5	29830.5	27788.5	26439.5	24673.5	23083.5	21871.0	20788.0	20078.5	19277.5	18548.0	17952.0	17683.0	17561.5	17416.0	17221.5	17154.5
MHW215_trimmed_clipped_R2_paired	91185.0	91337.5	91637.0	91930.0	92224.5	92714.5	93782.0	95231.5	97259.5	98924.0	101170.5	103569.0	104693.0	108605.5	113207.5	116472.5	120480.5	129804.0	140603.0	150394.5	163411.5	180107.5	201597.0	229014.5	263651.0	317243.5	378757.0	438965.0	511495.5	595942.0	696412.5	808841.0	926550.5	1049114.5	1183976.5	1370411.0	1696073.5	1992144.0	2113612.0	2071282.5	1958385.5	1903099.5	1893466.5	1930062.0	1973524.5	2005971.0	2027148.0	2041183.5	2055169.0	2085495.5	2120441.0	2029126.0	1851274.5	1708423.0	1573388.0	1448042.0	1335133.0	1229583.5	1129345.5	1035748.0	950137.5	870255.5	799720.0	734498.5	670814.5	613424.5	561568.5	514573.0	471402.5	431634.5	395707.0	362543.5	331863.5	306031.0	283617.5	266993.0	253496.0	239251.5	227630.5	217941.0	209994.0	204153.0	199124.0	195614.0	193162.5	190384.0	187591.5	185929.5	184797.5	183650.5	183826.0	184161.0	183514.0	183452.0	185104.5	186062.0	185310.0	184900.5	184352.0	184089.5	189963.0
MHW216_trimmed_clipped_R1_paired	9253.0	9373.5	9501.0	9532.0	9566.0	9632.5	9839.5	10106.5	10508.0	10942.5	11543.5	12310.0	12929.5	14238.0	16020.5	17970.5	20470.0	24635.5	30068.5	36471.0	45226.5	56792.0	72312.0	93141.5	118858.5	152897.0	194562.0	241566.0	297689.0	364083.5	441649.0	527889.5	618767.5	715592.5	821034.5	960050.0	1196713.5	1420099.5	1521439.0	1497754.5	1426491.5	1398178.5	1398706.0	1434393.5	1475999.5	1503836.0	1519777.5	1530966.5	1538674.5	1547293.5	1552824.0	1482977.5	1358332.5	1251250.5	1149783.5	1050797.5	958722.5	873464.0	791740.5	716885.0	646065.5	579704.5	522426.5	466943.5	413275.0	366135.0	324061.5	284896.5	248413.0	216771.0	187388.5	159958.0	135434.0	114682.0	97045.5	80936.0	67533.0	57049.5	48340.0	41161.5	35504.0	30947.5	27447.5	24084.5	21402.0	19946.0	18792.0	18059.0	16908.0	15875.5	15224.5	14606.0	14208.0	13747.0	13315.5	12980.5	12850.5	12810.0	12727.5	12627.5	12618.5
MHW216_trimmed_clipped_R2_paired	62991.0	63103.5	63326.5	63544.5	63807.0	64267.5	65180.5	66376.0	67967.0	69184.0	70915.0	72778.0	73618.5	76602.0	80156.5	82760.5	85791.0	92896.0	101429.5	108975.5	118507.5	131349.0	147936.5	169245.5	195808.0	236676.5	284711.5	331299.0	388444.0	455702.0	534564.5	622202.0	715427.0	812037.0	916885.5	1057894.0	1292576.5	1514220.5	1617836.5	1599331.0	1532836.5	1502859.5	1502771.5	1541211.0	1582692.5	1610714.5	1627966.5	1641228.5	1651698.0	1666568.0	1687587.5	1627427.5	1499015.5	1388125.5	1282656.5	1181673.0	1089338.0	1004716.5	922845.5	845731.5	776305.5	711018.5	653154.5	598519.5	545180.5	497351.0	454159.0	415288.5	378872.5	345581.0	315798.5	288117.0	262540.0	240909.5	223298.0	211270.5	201447.0	190418.5	181271.0	173232.0	166845.5	161929.5	157575.5	156128.0	155648.5	153504.0	151186.0	149920.0	150326.5	150636.5	151984.5	153393.5	153701.5	155090.5	157862.5	159501.0	158923.5	158628.5	158128.0	157877.0	162424.0
MHW217_trimmed_clipped_R1_paired	11154.0	11225.0	11342.0	11453.5	11558.0	11709.0	11996.5	12412.0	13023.5	13588.5	14434.5	15457.0	16254.0	17854.0	19992.5	22461.5	25738.0	31048.0	38053.5	46609.0	57674.5	72567.5	92583.0	118715.0	152183.0	196335.0	249413.5	309293.0	380974.0	466478.5	565971.0	675355.5	793143.5	915604.5	1045830.5	1217761.0	1499505.0	1764155.0	1884739.0	1861158.0	1781201.5	1749562.5	1757058.5	1801207.0	1846356.0	1876076.0	1894066.5	1905206.0	1910370.0	1914357.5	1915733.5	1829218.5	1675569.0	1542657.0	1415279.0	1293250.5	1178208.0	1070254.5	967224.5	870973.5	784558.5	705135.5	633989.5	565096.5	498444.5	440577.0	389278.0	340944.5	296406.0	257989.0	223177.5	190543.0	160654.0	135401.0	114501.5	95932.5	80113.5	67584.5	57608.0	49238.0	42727.0	37646.5	33344.5	29183.0	25927.0	24274.5	23032.0	22189.0	20818.0	19628.0	18754.5	17908.5	17388.5	16755.5	16310.0	15965.0	15779.0	15719.0	15615.5	15492.5	15457.5
MHW217_trimmed_clipped_R2_paired	69375.0	69479.5	69721.0	70010.0	70424.0	71068.5	72196.0	73623.0	75671.0	77321.5	79534.0	81927.0	82983.0	86833.5	91324.5	94459.5	98299.5	107689.5	118721.0	128005.0	140031.0	156474.0	177863.0	204782.0	238574.5	290391.5	351156.0	411584.0	484486.0	569731.5	669640.5	782301.0	901147.5	1022954.5	1154507.5	1329108.0	1609652.0	1873510.0	1999703.5	1981157.5	1905739.0	1878944.5	1886694.5	1928977.0	1974951.0	2006644.5	2026921.5	2038530.5	2045426.5	2060098.5	2082880.5	2006785.5	1852156.5	1719018.0	1589588.5	1465567.0	1347709.0	1239959.5	1138491.5	1040519.5	952512.0	873686.5	802646.0	733468.0	666128.5	606272.5	553391.0	506447.5	462005.5	421097.0	384661.5	351672.5	321203.0	295154.5	273894.0	259337.5	247652.5	234519.5	223559.0	213725.5	205691.0	199571.0	194404.0	193208.5	192948.0	190281.5	187456.5	185889.5	187024.5	188066.5	190521.5	192993.5	193674.5	196300.0	200653.5	203021.0	202198.0	201740.0	201176.5	200850.5	204967.5
MHW218_trimmed_clipped_R1_paired	9015.0	9083.5	9216.0	9302.0	9337.5	9420.0	9656.5	10020.5	10550.5	11072.0	11855.0	12662.0	13303.5	14796.5	16784.0	18734.0	21381.0	26148.5	32088.5	38798.0	47955.0	60129.0	75874.5	96975.0	124154.5	159996.5	202318.0	249765.5	307246.0	374588.0	452562.0	538857.0	630364.5	725938.5	827468.0	955962.0	1159643.5	1348404.0	1430761.5	1421729.0	1385494.5	1374391.5	1383116.0	1420866.5	1460083.5	1486712.5	1501813.5	1510498.0	1517756.0	1528719.5	1536473.0	1464096.0	1334954.5	1225566.5	1122047.5	1021445.0	929007.0	844834.0	764095.5	689979.0	622412.5	559412.5	504364.0	452065.0	400228.5	354615.0	315287.0	278226.0	243280.0	212444.5	183733.0	157612.5	134092.0	113783.5	97201.0	82150.5	68826.5	58335.5	49868.5	42843.0	37313.0	32914.5	29403.5	25756.5	22749.5	21339.0	20209.5	19456.0	18213.5	17014.5	16167.5	15406.5	14933.5	14380.0	13989.0	13703.0	13570.0	13513.0	13399.0	13260.5	13228.5
MHW218_trimmed_clipped_R2_paired	62394.0	62517.0	62765.0	62996.0	63289.0	63717.5	64478.0	65567.0	67146.5	68480.0	70289.5	72157.5	73058.5	76027.5	79511.5	82118.0	85313.5	92591.5	101238.5	108921.0	119078.5	132574.5	149588.5	171475.0	199381.5	241390.5	289208.0	336889.5	395241.0	463607.0	542878.5	630512.0	723006.5	819914.0	921616.5	1048789.5	1253533.5	1442316.5	1525571.0	1520537.5	1485554.0	1474633.5	1485761.5	1523452.5	1561569.5	1587470.0	1602946.0	1614880.0	1624689.5	1644200.5	1666745.0	1595659.5	1458838.5	1345418.0	1239022.5	1138768.5	1047149.5	963575.0	883194.5	808069.0	739138.5	674814.5	619151.0	566876.5	515767.5	470335.0	429289.0	391833.0	357775.0	326228.5	297208.0	270950.0	246851.5	226550.5	209755.5	196485.5	185276.0	174513.5	165542.5	157581.0	151210.5	146706.5	142920.5	140436.0	138729.5	136568.0	134373.5	133209.0	132799.5	132275.0	132786.0	133425.5	132989.5	133220.5	134830.5	135661.5	135059.5	134736.5	134228.0	133906.5	137673.5
MHW219_trimmed_clipped_R1_paired	13091.0	13145.0	13278.5	13421.5	13524.5	13660.5	14009.5	14475.0	15105.0	15732.5	16621.0	17625.0	18574.0	20404.0	22614.5	25320.0	28904.0	34714.0	42464.0	51722.0	64104.5	81167.0	103939.5	134005.5	172151.5	220876.5	278497.5	344504.5	424651.0	520079.5	629505.5	746460.0	870967.0	1002301.5	1136627.0	1304320.5	1563300.5	1799900.5	1898133.0	1884979.5	1842774.5	1830042.0	1840356.5	1879774.5	1918198.0	1937637.5	1942261.5	1939554.5	1928265.5	1915847.5	1894136.0	1795587.0	1645048.5	1507461.0	1374319.0	1248127.5	1135119.5	1030604.5	929148.0	835201.0	749386.0	669464.0	600032.0	533777.5	469602.0	414233.5	364873.0	319537.0	278533.5	242700.5	208932.5	177136.5	149475.5	126098.5	106005.0	88357.5	73492.0	61703.5	52407.0	44680.5	38357.0	33462.0	29574.5	25721.0	22602.0	21032.0	19832.0	19102.0	17886.0	16779.5	16065.0	15423.5	15039.0	14570.5	14197.5	13917.5	13792.5	13733.0	13551.5	13343.0	13284.5
MHW219_trimmed_clipped_R2_paired	45827.0	45961.5	46286.5	46643.5	47086.0	47811.5	49177.5	50843.5	53005.5	54759.5	57205.5	59867.5	61088.5	65161.0	69961.0	73426.0	77710.5	87036.5	98676.0	109586.5	123409.0	142206.5	166184.5	196800.5	235760.5	291202.5	355925.0	422837.0	503289.5	598150.5	708687.5	830617.0	958394.5	1088185.5	1224396.5	1394328.0	1652910.5	1884782.0	1980952.0	1975099.5	1935398.0	1920791.0	1931433.5	1970488.5	2006384.0	2025417.0	2031058.0	2027677.5	2019445.5	2015325.0	2015620.0	1929210.0	1773079.5	1632255.0	1496178.0	1368725.5	1253962.5	1147622.5	1044913.0	950589.0	865236.5	786150.5	716827.0	651844.0	588423.0	531722.0	480551.5	435871.5	395484.0	358092.5	323287.0	291318.5	263230.0	239750.5	220219.5	204585.5	191476.0	179349.5	169504.5	160120.5	152453.0	146726.5	141738.5	138757.5	136591.5	134305.0	131990.5	130621.0	130419.5	130172.0	131219.5	132333.0	132194.5	133004.0	134983.0	135959.5	135126.5	134374.5	133626.5	133095.5	133070.5
MHW220_trimmed_clipped_R1_paired	11226.0	11294.0	11397.0	11456.0	11537.5	11693.0	12071.0	12553.5	13110.5	13612.5	14442.5	15436.0	16250.0	17987.0	20307.5	22764.0	26007.5	31454.0	38671.0	47438.5	58860.0	74465.0	95764.5	123617.5	159067.0	205396.5	260750.5	324389.5	400628.0	488215.0	590767.0	704815.0	823028.5	947996.0	1083818.5	1258913.0	1543619.0	1796829.5	1886922.0	1856470.0	1793053.0	1770041.0	1779564.5	1825757.0	1871831.5	1896231.5	1907460.5	1910555.0	1905193.5	1897671.0	1877519.0	1784297.0	1641469.5	1510153.0	1382311.0	1260047.5	1148097.5	1043092.5	942436.0	849657.5	763180.5	683249.5	612527.0	544493.5	480728.5	424761.5	373642.0	326986.0	284830.0	247664.5	212847.5	180374.0	152016.0	128460.5	108070.0	89965.0	74733.5	62245.0	52682.5	44867.5	38282.5	33231.5	29378.0	25515.0	22471.5	20984.5	19751.0	18931.0	17664.0	16524.5	15821.5	15165.0	14683.0	14106.0	13688.5	13404.0	13277.0	13201.5	13019.5	12817.5	12759.5
MHW220_trimmed_clipped_R2_paired	38669.0	38768.5	39012.5	39311.5	39684.0	40256.5	41317.5	42645.0	44367.0	45766.5	47845.0	50125.0	51133.5	54524.0	58740.0	61954.5	65704.5	74221.0	84653.5	94477.5	107171.5	124045.0	146186.5	174995.5	210945.5	262437.0	323533.5	386563.5	462973.0	552229.0	655307.0	770573.5	892281.0	1017751.5	1152791.0	1327923.0	1614408.0	1867374.0	1956921.0	1929435.5	1867843.0	1846222.5	1857608.5	1903141.5	1947323.0	1972495.0	1984559.0	1990587.5	1989326.0	1990095.5	1988768.0	1900896.5	1751614.0	1617508.5	1485566.5	1360888.5	1246892.0	1142605.5	1042414.5	948205.0	862434.0	781831.0	709716.5	641963.0	578327.5	522736.0	471374.0	424690.0	382124.5	343305.0	307785.5	275173.5	245860.0	221384.5	201014.0	183890.0	169600.5	156898.5	146421.5	136566.5	128617.5	122990.0	118088.5	114288.0	111398.0	109253.5	107108.5	105853.0	104632.5	103384.5	103397.5	103497.0	103106.0	103157.0	103972.5	104219.5	103468.0	102815.0	102200.0	101759.5	101663.0
MHW221_trimmed_clipped_R1_paired	11474.0	11532.0	11631.0	11689.5	11735.0	11862.5	12176.0	12567.5	13116.0	13681.5	14589.0	15614.0	16261.5	17878.5	19986.5	22226.5	25122.0	29968.0	36572.0	44076.5	54317.0	68457.5	87143.0	111898.0	143931.5	185444.5	235104.5	291877.0	360649.5	442496.0	537452.5	642796.5	753158.5	869685.5	991766.0	1145219.5	1382205.0	1592695.0	1683696.5	1683764.5	1653133.0	1642907.0	1657058.0	1700909.0	1744264.0	1768123.5	1777399.0	1779536.5	1773347.0	1765294.0	1744243.0	1659340.5	1530163.0	1407821.0	1289161.0	1174978.5	1068860.0	970089.0	875651.5	789104.5	709498.5	635452.5	569961.0	507381.0	447293.0	394397.5	347019.0	304100.5	265785.0	231384.0	199041.0	168969.5	141764.5	119554.0	100818.5	83915.0	69536.0	58449.5	49694.0	42425.5	36625.0	32271.5	28794.5	25039.5	22024.5	20511.5	19408.0	18743.5	17428.5	16209.0	15449.5	14765.0	14324.0	13773.0	13363.5	13106.0	12998.0	12935.5	12794.5	12630.5	12598.5
MHW221_trimmed_clipped_R2_paired	36366.0	36441.0	36687.5	37021.5	37382.0	37917.0	38977.5	40333.0	42042.5	43371.0	45327.5	47460.0	48417.0	51521.0	55300.5	58145.5	61554.0	69103.0	78425.0	87106.5	98183.0	113641.0	133377.5	158653.5	191379.5	237974.0	292640.0	349415.0	418526.0	501773.5	598513.5	705248.0	817322.5	934184.0	1056298.5	1209648.0	1444180.0	1654669.5	1747228.0	1749952.0	1720767.0	1712360.0	1728109.0	1770129.0	1810842.0	1833886.0	1843451.5	1846695.5	1844693.5	1844261.5	1842450.0	1766299.5	1629601.0	1504926.5	1384971.0	1267778.5	1159986.5	1061414.0	968115.0	881984.5	801681.5	726480.0	662002.0	599843.5	538376.0	484705.0	437434.0	395016.5	355815.0	320301.0	286949.0	256612.0	229494.0	206916.5	188233.0	172463.5	159139.0	147248.0	137747.5	129259.5	122240.0	117019.5	112458.0	108944.5	106318.5	104144.0	102156.0	101062.5	100235.0	99437.0	99860.5	100346.5	100011.0	100266.5	101335.5	101679.5	100957.5	100359.5	99769.5	99316.5	99222.0
MHW222_trimmed_clipped_R1_paired	12025.0	12063.0	12148.0	12264.0	12380.5	12558.5	12970.0	13503.0	14160.0	14836.5	15755.5	16718.5	17545.5	19524.0	22112.5	24943.5	28566.5	34623.0	42720.0	52270.0	64795.0	81462.0	104049.5	134266.5	172497.5	220589.5	277966.5	344223.0	421724.5	512844.5	619053.0	735696.0	859643.0	987066.0	1120415.0	1294700.0	1580842.0	1839782.5	1933115.5	1907863.5	1850653.0	1820353.5	1820296.0	1861414.0	1902679.5	1926500.0	1938552.5	1939432.0	1933899.0	1928449.5	1911523.0	1815946.5	1664145.0	1528514.0	1402568.5	1277472.5	1157599.5	1046886.0	942526.0	849330.0	763383.0	682437.0	614019.5	548048.0	483303.5	426639.5	376442.5	329833.0	287159.0	250795.0	215992.5	183093.0	153966.5	130147.0	110018.0	91625.0	75963.5	63191.0	53394.0	45421.0	38988.5	34216.5	30370.5	26459.5	23384.0	21918.0	20820.0	20133.0	18770.0	17493.5	16726.0	16028.0	15566.5	15016.0	14598.0	14286.0	14145.5	14079.0	13936.0	13748.5	13677.5
MHW222_trimmed_clipped_R2_paired	41131.0	41249.5	41546.0	41921.0	42389.0	43043.5	44191.5	45703.5	47676.5	49286.0	51595.0	54045.0	55276.0	58984.5	63493.5	67050.0	71259.0	80468.5	91910.5	102652.0	116375.0	134794.5	158475.5	188836.0	227672.0	282103.0	346108.0	411767.0	491165.0	584579.0	692140.0	811059.0	934289.0	1061411.0	1196270.0	1371059.0	1655742.0	1911480.5	2009823.0	1990156.5	1931403.5	1898841.0	1898428.0	1940255.0	1981043.5	2004170.0	2013441.0	2015558.0	2016914.5	2023393.0	2025761.0	1934747.5	1775163.0	1635595.0	1505104.0	1378639.0	1258188.5	1148306.0	1044907.0	949403.0	863349.5	783717.0	714593.5	648218.5	582261.5	525414.5	475505.0	429747.0	387875.0	349992.5	314130.0	281270.5	252063.0	227338.0	207121.0	190646.5	176420.5	163464.0	153081.5	143446.5	135511.0	129707.5	124802.0	121233.5	118497.0	116262.5	114113.5	112956.5	111963.0	110914.5	111170.5	111422.0	110830.0	110814.0	111884.0	112304.0	111484.0	110806.5	110225.5	109806.0	109732.5
MHW223_trimmed_clipped_R1_paired	9641.0	9724.5	9862.5	9976.0	10109.5	10227.0	10410.5	10786.5	11354.0	11877.5	12707.0	13633.0	14329.0	15851.0	17882.5	20122.5	23002.5	27829.5	34234.0	41559.0	51333.0	64517.0	82602.0	106682.5	136492.0	174903.5	220889.0	273874.0	335902.0	408624.0	494514.0	587947.5	685934.0	788439.0	899270.5	1049044.0	1301326.5	1527121.0	1615706.5	1586134.0	1513286.5	1480790.5	1481893.5	1516911.0	1551842.0	1576905.5	1591483.5	1597817.5	1598903.0	1601025.0	1592352.5	1508624.0	1379879.0	1270142.5	1162994.5	1056908.0	959345.5	869340.0	785022.5	708915.5	638029.0	571850.5	515502.5	460013.0	405784.0	359117.0	317414.5	278896.5	243498.0	212601.0	182430.5	154294.0	130581.5	110590.5	93053.5	76830.0	63191.5	52739.5	44446.0	37475.5	31887.5	27782.0	24513.0	21198.0	18535.0	17234.5	16271.0	15612.0	14498.0	13511.0	12866.5	12288.5	11936.0	11486.0	11109.0	10822.0	10683.5	10624.0	10501.5	10367.0	10327.5
MHW223_trimmed_clipped_R2_paired	36057.0	36169.5	36421.5	36718.5	37065.0	37552.0	38529.5	39826.5	41455.5	42733.0	44602.5	46618.5	47591.0	50621.5	54313.0	57253.0	60757.5	68402.0	77813.5	86313.0	97169.0	112052.5	130920.5	155192.5	185623.0	228957.5	280171.5	333911.0	397201.0	470354.0	556926.5	652262.5	751914.0	854682.0	964221.0	1116174.5	1369208.0	1592423.0	1681654.5	1653859.5	1581922.0	1549552.5	1548554.0	1582049.0	1617427.5	1643180.5	1658546.0	1666925.0	1671166.0	1683600.5	1693983.0	1613233.5	1474879.0	1360054.0	1250083.0	1143235.0	1044832.0	954812.0	870497.0	792252.5	720542.5	654784.5	598431.0	543716.5	489404.0	441935.5	400186.0	362783.5	327523.0	294952.0	264348.5	236606.0	212071.5	191200.5	173772.0	158424.0	145439.5	134584.5	125774.0	117433.0	110628.5	105761.0	101526.5	97978.5	95151.5	93211.0	91479.0	90463.5	89260.5	88094.0	88090.0	88134.5	87571.0	87257.5	87699.0	87789.5	87108.0	86539.5	85961.0	85504.0	85442.5
MHW224_trimmed_clipped_R1_paired	13865.0	13988.5	14173.0	14259.0	14340.5	14523.0	14897.5	15397.5	15985.0	16538.5	17478.0	18618.0	19528.5	21506.0	23997.5	26629.5	30258.5	36287.5	43928.0	52934.5	65125.0	81829.0	103898.5	132863.0	169778.0	217049.0	274277.5	339976.0	417880.5	508163.0	613510.5	731115.0	854629.5	980882.0	1117304.5	1305570.0	1616286.0	1894848.5	1997436.5	1960838.5	1879860.0	1841308.5	1840631.0	1879231.5	1922620.5	1951665.5	1964419.0	1968082.0	1967206.5	1964979.0	1951414.0	1851867.5	1693284.5	1550278.5	1416760.5	1290644.0	1172497.0	1064921.0	962159.5	866044.5	777819.5	695702.0	624533.0	557114.5	491180.5	433119.0	380908.5	332527.5	288920.0	250219.5	213836.5	180820.5	151318.5	125838.5	105070.0	85922.0	69400.0	57340.0	48204.5	41042.5	35379.0	31450.0	28572.0	25499.0	23044.5	22015.5	21176.5	20641.5	19515.0	18408.0	17635.5	16896.5	16372.5	15763.5	15369.0	15087.5	14921.5	14828.5	14667.5	14474.0	14407.5
MHW224_trimmed_clipped_R2_paired	43689.0	43822.0	44146.0	44530.0	44953.5	45607.0	46903.0	48582.5	50731.0	52385.0	54707.5	57245.0	58441.0	62374.5	67027.5	70542.0	74799.5	83887.0	94908.0	105289.5	118763.5	136960.5	160425.5	190521.0	228567.0	281958.5	344714.0	410722.0	490120.5	582362.5	689654.0	807982.0	931784.0	1060519.5	1200241.5	1389043.5	1697100.0	1972184.5	2074545.5	2042000.0	1962414.0	1921922.0	1923241.0	1964580.5	2004876.5	2029375.5	2044098.0	2051607.0	2056710.0	2065895.0	2071748.0	1981719.5	1815235.0	1669289.0	1533051.0	1401913.5	1283661.5	1175870.5	1071202.0	975327.0	888014.0	805731.0	734417.0	666856.5	600840.0	541904.0	488962.0	442097.5	398784.0	359308.5	322446.5	288718.5	258523.5	232774.0	211839.0	194997.0	181469.5	169122.0	159142.5	150331.0	143358.5	138383.0	134243.5	131721.0	130027.5	128168.5	126169.0	125123.5	124613.0	124065.0	124775.0	125533.5	125306.5	125715.0	127093.0	127656.0	126771.5	126032.5	125372.5	124930.5	124896.5
MHW225_trimmed_clipped_R1_paired	14381.0	14514.0	14720.5	14874.0	15034.5	15212.0	15569.5	16143.0	16912.5	17581.5	18626.0	19892.5	21009.0	23261.5	26143.5	29293.0	33415.0	40225.0	49417.5	60226.5	74324.0	93808.5	119442.5	153349.0	196059.0	251498.5	317824.5	392713.5	483809.5	590784.5	711880.0	846047.5	989037.0	1134987.5	1290650.5	1495426.0	1827724.5	2119480.0	2220119.0	2178219.5	2104661.0	2088017.0	2105454.0	2153782.0	2199548.0	2229420.5	2242678.0	2245175.5	2246085.0	2245464.5	2227131.0	2109768.0	1925573.0	1763076.5	1609314.0	1463573.0	1331327.0	1209500.0	1091845.5	982255.5	882080.0	788935.5	707067.5	629227.0	554073.0	488478.5	428894.5	374953.0	326441.0	283145.5	243481.0	206196.0	171934.0	143997.0	121047.0	99867.5	81927.5	67853.0	56804.5	47898.0	40813.0	35628.5	31736.0	27761.5	24629.0	23279.5	22188.5	21473.0	20199.0	18952.0	18181.5	17487.0	16992.0	16377.5	15861.5	15489.5	15321.0	15237.5	15064.0	14832.0	14753.0
MHW225_trimmed_clipped_R2_paired	52366.0	52535.5	52870.0	53232.5	53768.0	54577.0	56001.5	57871.5	60290.0	62171.5	64968.5	68098.0	69625.5	74216.5	79803.0	83957.5	88768.5	99478.5	112660.5	125257.5	141297.5	162452.0	190105.0	225295.5	269143.5	331182.0	404572.5	481045.0	573197.5	681545.0	806684.5	943325.5	1085977.5	1233818.5	1390218.5	1595176.5	1926211.0	2216862.5	2318780.0	2281313.5	2210480.5	2189811.0	2204521.5	2253898.5	2299485.5	2325577.5	2339343.5	2347297.0	2349494.0	2358475.5	2364793.0	2254397.5	2060373.0	1892382.0	1735098.5	1587025.0	1452562.0	1330601.0	1214346.5	1103057.5	1002827.0	911757.5	828121.0	749790.5	675898.5	610513.5	551979.0	499602.0	451112.0	406437.5	365690.0	328127.5	293716.5	265068.0	241567.0	221994.5	205949.0	191600.0	179749.5	169025.0	160425.5	154222.0	148987.0	145115.5	142270.5	140122.5	137872.5	136528.5	135246.5	133935.0	134253.0	134674.0	134098.5	134138.0	135481.0	136030.0	135033.5	134207.0	133371.5	132760.0	132730.5
MHW226_trimmed_clipped_R1_paired	12784.0	12866.0	13011.5	13129.5	13232.5	13397.5	13784.0	14363.5	15127.0	15778.0	16754.0	17954.5	18975.0	21076.5	23783.0	26953.0	31297.5	37828.0	46222.0	56808.5	71453.5	90407.0	115599.0	149712.5	192731.0	247415.5	312678.5	388545.5	478297.5	583031.0	704196.0	837174.5	977920.0	1124090.5	1276994.5	1475215.0	1787113.5	2074704.0	2193800.5	2165562.0	2096121.5	2065739.0	2067974.0	2111461.0	2156207.0	2179793.5	2188703.0	2185766.5	2178028.0	2172812.0	2152412.0	2039975.5	1865007.5	1708668.0	1559826.5	1418108.0	1287549.0	1166270.0	1050411.5	943089.0	845833.5	755141.5	675892.5	601454.5	528646.0	465493.5	409004.0	357897.0	311764.0	271013.0	233271.0	197588.0	165992.0	139299.0	116641.0	96883.5	80254.0	66943.0	56231.0	47478.0	40675.5	35340.5	31249.5	27208.0	23859.0	22299.5	21166.5	20414.5	19144.0	17963.5	17213.0	16512.5	16043.0	15523.0	15107.0	14788.5	14636.5	14552.0	14360.0	14136.5	14065.0
MHW226_trimmed_clipped_R2_paired	48730.0	48866.5	49208.5	49632.0	50160.5	50899.5	52315.5	54086.0	56256.5	58044.0	60687.5	63567.5	64958.0	69435.0	74763.0	78668.5	83454.5	94082.5	107146.0	119389.0	135119.0	156255.5	183254.0	217978.5	261722.5	324233.0	398220.0	474338.0	564559.0	669796.5	793153.0	929057.0	1073710.5	1224297.5	1378730.0	1576837.5	1884635.5	2168186.5	2289018.0	2267889.5	2200526.5	2169088.0	2169704.5	2210496.0	2254892.5	2280721.5	2289400.0	2288531.5	2283582.5	2284526.5	2289209.0	2186467.5	2001652.5	1839277.5	1688065.0	1545003.5	1411946.5	1289772.0	1173528.0	1065960.0	969349.0	879692.5	801490.5	726636.0	654406.5	591076.0	533180.0	482969.0	436528.5	394962.5	356417.0	320206.5	287967.5	260923.0	238812.5	220785.5	206104.5	192656.0	181580.0	171002.5	162216.5	156064.0	150644.5	146949.5	144395.0	141987.5	139601.0	138302.0	137474.5	136579.0	137080.5	137644.0	137108.0	137271.0	138569.0	139082.0	138173.5	137380.0	136624.0	136070.5	136066.0
MHW227_trimmed_clipped_R1_paired	13550.0	13647.5	13824.0	13982.5	14101.5	14238.0	14602.5	15122.0	15781.5	16472.0	17483.5	18618.0	19656.0	21632.0	24245.5	27315.0	31538.0	38106.5	46651.5	57197.5	71823.0	91770.0	117575.5	151830.0	195192.0	249981.5	317092.5	393774.0	483077.0	588926.5	712037.0	845239.5	984993.5	1130745.5	1290152.0	1500688.5	1841113.5	2148066.5	2277948.5	2244022.5	2142894.5	2092117.5	2084503.5	2124898.0	2167682.0	2192597.0	2202165.0	2202862.0	2196856.5	2190280.0	2171183.5	2060315.0	1884077.5	1725167.5	1576183.0	1433921.5	1301848.0	1178816.5	1062509.0	955181.0	857557.0	767774.5	689321.0	614278.5	541568.0	478513.5	422974.0	371336.0	322761.5	280473.0	241820.0	205510.5	173102.0	145988.5	123244.0	103332.5	85462.5	70985.5	60063.5	51022.5	43502.5	37728.5	33147.0	28764.0	25287.5	23438.5	22087.5	21178.5	19712.0	18443.5	17614.5	16788.5	16254.0	15728.0	15288.5	14945.0	14811.0	14734.5	14571.5	14358.5	14276.0
MHW227_trimmed_clipped_R2_paired	47938.0	48072.5	48398.5	48803.0	49304.5	49979.5	51255.0	53008.0	55202.0	56927.0	59505.5	62200.5	63450.0	67840.0	73051.5	77041.5	81977.0	92484.0	105434.0	118063.5	133957.5	155134.0	182644.5	217360.0	262051.5	325247.5	398401.5	475274.0	567132.0	674491.5	798799.0	935094.5	1076887.5	1225503.5	1385132.0	1593250.5	1933519.5	2238404.0	2368119.0	2338402.5	2238887.5	2185690.5	2176559.0	2220017.0	2264119.0	2285284.0	2294596.5	2295393.0	2292317.0	2298998.5	2301856.0	2196200.0	2011006.5	1848205.5	1695449.5	1552419.5	1420159.0	1295978.5	1178626.0	1071837.0	976145.0	887216.5	809677.5	735517.0	661386.0	595880.0	539444.0	488679.5	440877.0	398050.0	357590.5	320738.0	288220.0	260335.0	237298.5	218485.5	202269.5	187566.5	175872.5	165131.0	155953.0	148791.0	142981.0	138446.0	134871.0	132318.5	129748.5	128230.0	126690.0	125113.0	125184.0	125417.5	124763.5	124562.0	125437.0	125723.0	124855.5	124082.0	123288.0	122691.5	122592.5
MHW228_trimmed_clipped_R1_paired	12459.0	12529.5	12654.0	12756.0	12832.5	12992.0	13358.0	13846.0	14511.5	15089.5	15991.5	17088.5	18023.0	19964.5	22455.0	25280.5	29375.5	35844.5	44091.0	54219.0	67773.0	86082.0	110961.0	143811.0	185017.5	238254.0	302523.0	375757.5	464181.0	567983.0	687136.0	818279.0	955947.5	1099639.5	1252672.0	1454254.0	1783092.0	2077231.0	2193541.0	2162782.5	2079242.5	2040451.0	2042990.0	2086256.5	2128893.0	2157724.5	2172137.5	2172200.5	2163989.5	2158302.0	2142734.5	2033617.5	1860213.5	1709964.5	1568390.5	1427281.5	1296134.5	1176623.0	1061453.5	954756.5	858283.0	769082.0	692485.5	616790.0	541790.0	478111.5	421820.0	370270.0	323386.5	280929.5	241673.5	206377.0	173665.0	145882.5	122887.0	102600.0	84587.5	70399.0	59575.5	50491.0	43002.0	37295.5	32851.0	28409.0	24850.0	22965.0	21570.0	20706.5	19290.0	17974.5	17134.0	16375.0	15866.5	15237.5	14777.0	14442.0	14249.0	14163.5	13983.5	13743.0	13666.0
MHW228_trimmed_clipped_R2_paired	43645.0	43746.0	44000.0	44350.0	44823.0	45487.5	46734.5	48380.0	50453.0	52077.5	54443.0	56990.5	58223.0	62074.5	66755.5	70386.0	74861.0	84600.0	96545.5	108113.0	123171.0	143162.0	169133.0	202805.5	245243.0	304634.5	375133.0	449528.5	538477.5	642841.5	764374.0	898296.5	1037389.0	1181928.0	1336621.5	1539919.0	1867274.5	2160790.5	2277299.5	2248293.0	2166965.0	2127307.5	2127902.5	2170548.5	2214663.0	2241544.5	2256402.5	2261194.5	2257899.0	2264298.5	2266329.5	2157925.0	1978584.0	1826336.5	1679739.0	1537657.0	1404729.0	1283597.5	1168279.0	1061456.0	965571.0	876693.5	800115.0	725161.5	651076.0	586263.0	529295.5	478062.5	429687.0	386823.0	347087.0	310073.5	276669.0	249354.5	226756.5	206073.0	188921.0	174576.5	162947.5	152076.5	142945.5	136184.5	130347.5	125279.0	121279.5	118668.0	116234.5	114887.0	113440.0	111934.5	111535.0	111214.5	110281.0	109689.0	110243.0	110389.0	109551.0	108841.0	108148.0	107620.5	107528.5
MHW229_trimmed_clipped_R1_paired	12340.0	12389.0	12520.0	12616.5	12696.0	12873.0	13208.5	13680.5	14327.0	14886.5	15832.5	16907.0	17654.0	19655.5	22199.5	24720.5	28125.5	33819.0	41409.5	50456.0	62830.5	79676.0	101321.0	130411.0	168353.0	217715.0	277861.5	346081.5	426681.0	523097.5	634489.5	756941.0	886640.5	1023076.5	1170284.0	1363551.0	1676257.5	1956654.0	2060185.0	2032044.5	1973283.0	1951955.0	1961889.5	2012356.5	2063089.5	2094665.0	2111777.5	2116047.5	2112061.0	2107232.5	2090469.0	1991841.0	1833052.5	1686385.0	1547450.0	1414498.5	1287131.5	1168113.5	1054571.5	949103.0	852724.0	764036.5	686230.0	611354.5	539586.0	474983.5	417788.5	366343.5	318378.0	277081.5	239053.0	203265.0	170665.0	143970.0	121562.0	101323.0	84607.0	70996.0	60290.0	51419.0	44009.5	38394.5	33932.5	29390.5	25773.5	24019.0	22599.0	21565.0	19856.0	18367.5	17401.0	16513.5	16010.0	15407.0	14964.5	14652.5	14513.5	14465.5	14330.5	14146.5	14084.5
MHW229_trimmed_clipped_R2_paired	40628.0	40708.5	40948.0	41291.0	41709.5	42347.0	43557.5	45052.0	46949.0	48455.0	50682.5	53043.5	54116.0	57741.5	61938.5	65123.0	69004.5	77641.0	88365.0	98507.0	111865.5	129677.0	152976.5	183318.0	221570.0	275762.0	341211.5	410378.0	491494.0	586634.5	699273.0	824566.0	954929.5	1091816.5	1239840.5	1433691.5	1747887.0	2025605.5	2128110.5	2108900.0	2051869.0	2028774.0	2039933.0	2088465.0	2139717.5	2171405.0	2187215.5	2194415.0	2196704.0	2202174.0	2200904.5	2105232.5	1939531.5	1792855.0	1653641.0	1518062.0	1389726.0	1270065.0	1155366.5	1049564.0	953486.0	864154.5	786016.5	710425.5	637031.5	573019.0	516065.5	464845.5	417019.0	373666.5	333676.5	297541.0	265034.0	237495.0	215239.5	196180.0	179747.0	165390.5	154122.0	143996.5	135203.5	128541.5	122871.5	118110.0	114420.0	111710.0	109128.5	107701.5	106103.0	104551.5	104442.0	104424.0	103765.0	103370.0	103965.0	104123.0	103261.0	102534.0	101833.0	101316.5	101228.5
MHW230_trimmed_clipped_R1_paired	12973.0	13045.5	13166.0	13276.0	13379.0	13546.5	13901.5	14365.5	15071.5	15788.0	16683.0	17731.0	18618.0	20619.5	23419.0	26253.5	30087.0	36549.5	44821.5	54980.0	68747.5	87279.5	111165.5	143092.0	183978.5	236667.0	299533.5	371493.5	456701.0	556188.5	671783.5	797207.0	929266.0	1070396.5	1222105.5	1423879.0	1758382.5	2063838.0	2193738.5	2157998.5	2058158.5	2003305.5	1989581.0	2029655.5	2073263.0	2100104.0	2113891.5	2118247.5	2114831.5	2112225.5	2099639.0	1991045.5	1816840.0	1664032.5	1524106.5	1387173.0	1253952.0	1134178.0	1023965.0	921615.0	827819.5	741378.5	666838.0	594288.5	524017.5	463565.0	409563.0	360336.0	314286.5	272936.0	234483.5	199343.0	168507.5	143281.0	121810.0	101954.5	84594.5	70920.5	60242.0	51260.5	44160.5	38412.5	33923.0	29530.5	25802.0	23813.5	22401.5	21415.5	19840.0	18411.0	17460.0	16657.0	16212.0	15717.5	15317.5	14980.5	14803.5	14715.0	14546.5	14319.5	14238.0
MHW230_trimmed_clipped_R2_paired	44949.0	45088.5	45395.5	45720.5	46139.0	46751.5	47959.5	49527.5	51505.0	53165.0	55751.5	58451.0	59570.5	63595.0	68565.0	72414.5	76978.5	86521.5	98442.0	109940.5	124998.0	145276.5	170345.0	203043.0	245549.0	304878.5	374199.5	446300.0	533445.5	634426.5	750978.0	880665.5	1016310.5	1156638.5	1308034.0	1513334.0	1845966.0	2145299.5	2275952.5	2245679.5	2146313.5	2091627.0	2079322.5	2116655.0	2158846.0	2185500.5	2198334.5	2202797.0	2204435.0	2216747.0	2227023.5	2122976.0	1937923.5	1782101.0	1637879.5	1497109.5	1365935.0	1247408.0	1136601.5	1034006.0	939588.5	853241.5	779718.0	707526.0	636146.0	574954.5	520853.0	472193.0	426841.5	385047.0	345212.5	309535.5	278553.5	252652.0	231279.0	212905.5	197174.5	183259.5	172107.0	161531.5	152797.0	146180.0	140308.0	136169.5	133067.5	130398.0	127864.5	126483.5	125332.0	124141.0	124227.5	124378.0	123805.0	123835.5	124911.5	125260.5	124365.0	123607.5	122848.5	122296.0	122213.0
MHW231_trimmed_clipped_R1_paired	9971.0	10058.5	10183.5	10248.0	10313.5	10421.5	10719.5	11132.0	11709.0	12246.0	13059.0	14030.5	14779.5	16460.0	18659.5	21168.5	24510.5	29855.0	36967.0	45662.5	57342.0	72845.0	93746.5	121916.0	157184.0	202707.5	257241.5	319220.5	393295.0	480710.0	581434.5	691764.0	807877.5	928896.5	1058784.0	1227133.5	1494613.5	1740953.0	1859414.0	1839964.5	1764037.0	1729313.0	1725491.5	1760526.0	1796486.0	1817777.5	1825825.0	1828100.0	1825374.5	1818971.0	1804051.5	1708114.5	1557836.0	1427325.5	1301775.0	1183328.0	1074721.5	973753.5	879126.5	789910.5	706982.0	632338.5	566899.0	505377.0	446035.5	392411.0	344449.5	302741.5	264517.5	230038.0	198488.5	169122.0	143139.0	121128.0	102356.0	85779.5	71294.5	59629.5	50562.5	42681.0	36369.5	31602.0	27899.5	24042.0	20853.0	19200.0	17917.0	17072.5	15793.5	14650.0	13893.0	13227.0	12798.0	12283.5	11889.0	11597.5	11485.0	11444.0	11294.5	11113.0	11063.5
MHW231_trimmed_clipped_R2_paired	37960.0	38053.5	38288.0	38580.5	38947.0	39454.5	40487.0	41822.5	43447.0	44796.0	46851.0	48977.0	49997.0	53442.5	57463.5	60494.0	64222.5	72608.0	82975.0	92666.0	105456.5	122454.0	144296.0	172784.5	209019.5	259714.5	319554.0	382751.5	457677.5	545429.0	647589.0	759115.5	877054.5	999411.5	1127831.0	1296146.0	1563929.5	1810810.5	1929121.5	1911083.5	1836643.0	1800441.5	1797510.0	1834554.5	1871094.0	1890646.0	1898466.0	1902598.0	1903210.5	1908334.0	1909521.5	1813959.0	1653763.0	1519324.5	1392382.0	1271762.5	1162290.0	1061270.0	964320.5	876580.0	795240.0	719155.5	653830.0	591864.5	532028.0	479531.0	431926.0	389374.5	350665.5	315613.5	282953.5	253381.0	227204.5	204422.0	185589.0	169003.0	154583.5	142557.0	132961.5	123749.0	116068.5	110273.0	105273.5	100667.0	96850.0	94513.0	92395.0	91206.5	89529.0	87842.5	87328.5	86898.0	86058.0	85361.5	85515.0	85393.5	84643.0	84042.0	83421.0	82974.0	82927.0
MHW232_trimmed_clipped_R1_paired	13823.0	13883.0	13979.5	14052.0	14153.0	14295.5	14610.0	15059.5	15661.0	16268.0	17119.0	18141.0	19081.0	20886.5	23221.0	25871.5	29546.5	35519.0	43469.0	53148.5	66068.0	83311.5	105858.5	135631.5	174133.0	224393.5	283417.5	350920.0	432247.5	528105.0	639247.5	762086.5	891114.5	1023652.0	1168485.0	1360335.5	1674408.5	1952045.0	2045327.0	2002352.0	1927957.0	1903441.5	1912319.5	1959315.0	2006098.0	2032190.0	2043739.5	2047662.5	2047054.0	2043440.0	2026209.0	1924989.5	1764165.0	1616162.5	1475984.5	1345009.5	1224206.5	1112807.5	1005741.0	905258.0	812822.5	726923.0	650716.0	578775.5	510941.0	450629.5	396218.5	346663.0	301260.0	260992.5	224448.5	190373.0	159110.0	133092.0	111162.0	91500.5	74817.0	62370.0	52362.5	43885.0	37552.5	32870.5	29323.5	25843.0	23109.5	21834.0	20803.5	20146.0	18953.5	17850.5	17112.5	16401.0	15924.5	15354.0	14914.5	14609.0	14485.0	14415.5	14245.5	14061.5	14008.5
MHW232_trimmed_clipped_R2_paired	41907.0	42036.0	42333.0	42664.5	43059.5	43683.5	44838.5	46323.5	48233.5	49732.0	51959.0	54389.0	55617.5	59403.0	63873.0	67335.5	71696.0	80939.0	91851.5	102667.0	116621.5	134916.0	158887.5	189857.0	229143.5	284555.5	350160.0	418294.5	499745.5	596622.5	708498.0	833225.5	964686.5	1098820.5	1244867.0	1436556.0	1748261.5	2023027.0	2118076.0	2080317.5	2007150.5	1980265.5	1989368.5	2038784.0	2086300.0	2110629.0	2122837.5	2130195.5	2131380.5	2136216.5	2135287.5	2037642.0	1870645.0	1720425.5	1577913.0	1444822.5	1322709.0	1210290.0	1102127.0	1001163.5	908133.0	821676.5	746579.0	675524.0	607048.5	546220.0	491082.5	441732.5	396172.5	354731.0	317579.5	283385.5	251273.0	224194.0	202573.5	183024.0	166518.0	153464.5	142930.0	133008.0	124975.5	119279.0	114545.0	110477.0	107195.5	105133.0	103157.0	102019.0	100302.0	98579.0	98154.5	97799.5	96944.0	96286.0	96592.5	96587.0	95800.0	95118.5	94439.5	93937.5	93856.5
MHW233_trimmed_clipped_R1_paired	12655.0	12771.5	12954.5	13070.5	13189.5	13338.0	13673.0	14157.5	14809.5	15480.5	16433.5	17550.0	18482.0	20425.5	22943.5	25892.0	29561.5	35504.5	43491.0	52831.5	65517.0	82455.0	104523.5	133810.0	170495.5	217699.5	273693.5	337151.0	413194.0	502405.0	605644.5	716380.0	833442.0	955892.0	1088959.5	1277202.5	1602685.5	1893746.0	2009199.5	1954679.5	1832608.0	1775781.0	1763123.5	1795859.5	1833402.0	1857103.0	1871815.0	1878511.5	1879118.5	1882506.5	1878230.5	1777232.0	1613398.5	1473813.5	1342401.0	1221409.5	1109909.0	1005544.5	906491.5	816277.0	733900.5	657152.0	588566.5	524543.5	464425.0	410143.0	361284.0	317057.5	276232.0	240950.0	208260.5	177134.5	149357.5	125643.5	105199.5	86893.5	71500.0	59558.0	50037.5	42207.5	36130.5	31759.0	28427.5	25101.5	22560.0	21437.5	20551.5	19929.5	18712.0	17549.5	16790.0	16131.5	15729.5	15206.5	14776.5	14459.0	14307.5	14236.5	14104.0	13951.0	13910.0
MHW233_trimmed_clipped_R2_paired	42567.0	42681.5	42965.0	43305.0	43686.5	44260.0	45413.0	46937.5	48930.0	50522.0	52865.0	55403.5	56618.0	60526.5	65171.5	68632.0	73031.0	82322.5	93501.5	104266.0	117945.0	135816.0	158893.5	189034.5	226840.5	280233.0	342764.0	406520.0	482853.5	572694.0	677757.5	792460.5	910555.0	1033832.5	1167466.5	1355208.0	1680659.0	1970408.5	2083857.0	2030628.5	1911052.0	1852666.0	1841565.5	1875708.0	1913271.5	1935649.0	1946607.5	1953527.5	1958010.5	1974800.5	1992894.0	1896492.5	1720835.0	1576701.5	1443570.5	1318831.0	1205984.0	1102394.0	1003881.5	912929.0	830195.5	754131.5	686522.5	621940.5	560357.0	506834.5	458235.5	414127.0	374009.5	337660.5	303775.5	272987.0	245190.5	220537.0	199835.5	182126.5	167443.5	155300.0	145254.0	136065.5	128664.5	123283.0	118798.5	115044.5	112082.5	110159.5	108300.0	107315.0	106128.5	104918.5	104779.0	104675.5	103940.5	103418.5	103911.0	104056.0	103290.0	102681.0	102086.5	101630.5	101599.5
MHW234_trimmed_clipped_R1_paired	13301.0	13311.0	13348.5	13440.5	13550.0	13717.5	14096.0	14607.0	15266.5	15829.0	16623.0	17604.5	18400.5	20177.5	22455.0	24892.5	28251.0	33898.5	41358.5	50176.5	62090.5	78075.0	99214.5	127661.0	163853.5	211321.0	268696.0	334984.5	414607.5	508779.5	618509.5	738507.0	867599.5	1003895.5	1150051.0	1342246.5	1642937.0	1919975.0	2043631.0	2022876.5	1958216.0	1940211.0	1956881.5	2013148.0	2069501.5	2107216.5	2128724.0	2140667.0	2148339.5	2152719.0	2142108.5	2039808.0	1877395.0	1731413.0	1590230.0	1455731.0	1326388.0	1204767.5	1089314.0	983071.0	885338.5	795479.5	716662.0	639005.0	563373.5	496651.5	437126.5	382863.0	332875.0	288663.5	247842.5	209439.5	174442.5	145426.5	121078.5	99115.0	80689.5	66529.5	55309.5	46104.0	39260.0	34289.5	30494.5	26732.5	23838.0	22560.5	21531.5	20851.0	19502.5	18220.5	17463.0	16776.5	16314.0	15787.0	15351.0	14973.0	14767.0	14676.0	14498.5	14279.0	14207.0
MHW234_trimmed_clipped_R2_paired	46159.0	46252.5	46501.0	46868.0	47289.5	47859.0	49041.5	50630.0	52638.5	54204.5	56433.5	58873.5	60008.5	63951.5	68571.5	71754.0	75621.5	84711.5	95876.5	106069.5	119125.5	136366.5	158770.5	188006.0	225243.5	278962.0	341645.0	407508.0	487851.0	582685.5	694386.0	817665.5	946847.5	1081487.5	1229793.5	1421750.0	1720169.5	1996915.5	2121863.5	2105663.5	2043026.5	2025521.5	2043285.0	2100191.0	2155759.5	2194247.0	2219237.5	2233190.5	2242379.5	2257724.5	2269514.5	2176723.0	2005486.5	1854557.0	1712066.5	1574811.0	1445466.0	1324673.0	1209725.5	1102807.0	1003956.0	911927.0	831898.5	754464.0	678920.0	612622.5	552483.5	498560.5	448352.5	402257.0	359345.5	319316.5	283350.5	253439.5	228603.0	206970.0	189276.5	174306.5	162183.0	151364.5	142861.5	136841.0	131784.0	127464.5	123976.5	121710.5	119515.5	118277.0	116835.5	115380.5	115357.0	115455.0	114874.5	114602.5	115182.0	115293.0	114464.5	113727.5	112953.5	112395.0	112313.0
MHW235_trimmed_clipped_R1_paired	12710.0	12767.0	12870.0	12948.0	13043.0	13233.5	13597.0	14088.0	14732.5	15343.5	16256.0	17314.5	18252.5	20124.0	22440.0	25081.5	28746.5	34499.5	42184.5	51293.0	63184.5	79679.0	101299.5	129709.0	165715.5	212124.0	266977.0	329677.5	404308.5	491089.5	592656.5	703664.5	818854.0	938994.5	1068654.5	1238302.5	1502432.5	1744749.0	1860322.0	1842707.0	1768874.0	1732682.0	1729810.0	1763384.0	1799949.5	1823372.0	1832665.5	1834374.5	1835448.5	1837295.0	1826909.5	1730392.0	1573302.5	1439353.5	1314837.5	1194635.0	1083067.5	981756.5	887018.5	798398.5	717680.0	642324.5	576860.0	514696.5	453768.5	400896.0	354173.5	311171.5	272105.0	237892.0	205327.5	174577.0	147729.5	125302.5	106055.5	88588.5	73385.0	61477.0	52134.5	44537.0	38242.0	33297.0	29602.5	25901.0	22884.5	21366.0	20195.5	19410.0	18212.5	17132.0	16413.5	15732.5	15279.0	14772.5	14379.5	14059.0	13892.0	13824.5	13700.0	13542.5	13489.0
MHW235_trimmed_clipped_R2_paired	42032.0	42141.5	42416.0	42763.0	43188.0	43836.0	45025.0	46480.5	48456.0	50130.5	52490.0	55048.0	56298.0	59948.5	64374.0	67997.0	72263.0	81294.5	92163.0	102441.5	115966.5	133861.5	156687.0	185833.5	222550.0	275160.5	336640.0	399429.0	475150.5	564774.0	668370.5	780631.5	897534.0	1018488.5	1148486.0	1318096.5	1583662.5	1824995.5	1937705.0	1922301.5	1848395.0	1814337.5	1811917.5	1841888.0	1876937.0	1900437.5	1912224.5	1915736.0	1917571.5	1929288.0	1942779.0	1852883.0	1687406.5	1549247.5	1421152.0	1300577.0	1189334.0	1087099.0	991677.0	903368.0	822299.0	747240.5	681931.0	619313.0	558952.0	505875.5	458261.0	415748.5	376303.0	340897.0	308148.5	277371.0	250155.5	227440.0	208291.0	192835.0	179416.5	166849.5	156953.0	147858.0	140106.0	134187.5	129272.0	125916.0	123309.5	121028.0	118798.0	117522.5	116646.5	115779.0	116128.5	116560.5	116215.5	116348.5	117381.5	117808.5	117033.5	116393.0	115753.5	115291.0	115263.5
MHW236_trimmed_clipped_R1_paired	12401.0	12530.5	12768.5	12901.0	13045.5	13286.5	13704.5	14326.5	15104.5	15796.0	16919.5	18212.5	19324.5	21577.5	24484.0	27850.0	32310.5	39428.5	48804.5	59958.5	75028.5	95439.5	121866.5	156321.5	199551.5	255431.0	322012.5	395875.5	483610.5	587215.0	704893.0	833144.5	968210.5	1105346.0	1252006.0	1449145.0	1783820.0	2087537.0	2207246.5	2146500.0	2019268.5	1961539.0	1947420.0	1978253.0	2010432.5	2023855.0	2025639.5	2021033.5	2013785.0	2011607.5	2000172.5	1885863.5	1703533.0	1546724.5	1401391.5	1265807.5	1144834.0	1034664.0	928870.0	833585.0	746383.0	666592.0	596666.0	529876.0	466104.5	411039.5	362694.0	318860.5	278804.5	243017.0	210572.5	180285.5	152866.5	129234.0	109100.0	91757.5	76841.5	64659.5	55178.0	46985.0	40406.5	35343.5	31413.0	27448.0	24329.0	22852.0	21706.5	20927.5	19590.0	18369.5	17537.0	16763.0	16279.5	15705.0	15263.0	14959.5	14835.0	14786.0	14629.5	14424.5	14355.0
MHW236_trimmed_clipped_R2_paired	42840.0	42967.5	43296.5	43723.0	44203.0	44818.5	46043.0	47707.0	49745.5	51413.0	53828.5	56440.0	57807.5	61946.0	67020.5	71087.5	76242.0	86486.5	98884.0	111398.0	127436.5	149042.0	177183.0	212770.5	257478.5	318220.0	389516.5	464941.5	553745.5	657548.0	776862.5	906493.0	1042297.5	1182084.5	1328982.0	1527461.5	1860661.0	2159601.0	2281653.5	2227235.5	2101528.0	2040867.0	2027062.5	2056380.0	2087214.5	2102011.0	2105025.5	2102919.0	2099802.0	2110405.0	2124114.5	2012529.5	1813396.0	1652342.0	1504328.5	1365941.0	1244324.0	1133772.5	1028119.0	931061.5	843529.5	764147.0	694642.0	628511.0	565006.0	509713.0	461009.0	417726.5	377221.5	340683.5	306791.0	274915.0	246871.5	223451.5	204089.5	187321.5	172787.5	160148.5	149837.0	140232.0	132344.5	126557.0	121389.0	117038.5	113708.0	111468.0	109355.5	108244.5	106663.0	105002.0	104703.5	104475.0	103729.5	103204.5	103487.5	103410.0	102610.0	101993.0	101400.5	100980.0	100938.0
MHW237_trimmed_clipped_R1_paired	12409.0	12539.0	12735.5	12834.0	12916.0	13083.5	13431.5	13945.0	14756.5	15485.5	16626.0	17973.0	18963.0	21160.0	24034.5	27084.5	30806.5	37333.5	46040.0	55879.0	69383.0	87118.5	110086.0	140917.0	179397.5	228835.0	288263.0	355641.0	434820.5	526935.5	633688.5	750433.0	871570.0	995959.5	1129557.0	1310745.0	1615555.0	1891007.0	2002073.0	1953416.0	1844936.0	1797082.0	1788535.5	1818177.0	1853348.5	1873299.0	1879863.0	1881610.0	1876295.0	1872084.0	1860310.5	1756338.5	1596544.0	1459772.5	1329439.5	1206983.0	1093771.5	989992.0	890982.5	800133.0	718805.5	643843.0	577298.0	514122.0	453503.5	400547.0	354259.5	311811.0	273411.0	239820.0	208165.0	178066.5	151016.0	128897.0	110058.5	93182.0	78694.0	66781.5	57494.5	49641.5	43056.0	38016.5	33999.0	29699.5	26079.5	24414.5	23163.0	22255.5	20713.5	19347.5	18461.5	17582.0	17040.0	16455.0	16062.5	15775.5	15630.0	15561.5	15417.5	15250.0	15196.0
MHW237_trimmed_clipped_R2_paired	40288.0	40418.5	40711.0	41080.0	41497.0	42070.5	43171.0	44615.0	46516.0	48035.0	50263.0	52782.5	54142.0	57969.0	62517.5	66062.0	70546.0	79837.0	91016.0	102168.0	116777.0	136159.5	160985.0	192162.5	231704.5	287013.5	350674.5	417748.5	498314.5	591765.0	700314.5	819700.0	940942.5	1066035.5	1201355.0	1383188.5	1687742.5	1960682.5	2071502.5	2024353.5	1917100.5	1869269.0	1859983.5	1890852.5	1923636.5	1943092.0	1950377.0	1951606.5	1953479.0	1961823.0	1972653.5	1876163.0	1701622.5	1560176.0	1428131.5	1301067.5	1186214.0	1082335.0	984211.5	893922.0	812914.0	737333.0	671722.5	609518.5	548980.0	496311.5	449078.0	406736.0	367829.0	332870.5	300770.0	270822.0	243475.0	220622.5	201796.0	186429.0	173481.5	161393.5	151780.5	142723.5	134983.0	129257.5	124260.5	120310.0	117207.0	114692.0	112418.5	111169.0	110014.5	108825.0	108779.5	108859.0	108403.0	108330.0	109153.0	109458.0	108745.5	108141.0	107509.0	107104.5	107104.5
MHW238_trimmed_clipped_R1_paired	12437.0	12523.5	12684.0	12811.0	12927.5	13120.0	13489.5	14020.5	14701.5	15293.0	16311.0	17493.0	18420.5	20358.0	22901.5	25734.5	29516.5	35733.0	43637.0	52937.0	65730.5	83095.5	105899.0	135286.0	173072.0	223077.0	281330.0	347324.5	425654.5	516605.0	621977.5	737131.5	859612.5	986701.5	1123432.5	1308042.0	1623717.0	1909735.0	2018110.5	1971629.5	1867717.0	1815331.0	1805706.5	1839481.5	1878305.0	1903558.5	1914152.5	1918774.0	1918618.0	1916050.0	1903229.5	1800656.0	1636753.5	1493903.0	1361861.5	1237896.5	1122778.5	1018416.0	919137.5	827828.0	745533.0	667735.0	598247.5	533534.5	472754.5	417578.5	367546.5	322949.5	281982.5	245611.5	212353.5	181601.5	154194.5	130660.5	110286.0	92431.5	77345.5	64968.0	55217.0	46963.5	40458.0	35545.0	31702.0	27763.5	24551.5	23083.0	21955.5	21222.5	19897.0	18701.5	17970.0	17289.5	16835.5	16271.0	15833.5	15507.0	15346.5	15277.0	15108.0	14907.5	14839.5
MHW238_trimmed_clipped_R2_paired	42145.0	42254.0	42536.5	42920.0	43348.0	43925.5	45139.5	46726.0	48693.5	50317.0	52590.0	55076.0	56293.5	60124.0	64718.0	68367.5	72658.0	81790.0	93254.0	103974.0	117701.0	136472.0	160732.5	191462.0	229743.0	284380.0	349172.5	415619.0	494984.5	587613.5	694305.0	813177.5	936826.0	1064049.5	1202483.5	1388711.0	1703543.5	1986527.5	2094586.5	2049195.5	1943366.0	1892970.5	1887043.5	1921445.0	1957882.0	1978546.5	1990142.5	1996963.5	2002089.5	2013424.5	2021069.0	1923776.5	1753333.0	1606418.5	1468303.0	1342071.5	1226843.0	1121902.0	1022434.5	930411.5	847237.0	769088.0	701195.5	637165.5	574753.0	520136.0	470991.5	426778.5	386338.5	349381.5	314799.5	283480.5	255613.0	231931.0	212042.5	195822.5	182261.0	169801.0	159692.0	150230.0	142455.0	136571.0	131658.0	128040.0	125328.5	123163.0	121013.5	119803.0	118949.0	118020.0	118325.5	118748.5	118391.0	118515.5	119547.5	119922.5	119095.0	118400.0	117736.5	117274.0	117247.5
MHW239_trimmed_clipped_R1_paired	8495.0	8550.5	8686.0	8805.0	8900.5	9035.0	9305.0	9660.0	10089.0	10546.0	11271.5	12134.5	12801.0	14123.0	16010.0	18065.5	20705.0	25120.0	30841.0	37679.0	46719.0	58979.0	75280.5	97040.5	124257.5	159452.5	202505.5	250018.0	305951.0	373419.0	451152.5	536212.0	626025.5	719156.0	816457.0	943947.0	1148985.0	1335474.0	1419210.0	1404598.5	1350916.5	1323587.0	1320040.0	1346722.0	1374594.5	1390766.0	1397241.5	1396398.5	1392127.5	1388068.0	1376678.5	1305304.5	1191608.5	1089896.5	996487.0	907011.5	822074.5	744614.0	669658.0	601850.5	540755.5	483813.5	434700.0	387284.5	340877.0	300304.0	264479.5	231869.5	202360.5	175916.5	150763.0	128079.5	107956.5	90609.5	76130.5	62690.5	51444.5	43087.0	36135.0	30645.0	26388.0	23095.5	20803.5	18415.5	16402.0	15537.5	14852.0	14428.5	13557.5	12723.5	12148.5	11632.5	11323.0	10950.0	10672.0	10458.5	10372.5	10316.0	10205.5	10097.0	10062.5
MHW239_trimmed_clipped_R2_paired	30609.0	30709.0	30952.5	31268.5	31642.0	32099.0	32905.0	33993.0	35379.5	36477.5	38108.0	39911.0	40804.0	43492.0	46805.0	49442.0	52574.0	59254.0	67453.5	75284.0	85283.0	98461.5	115960.5	138478.0	166443.0	206244.0	253394.5	302012.5	359251.0	425897.5	504782.0	591675.5	681544.5	775445.0	874668.5	1002281.0	1207132.5	1392503.5	1473948.5	1462105.0	1409857.5	1380056.0	1377015.5	1404385.5	1431370.5	1446152.5	1451177.5	1453787.5	1452988.5	1455190.0	1456157.5	1388099.0	1270056.0	1166375.5	1069589.5	978769.5	894199.5	815532.5	741286.0	673409.5	612429.5	556173.0	506541.0	458501.5	411790.0	371373.0	335924.0	303555.0	273536.5	246492.0	220727.0	197932.0	177410.5	159553.0	145276.5	132978.0	122592.5	113680.0	106500.5	99960.0	94695.5	90961.5	87792.5	85156.0	83163.0	81722.0	80281.0	79470.5	78556.5	77645.0	77577.5	77580.0	77050.0	76727.5	77153.0	77276.5	76739.5	76264.0	75812.0	75492.0	75440.0
MHW240_trimmed_clipped_R1_paired	14113.0	14166.5	14295.0	14430.5	14570.5	14762.5	15191.0	15766.5	16466.5	17154.0	18099.5	19172.0	20115.0	22031.5	24508.5	27359.0	30863.5	36764.5	44778.0	53879.5	66446.0	83658.5	105819.0	134969.5	172140.5	220081.5	276288.0	341181.5	419448.0	509867.0	615087.0	730061.5	850502.5	976400.5	1109499.0	1280140.5	1549277.5	1794809.0	1891581.0	1868301.5	1808534.0	1777149.5	1776447.5	1813074.5	1848502.0	1866067.0	1869715.0	1866266.5	1857076.0	1845343.5	1822977.5	1727447.0	1583435.5	1452453.0	1324041.5	1201514.0	1090311.5	987719.0	889365.0	800003.0	717542.0	639950.0	574898.0	512280.0	451296.0	397401.5	349685.0	306915.0	266364.0	230732.0	198776.0	169190.5	141775.5	118810.0	99983.0	82813.0	68365.0	56984.5	48073.5	41077.5	35896.0	31992.0	28929.0	25847.5	23430.5	22379.0	21483.5	20925.5	19769.5	18695.5	17973.0	17285.0	16828.0	16261.5	15874.5	15632.5	15536.0	15475.5	15326.0	15156.5	15106.0
MHW240_trimmed_clipped_R2_paired	42929.0	43015.0	43284.0	43686.5	44177.5	44831.0	46030.5	47662.0	49741.5	51351.5	53669.5	56257.0	57572.5	61449.5	66029.5	69446.5	73926.0	83247.5	94328.5	105051.0	118898.5	137724.0	161434.0	191463.0	229998.5	283669.0	346134.0	411640.5	490418.5	581631.0	688992.0	806640.0	927926.0	1054361.5	1188281.5	1359348.5	1628156.5	1872238.0	1969789.5	1948815.0	1886631.5	1854716.5	1856732.0	1892743.5	1928080.5	1945028.5	1949810.5	1947843.5	1941275.5	1936275.0	1934544.5	1850014.5	1699116.0	1563931.0	1433361.0	1312333.0	1200375.0	1096811.0	999494.0	909821.5	827346.5	750871.0	684030.0	620189.5	558877.0	506000.0	458369.0	415670.5	375912.0	339434.5	306033.5	275515.5	247979.5	225343.5	206753.5	192214.5	180441.0	169054.5	159847.5	151359.0	144759.0	139926.5	135783.0	133674.0	132312.0	130535.0	128690.5	127640.0	127322.0	126967.5	127947.0	128976.5	128912.5	129657.5	131419.0	132304.0	131613.5	131029.0	130445.0	129984.0	129965.0
MHW241_trimmed_clipped_R1_paired	12169.0	12265.5	12421.0	12504.5	12603.5	12794.5	13144.0	13626.0	14260.0	14852.0	15782.0	16884.0	17878.0	19815.0	22158.0	24984.5	28870.0	34938.5	42687.5	52086.0	64429.0	80977.0	103340.0	132639.5	168855.5	216504.0	274166.5	337750.0	412769.0	502151.0	604772.5	716892.0	834221.0	954932.5	1085257.0	1262091.5	1558054.0	1830637.0	1950336.5	1910263.5	1803965.5	1750814.5	1735898.5	1765314.5	1798982.0	1818007.0	1826460.5	1823764.5	1816057.5	1810911.0	1795552.5	1697507.5	1544162.5	1409518.5	1284912.5	1165928.0	1054944.5	955957.5	862432.0	773784.5	691990.0	617751.0	555504.5	494818.5	434364.0	382922.0	338338.0	297059.0	258598.0	224947.5	193345.0	164301.0	138699.0	116989.0	98493.0	81916.5	67698.0	56466.0	47880.5	40671.0	34919.5	30860.0	27664.5	24388.0	21892.5	20759.5	19913.0	19393.5	18205.0	17076.5	16371.5	15747.0	15338.5	14814.0	14383.5	14074.0	13947.0	13895.5	13791.0	13644.5	13589.5
MHW241_trimmed_clipped_R2_paired	42014.0	42135.0	42443.5	42821.5	43212.5	43783.0	45005.5	46628.5	48606.5	50168.0	52450.0	54929.5	56255.5	60077.5	64589.0	68161.0	72609.5	81835.0	92958.0	103257.5	116681.0	135180.5	158797.5	188619.0	226013.0	279239.5	342140.5	407530.5	484853.0	573784.0	678343.0	793466.0	912023.5	1033286.5	1163364.5	1340613.0	1635657.0	1905785.5	2027289.0	1991796.5	1884518.0	1828391.0	1813490.0	1842412.0	1874630.5	1894123.5	1901126.5	1900202.0	1898458.0	1902842.5	1909600.5	1817486.5	1652878.5	1514102.5	1386017.5	1266918.5	1156956.5	1054124.5	957081.5	870561.0	791727.5	718178.5	654535.0	593408.0	534660.0	483276.5	437498.0	396740.0	358738.5	324704.0	292796.0	263137.0	237020.5	214924.5	196500.5	181361.5	168597.0	156908.0	148004.0	139648.0	132553.0	127482.0	123207.5	119957.0	117484.0	115596.0	113674.5	112646.0	111532.0	110372.0	110514.0	110720.0	110360.5	110443.0	111375.5	111808.5	111085.0	110449.5	109868.0	109405.0	109355.5
MHW258_trimmed_clipped_R1_paired	9955.0	10037.0	10155.0	10277.0	10437.5	10647.5	11021.0	11505.0	12124.5	12705.5	13581.0	14521.0	15177.0	16708.0	18660.5	20654.0	23267.5	27714.0	33279.0	39423.0	47583.5	58761.0	73269.5	92367.5	117186.0	150419.0	191321.5	238131.0	295071.0	362112.0	440642.0	530704.5	628079.5	732588.5	852140.0	1018601.0	1292499.0	1547289.0	1647605.5	1637983.5	1594305.5	1573994.5	1581649.0	1623941.5	1675712.5	1713454.5	1736991.0	1748004.5	1752475.0	1754711.0	1745652.0	1661999.5	1525445.5	1400583.5	1281315.5	1165907.0	1058061.5	960890.5	868517.5	782667.5	703656.5	628948.5	563930.5	503309.5	443763.0	391503.0	345827.5	303581.0	265045.5	231455.5	200031.5	170537.5	143707.0	121435.5	103183.5	86856.0	72732.5	61213.5	52182.5	44660.0	38313.5	33277.0	29382.0	25336.5	21969.0	20301.0	19084.0	18196.0	16727.5	15469.0	14693.0	14014.0	13577.5	13056.5	12703.5	12449.0	12352.5	12315.0	12227.0	12110.0	12066.0
MHW258_trimmed_clipped_R2_paired	33125.0	33247.0	33624.5	34135.0	34659.5	35314.0	36440.0	37797.5	39473.0	40769.5	42590.0	44602.0	45576.5	48609.5	52175.0	54712.0	57587.0	64500.5	72649.0	79880.5	88973.0	100862.5	116537.5	136539.0	162012.5	200360.5	246759.5	294098.5	350946.5	418576.0	499116.0	590103.5	688654.5	795699.0	915010.0	1079778.5	1354401.0	1607878.5	1706406.0	1700446.0	1657008.5	1635464.0	1643743.0	1685616.0	1738007.5	1774311.5	1796961.0	1810123.5	1818891.5	1829693.0	1832630.0	1752306.5	1610004.5	1480533.5	1359668.0	1243105.5	1133752.0	1035736.0	942455.5	856313.0	778222.5	703907.0	639051.5	578486.0	518457.5	466314.0	420522.0	378567.0	339455.0	304937.5	273312.5	243959.5	217050.5	195035.5	177058.0	161018.0	147330.5	135609.5	126363.5	117551.5	110146.0	104439.0	99578.5	95169.0	91531.5	89308.0	87347.5	86218.5	84678.0	83147.0	82692.0	82315.5	81630.0	81193.5	81529.5	81521.5	80877.0	80369.0	79892.0	79563.0	79547.0
MHW260_trimmed_clipped_R1_paired	10603.0	10735.0	10987.5	11178.0	11301.5	11497.5	11914.5	12468.0	13231.0	14045.0	15082.0	16201.0	17178.0	19176.5	21793.5	24726.5	28520.0	34637.5	42382.0	51273.5	63238.0	79354.0	100355.0	127668.5	161108.5	204413.5	256516.0	314115.0	381177.0	459116.0	549931.0	649081.0	753164.0	862757.0	985848.0	1162879.5	1467027.0	1747848.0	1846449.5	1792239.5	1703259.5	1667368.5	1672124.0	1718035.5	1769354.5	1807776.5	1832812.0	1851800.5	1865643.0	1875184.0	1873304.0	1786030.0	1636664.5	1502569.0	1375680.0	1257902.5	1148052.5	1043137.0	942895.0	851451.5	767549.0	687346.5	618529.0	553725.5	488872.5	432584.0	382046.5	334863.0	292411.0	255441.0	221699.5	189685.0	159631.5	134628.5	113691.0	94651.5	78357.5	65170.5	54845.0	46340.5	39571.5	34313.0	30301.0	26347.5	22998.5	21382.5	20190.5	19366.0	18082.0	16953.0	16246.5	15589.0	15161.0	14676.5	14318.0	14062.0	13957.5	13912.5	13739.0	13504.5	13422.5
MHW260_trimmed_clipped_R2_paired	36252.0	36381.0	36717.5	37164.5	37709.5	38434.5	39618.0	41077.5	42929.0	44542.0	46827.5	49272.5	50640.0	54382.0	58738.5	62161.5	66578.5	75611.0	86513.5	96738.0	109617.0	127157.5	149768.5	177783.0	211988.0	261751.5	318654.5	375984.5	445050.5	524438.5	616762.0	718200.5	824802.0	936273.5	1058792.0	1235735.0	1538570.0	1816349.5	1915135.5	1863570.5	1776406.5	1740315.0	1743803.5	1789200.0	1841076.0	1877855.0	1900894.5	1919415.0	1937639.5	1960117.5	1979170.0	1895981.5	1736135.5	1598599.0	1468232.5	1347063.0	1235423.0	1132179.0	1032669.5	940877.5	857482.0	777847.5	709218.5	642762.0	578290.5	522114.0	472159.0	426702.0	383627.0	345347.0	310846.0	278832.0	249007.0	223850.0	202958.0	185434.5	170674.5	157379.5	147030.5	137477.5	129330.5	123273.5	118221.0	113906.0	110463.0	108242.0	106122.0	104885.0	103586.5	102262.5	102087.0	102050.5	101517.0	101482.5	102271.5	102454.0	101713.5	101109.5	100524.5	100042.5	99972.0
MHW263_trimmed_clipped_R1_paired	11192.0	11386.0	11703.0	11902.5	12046.5	12197.0	12468.0	12852.0	13306.5	13689.5	14414.0	15230.5	15767.5	17033.0	18592.0	20214.0	22369.0	26158.5	31083.0	36707.5	44217.5	54388.0	68219.5	86482.5	110144.5	142867.5	182828.5	227692.5	283173.0	349395.5	427370.0	516441.5	613712.5	718482.5	834574.0	997494.5	1268723.5	1527184.5	1631976.5	1610542.5	1549950.5	1525861.0	1539954.0	1587995.0	1644354.5	1683269.0	1708102.5	1727224.0	1740809.0	1753558.0	1752631.5	1662026.5	1517041.5	1391620.5	1270487.5	1155688.0	1048659.0	950711.0	858963.5	772684.5	693925.0	622642.5	559603.0	498002.5	439273.0	387789.5	341066.5	298734.5	260447.5	226300.0	194791.5	165731.0	139006.0	116554.0	97697.5	81004.5	66785.5	55098.5	46125.5	38863.0	33053.5	28663.5	25334.0	22140.5	19658.0	18535.0	17725.0	17181.5	16093.5	15061.0	14444.5	13872.0	13504.0	13069.5	12733.5	12484.5	12366.5	12327.0	12249.0	12147.0	12114.5
MHW263_trimmed_clipped_R2_paired	34676.0	34869.0	35311.5	35833.5	36351.0	36913.5	37905.0	39173.5	40705.0	41917.0	43806.0	45742.0	46585.5	49650.0	53108.0	55372.5	57926.5	64731.0	72867.0	79530.0	87884.5	99339.0	114203.0	133050.5	157496.0	195120.0	240045.0	285918.5	342758.0	409531.5	489199.5	580355.0	678562.5	784542.0	900595.0	1064874.0	1338346.5	1594450.0	1700159.5	1680157.0	1616400.0	1590054.5	1605068.0	1654316.0	1708323.5	1745661.0	1771971.0	1792240.0	1806759.5	1826770.0	1841999.5	1757574.5	1604570.0	1474234.0	1351753.5	1235242.5	1126929.0	1028502.5	935036.5	848115.0	770940.0	698699.5	635423.5	575143.0	517083.0	465158.0	417457.0	376225.5	338261.0	303745.5	271501.0	242118.5	215909.5	193534.5	174786.0	158903.0	145757.0	134189.5	125055.5	116693.5	109786.0	104821.5	100597.0	97155.5	94572.0	92824.0	91119.0	90223.5	89188.5	88068.0	88046.5	88085.5	87529.0	87267.0	87848.5	88056.5	87469.5	86964.5	86512.0	86220.0	86219.0
MHW265_trimmed_clipped_R1_paired	9373.0	9493.0	9698.0	9822.0	9912.5	10102.5	10466.5	10952.5	11533.5	12028.0	12779.0	13729.5	14440.5	15856.5	17950.0	20211.5	23275.0	28231.5	34492.5	41928.5	51516.0	64186.0	80670.0	101827.5	128954.0	164836.5	207117.5	254439.0	309635.0	373903.0	448462.5	531233.0	619066.5	713095.5	825759.5	1011637.5	1385824.0	1726763.5	1801424.5	1698778.0	1561795.5	1487263.5	1466352.5	1499899.0	1552340.5	1596075.0	1630626.5	1659430.5	1687214.0	1713788.0	1729326.5	1651756.0	1508885.5	1388409.0	1272488.5	1159555.0	1054873.5	958425.5	867631.0	784835.5	708360.0	636364.0	576201.0	516933.5	455846.0	403012.0	357071.5	314360.5	274828.0	239626.0	206963.0	176633.0	148898.5	125778.5	106254.5	88376.0	73120.0	60819.0	50973.0	42785.5	36057.5	30933.0	27043.5	23375.0	20456.5	18849.0	17637.0	16842.0	15639.0	14588.0	13913.5	13280.5	12878.5	12435.5	12108.0	11848.5	11725.5	11666.5	11558.5	11410.5	11352.5
MHW265_trimmed_clipped_R2_paired	31739.0	31889.0	32232.5	32649.5	33065.0	33591.5	34629.5	35975.5	37492.0	38747.0	40631.5	42567.0	43539.5	46525.0	50193.5	53021.0	56394.0	63824.0	72840.5	81421.5	92073.0	105687.0	123362.5	145320.5	172768.5	212953.5	260060.0	307946.5	364109.0	428791.0	505077.5	588673.0	676584.0	773341.5	887352.5	1073304.0	1448160.0	1786302.0	1862135.5	1763536.0	1626168.5	1553731.5	1532454.0	1562182.5	1615442.0	1660702.5	1695450.0	1725829.0	1753627.0	1787707.5	1819116.5	1743578.5	1593729.0	1470023.5	1351116.0	1236457.0	1130856.5	1034862.0	944029.0	859766.0	782781.0	709988.0	649021.5	589221.5	528349.5	476536.0	430118.5	387894.0	349181.0	312651.5	278381.0	247727.0	220257.5	197335.0	177631.0	159825.0	144997.0	132621.0	122541.0	113315.5	105634.5	99839.0	95049.5	90496.5	86709.0	84546.5	82591.5	81441.5	79852.0	78318.0	77812.0	77362.0	76734.5	76310.5	76470.5	76345.0	75749.5	75272.0	74804.5	74477.0	74468.0
MHW267_trimmed_clipped_R1_paired	10403.0	10519.5	10719.5	10830.0	10918.0	11081.0	11413.5	11862.0	12413.5	12934.5	13656.5	14465.5	15166.0	16669.0	18701.5	20988.5	23913.0	28700.5	35104.0	42642.0	52988.5	66872.5	84647.5	108323.0	138086.5	177753.0	225182.0	278329.5	341326.5	414927.0	500494.0	592492.0	689574.5	793087.5	907378.0	1060844.0	1315259.0	1554387.0	1650574.0	1616643.0	1546689.5	1518410.5	1520465.0	1558043.5	1598492.0	1624434.5	1639060.0	1646481.5	1647971.0	1647570.0	1638646.0	1558698.0	1427405.5	1308751.0	1196433.5	1089889.5	990338.0	898208.5	808668.0	726689.0	653483.0	584687.0	523449.0	465056.0	409875.5	360536.0	316509.5	278154.5	242967.5	210771.5	181360.0	154583.5	130088.5	109728.0	92720.0	77554.5	64392.5	53649.5	45452.5	38709.0	33271.5	28952.5	25526.0	22215.5	19534.5	18186.5	17241.5	16633.0	15494.0	14472.0	13901.0	13378.5	13010.5	12554.0	12167.5	11895.0	11805.0	11777.5	11680.5	11530.5	11474.0
MHW267_trimmed_clipped_R2_paired	33654.0	33766.5	34059.5	34449.5	34911.0	35501.5	36514.0	37776.0	39306.0	40554.5	42543.5	44707.5	45702.0	48730.5	52480.5	55370.0	58851.0	66377.5	75407.0	83823.0	95127.0	110174.0	129287.0	154054.0	184277.0	227962.0	280527.0	334239.0	397418.5	472275.5	559197.5	653960.0	753685.5	857398.0	970240.5	1124036.0	1379805.5	1617334.5	1713073.0	1680600.0	1609698.0	1584002.5	1589682.0	1628158.0	1667525.5	1691717.0	1704904.0	1712332.0	1716413.0	1722300.0	1726336.5	1651223.0	1514567.5	1393672.5	1281765.0	1173286.0	1071473.0	978864.0	889713.0	807259.5	734116.5	666092.0	605487.0	546953.0	490989.0	442285.0	398854.0	360160.5	324137.0	291987.0	261904.5	234186.0	209718.5	189059.5	172354.5	157809.0	145443.0	134968.5	126478.0	118324.5	111619.5	106652.5	102339.0	98986.0	96302.5	94288.0	92432.5	91327.0	90292.5	89301.5	89446.5	89659.0	89192.5	89074.0	89887.0	90235.0	89555.5	88979.0	88472.0	88139.5	88124.5
MHW268_trimmed_clipped_R1_paired	11587.0	11666.0	11863.5	12072.5	12192.0	12378.5	12802.5	13373.0	14122.5	14759.5	15670.5	16706.5	17407.5	19079.5	21331.5	23657.5	26644.5	31714.5	38208.0	45658.0	55828.5	69309.5	86992.0	110674.0	141287.5	183163.0	234470.0	292280.0	362225.0	446145.0	544254.0	654526.0	772796.0	900771.0	1045886.5	1233261.5	1528463.0	1814807.5	1944598.0	1945173.5	1904553.5	1884206.0	1896075.0	1954725.5	2016056.5	2047827.0	2063419.5	2074675.0	2079862.5	2075944.5	2059704.0	1965316.5	1809780.0	1661425.0	1517653.5	1384739.0	1258952.0	1139812.0	1027637.5	925198.5	830764.0	741418.0	664422.5	592216.5	521949.0	460803.0	406725.5	356618.5	310003.0	269330.5	231504.0	196433.0	165182.0	139124.5	117609.5	98031.5	81052.0	67646.0	57154.0	48305.0	41125.0	35600.0	31522.0	27457.0	24028.5	22397.0	21156.5	20327.0	19007.0	17791.5	17045.5	16341.0	15853.0	15292.5	14897.5	14614.5	14486.0	14436.0	14310.0	14161.0	14124.0
MHW268_trimmed_clipped_R2_paired	38151.0	38284.0	38669.5	39192.0	39731.0	40417.0	41617.0	43109.0	44999.5	46496.5	48637.0	51021.0	52179.5	55750.5	59917.5	62937.5	66589.5	74835.0	84455.0	92968.5	104174.5	119278.5	139076.5	163347.0	194813.0	242185.0	298614.0	357948.5	429397.5	513565.0	613861.5	726415.5	846458.5	976017.5	1119836.0	1309188.5	1604991.0	1890540.0	2021584.5	2024411.0	1982603.0	1960645.5	1973969.0	2032420.5	2093222.0	2125687.0	2142338.5	2154766.5	2159788.0	2163955.5	2169231.0	2080332.0	1914774.5	1762802.0	1618349.0	1482696.0	1356988.0	1239241.0	1126896.5	1025647.0	931079.5	840807.0	763210.0	690442.5	621024.5	559148.0	503459.5	453880.5	408023.5	366438.5	327853.0	292836.0	261562.5	235155.5	213293.0	195769.0	181314.5	167735.5	156467.5	146146.5	137816.0	131573.0	126216.5	122337.5	119403.0	117106.0	114982.0	113751.0	112836.0	111938.0	112348.0	112857.5	112434.0	112587.5	113659.5	114051.5	113345.5	112755.0	112264.0	111938.0	111930.5
MHW269_trimmed_clipped_R1_paired	9459.0	9574.5	9737.5	9849.0	9960.0	10111.5	10452.0	10882.5	11420.0	11960.0	12838.0	13737.5	14341.5	15958.5	17954.5	19887.5	22635.0	27100.5	32911.5	39702.0	49094.5	61599.0	77320.5	98241.0	124766.0	160126.5	202913.0	251240.5	307883.5	374086.0	452259.5	538288.0	627859.0	723519.5	831363.5	975570.5	1210524.0	1432743.5	1529802.5	1513470.0	1463157.0	1448689.5	1460143.5	1502721.5	1549768.0	1584819.5	1608231.0	1622698.0	1632781.0	1637662.5	1633519.0	1558043.5	1430030.5	1314608.5	1204818.0	1100783.5	1003768.0	913475.0	824272.0	742377.0	668077.5	597640.0	537132.5	479911.5	423194.5	373321.5	329032.5	289422.0	252506.5	219272.0	189026.0	160825.5	135386.5	114499.0	97256.0	81570.0	68140.5	57351.5	48972.5	41680.5	35828.5	31325.0	27654.0	23972.0	20874.5	19354.5	18226.5	17523.5	16303.5	15150.5	14373.5	13666.5	13245.5	12752.0	12383.0	12128.5	12007.0	11948.5	11854.5	11728.0	11688.5
MHW269_trimmed_clipped_R2_paired	29002.0	29144.5	29450.0	29814.5	30191.0	30673.5	31565.0	32665.5	34029.5	35178.5	36906.5	38706.0	39593.0	42396.0	45666.0	48169.5	51318.0	57961.0	66119.0	73934.0	83887.0	97367.0	114151.5	135324.5	162754.5	202333.0	249233.0	297178.0	354468.5	422005.0	500104.0	586515.0	677885.5	775284.0	883355.0	1028411.0	1263468.5	1483962.0	1580198.5	1567099.5	1518881.0	1503460.0	1515241.5	1557537.5	1604029.0	1637145.0	1661122.5	1678062.0	1688233.0	1700131.0	1708736.5	1636326.0	1505153.0	1388831.5	1276121.0	1170516.5	1072740.0	980479.0	891461.0	809959.5	735431.0	665567.5	604762.0	546330.0	490161.0	440551.0	395891.0	355814.5	318731.5	285305.0	254879.5	226502.0	200904.5	180119.5	162491.0	147038.5	134232.0	123262.5	114110.0	105945.5	99168.0	93966.0	89613.5	85706.0	82545.0	80526.5	78695.5	77604.5	76398.0	75244.0	75103.0	74998.0	74514.0	74311.0	74697.0	74740.0	74136.0	73606.0	73128.0	72804.5	72754.5
MHW270_trimmed_clipped_R1_paired	10178.0	10381.0	10703.0	10887.0	11007.0	11113.5	11366.5	11742.5	12213.0	12609.0	13210.0	13984.0	14520.5	15693.5	17218.0	18786.5	20677.5	24113.5	28476.0	33245.5	39375.5	47785.0	59347.5	74470.0	94029.5	121407.0	154975.0	193277.0	240526.0	297319.5	364542.5	441888.0	526333.0	617977.5	725684.0	893035.0	1193559.5	1478614.0	1580194.0	1532120.0	1445161.5	1408327.5	1418822.0	1470666.0	1534975.5	1585607.5	1622018.0	1654217.0	1679498.0	1704317.0	1718703.0	1640153.0	1499683.5	1377905.0	1265172.5	1157902.5	1053562.0	956317.5	864821.0	779207.5	701983.5	630141.5	567198.0	507235.0	449585.0	398275.0	352336.5	309752.5	269974.5	235588.0	203488.5	173595.5	146184.0	122997.5	103689.5	86391.0	71482.0	59164.0	49631.5	41928.5	35557.0	30655.0	26739.5	22895.0	19962.0	18511.0	17360.5	16652.0	15473.0	14353.5	13717.0	13131.0	12755.5	12307.5	11965.5	11726.5	11599.0	11526.0	11424.5	11299.5	11243.0
MHW270_trimmed_clipped_R2_paired	32216.0	32402.5	32859.5	33454.5	34049.5	34546.5	35347.0	36493.0	37968.0	39059.0	40681.0	42457.5	43272.0	45884.5	48954.5	51100.5	53455.0	59312.5	66196.5	71936.5	79098.5	88510.5	100959.0	116765.0	136741.0	169042.5	207622.5	246074.5	294377.5	351841.5	420739.0	499314.5	584438.5	678000.5	786476.0	955524.5	1256618.0	1540716.0	1641319.5	1593426.0	1506801.0	1470008.5	1481605.0	1530587.0	1592808.0	1642762.5	1680822.5	1714916.0	1742080.0	1776945.0	1806830.0	1727758.5	1577837.5	1453972.0	1338765.0	1228854.0	1121944.5	1024851.0	933463.5	847476.0	771338.0	700902.0	638473.0	577819.0	519606.5	468227.5	422044.0	379827.0	340300.0	305446.5	272675.5	242785.5	215703.5	192557.0	173317.5	156792.5	142574.5	130460.5	120870.0	111761.5	104330.5	98652.0	93880.0	89836.0	86526.5	84547.5	82750.5	81738.0	80422.0	79115.0	78778.0	78481.0	77757.5	77226.0	77494.0	77522.5	76938.0	76410.0	75948.0	75621.0	75568.0
MHW271_trimmed_clipped_R1_paired	8195.0	8324.5	8561.5	8759.0	8914.0	9061.0	9354.5	9734.5	10124.0	10437.0	11051.0	11752.0	12209.0	13316.5	14729.5	16013.5	17719.0	20832.0	24687.0	29082.0	35287.5	43697.5	54533.0	69729.5	89594.5	116311.5	150030.5	189126.5	236531.5	293972.0	361428.0	437046.5	520542.5	609489.5	708560.0	845425.5	1070704.5	1282621.0	1364825.5	1350672.0	1307415.0	1290463.0	1301765.5	1341142.0	1384720.5	1412721.5	1431469.5	1443478.5	1450765.5	1455331.5	1450348.0	1375455.5	1254517.5	1149160.5	1049111.0	954073.0	865009.0	784111.5	707476.5	635094.5	569407.0	509272.5	457096.5	408277.0	360429.5	317758.0	279837.5	245370.0	213926.5	186364.0	160723.5	136637.0	114825.5	96277.0	80807.0	67138.0	55531.5	46039.0	38503.5	32350.5	27351.5	23583.5	20732.0	17882.0	15688.0	14659.0	13873.0	13336.5	12394.5	11550.0	10991.5	10463.5	10201.0	9890.0	9594.5	9361.0	9249.0	9191.5	9123.0	9038.0	9016.0
MHW271_trimmed_clipped_R2_paired	27557.0	27730.0	28104.0	28529.5	28993.0	29512.0	30382.0	31464.5	32703.5	33581.5	34982.0	36535.0	37217.5	39541.5	42266.0	44217.5	46411.0	51641.5	57834.5	63098.5	69751.0	78878.5	90957.0	106506.0	126977.5	158728.5	196980.0	235708.0	283597.0	341637.5	411070.0	489847.5	573858.5	662697.5	761500.5	900025.5	1125784.0	1336520.5	1417245.0	1403424.5	1362419.0	1344985.0	1356300.0	1392151.5	1433658.5	1461918.0	1481621.0	1495143.5	1503938.5	1518319.0	1523722.0	1449195.0	1322685.0	1213157.0	1111296.0	1014870.0	924539.5	842723.0	764946.5	693620.5	630475.0	569772.5	515109.0	466260.0	419544.5	376892.5	338793.5	304585.0	273852.5	245828.5	219797.0	196042.5	173805.0	155058.5	139835.0	126314.0	114747.0	105248.5	97445.5	90211.5	84378.0	80061.5	76478.5	73160.0	70435.0	68811.5	67328.0	66519.5	65396.0	64262.0	63852.0	63501.0	62897.5	62417.5	62562.5	62544.5	62082.0	61705.0	61389.0	61149.0	61105.5
MHW272_trimmed_clipped_R1_paired	10491.0	10625.5	10860.0	11001.0	11096.0	11289.0	11637.0	12030.5	12490.5	12955.5	13623.0	14281.5	14810.0	16110.0	17824.5	19547.0	21704.5	25469.5	30245.0	35746.5	43135.0	53199.5	66581.5	84274.0	107043.0	138342.5	176697.0	220581.0	273420.0	335351.5	408603.5	491053.0	580404.5	676992.0	786644.5	938426.5	1191367.0	1433785.0	1533174.5	1519342.5	1467012.5	1443434.5	1455256.0	1499502.0	1551440.0	1588374.0	1614766.5	1635055.5	1650173.0	1666646.0	1672218.5	1591625.0	1453001.5	1331607.0	1217102.0	1108651.0	1006746.0	913315.0	825527.0	742389.5	666658.0	597464.0	537118.0	479907.5	423484.5	373446.5	328411.0	287244.5	249844.5	217274.0	187348.0	158592.5	132524.0	110724.0	91943.5	75225.5	61128.0	50181.5	41880.5	35143.5	30069.0	26424.5	23658.5	20849.5	18704.0	17859.0	17132.5	16664.5	15687.0	14755.5	14143.5	13552.5	13192.5	12758.5	12448.5	12248.5	12164.0	12133.0	12070.0	11987.0	11954.5
MHW272_trimmed_clipped_R2_paired	29528.0	29673.5	30025.0	30466.0	30927.0	31513.5	32520.5	33679.5	35069.0	36193.5	37777.5	39487.5	40312.5	42942.0	46069.0	48337.0	50938.0	57072.5	64502.5	70837.5	78868.5	89615.5	103761.0	122129.5	145787.0	181851.5	224684.0	268225.0	321613.5	384341.5	458503.0	542857.5	633269.0	730593.5	840270.0	993454.5	1246421.5	1487944.0	1589255.0	1576616.5	1524210.5	1498732.0	1509431.5	1554929.5	1605594.0	1640864.0	1667591.5	1691065.5	1709174.0	1732755.5	1751063.0	1671214.5	1527134.5	1402446.0	1285596.5	1175688.0	1071724.0	977743.0	890082.5	807273.0	731866.0	663106.0	602911.0	544174.5	487348.0	437972.5	392967.0	353036.0	315608.5	282055.5	251310.0	222144.5	195992.5	173863.0	155407.5	139281.5	125874.0	114953.0	105867.0	97851.0	91749.5	87262.0	83516.0	80345.0	77876.5	76375.0	74886.5	74117.5	72898.0	71633.0	71216.0	70840.0	70115.0	69501.0	69644.0	69591.5	69039.5	68570.0	68190.5	67924.5	67894.0
MHW273_trimmed_clipped_R1_paired	11791.0	11871.0	12018.0	12151.5	12268.0	12429.5	12804.5	13267.5	13827.0	14385.5	15141.5	16042.0	16769.0	18413.5	20595.5	22778.5	25645.5	30545.0	36878.0	44530.0	55201.5	69454.5	88204.5	113274.0	146072.0	190070.5	242010.5	301423.0	373311.0	458535.0	559510.0	669569.0	785812.5	908787.0	1040842.5	1210597.5	1473395.0	1728629.0	1842134.0	1821595.0	1761434.5	1735383.5	1740067.0	1778517.5	1820093.5	1840698.0	1845709.0	1841677.0	1834141.0	1825536.5	1804655.0	1712476.0	1568851.5	1436335.0	1310651.0	1191268.0	1082740.5	981945.0	883407.5	794326.0	713051.0	637640.0	570747.0	507346.5	448253.0	394543.5	345493.0	302350.0	263780.0	229163.0	197873.5	168804.5	141462.0	119115.0	100009.5	82749.5	68785.0	57572.5	48479.0	40934.5	35064.0	30631.0	27163.5	23744.5	21092.5	19861.5	18875.5	18293.0	17172.5	16130.0	15515.5	14945.5	14574.5	14095.5	13751.5	13528.5	13432.5	13371.5	13256.5	13154.5	13129.0
MHW273_trimmed_clipped_R2_paired	40455.0	40571.0	40908.5	41395.0	41916.5	42599.5	43862.5	45435.5	47352.5	48840.5	51057.0	53428.0	54545.0	58219.5	62472.5	65331.0	68852.5	77339.5	87165.5	96259.0	108410.5	124087.0	144557.0	170933.5	204386.0	254487.0	313932.0	374425.0	448144.5	535318.5	637172.5	749606.0	867581.0	991723.5	1124644.5	1296833.5	1562708.0	1816286.5	1927013.0	1909344.0	1851355.5	1822900.5	1826125.5	1861611.5	1900696.0	1920117.0	1925060.5	1923995.0	1918725.0	1916053.5	1911684.0	1824033.5	1674666.5	1540925.0	1411211.5	1289549.5	1180553.0	1080267.5	983051.0	893192.5	812262.5	736598.0	669378.0	608288.5	548211.0	493957.5	445683.0	403868.0	366302.5	331436.0	299695.5	270336.5	242852.5	219896.5	201304.0	186560.5	174448.5	162878.0	153293.0	144274.0	137079.5	131918.5	127463.0	124473.0	122361.0	120396.5	118457.0	117327.5	116629.5	115966.5	116613.5	117318.5	117198.0	117686.5	119076.5	119723.0	118993.0	118455.0	118022.0	117708.0	117728.0
MHW274_trimmed_clipped_R1_paired	10645.0	10701.0	10790.5	10861.0	10963.5	11121.5	11470.5	11984.5	12567.0	13087.5	13883.5	14740.5	15396.5	16801.0	18553.0	20537.0	23373.0	27963.5	34079.0	41139.0	50669.0	64141.5	81910.5	105380.5	135345.0	176150.5	225815.5	282385.0	350923.5	432372.0	528678.5	635131.0	748255.5	870264.0	1001949.0	1170822.5	1438957.0	1698491.0	1817035.0	1800456.0	1738330.5	1715099.0	1724528.5	1763395.5	1808458.0	1835508.0	1848379.5	1855164.5	1853747.5	1849086.5	1831017.0	1741963.5	1604039.5	1475797.0	1350037.5	1230713.0	1121025.5	1018373.0	919720.0	827272.5	741666.5	663224.5	594245.5	528527.5	466121.5	410075.5	359009.5	313824.0	273553.0	237164.5	204799.0	173812.0	144717.5	121294.5	101327.5	83359.5	68587.5	56850.5	47398.0	39902.5	33998.0	29241.0	25651.0	22314.0	19772.5	18601.0	17646.5	16979.0	15879.5	14919.5	14285.5	13695.5	13345.5	12914.0	12587.5	12330.5	12195.5	12136.5	12034.0	11897.5	11840.5
MHW274_trimmed_clipped_R2_paired	38142.0	38263.0	38565.5	38980.5	39450.0	40051.5	41215.5	42657.5	44330.0	45642.5	47583.0	49727.0	50780.0	54128.0	58016.5	60813.0	64250.0	72131.5	81498.0	89697.5	100458.5	114976.0	134244.5	158951.0	190232.0	236674.0	291944.0	349476.5	418904.5	501403.0	598482.0	706876.0	823392.5	945223.0	1078209.0	1250331.0	1519177.5	1777804.0	1895325.0	1879424.5	1819341.0	1797633.0	1805802.0	1844672.0	1890002.0	1916902.0	1929407.0	1935094.0	1934855.5	1938411.5	1935604.0	1851307.0	1706579.0	1574136.5	1446745.5	1325145.0	1213882.5	1110771.5	1011587.5	918674.5	834409.5	756281.0	686195.0	621257.0	559457.5	503882.0	452566.5	407862.0	367568.5	330313.5	296378.0	265024.5	236306.0	211795.5	191841.0	174882.0	160856.0	148772.5	138865.5	129575.0	122099.0	116728.0	112217.5	108655.0	105873.0	103925.0	102045.5	101054.5	99634.0	98152.0	98084.5	98177.0	97527.5	97146.0	97765.0	97953.0	97237.0	96649.0	96211.5	95920.0	95876.5
MHW275_trimmed_clipped_R1_paired	10909.0	11061.5	11345.0	11506.0	11610.5	11794.5	12107.0	12562.5	13174.5	13712.5	14455.0	15290.5	15899.5	17255.5	19065.5	21114.0	23762.5	28151.5	33600.5	39913.5	48794.0	60736.5	76220.5	96563.5	122635.5	158557.0	202040.5	251054.0	310059.5	379410.0	461239.0	553148.0	652834.5	760947.5	884799.5	1059729.0	1357231.5	1637678.5	1741440.5	1712235.5	1643033.0	1608241.5	1611665.0	1654424.5	1703605.5	1735477.5	1755398.5	1766879.5	1774393.5	1776237.5	1764097.0	1681453.0	1549107.0	1424975.0	1306739.0	1195431.0	1087501.0	986322.5	890277.0	801557.0	720849.0	644749.0	578530.0	515893.5	454326.5	400484.5	352734.0	308847.5	269034.5	234403.0	201669.5	171636.0	144216.5	121142.0	101962.0	84173.0	69227.0	57706.0	48446.5	40729.0	34805.0	30244.5	26544.5	22888.0	20027.5	18684.5	17675.0	17028.0	15976.5	15024.5	14393.5	13806.5	13445.5	13006.5	12672.5	12454.5	12368.0	12327.0	12214.5	12085.0	12050.5
MHW275_trimmed_clipped_R2_paired	37382.0	37556.0	37985.0	38466.0	39016.5	39731.0	40935.5	42423.5	44193.5	45637.5	47746.0	49971.5	50988.0	54310.5	58230.5	61041.0	64315.0	71807.5	80881.5	88819.5	98490.5	111826.0	128762.0	149954.0	177428.0	219126.5	269151.5	318837.5	378794.0	450350.0	534922.0	628850.5	729674.5	839352.5	964650.0	1138777.5	1434309.5	1714383.5	1818141.0	1790623.5	1725789.5	1692300.5	1692928.5	1732147.5	1781121.5	1812697.0	1832187.0	1845053.5	1851925.5	1859932.5	1862929.0	1785394.0	1646610.0	1518855.5	1396857.0	1282116.5	1173108.0	1074207.5	979924.0	890116.0	809011.5	733830.0	667941.5	605172.0	544032.0	490924.5	443675.0	400796.5	360820.5	324488.5	291854.0	261257.0	233323.0	210360.5	191357.5	175432.5	161928.0	149893.0	140312.5	131430.0	124005.5	118382.0	113732.0	110053.5	107082.5	105023.0	103155.5	102089.0	100991.5	99860.5	99875.5	99998.0	99525.5	99452.0	100228.5	100519.0	99898.5	99396.5	98941.0	98618.5	98598.0
MHW276_trimmed_clipped_R1_paired	9480.0	9637.5	9916.0	10078.0	10158.0	10345.5	10755.0	11251.0	11868.5	12551.0	13442.0	14378.5	15300.0	17078.5	19376.5	22103.0	25703.5	31078.0	37948.0	46507.0	57921.0	72795.5	91805.0	116191.5	147393.5	187152.0	234351.5	287934.0	350593.0	423162.0	507517.5	600455.5	697791.5	802013.0	919351.5	1088374.0	1401299.0	1692674.0	1791114.0	1724224.0	1607961.5	1552910.0	1539513.5	1571259.0	1616585.0	1653133.5	1678248.0	1697390.0	1710785.5	1721815.0	1726526.0	1644381.5	1501132.5	1377795.5	1262301.5	1151542.0	1046881.5	949359.0	858849.0	775533.0	698112.0	626182.5	564001.0	504246.5	444783.0	391914.0	346277.0	304806.5	266118.5	232031.5	200211.0	170388.0	143477.0	121053.5	102379.5	85695.5	70969.5	58917.5	49550.0	41767.0	35654.0	30794.5	27022.5	23486.0	20535.5	18964.5	17794.0	16992.5	15702.5	14564.5	13845.0	13196.5	12789.0	12312.0	12004.0	11803.0	11700.5	11668.0	11557.0	11394.0	11326.5
MHW276_trimmed_clipped_R2_paired	33877.0	34034.5	34425.5	34879.5	35362.5	35962.0	37048.5	38448.0	40085.5	41528.0	43476.0	45522.5	46716.0	50164.0	54269.0	57519.0	61628.5	69706.5	79450.5	89008.5	101033.0	116949.0	136906.0	162250.5	194216.5	239535.5	292392.5	346690.5	410688.0	484255.0	570090.0	664491.0	762917.5	867183.0	985031.5	1155849.5	1467035.5	1758561.0	1859588.5	1795456.5	1679787.0	1621877.0	1609437.0	1640655.5	1683886.0	1720859.0	1746681.0	1763701.0	1780456.0	1802225.5	1818567.5	1737614.0	1588472.5	1461302.0	1342778.0	1230344.0	1124493.5	1027334.0	936534.0	852261.5	774331.0	702032.0	640348.0	581296.0	521418.5	468490.0	422812.5	382130.5	343837.5	309455.5	276496.0	245806.5	219228.5	196668.0	177595.5	160959.5	146273.0	133712.5	123791.5	114945.0	107612.5	101928.5	97193.5	92835.5	89304.0	87308.0	85485.0	84429.0	82677.5	80959.5	80562.5	80198.0	79415.5	78792.0	78989.5	78971.5	78330.5	77762.0	77250.0	76894.5	76851.5
MHW277_trimmed_clipped_R1_paired	11023.0	11135.0	11282.0	11337.0	11377.5	11473.0	11749.5	12177.5	12784.5	13335.0	14200.5	15167.0	15782.5	17460.5	19633.0	21705.0	24363.5	29287.0	35757.5	42869.5	52681.0	66493.0	84848.5	109353.0	140778.5	181931.0	232757.5	290992.0	359847.5	442102.5	538712.5	645415.0	758618.5	879116.5	1007960.5	1175191.5	1440197.5	1694274.0	1812075.5	1795288.0	1731106.5	1702438.0	1704327.5	1740548.0	1780901.0	1800816.0	1807102.5	1807324.0	1802084.5	1792993.0	1773356.5	1688824.0	1554602.0	1424389.5	1299953.0	1184730.0	1077604.5	977301.0	880924.5	794282.0	714708.5	638939.0	572519.0	510234.0	449928.0	396651.5	348634.0	305230.0	266680.5	232207.0	200056.0	170741.5	144079.0	121381.5	102549.0	85645.5	70929.5	59549.5	50831.5	43288.5	36992.0	32297.0	28755.0	25006.0	21970.0	20588.5	19558.0	18857.5	17500.0	16268.5	15481.5	14768.5	14386.0	13909.5	13560.0	13285.5	13160.5	13111.5	13039.5	12955.0	12929.5
MHW277_trimmed_clipped_R2_paired	35632.0	35715.5	35975.0	36355.5	36818.0	37388.5	38380.0	39738.5	41443.0	42726.0	44636.0	46608.5	47485.5	50714.0	54525.0	57426.5	60908.5	68523.0	77627.0	86116.5	96913.5	111775.0	131732.0	156972.5	189163.5	236206.0	292102.0	351356.5	422140.0	505653.5	602870.0	710716.5	826313.0	948305.0	1079222.5	1247659.5	1512686.0	1767129.5	1883350.5	1867202.5	1804354.0	1776931.0	1778872.0	1812017.5	1851489.5	1871121.0	1875848.5	1876723.0	1874950.5	1875067.5	1872264.5	1792896.0	1651725.0	1519322.0	1394176.0	1276245.0	1167661.0	1069723.0	973842.5	885246.5	805617.5	729446.0	662752.5	600424.0	540737.0	487996.0	439338.0	396215.0	358190.0	323344.5	290315.5	260386.5	233972.0	211176.5	192027.5	177037.0	164293.0	152265.5	142778.5	133924.5	126425.5	121039.0	116488.0	113215.5	110740.0	108719.5	106878.0	105809.5	104995.0	104168.5	104438.5	104800.0	104525.0	104844.5	105970.0	106379.0	105677.0	105110.5	104647.5	104357.0	104342.0
MHW278_trimmed_clipped_R1_paired	10047.0	10138.5	10263.5	10314.5	10413.5	10569.0	10847.0	11168.0	11583.5	12010.5	12676.5	13434.5	14001.0	15303.0	17007.5	18776.5	21157.5	25388.5	31090.5	37868.0	46724.0	58716.5	75120.5	97311.0	125352.5	162799.5	208493.5	261451.5	324547.5	398842.0	488643.0	586964.0	690786.5	802244.0	919709.5	1072560.5	1311096.0	1543013.0	1656193.5	1644935.5	1590909.0	1568603.5	1576202.0	1614749.5	1655818.5	1679701.5	1688856.0	1693117.0	1692449.5	1686957.5	1670414.5	1591356.5	1467606.5	1348963.5	1234882.0	1127074.5	1024562.5	930642.0	841008.5	758417.5	682268.0	609099.5	545215.5	486161.5	429399.5	378745.5	332273.5	290568.0	253971.5	221269.5	190768.5	161851.0	135504.0	113811.0	95248.5	78618.5	64794.0	53911.0	44992.5	37757.0	32248.0	28022.5	24780.5	21505.0	18938.0	17700.5	16782.0	16211.0	15175.5	14215.0	13611.0	13080.5	12779.0	12379.5	12026.0	11772.5	11678.0	11640.0	11564.5	11457.0	11412.5
MHW278_trimmed_clipped_R2_paired	32919.0	32992.5	33238.5	33570.0	33961.0	34483.5	35431.0	36626.0	38121.5	39301.5	41031.0	42877.5	43670.5	46565.5	49995.0	52456.0	55324.0	62252.5	70605.0	78119.5	87713.0	100957.0	118821.0	141711.5	171046.5	213663.0	264137.5	317386.5	382161.0	458683.5	548037.5	647618.5	753756.5	865331.0	985172.0	1138852.5	1375314.5	1607694.0	1719713.5	1710372.5	1658527.5	1637023.0	1644887.0	1680414.0	1718334.5	1741458.5	1754779.5	1760052.0	1758947.0	1760156.0	1756991.5	1680302.0	1549615.5	1430251.5	1314797.5	1205323.0	1103425.0	1008783.5	919125.5	835324.0	758380.0	687183.5	623865.5	564202.0	507352.5	456476.0	410562.0	369704.5	332042.5	298114.0	267334.5	238373.5	211723.5	189674.0	171156.5	155163.0	142129.0	131252.0	121956.0	113284.5	106382.5	101300.5	97003.5	93413.0	90701.0	88860.5	87043.5	86029.0	84676.5	83316.5	83097.0	83005.0	82448.5	82136.5	82550.0	82580.0	81970.5	81471.5	81033.0	80715.5	80670.0
MHW279_trimmed_clipped_R1_paired	8002.0	8149.0	8384.0	8509.5	8555.5	8642.0	8918.5	9318.5	9735.0	10120.5	10781.5	11513.5	12011.0	13183.0	14737.0	16309.0	18464.5	22017.5	26607.5	32174.0	39406.0	48947.5	61695.5	78317.0	99136.5	126785.5	160968.0	199023.0	245089.0	299789.5	363141.5	434285.0	509199.0	591005.0	684884.5	820315.0	1063925.0	1294854.5	1376819.5	1341634.5	1277702.0	1250886.0	1257720.5	1298078.5	1344053.5	1377927.5	1402231.5	1421071.5	1435032.0	1443408.0	1441911.0	1378303.5	1269087.5	1171483.0	1076336.5	985697.0	901393.0	821190.5	743709.5	670697.0	602909.0	539590.0	484825.5	432593.0	381566.0	336867.0	296594.5	259847.0	226223.0	195922.0	168358.5	142819.0	119615.0	99926.5	83273.5	68615.5	55882.0	45789.5	37986.0	31565.5	26694.5	23128.0	20396.0	17759.0	15631.0	14577.5	13779.0	13288.5	12367.5	11508.0	10966.5	10474.5	10174.0	9828.0	9552.5	9334.5	9241.5	9193.0	9094.5	8988.5	8959.0
MHW279_trimmed_clipped_R2_paired	29391.0	29566.5	29946.0	30350.0	30802.0	31316.0	32183.0	33287.0	34629.5	35717.5	37247.5	38870.0	39670.0	42219.5	45240.5	47455.0	50079.5	56137.0	63212.5	69459.0	77414.0	88337.5	101987.5	118833.5	140602.0	173867.0	212827.5	251027.0	297529.0	353339.0	418844.0	490932.0	567739.5	651287.0	745252.5	880144.5	1123215.5	1354260.5	1436249.5	1402547.5	1340614.0	1311823.5	1317472.0	1357314.0	1402923.0	1437904.0	1460594.0	1478498.0	1492763.0	1506674.5	1514621.0	1453944.5	1341224.0	1238722.0	1142752.5	1052217.5	966577.5	885745.0	807617.0	735704.0	669312.5	605737.5	549876.0	497084.5	446309.0	401818.5	361637.5	325411.5	291722.0	260886.5	232557.0	206669.5	182830.5	162691.5	146308.5	131408.0	118689.0	108797.5	100981.5	93614.0	87671.0	83390.5	79859.0	76289.5	73459.5	72008.5	70574.5	69763.5	68423.0	67067.0	66602.5	66223.5	65614.0	65079.0	65122.5	64960.0	64430.5	64054.5	63698.5	63401.5	63314.5
MHW280_trimmed_clipped_R1_paired	11847.0	11942.0	12112.5	12261.5	12390.5	12486.0	12750.5	13133.0	13643.0	14203.5	14884.5	15649.0	16368.0	17923.5	19974.5	22339.0	25334.5	30142.0	36476.5	43881.5	54112.0	68092.5	86272.0	111081.0	143149.0	184557.5	233578.0	291217.5	360277.0	441414.0	535786.5	639643.5	749616.0	865368.5	992108.0	1158092.0	1426032.5	1685874.0	1801244.5	1773568.0	1695245.0	1658104.0	1656368.0	1688575.5	1728945.0	1752684.5	1762431.5	1766304.5	1763625.0	1762254.0	1748917.0	1657413.0	1518864.0	1394836.0	1275957.0	1161383.5	1052328.5	952796.0	859767.0	775500.5	697700.0	623588.0	558923.0	497780.0	439327.0	386915.0	338654.0	296510.0	258386.0	224218.5	193590.0	163819.5	136462.5	113698.5	94616.5	77356.5	62791.5	52043.5	43612.5	36516.5	31206.5	27518.0	24742.5	21949.0	19810.5	18962.0	18327.5	17899.5	16867.5	15841.5	15186.5	14625.5	14249.5	13771.5	13436.0	13230.0	13163.5	13130.5	13045.5	12927.0	12874.5
MHW280_trimmed_clipped_R2_paired	35888.0	36012.0	36307.5	36677.5	37057.0	37544.0	38507.5	39804.0	41451.0	42760.5	44711.0	46828.0	47862.5	51045.0	54866.0	57789.0	61299.5	69142.0	78411.5	87094.0	98411.0	113491.5	133608.5	159272.5	191467.0	238357.5	293819.5	351464.0	420711.5	503522.5	600904.5	707676.0	819634.5	937312.0	1063715.0	1231415.5	1499851.0	1756084.5	1869687.0	1844284.0	1767280.0	1728780.0	1729067.0	1759947.5	1796251.5	1819770.0	1829941.0	1836299.0	1837707.0	1842971.5	1844822.5	1758435.0	1610267.5	1481346.0	1360258.5	1245187.5	1136289.0	1036887.5	944377.0	857583.5	779447.0	706902.5	643296.5	582088.0	522292.0	470910.5	424694.5	382841.0	344389.0	309122.0	276781.5	247482.5	220654.0	197593.0	178315.0	162174.5	148950.0	137493.5	128237.0	119917.5	113387.5	108820.5	105034.5	101730.5	99173.0	97468.0	95823.5	95051.5	93951.0	92705.0	92541.5	92491.0	91865.5	91575.0	92177.0	92358.0	91744.5	91261.5	90838.0	90541.0	90509.5
MHW281_trimmed_clipped_R1_paired	12407.0	12467.5	12606.5	12733.5	12842.5	12971.0	13254.5	13671.0	14199.0	14707.0	15498.5	16390.5	17025.0	18651.5	20852.5	23205.5	26298.0	31404.0	38414.0	46444.0	57360.0	72746.5	92611.0	119068.0	153269.5	198710.5	253819.5	315946.5	390203.5	477980.5	581498.5	695619.5	815354.0	942675.5	1079204.5	1253453.5	1530763.5	1804826.5	1931344.0	1910276.5	1841151.5	1806061.0	1802451.0	1838717.0	1878349.0	1896065.0	1902470.0	1903123.5	1897734.5	1892369.5	1875075.5	1778647.0	1629797.0	1493684.5	1363034.0	1240154.5	1126970.5	1022301.5	921786.0	828669.5	743498.0	664435.0	595288.0	530058.0	467112.5	411560.0	361136.0	315597.5	274587.5	237814.0	204492.0	173094.5	144246.5	120041.5	99873.5	82238.5	66897.0	55018.5	46002.0	38660.0	33254.5	29374.5	26363.5	23270.5	20907.0	19921.0	19145.5	18651.0	17543.0	16496.0	15865.0	15270.5	14882.0	14375.0	13987.5	13730.0	13616.0	13581.5	13493.0	13358.5	13308.0
MHW281_trimmed_clipped_R2_paired	40615.0	40728.0	41051.0	41450.0	41886.5	42487.0	43640.0	45157.5	46987.0	48448.5	50738.5	53153.0	54189.0	57703.0	61909.5	65083.0	68766.0	77192.5	87784.0	97238.0	109456.5	126147.5	147191.5	174861.5	210800.5	262437.5	323730.0	386981.5	462513.5	552023.0	657129.0	773226.5	895369.0	1023132.0	1160502.0	1337290.5	1615856.0	1886344.5	2011565.5	1994570.0	1925337.5	1887589.5	1884145.0	1920465.5	1959194.5	1977169.0	1981854.5	1981717.0	1979693.0	1981480.0	1982233.0	1895341.0	1739802.0	1599538.0	1466233.0	1340641.5	1226884.5	1121707.0	1020390.0	927798.5	843909.0	765488.0	696467.0	631636.5	569256.0	513479.0	462788.0	418590.5	377866.0	340484.5	306045.5	274627.0	246425.0	222214.0	202004.0	185957.0	173297.5	161536.5	151653.0	142698.0	135698.0	130895.5	126873.0	124011.5	121859.0	119995.0	118165.5	117194.0	116357.5	115479.0	115846.0	116274.5	115786.5	115813.0	116930.5	117401.5	116665.0	116056.0	115564.0	115237.5	115242.5
MHW282_trimmed_clipped_R1_paired	10957.0	11128.0	11399.0	11564.5	11731.0	11937.0	12276.0	12716.0	13293.5	13879.5	14633.0	15462.5	16164.5	17588.0	19607.5	21767.0	24502.5	29021.5	34589.0	41113.5	50122.0	62505.5	78409.0	99436.0	126555.5	163749.5	210022.0	262748.0	326123.0	402198.0	491629.0	593326.5	703915.0	821578.0	956175.0	1148137.5	1481547.5	1794804.0	1916469.0	1882877.0	1793573.0	1749692.0	1749299.5	1793807.5	1850263.0	1886793.0	1913662.5	1932816.5	1940009.5	1942501.5	1935766.0	1840939.0	1683508.0	1544315.0	1410508.0	1284616.0	1167138.0	1057328.0	953517.0	858015.5	770156.5	688054.5	617032.0	549593.0	484993.5	428201.0	376277.0	329363.0	286954.5	250104.5	215668.5	182384.5	152672.0	128319.5	107132.0	87889.5	72222.0	59969.0	49805.0	41220.0	34819.0	30100.5	26482.0	23034.0	20361.5	19138.5	18121.5	17430.5	16284.0	15277.5	14613.0	13988.0	13597.5	13116.5	12754.0	12475.5	12324.0	12263.0	12164.0	12023.0	11964.5
MHW282_trimmed_clipped_R2_paired	39098.0	39294.0	39779.5	40348.5	40995.5	41783.5	43043.5	44576.5	46383.5	47841.0	50073.5	52359.5	53364.5	56879.0	60832.0	63476.0	66693.0	74449.0	83621.5	91390.0	101368.0	114909.5	132419.0	154858.5	183277.5	226677.0	278638.0	331591.5	395784.0	473399.0	566583.5	669898.0	780309.5	899276.5	1035332.5	1229715.0	1562098.5	1872639.0	1996964.0	1966140.0	1875617.5	1829107.0	1828664.0	1873776.5	1929093.0	1965520.0	1987932.0	2005510.5	2017397.0	2032714.0	2042080.5	1947440.5	1781604.5	1636458.5	1499490.5	1371124.0	1252200.0	1142915.0	1039225.0	943421.5	856608.5	775506.0	704337.5	637437.5	572905.5	515433.0	463330.0	417399.5	374756.5	336780.0	301897.5	269061.0	239750.5	214390.5	193241.5	175408.0	160547.5	147633.5	136893.5	127254.5	119554.5	114028.5	109616.0	105372.5	101854.0	99863.0	97925.5	96826.0	95323.0	93809.5	93493.0	93227.5	92211.0	91298.0	91417.0	91331.5	90594.5	89987.0	89484.5	89165.0	89165.0
MHW283_trimmed_clipped_R1_paired	11532.0	11664.0	11871.5	12020.0	12171.5	12313.5	12603.0	13038.5	13564.5	14066.5	14868.5	15881.0	16714.5	18275.0	20430.0	22836.0	26112.0	31445.5	38303.0	46468.5	57541.5	72676.0	92506.5	118832.5	153498.0	197776.0	251612.0	313452.5	385099.5	469634.5	569625.0	680551.0	796385.0	917886.5	1049512.0	1226755.5	1520488.5	1803791.5	1925647.0	1886288.5	1793504.0	1746793.0	1738268.0	1770172.0	1807025.5	1828768.0	1839038.0	1840774.0	1836151.5	1829878.0	1814436.0	1723670.0	1579281.0	1448547.0	1325299.0	1207565.5	1096074.0	992878.5	894327.0	803833.0	723237.0	647505.0	579996.5	516510.5	455530.0	403141.0	355381.0	310900.0	271135.5	235600.5	202386.5	172158.0	144553.5	121139.0	101405.0	83134.0	68011.5	56395.5	47318.0	39752.5	33735.5	29385.5	26122.0	22745.5	20027.5	18779.0	17853.5	17268.0	16172.5	15096.5	14464.5	13916.5	13519.5	13044.5	12680.0	12433.5	12356.5	12328.0	12231.0	12132.0	12104.0
MHW283_trimmed_clipped_R2_paired	38471.0	38620.5	39002.0	39514.0	40102.0	40715.5	41760.0	43210.0	45104.5	46575.5	48740.5	51100.0	52262.5	55806.5	60035.5	63247.5	67008.5	75488.5	85896.0	95579.0	107725.5	124200.0	145404.5	172416.0	207536.0	258001.5	318237.0	380864.0	454506.5	540106.0	640287.5	753099.5	871475.0	993500.0	1125441.5	1304736.0	1598171.5	1877263.0	1997552.5	1962792.5	1871882.5	1823379.5	1814371.5	1847272.0	1883299.5	1903879.0	1914673.5	1917283.5	1914945.0	1917768.0	1916825.0	1830199.0	1680819.5	1545982.0	1421529.5	1300215.0	1186028.0	1083108.5	983966.5	894059.0	813719.5	737853.5	671849.0	609786.5	549068.0	495650.0	448287.5	405055.5	364786.0	329014.5	294404.5	262904.5	234984.5	211958.5	192885.5	175854.5	162250.0	150273.0	140529.0	131627.0	124318.5	118803.5	114154.5	110382.0	107289.5	105224.0	103382.5	102477.0	101239.0	99935.0	99828.5	99767.0	99103.5	98759.5	99376.5	99570.0	98872.0	98340.5	97919.0	97630.5	97615.0
MHW284_trimmed_clipped_R1_paired	10055.0	10114.5	10243.0	10374.0	10500.5	10683.0	11016.0	11445.5	11973.5	12441.5	13095.0	13882.5	14459.0	15803.0	17676.0	19652.0	22103.5	26492.0	32257.5	38805.0	47888.5	60132.0	76453.5	98930.0	127721.5	164751.5	210376.5	264078.5	328118.0	404428.5	495406.0	595634.5	702562.0	817955.0	943869.5	1107009.5	1374543.0	1639309.0	1755052.0	1730708.5	1665785.5	1639490.5	1643891.5	1684104.0	1729551.5	1755482.0	1768665.0	1776765.0	1778728.0	1774328.5	1759979.5	1675668.0	1538694.5	1411564.5	1292969.5	1178844.0	1070610.0	973071.0	879645.5	791866.5	712016.5	637130.0	570747.5	508835.5	448261.5	395676.5	348436.0	305242.0	266901.5	232471.5	200926.0	171282.5	143772.0	120894.0	101676.0	84709.0	70486.0	58971.0	49529.5	41794.5	35904.5	30996.5	26933.5	23323.0	20455.0	18847.5	17657.5	16882.0	15711.0	14651.0	13970.5	13349.0	12943.5	12438.5	12075.5	11846.5	11757.0	11723.5	11614.5	11485.5	11449.5
MHW284_trimmed_clipped_R2_paired	33571.0	33683.0	34008.0	34428.0	34862.5	35420.5	36425.0	37705.5	39299.5	40554.0	42383.0	44342.0	45240.0	48263.0	51833.5	54384.5	57461.5	64563.0	73045.0	80694.5	90521.5	103873.0	121245.0	144072.5	172963.0	215771.0	267367.5	320327.0	384731.5	462459.0	553888.5	655658.5	764193.5	879438.0	1003714.5	1169592.5	1438140.5	1698850.0	1817561.5	1800029.0	1735418.5	1705999.0	1711235.0	1751152.5	1795590.0	1821993.5	1835640.5	1844664.5	1848104.0	1853232.5	1854552.0	1772143.5	1630257.0	1501794.0	1378656.5	1263538.5	1154329.0	1054995.0	961428.0	872829.0	792950.5	719080.5	652726.5	590171.5	530381.0	477186.5	429786.0	387127.5	348105.5	312897.5	280394.5	249863.5	222311.0	200058.0	181359.5	164686.0	150690.5	138625.5	128764.5	119816.5	112474.0	106734.5	101915.0	97585.0	94154.5	92058.5	90090.5	88943.5	87199.5	85454.5	85075.5	84796.5	84130.5	83635.5	83887.0	83877.5	83247.5	82762.5	82325.5	82004.5	81992.5
MHW285_trimmed_clipped_R1_paired	10557.0	10635.5	10744.0	10813.5	10896.5	11039.5	11340.5	11746.5	12327.5	12867.5	13695.0	14637.5	15254.5	16925.0	19041.5	21119.0	23905.5	28761.5	35035.5	42286.5	52378.5	66069.5	84018.5	107930.5	138588.0	178602.5	227957.0	284751.5	351102.0	431052.0	525721.0	628624.0	737019.0	852700.0	976768.0	1137525.5	1389343.0	1636022.5	1752122.0	1742149.0	1687086.5	1654982.5	1655085.5	1690014.0	1728502.5	1752466.0	1763861.5	1765403.5	1759962.5	1751974.5	1734486.5	1648809.0	1513223.5	1388777.5	1270405.5	1157055.0	1050846.5	953453.0	860476.5	775073.0	696894.0	623553.0	561316.0	500582.0	440236.5	387387.0	341392.5	299442.0	260414.5	227149.5	195991.5	166776.5	140240.5	118038.5	99767.5	82790.5	68638.5	57516.5	48570.0	41434.0	35481.0	30898.0	27420.0	23803.5	20909.0	19564.5	18540.0	17909.0	16584.0	15363.0	14619.0	13933.0	13539.0	13063.5	12747.0	12533.5	12431.5	12383.5	12292.5	12189.0	12160.0
MHW285_trimmed_clipped_R2_paired	34171.0	34252.0	34541.0	34958.5	35423.5	36006.5	37003.0	38241.5	39765.0	40986.0	42920.0	45027.5	45969.0	48953.5	52520.5	55225.5	58514.5	66168.5	75303.5	83470.5	94240.0	108970.5	127917.0	152648.0	184540.5	230371.0	284556.0	341723.0	409863.0	490533.5	586111.5	689922.0	799916.0	916704.0	1041862.5	1204713.5	1456063.5	1699443.0	1815964.0	1807574.0	1751707.5	1720495.0	1720850.5	1756510.5	1794216.0	1816042.5	1828496.5	1832365.0	1829672.5	1830526.0	1827016.5	1742880.5	1603501.0	1477076.5	1356298.0	1241895.0	1132644.0	1035213.0	942224.0	855403.5	777319.0	703498.0	640166.0	580968.0	521893.5	469226.0	421950.0	380818.0	343018.5	308330.0	276982.5	247814.0	221164.0	198681.5	180178.5	164768.5	151841.0	140507.5	131371.5	122686.5	115579.0	110315.0	105936.0	102475.5	99608.0	97466.5	95525.5	94465.0	93229.5	91955.0	91850.0	91876.0	91299.0	90915.0	91425.5	91584.5	90884.0	90323.0	89867.5	89552.5	89532.5
MHW286_trimmed_clipped_R1_paired	11222.0	11294.5	11411.0	11490.5	11593.0	11753.0	12057.5	12455.0	12958.5	13524.5	14385.0	15294.5	15968.5	17474.0	19518.5	21777.5	24763.5	29720.0	36168.5	43976.0	54780.5	69072.5	87855.5	113245.0	146025.5	189367.0	241136.5	299533.5	370471.5	454833.0	551949.5	659180.5	773247.5	892560.5	1022889.0	1192983.5	1455291.0	1706674.5	1826550.5	1811243.5	1747366.0	1717681.5	1718097.5	1754933.5	1796966.5	1821565.0	1831569.0	1833406.5	1830997.0	1826146.5	1806643.0	1716973.5	1579113.5	1451132.0	1327818.5	1210000.0	1098431.0	994544.0	897072.0	806613.0	725243.5	649889.0	582899.5	519566.5	457935.0	403072.5	354264.0	309754.5	269296.5	233772.5	200432.5	169769.0	141839.5	118645.5	99371.0	81702.5	66840.0	55200.0	46131.0	38987.0	33521.0	29525.0	26482.0	23184.5	20549.0	19507.0	18722.0	18205.5	17075.0	15996.0	15309.0	14662.0	14208.5	13694.0	13354.0	13123.0	13008.5	12964.5	12874.0	12749.5	12708.0
MHW286_trimmed_clipped_R2_paired	37843.0	37986.5	38332.5	38700.5	39090.5	39636.5	40648.0	42008.0	43786.0	45207.5	47234.5	49347.0	50334.0	53688.0	57594.0	60495.0	63991.0	71904.0	81400.0	90248.0	102152.0	118010.5	138667.5	164721.0	197611.0	246100.0	303798.5	363537.5	434945.0	520531.0	620140.5	728663.0	844635.5	966651.0	1095314.5	1265095.5	1528792.5	1781654.0	1901656.5	1885207.0	1822732.0	1795130.5	1795483.5	1830376.5	1871137.5	1895080.0	1905803.0	1909756.5	1909607.5	1914058.5	1918058.0	1835617.5	1689144.0	1555987.5	1429084.5	1309416.0	1196018.0	1092227.5	995536.0	906347.5	824177.5	748517.5	681525.5	617590.5	556106.5	501944.0	452969.5	408453.5	368026.0	332217.0	299164.0	268227.0	240240.5	217006.0	197408.0	181887.0	169930.0	158051.5	148378.0	140019.0	133143.0	128135.0	123992.5	121437.0	119588.5	117725.5	115898.0	114938.0	114341.0	113682.0	114328.5	115002.0	114768.5	115121.0	116407.5	116985.5	116231.5	115681.0	115214.5	114888.5	114885.0
MHW287_trimmed_clipped_R1_paired	8969.0	9102.0	9310.5	9437.5	9531.0	9706.0	10083.0	10519.5	11008.0	11501.0	12331.0	13243.5	13849.5	15137.0	16881.0	18765.0	21213.5	25337.5	30428.5	36346.0	44432.0	54769.0	68219.0	86539.0	109238.0	139113.0	175335.0	217276.5	268033.5	326822.5	397167.0	476427.0	560930.0	654036.5	763601.5	925053.0	1213786.5	1483220.0	1571722.0	1529516.0	1453479.5	1419827.5	1425010.0	1464564.0	1512785.5	1547192.5	1569129.5	1583033.0	1590238.5	1594417.0	1586469.0	1511223.0	1390685.0	1278140.0	1172084.5	1071301.5	975293.5	887576.5	802057.0	721520.0	647693.5	578880.0	518800.0	462517.0	408075.0	358493.5	314816.0	275820.5	238954.0	206946.0	177991.5	149742.0	123894.5	102433.0	84836.0	69006.0	55725.5	45641.5	37448.5	31159.5	26590.0	23144.0	20704.5	18252.0	16176.5	15257.0	14621.0	14221.0	13294.5	12422.0	11836.5	11286.0	10932.5	10500.0	10243.5	10064.5	9954.5	9894.5	9807.5	9710.0	9679.5
MHW287_trimmed_clipped_R2_paired	32173.0	32312.5	32700.5	33158.5	33637.0	34237.0	35243.5	36532.5	38175.0	39515.0	41331.0	43285.5	44303.0	47286.5	50748.5	53218.0	56149.5	62856.5	70722.0	77763.0	86450.0	98034.0	112933.5	131358.5	154709.5	190264.0	232180.5	274062.0	325261.5	385644.5	457466.5	538029.5	623677.0	717280.5	826122.5	987903.5	1276403.5	1545011.5	1633483.0	1593709.0	1520129.0	1486319.0	1489201.0	1526546.0	1575407.5	1610477.5	1632540.0	1645567.5	1656172.0	1668379.0	1671211.0	1600224.0	1475643.0	1360941.0	1251093.0	1148544.5	1052776.0	963132.5	875646.5	794537.5	721380.5	652959.5	593562.5	536803.0	481483.0	432882.0	389484.5	350020.0	313420.0	281092.5	251416.5	223260.0	197618.5	176342.5	158543.5	143144.0	130837.5	120642.0	112201.0	104506.5	98642.5	94596.5	91163.5	88104.0	85702.5	84282.0	82898.0	82147.5	80976.5	79779.5	79673.0	79602.5	78881.5	78409.5	78731.5	78721.0	78141.0	77690.5	77284.0	76954.5	76910.0
MHW288_trimmed_clipped_R1_paired	11994.0	12044.0	12136.0	12251.0	12400.0	12605.5	13015.0	13495.5	14029.0	14552.5	15432.0	16428.5	17183.0	18861.5	21236.5	23889.0	27199.0	32570.0	39645.0	47832.5	58768.5	73722.5	93484.0	118852.0	150879.5	192738.0	242153.5	298407.0	365927.0	444096.0	534706.5	634520.0	738714.5	849386.5	975642.5	1146886.0	1438839.0	1709789.5	1807138.0	1768482.5	1697054.0	1673803.0	1686710.0	1733147.0	1782530.0	1817096.0	1836108.0	1847053.0	1851667.0	1850295.0	1837021.5	1750333.0	1609546.5	1481121.5	1359327.0	1241469.5	1130065.0	1026478.0	927252.0	835318.5	751144.5	671823.5	601495.5	534876.0	470849.5	414380.5	363644.0	317674.5	274880.5	237275.0	202890.0	170652.5	141432.5	116878.0	96221.0	77591.0	62451.5	51312.0	42676.0	35948.5	30904.0	27467.0	25007.5	22310.0	20226.0	19475.5	18880.0	18472.0	17364.0	16272.5	15589.5	14963.0	14583.0	14094.0	13708.5	13445.5	13334.5	13292.0	13191.0	13048.0	12987.5
MHW288_trimmed_clipped_R2_paired	36102.0	36205.0	36504.5	36933.0	37477.5	38174.0	39327.5	40794.0	42564.0	43982.5	46046.5	48210.5	49343.5	52791.0	56867.5	59943.5	63730.5	72154.0	82190.5	91478.0	103695.0	119845.0	140408.5	166505.5	198749.5	245399.5	300142.5	356806.5	425444.0	504076.5	594093.5	696046.0	803494.5	914497.0	1039444.5	1212026.0	1505661.5	1774980.0	1872133.0	1836733.0	1767310.5	1745461.5	1755780.5	1800763.5	1850780.0	1885323.0	1906942.0	1918475.5	1922566.5	1928211.5	1929446.5	1846012.5	1701974.0	1572015.0	1446689.0	1327467.0	1214663.0	1111025.5	1012598.0	918623.0	834504.5	756594.5	685745.5	618546.0	553826.5	497610.5	446540.5	400004.0	357886.0	319663.0	284255.5	251403.5	221971.0	197647.5	177433.0	159380.0	144857.0	133231.0	123992.5	115853.0	109666.0	105360.5	101663.5	98232.5	95507.0	94012.5	92471.5	91614.5	90224.0	88816.0	88557.5	88346.0	87635.0	87200.5	87589.0	87571.0	86912.0	86370.5	85844.5	85462.5	85398.5
MHW289_trimmed_clipped_R1_paired	10030.0	10135.0	10315.5	10423.5	10505.5	10616.0	10865.5	11243.5	11781.0	12300.0	13010.5	13897.0	14675.0	16183.5	18120.0	20189.5	22969.5	27688.0	33682.5	40673.0	50072.5	62663.5	79381.5	101722.0	130019.5	167128.0	210944.5	260486.0	320479.5	390905.0	472479.5	562970.5	659736.5	761258.5	871032.0	1013025.0	1228448.5	1433237.0	1531122.5	1527188.0	1486991.5	1474038.0	1486061.0	1525121.5	1566202.5	1592584.0	1610189.5	1620709.5	1626914.5	1637742.5	1646848.5	1571888.5	1438459.0	1321900.5	1210484.0	1105449.5	1006464.5	915721.5	829594.5	749522.0	676415.5	609027.5	550258.0	493390.0	437433.0	388193.0	343889.0	302440.0	265300.0	233048.5	202148.0	173329.0	147286.0	125433.0	106842.0	89572.0	75047.5	63743.0	54531.0	46849.0	40666.0	35825.0	31882.0	27799.5	24644.5	23144.0	21849.0	20986.5	19588.0	18281.0	17451.0	16725.5	16193.0	15511.0	14924.0	14504.0	14320.5	14230.5	14140.5	14035.0	13990.5
MHW289_trimmed_clipped_R2_paired	87970.0	88099.5	88370.5	88669.5	88999.0	89439.5	90333.0	91580.5	93378.0	94846.5	96843.0	98935.0	99840.0	103049.5	107001.0	109881.5	113269.5	121234.5	130657.0	138763.5	148837.0	162565.0	180954.5	204309.0	233416.0	277496.5	328793.5	378872.0	439438.0	510129.5	593412.5	687337.5	785947.5	888442.0	999129.5	1141477.5	1356099.5	1559774.0	1661201.0	1662569.5	1621735.0	1608087.5	1622422.5	1659485.5	1699873.0	1728874.0	1745533.5	1753075.5	1761673.5	1784628.5	1805937.5	1732180.5	1590444.0	1469085.5	1356356.5	1249389.5	1148802.5	1057207.0	970565.5	889181.0	815725.5	747282.5	686381.0	630234.5	576406.5	526119.0	480791.5	440364.5	402603.5	368457.5	337809.0	310184.5	285002.5	263741.5	245833.0	233340.0	223052.0	211763.0	202680.5	194971.0	188970.5	184766.0	181121.0	179986.5	179670.5	177436.0	175090.0	173836.5	174031.5	174160.0	175660.0	177186.0	177265.5	178527.0	181245.0	182804.0	182359.0	182218.0	181767.5	181536.0	187402.0
MHW290_trimmed_clipped_R1_paired	9270.0	9383.0	9532.0	9626.5	9743.0	9878.0	10158.0	10556.5	11105.5	11673.5	12487.5	13403.0	14209.5	15863.0	18080.0	20532.5	23682.5	28893.0	35542.0	43177.5	53581.5	67619.0	86031.5	110871.0	142027.0	182137.0	230009.5	283782.5	347625.5	423614.0	512887.0	610822.5	714981.5	823802.5	937750.0	1078848.5	1287881.0	1485710.5	1586550.0	1596583.0	1570164.5	1561275.5	1573185.0	1613808.5	1656736.5	1681187.5	1693657.5	1700829.0	1702391.0	1705043.5	1707463.0	1629080.5	1492324.0	1372522.0	1257622.5	1147204.0	1041160.5	944536.5	854167.5	771203.0	693365.0	621733.5	559622.5	498026.0	439698.5	388524.5	342402.0	300066.0	260844.0	226715.0	195300.0	165938.0	138972.5	116334.5	97596.5	80850.0	66826.0	55510.0	46600.0	39515.5	33940.0	29843.0	26754.5	23561.5	21025.0	19974.0	19104.0	18501.5	17303.0	16185.5	15455.0	14771.0	14377.5	13915.5	13498.5	13148.0	13003.0	12947.5	12876.0	12807.0	12799.0
MHW290_trimmed_clipped_R2_paired	84687.0	84796.0	85093.5	85433.0	85789.5	86306.0	87332.0	88759.5	90697.0	92201.5	94367.0	96788.5	97947.5	101608.0	105987.5	109278.5	113040.5	121625.5	132019.0	141062.0	152555.0	167885.5	187750.0	213748.0	245862.0	293462.0	348915.0	403099.5	467993.5	544076.0	635020.0	736251.0	841220.5	950077.5	1064853.5	1206969.5	1414617.5	1610813.0	1716958.5	1732041.5	1704225.5	1693778.0	1710126.5	1750740.0	1788450.0	1816247.0	1831025.5	1836732.0	1842431.5	1855273.5	1867614.0	1793689.5	1655409.5	1532163.5	1414852.5	1304222.5	1197802.0	1101324.5	1010021.5	923831.0	845990.5	773369.5	711151.5	651845.0	593789.5	542175.5	495108.0	452806.5	413247.5	377540.5	346434.5	317564.5	289827.0	266842.5	248517.0	235383.5	224747.0	213212.5	203766.0	196114.0	190247.5	186009.5	182511.5	181694.0	181647.5	179652.0	177484.5	176363.5	176890.0	177248.0	178948.5	180700.0	180974.5	182510.5	185696.0	187615.5	187090.0	186900.5	186386.0	186033.0	191589.5
MHW291_trimmed_clipped_R1_paired	11905.0	12036.5	12224.0	12313.0	12346.5	12372.5	12571.0	12946.5	13460.0	13981.0	14735.0	15582.5	16332.0	17788.0	19709.5	21898.0	24789.5	29535.5	35389.5	42258.0	51633.5	64560.5	81513.0	103350.5	131797.5	168722.5	211615.5	259471.5	317164.0	385381.0	463953.0	549693.0	639713.5	734188.5	830950.0	945961.0	1111813.0	1267047.0	1348095.0	1361021.0	1345311.5	1340795.5	1351981.0	1383444.0	1418546.5	1442493.0	1455909.5	1465150.5	1471403.5	1486335.0	1505501.5	1431702.5	1292534.0	1179292.5	1075439.0	979333.5	888429.5	804421.5	727652.5	655656.0	589322.5	529521.0	476251.0	425406.0	377264.5	334026.0	294763.0	259030.0	225835.0	196047.5	168874.0	144348.0	122506.0	103680.0	87368.5	72411.0	59920.0	50359.0	42708.5	36581.0	31892.5	28448.5	25850.5	23082.5	20900.5	20084.5	19443.0	19059.5	18071.0	17126.0	16536.5	15985.0	15597.0	15107.0	14753.0	14518.0	14452.0	14470.5	14533.5	14591.0	14663.5
MHW291_trimmed_clipped_R2_paired	273794.0	273908.5	274141.5	274341.5	274467.0	274738.5	275420.5	276458.5	278272.5	279772.5	281764.0	283951.0	284927.5	287940.0	291655.0	294635.5	298068.0	305795.5	315051.5	323510.0	334156.5	348545.0	366834.5	389170.5	417555.0	461215.5	510392.5	558269.0	616796.0	684397.5	763658.5	850946.5	941634.5	1036302.0	1132321.5	1245516.5	1407848.0	1558785.0	1640823.5	1659948.5	1646078.5	1640518.0	1653438.5	1684556.5	1716806.0	1740569.0	1755178.0	1763107.5	1771765.0	1796408.5	1763933.5	1629424.5	1488391.5	1376905.5	1272987.5	1176912.5	1087588.0	1005294.5	928171.5	855729.5	790884.0	732468.5	680051.5	636572.5	594985.0	550910.5	511351.5	476235.0	443012.0	412993.0	390694.5	371348.5	349341.0	329794.0	313665.5	304802.0	298304.0	288438.0	280071.0	277708.5	277069.0	277772.5	279061.0	281027.0	283595.5	281451.5	279167.0	278154.5	278823.5	279290.0	281008.0	282954.0	283425.0	284764.5	288389.0	291485.5	292427.0	294569.0	294478.0	294508.5	325220.5
MHW292_trimmed_clipped_R1_paired	13336.0	13525.5	13783.0	13866.5	13881.0	13916.0	14184.0	14659.5	15332.5	16007.5	16870.5	17951.5	18959.5	21045.5	23637.5	26489.5	30398.0	36423.0	44182.0	53480.5	65922.5	82585.0	104795.5	134477.0	172107.0	220231.0	276481.5	340807.5	418669.0	509814.0	615202.5	730276.5	853291.5	980794.0	1112948.5	1269387.5	1486900.5	1689500.0	1793784.5	1815896.5	1806266.0	1813921.5	1841325.0	1888675.5	1936487.0	1966133.0	1981643.0	1991571.0	1995727.5	2005861.0	2016104.5	1918952.5	1743356.0	1593381.5	1454418.5	1324212.0	1201098.0	1086423.5	979970.0	881861.0	792313.0	710457.5	637682.0	568429.5	502689.5	444334.0	391355.0	342524.5	298474.0	259712.5	224037.0	191111.5	161214.0	135599.0	114126.5	94697.5	78366.0	65728.0	55657.5	47165.5	40582.0	35556.0	31387.0	27454.0	24397.5	22852.0	21630.0	20839.0	19493.0	18257.0	17479.5	16756.5	16289.5	15763.0	15345.5	14982.5	14816.0	14772.0	14712.5	14610.5	14579.0
MHW292_trimmed_clipped_R2_paired	103813.0	103999.0	104330.0	104663.5	105069.0	105695.0	106989.0	108790.0	111220.0	113085.5	115617.5	118346.0	119602.5	123760.0	128868.0	132675.0	137097.5	146657.5	158415.0	169541.0	183476.5	202148.5	225759.0	256195.5	294894.0	351168.5	415895.0	480701.5	560284.5	652403.5	759503.0	878524.0	1003177.5	1130558.0	1262705.0	1420531.5	1637008.5	1839153.5	1949103.5	1972352.5	1961492.0	1968283.0	1995635.5	2043642.5	2087390.0	2115641.5	2130839.5	2141590.5	2150400.0	2173813.0	2197295.0	2095217.0	1910776.5	1758423.5	1616222.5	1482890.0	1359154.0	1244710.0	1139054.0	1039889.0	950020.5	869576.0	797682.5	729808.5	664837.5	605380.0	551026.5	503090.0	459369.0	419665.5	384273.5	351776.5	321444.5	295655.5	274167.5	257410.0	243896.0	230822.5	220110.5	211275.0	204270.0	199319.0	195119.5	192813.0	191529.5	189064.5	186526.0	185139.5	184884.5	184537.0	185522.5	186610.0	186472.0	187382.0	189903.5	191350.0	190752.5	190431.0	189839.5	189539.0	195438.0
MHW293_trimmed_clipped_R1_paired	12033.0	12179.0	12342.0	12411.5	12497.5	12591.0	12859.5	13303.5	14002.0	14613.5	15454.0	16499.5	17485.0	19205.5	21335.5	24033.5	27654.5	33339.0	40853.0	49760.5	61743.5	77563.5	98376.5	126336.0	161939.5	208498.5	263463.0	324697.5	398150.0	485324.0	587016.0	698688.0	817466.5	942195.0	1075649.0	1244265.5	1496463.0	1732762.0	1842541.0	1839433.5	1794522.5	1775955.0	1790017.5	1835144.5	1880004.0	1908887.5	1924753.0	1935843.5	1942509.5	1954345.0	1962379.5	1870325.5	1710224.5	1568444.0	1433529.0	1307241.5	1190333.5	1081505.0	978395.5	883342.5	794392.5	713133.5	642066.5	573581.0	508612.0	450120.5	396627.5	348976.0	305262.0	266056.5	230463.0	197640.0	167508.0	141354.5	119765.0	100830.0	84223.5	71164.0	60622.5	51602.5	44511.0	39171.0	34709.0	30278.5	26911.0	25154.5	23690.5	22740.0	21247.0	19867.5	18969.5	18181.5	17659.5	16985.0	16384.5	15927.0	15742.5	15678.0	15573.0	15419.5	15354.5
MHW293_trimmed_clipped_R2_paired	106277.0	106417.5	106738.5	107122.5	107517.0	108031.5	109140.0	110626.0	112794.5	114584.0	117008.5	119595.5	120831.0	124890.5	129649.0	133165.5	137448.5	147098.5	158366.5	168722.5	181857.5	199179.0	222268.0	250854.5	286617.5	341677.0	403447.5	464597.5	540108.0	627903.5	731985.0	845883.5	966443.0	1094271.0	1226953.5	1395616.5	1649467.5	1883182.5	1995945.5	1997299.0	1953743.5	1939927.0	1955928.5	2000038.5	2044935.5	2073551.5	2090692.5	2102756.0	2110714.5	2129867.0	2146914.5	2053028.0	1886054.0	1742607.5	1604589.5	1476684.0	1359135.0	1248458.5	1143507.5	1047319.0	959641.5	876536.5	803254.5	736673.0	671643.0	611540.5	557794.0	510231.0	466010.0	425202.5	389745.0	357688.0	327290.0	301386.5	280129.5	264502.5	251697.5	238445.0	227417.0	218408.0	211099.0	206146.5	202151.5	199758.0	198358.0	195841.5	193227.0	191756.5	191359.5	190952.0	192138.0	193376.5	193066.5	193637.5	195943.5	197344.0	196766.0	196675.5	196120.5	195747.0	203185.0
MHW294_trimmed_clipped_R1_paired	13116.0	13261.0	13463.0	13544.5	13596.0	13647.5	13875.0	14310.5	14923.5	15554.5	16394.0	17391.0	18268.0	19946.0	22194.0	24832.5	28304.0	34020.0	41439.0	50211.0	61815.0	77478.5	98165.5	125768.5	161420.0	208168.5	263561.0	326396.5	401898.5	491223.0	595890.0	713041.0	838318.5	968593.0	1106866.5	1281764.5	1553436.5	1816040.5	1950743.5	1950620.0	1895000.0	1878433.0	1891409.0	1935205.5	1987274.0	2021564.0	2039041.0	2048996.5	2056646.5	2070091.5	2076018.0	1980690.5	1813770.0	1667580.5	1526038.5	1391056.0	1267185.5	1152473.5	1043149.0	941434.0	847442.0	759526.5	683595.0	611042.0	540180.0	477818.0	421271.0	369989.0	323664.0	282619.5	244485.5	208649.0	176343.0	149081.5	126186.5	106149.5	88767.5	74546.0	63501.0	54174.0	46551.5	40660.5	36050.5	31590.5	27985.0	26084.5	24566.0	23584.5	22037.0	20668.0	19804.0	19017.5	18501.5	17858.0	17376.5	17058.5	16922.5	16850.0	16737.5	16631.5	16621.0
MHW294_trimmed_clipped_R2_paired	99891.0	100050.0	100362.5	100709.5	101136.5	101727.0	102862.5	104457.0	106576.0	108171.0	110501.0	113079.0	114280.5	118342.5	123118.0	126607.5	130705.5	140321.5	151889.0	162155.5	175105.5	192253.0	214543.5	242943.5	279546.0	335721.5	399809.0	462879.5	539465.5	628859.5	736078.0	855208.5	981479.0	1113138.0	1251402.0	1427764.0	1700444.0	1961352.0	2094900.5	2100655.5	2050682.0	2034052.0	2048464.0	2094258.0	2144923.5	2176717.5	2197122.0	2212138.0	2220149.5	2239840.5	2258702.5	2164645.5	1992364.0	1843009.5	1699968.0	1566375.0	1440981.0	1323144.5	1213141.5	1110461.0	1016149.0	929537.5	853100.0	781540.0	712731.5	650227.5	593340.5	542868.5	495801.5	452641.5	414569.0	379492.0	346656.5	319062.5	296130.5	280964.0	268726.5	254374.5	242557.5	232305.5	224352.5	218894.0	214274.0	212309.0	211350.0	208445.5	205439.5	203812.5	203968.0	204054.5	205608.5	207254.5	207364.0	208944.0	212279.0	214144.5	213499.0	213219.0	212629.0	212352.5	219079.0
MHW295_trimmed_clipped_R1_paired	12935.0	13091.5	13352.5	13534.0	13692.5	13879.0	14194.5	14667.0	15348.0	16032.0	16999.5	18261.5	19347.5	21476.5	24275.0	27287.5	31334.5	37888.0	46386.5	56542.5	70272.5	88612.5	112350.5	143520.0	183788.0	235898.0	297854.0	368265.5	451459.5	549537.5	664700.0	792294.0	926603.0	1066517.0	1211724.5	1389440.5	1652553.0	1899480.5	2021869.0	2033064.5	1999120.0	1985970.5	2003085.5	2053544.5	2104485.5	2132782.0	2146271.5	2154761.5	2154933.0	2161316.5	2167444.0	2067317.0	1890178.5	1731659.0	1581382.0	1441083.0	1308844.5	1185519.5	1070867.5	967200.5	870254.0	779242.5	700816.5	626590.0	554076.0	489164.0	431816.0	379233.5	331537.5	289074.0	249578.5	212816.0	179436.0	152315.0	129085.5	108183.0	90463.0	76148.0	64955.5	55599.5	48011.5	42040.0	37412.0	32826.5	28972.0	26918.0	25425.5	24491.0	22885.0	21469.0	20571.5	19718.5	19151.5	18452.0	17923.5	17530.0	17369.0	17324.0	17201.0	17050.0	17010.0
MHW295_trimmed_clipped_R2_paired	94181.0	94349.0	94800.0	95275.5	95747.5	96434.5	97709.5	99364.0	101635.5	103443.5	106024.0	108970.5	110393.5	114878.5	120263.0	124203.0	128871.0	139240.0	151862.0	163538.0	178218.0	198054.0	223423.5	256072.5	297689.5	358946.5	429251.0	498787.5	584075.0	684018.5	801324.0	931459.0	1066546.5	1208904.0	1356202.5	1534331.5	1795804.5	2040060.5	2165802.0	2183199.0	2152495.0	2140001.5	2158059.5	2207040.0	2256840.0	2287175.0	2299241.0	2306859.0	2315418.0	2335187.0	2360951.0	2266482.5	2080739.5	1921903.5	1770059.0	1627134.5	1494900.0	1371693.0	1256861.0	1151191.5	1052767.0	961763.5	882821.0	808740.0	736111.0	671624.0	613609.5	560521.0	511511.0	467913.0	428565.5	392471.5	358853.0	330380.0	307365.5	291648.0	278549.0	263421.5	251429.5	241111.0	232745.5	226731.5	221538.5	219578.5	218700.0	215692.0	212576.5	210819.5	211101.0	211298.5	213129.0	215053.0	215118.5	216739.5	220143.5	221944.5	221197.0	220833.0	220212.0	219905.0	225034.0
MHW296_trimmed_clipped_R1_paired	14368.0	14471.5	14665.0	14817.5	14930.0	15122.5	15553.0	16171.5	16992.5	17794.0	19043.0	20492.5	21620.0	24084.0	27355.5	30757.0	35238.5	42834.0	52488.5	63711.0	78904.5	99154.5	126123.5	161587.0	206480.5	264824.0	334127.0	412284.0	505711.5	615593.5	744993.5	889521.5	1041388.0	1200524.0	1365896.5	1571904.0	1888415.0	2186406.0	2331834.0	2329397.5	2262352.5	2231369.0	2239922.0	2285843.0	2333925.5	2361755.0	2371613.5	2368930.0	2357743.0	2345577.0	2324615.5	2214046.0	2036340.5	1871673.0	1715122.5	1563354.0	1416409.0	1282368.5	1157597.0	1039798.5	931631.0	832300.5	745702.0	662766.5	583671.0	514281.5	451155.5	395069.5	343492.0	297774.0	256304.5	217724.5	183196.0	155188.0	131576.0	109988.0	92048.5	78230.5	67348.5	58044.5	50789.0	45278.5	40874.5	36028.5	31989.0	30268.0	28978.5	28161.5	26363.0	24682.5	23592.0	22574.5	22017.5	21331.0	20849.5	20484.5	20316.0	20268.5	20207.0	20137.5	20126.5
MHW296_trimmed_clipped_R2_paired	81370.0	81513.5	81894.0	82389.5	82974.5	83816.0	85312.0	87239.5	89867.0	91935.5	94710.0	97817.0	99396.0	104330.5	110214.0	114556.0	119676.5	131471.0	145689.0	158403.0	174617.5	196506.0	225058.5	261198.0	306391.5	374250.0	453299.5	531341.5	625711.0	737041.0	867785.5	1014122.5	1168524.0	1327674.5	1492364.0	1699753.5	2015906.5	2311315.5	2456630.0	2459849.0	2399987.0	2374530.5	2384065.0	2429028.0	2479466.5	2508168.0	2518200.0	2518963.5	2513671.5	2509004.5	2515400.0	2425434.0	2243990.0	2078484.0	1918776.0	1764493.5	1618730.0	1484545.0	1358100.0	1240454.0	1132545.0	1032530.0	944132.5	860753.0	782003.0	711926.0	648950.5	592125.0	539801.5	492574.5	449985.5	411389.0	375878.5	346011.5	321829.0	307902.0	297466.5	282666.5	270781.0	260015.0	251121.0	244687.5	239193.0	239704.0	241036.0	237965.0	234903.0	233275.5	235989.0	238584.0	242747.5	247011.5	248829.0	253681.5	260843.0	264862.5	263978.0	263500.5	263017.0	262741.0	267217.5
MHW297_trimmed_clipped_R1_paired	13097.0	13212.0	13404.5	13523.5	13616.5	13787.5	14152.5	14703.5	15490.0	16210.5	17277.0	18568.0	19604.0	21756.5	24555.5	27379.5	31187.5	37500.5	45450.5	54689.0	67096.0	84022.5	106353.5	134947.5	170724.5	219516.0	276804.5	340801.0	417175.0	506986.5	615505.0	742020.5	885632.5	1044737.0	1218480.5	1385881.0	1521981.0	1640233.5	1736451.5	1801272.5	1859828.5	1919737.0	1974258.5	2027574.5	2083401.5	2126394.5	2152297.0	2161864.0	2159605.5	2158720.5	2158357.0	2054693.5	1868218.0	1709814.5	1561313.5	1422102.0	1299015.0	1191931.5	1086707.5	981928.5	884147.5	794727.0	716830.5	640440.5	566828.0	501732.0	442164.0	389699.5	342727.5	299298.0	260320.5	224575.5	191267.5	162337.0	137549.5	115787.0	97676.0	83520.0	71857.0	61760.0	53989.0	47838.0	42319.5	36674.5	32491.0	30358.0	28418.0	27226.5	25393.5	23651.5	22422.0	21376.5	20739.5	19936.5	19202.0	18568.0	18268.0	18156.5	18022.5	17879.5	17855.5
MHW297_trimmed_clipped_R2_paired	113949.0	114050.5	114322.5	114673.0	115040.5	115643.5	116936.5	118673.5	120982.0	122826.5	125476.5	128366.0	129852.0	134258.5	139212.5	142811.5	147285.5	157366.5	169430.5	180262.0	194006.5	212665.0	236968.0	266359.5	303053.5	359688.0	425716.0	490680.0	568956.5	661762.5	771902.5	901789.5	1048301.5	1207528.0	1379689.5	1547563.5	1687176.5	1805707.0	1904513.5	1971483.5	2028189.0	2088464.5	2144590.5	2198859.0	2252511.5	2293296.5	2319247.5	2329187.5	2327649.5	2340893.0	2358260.5	2248759.0	2049727.0	1886658.5	1734574.0	1593158.5	1467373.0	1359031.0	1253112.5	1145723.5	1046791.0	956720.5	876631.0	799291.0	726045.0	660913.5	600780.5	548467.5	501529.0	457307.0	419019.5	384707.0	351900.0	323379.0	299812.5	283827.5	271277.0	257453.5	246094.0	236922.0	229607.5	224453.5	219957.5	217454.0	216261.0	213553.5	210723.5	209274.5	208995.5	208622.5	209852.5	211160.5	210882.0	211739.0	214334.0	215746.0	215106.0	214839.0	214200.5	213939.5	221268.5
MHW298_trimmed_clipped_R1_paired	11685.0	11848.0	12078.5	12175.5	12241.5	12359.0	12699.0	13179.0	13778.5	14386.0	15387.5	16555.5	17473.5	19401.0	22006.0	24784.0	28401.5	34465.0	42034.0	50934.0	63322.0	79997.5	101541.0	130007.5	166554.5	214418.5	272145.5	336465.0	413054.5	504391.0	610563.0	727605.0	853184.0	984927.5	1123890.5	1294575.5	1544979.5	1783368.0	1908120.5	1928320.0	1899722.0	1887388.5	1904071.0	1956891.5	2010771.5	2044682.5	2063877.5	2075040.0	2083555.5	2098286.5	2110854.5	2013533.0	1839738.5	1692166.5	1549971.0	1410899.5	1281347.0	1163115.5	1053030.0	951024.0	855837.0	767794.0	693144.0	620260.5	547963.0	485252.5	430024.0	379225.0	330648.0	288491.5	248922.5	211230.5	177633.5	150211.5	126868.5	105075.5	87059.0	72532.5	61252.0	51985.0	44393.0	38984.5	34694.5	30346.0	26923.5	25209.0	23896.0	23076.0	21463.5	19981.0	19026.5	18142.0	17609.5	16951.0	16413.5	16003.0	15812.0	15738.0	15635.0	15513.5	15476.0
MHW298_trimmed_clipped_R2_paired	98084.0	98233.0	98558.0	98907.5	99333.0	99993.5	101177.5	102738.0	104923.5	106672.5	109127.5	111771.5	113002.5	117198.5	122152.5	125728.5	129975.5	139721.0	151425.0	162039.0	175682.5	193824.5	217451.5	247211.5	284237.0	341017.0	406497.5	471049.5	548842.0	640749.5	750410.5	871096.0	998468.0	1130832.5	1270226.0	1441848.0	1692994.5	1931569.0	2057519.0	2081298.5	2055467.5	2042574.0	2058663.0	2110488.0	2164131.5	2196672.5	2214886.5	2227660.0	2239214.0	2267046.5	2293932.5	2194596.0	2011330.0	1860044.5	1715844.0	1573354.0	1441176.0	1322266.0	1211298.0	1108265.0	1012363.5	924573.5	849264.0	776434.5	705627.5	643466.0	587964.0	536577.0	487963.5	444242.5	404188.5	367785.0	334553.0	306246.5	282456.0	263305.0	247761.5	233155.5	221581.5	211869.0	203899.0	198494.0	194099.5	191379.0	189525.0	186854.0	184204.5	182834.5	182002.5	181061.5	181598.0	182251.0	181547.0	181621.5	183464.0	184454.0	183766.0	183395.0	182796.5	182510.0	188188.0
MHW299_trimmed_clipped_R1_paired	13712.0	13879.0	14068.5	14142.5	14228.0	14358.5	14662.0	15118.5	15749.5	16388.5	17262.0	18282.0	19209.0	21023.0	23336.5	25954.0	29549.5	35181.5	42431.5	50956.0	62651.0	78407.5	98516.0	125696.0	160446.0	205013.0	258652.0	318488.5	390031.5	474882.5	574237.5	684147.0	799722.0	920763.5	1049026.0	1212030.5	1471857.5	1721342.5	1842651.0	1836697.0	1776660.0	1745561.0	1744267.0	1780737.0	1825314.0	1855155.0	1869869.5	1877321.0	1883112.0	1896202.5	1912495.0	1825058.5	1661862.5	1525138.5	1395468.5	1270571.0	1151642.5	1043149.0	943451.5	851662.0	765877.5	686321.5	620094.0	555953.0	492346.5	436387.0	386151.5	340286.0	297147.5	259183.0	223815.0	191234.5	162190.5	137309.0	116147.5	96913.5	80610.0	68200.5	58247.5	49698.0	43189.5	38222.0	34258.0	30449.5	27502.0	26084.0	24955.0	24311.5	22974.0	21700.5	20935.5	20250.0	19793.5	19184.0	18727.5	18409.0	18274.0	18266.5	18275.0	18285.5	18345.0
MHW299_trimmed_clipped_R2_paired	249545.0	249703.0	250013.5	250310.0	250592.0	250966.0	251885.0	253341.5	255470.5	257156.5	259563.5	262213.0	263439.5	267035.5	271399.0	274976.5	279226.0	288763.5	300175.5	310237.0	323000.5	340187.0	362673.5	390868.5	425554.5	479277.0	541416.0	601337.0	674230.0	759569.0	859742.5	971055.0	1087836.5	1208135.0	1335585.5	1498657.0	1753812.0	1998336.5	2121117.5	2121058.0	2064948.0	2033279.0	2032974.0	2071904.5	2114540.0	2142153.0	2157391.5	2167208.0	2177250.0	2198387.0	2178578.0	2046893.5	1877996.5	1739472.5	1610174.0	1483637.0	1366366.0	1261428.0	1162574.5	1068826.0	984413.0	906102.0	838523.5	779030.5	721352.0	666864.5	616738.0	571653.5	528047.5	488658.5	457664.5	429466.0	400491.5	375618.0	354628.5	342964.5	334239.0	321039.0	310372.0	305182.0	301585.5	299775.5	298870.0	299929.5	301966.5	299210.5	296336.0	294983.0	296184.5	297228.5	299428.5	301811.0	302245.0	304055.0	309087.5	313167.0	313913.0	315496.0	315098.0	315049.5	342456.5
MHW300_trimmed_clipped_R1_paired	14413.0	14580.5	14782.0	14809.5	14856.5	15050.5	15524.5	16095.0	16799.0	17491.5	18441.0	19681.5	20816.0	23077.0	25937.5	29033.5	33373.5	40147.5	48982.0	59656.5	73581.5	92326.0	117489.5	150833.0	193534.5	249083.5	314468.5	388081.0	476952.0	581232.5	701776.5	835276.0	977028.0	1123530.0	1275369.5	1459996.0	1729726.0	1981197.5	2106999.5	2116432.0	2081431.0	2073734.5	2092948.5	2141166.5	2187966.5	2214438.0	2223687.0	2226503.5	2222058.0	2218566.5	2210671.5	2104365.5	1925107.0	1763508.0	1610854.0	1464452.5	1328147.5	1203846.5	1086793.5	978407.5	877997.5	784636.5	702648.5	625739.5	551357.0	486241.5	428846.5	375043.5	325602.0	283200.0	243744.0	206762.0	174254.0	146915.5	123776.5	103160.5	85775.5	72013.5	60985.5	51649.0	44511.0	39219.0	34946.5	30590.0	27109.0	25410.5	24059.5	23143.5	21642.5	20293.5	19551.0	18863.5	18380.0	17838.5	17424.5	17079.5	16922.5	16886.0	16838.0	16735.5	16696.0
MHW300_trimmed_clipped_R2_paired	101254.0	101431.0	101786.5	102166.0	102647.5	103386.5	104774.5	106629.0	109280.0	111384.0	114309.5	117496.5	118838.5	123702.0	129577.0	133763.0	138875.5	150127.0	163455.5	175502.0	191129.0	212057.0	238677.0	272523.5	316412.5	380738.0	454151.0	528568.0	619997.5	725993.5	848339.5	984881.5	1128203.5	1276505.0	1429537.5	1612827.0	1881956.0	2134804.5	2262789.5	2277337.5	2242403.5	2233318.5	2253378.5	2299809.0	2347619.5	2374741.0	2383192.0	2384695.5	2382089.5	2388996.0	2403692.5	2306050.0	2121832.5	1959871.5	1803971.5	1656122.5	1520929.0	1397776.0	1277944.5	1166898.5	1067585.0	974727.0	893264.5	818204.5	745231.0	678460.5	618635.0	566039.0	517122.5	473106.0	433959.0	397598.5	364142.0	335709.0	312330.0	297103.5	285111.0	270684.0	258946.0	248939.5	240814.5	235113.5	230449.5	229754.5	229948.0	227099.0	224176.0	222590.0	223959.5	225256.0	228083.0	230981.0	231710.5	234428.5	239343.5	242134.0	241417.5	241119.5	240427.0	240046.5	246084.0
MHW301_trimmed_clipped_R1_paired	13223.0	13407.5	13641.5	13707.5	13777.5	13937.5	14312.5	14820.0	15525.0	16310.0	17319.0	18485.5	19534.5	21573.0	24357.0	27652.5	31743.0	38372.0	47387.0	57472.5	71052.0	90006.5	114365.5	146301.0	187145.5	240021.0	302936.5	374360.5	460198.5	560124.0	675567.5	805592.5	942134.0	1080238.5	1224268.5	1399804.0	1653131.0	1889888.5	2013098.0	2029991.0	2003221.0	1996997.0	2014576.0	2062981.0	2112575.5	2145172.0	2161272.5	2166697.5	2166651.5	2173539.0	2182184.0	2079136.0	1897361.0	1741904.5	1594453.0	1454246.0	1321375.5	1199874.0	1085305.5	979007.5	881945.5	791983.5	714328.0	640099.0	567613.5	503620.0	446585.5	394204.5	345549.5	302328.0	262576.0	225404.5	191282.5	162494.5	138149.0	116231.5	97641.0	82955.0	71065.0	60746.5	52406.5	45945.5	40661.0	35457.0	31305.5	29132.0	27338.5	26199.5	24465.5	22865.0	21785.5	20851.0	20220.0	19410.0	18720.0	18190.5	17968.0	17878.0	17711.5	17522.0	17462.5
MHW301_trimmed_clipped_R2_paired	123461.0	123671.5	124086.5	124478.5	124906.5	125529.5	126788.0	128551.5	130958.0	132844.0	135624.5	138614.0	139974.5	144625.0	150164.5	154250.0	159179.5	170244.0	183341.0	195134.5	210567.0	231238.5	257180.5	290390.0	332266.5	394391.0	466268.5	539059.0	627047.0	727747.0	845432.5	976621.5	1114801.0	1255939.0	1401391.5	1576646.5	1828135.0	2065389.5	2189748.0	2210106.5	2185696.5	2183271.0	2203509.0	2250153.0	2299459.0	2330913.5	2349455.5	2357638.0	2360373.0	2378117.5	2394681.0	2285820.0	2095388.5	1936018.0	1784234.0	1641939.0	1507995.0	1384728.5	1268200.5	1159267.5	1062053.0	972536.5	894727.0	822083.5	751212.0	685577.0	626476.5	574079.5	525215.0	479883.0	440528.5	404702.0	370602.5	342094.5	318331.0	300229.0	285644.5	270652.5	258236.5	248318.5	240707.0	235277.5	230661.5	227720.0	225818.5	222789.0	219739.5	218104.5	217362.5	216538.0	217388.5	218294.5	217611.0	217779.5	219887.0	221153.5	220557.5	220392.0	219814.0	219513.5	227664.0
MHW302_trimmed_clipped_R1_paired	14039.0	14169.5	14335.5	14381.0	14459.0	14619.0	14856.0	15248.0	15906.5	16569.5	17479.0	18503.0	19445.0	21411.0	23872.5	26677.0	30453.0	36309.0	44049.0	53303.5	65461.5	82171.0	103839.0	133294.0	171869.0	221170.0	278354.0	342967.0	421177.0	512092.5	618735.5	736950.0	861215.0	990754.5	1123166.5	1279941.0	1500224.5	1706399.0	1820908.5	1849734.0	1840871.0	1847548.5	1874197.0	1924805.0	1974039.5	2006275.5	2025386.0	2037336.5	2044867.5	2060295.5	2075576.0	1971196.5	1787309.5	1637250.0	1496473.5	1361434.5	1236407.5	1124559.5	1019281.5	919993.5	828663.5	745911.0	673081.5	603617.0	536639.0	475860.0	421898.5	372199.0	325822.5	285399.0	247734.5	212357.5	180690.0	153748.0	130539.5	109737.5	91806.0	77407.5	65740.5	56046.0	48387.5	42251.5	37277.0	32350.5	28449.0	26340.5	24574.5	23478.0	21834.5	20367.5	19443.5	18611.0	18029.0	17323.5	16690.5	16224.5	16056.0	15995.0	15919.5	15823.5	15800.5
MHW302_trimmed_clipped_R2_paired	106817.0	106951.0	107293.5	107712.0	108185.0	108780.5	109933.5	111583.5	113955.5	115847.0	118247.5	120837.0	122082.5	126225.5	131051.5	134731.0	139158.5	149040.5	161064.5	171792.0	185435.0	203502.5	227258.0	257788.0	296592.0	353791.0	419743.0	485170.5	564545.5	657504.5	765625.0	886371.5	1013219.5	1143353.5	1277022.5	1434716.5	1653442.5	1859986.0	1975618.0	2007698.5	2000022.0	2003724.5	2032937.5	2081869.5	2128349.5	2161627.0	2179337.0	2191878.0	2203900.5	2232602.0	2260742.5	2151788.0	1954606.0	1798171.0	1654704.0	1518708.5	1393333.5	1276281.0	1167059.5	1068367.0	977301.0	894185.5	821372.5	752629.5	685548.0	623975.0	569401.5	520850.5	474893.0	432775.5	395641.0	362042.5	330313.0	303308.5	281033.5	262681.0	247130.0	232662.0	221089.0	211355.5	203424.5	198077.5	193640.0	190102.5	187625.0	184696.5	181744.0	180153.0	178945.5	177708.0	177787.0	177917.0	177018.5	176589.5	177551.0	178038.5	177509.5	177318.0	176708.5	176451.0	183270.5
MHW303_trimmed_clipped_R1_paired	13727.0	13865.5	14048.5	14121.0	14217.0	14416.0	14835.5	15394.5	16135.0	16883.5	17909.5	19140.5	20179.0	22229.5	25024.5	28096.0	32234.5	38738.5	47161.0	57330.5	70871.5	89184.5	113170.5	145285.5	186033.5	238858.0	300874.5	371434.5	457249.0	556919.5	672459.5	798960.0	932945.5	1070974.0	1212230.5	1377096.0	1598609.5	1807597.5	1929230.0	1965218.5	1962716.5	1977987.0	2014608.0	2066990.5	2115740.0	2149077.0	2169734.5	2180236.5	2182015.0	2193569.5	2204537.0	2093067.0	1900883.0	1742499.5	1592254.0	1449072.5	1314450.0	1192826.0	1079170.0	971941.0	873677.5	784409.5	706574.0	630419.0	558221.0	494355.0	436197.5	383073.5	334758.0	292758.0	253467.5	216418.5	183325.5	156045.5	132343.5	110484.0	91675.0	76910.0	65508.5	56116.0	48447.0	42228.0	37256.5	32288.0	28228.0	26141.5	24451.0	23304.5	21630.0	20111.0	19113.5	18256.0	17704.0	17013.0	16479.0	16108.5	15958.5	15887.0	15719.5	15538.5	15499.5
MHW303_trimmed_clipped_R2_paired	87290.0	87448.0	87743.5	88128.5	88622.5	89258.0	90537.0	92268.0	94697.0	96664.0	99268.5	102102.5	103472.5	107866.0	113240.5	117352.5	122098.0	132567.0	145270.0	157143.5	172291.5	192283.0	217896.0	251292.5	293016.5	354057.5	424963.5	496439.0	583653.0	684589.5	801509.5	931725.0	1068305.5	1206074.0	1349072.5	1514563.0	1736565.0	1945673.5	2066979.0	2104197.0	2101878.5	2118567.5	2157104.5	2211560.5	2257493.5	2288911.5	2310731.5	2322497.0	2330979.0	2357331.0	2388084.0	2279326.0	2075272.5	1910440.0	1758693.5	1613400.0	1476474.5	1353421.0	1238497.0	1131126.5	1033589.0	942399.0	863239.5	788518.0	715696.5	651850.0	593137.5	539988.5	491920.5	448035.0	407717.0	370852.0	336999.0	309173.0	286146.0	265786.5	248585.0	233545.0	221501.5	210709.5	201920.0	195611.0	190044.0	185840.5	182707.0	179485.5	176352.5	174643.0	173573.5	172419.0	172909.0	173481.0	172586.0	172395.5	174005.5	174855.5	174031.0	173583.5	173022.5	172708.5	177007.5
MHW304_trimmed_clipped_R1_paired	14431.0	14487.0	14616.0	14723.5	14897.0	15218.5	15806.0	16632.0	17708.0	18696.5	19922.5	21325.5	22412.0	24917.0	28155.0	31146.0	35083.5	41983.0	50959.0	61835.5	76897.5	96491.0	121760.5	154202.0	195967.5	249973.5	315217.5	392558.5	482384.5	584034.0	699133.5	821918.5	946992.0	1072492.0	1198906.0	1329302.5	1458646.5	1583218.0	1697917.5	1795658.0	1881777.5	1960842.0	2026710.5	2083973.0	2136497.5	2171075.5	2186746.5	2191253.5	2185401.0	2181723.0	2162176.0	2036752.5	1853759.0	1704461.5	1563571.0	1423421.5	1287434.0	1163194.0	1054147.0	958528.5	872870.0	791762.0	711817.0	629711.5	552717.5	486944.0	427979.0	373552.0	324281.0	280190.5	240366.0	205220.5	174915.0	149029.0	126114.0	104575.5	87563.0	75055.5	64212.0	54911.5	47507.0	41736.5	37171.0	32246.5	28284.0	26390.5	24882.0	23847.5	22135.0	20591.5	19570.0	18639.5	18022.0	17354.5	16865.5	16450.5	16256.0	16170.5	16001.0	15850.0	15844.0
MHW304_trimmed_clipped_R2_paired	93360.0	93405.5	93604.0	94000.5	94546.5	95322.0	96857.5	98995.0	101893.0	104231.0	107075.5	110054.5	111432.0	116207.5	121966.5	125902.5	130572.0	141134.5	154025.5	166225.5	182229.5	203641.5	231010.0	265350.5	307591.0	367777.0	441082.0	519565.0	612343.0	715876.0	833849.0	959881.5	1085542.0	1213597.5	1340158.5	1467726.0	1599093.0	1725146.0	1838421.5	1938515.0	2025851.5	2102649.5	2171268.5	2228630.5	2278303.5	2313160.5	2329332.5	2334516.5	2335128.5	2346166.5	2337629.5	2211288.0	2021579.5	1866423.0	1721010.5	1579849.0	1443377.0	1316456.5	1205203.0	1109267.5	1022188.5	939748.5	859115.0	776331.0	700164.5	634579.0	574309.0	520589.5	471765.0	426325.0	385884.0	350659.5	319199.0	292317.0	269880.0	249739.5	233376.5	220604.5	209704.5	199990.0	192170.5	186539.5	181860.0	178012.0	175195.0	172485.0	169730.0	168188.5	167198.0	166152.0	166420.5	166771.0	166019.5	166045.0	167775.5	168733.0	168146.0	167827.0	167217.0	166898.5	172216.0
MHW305_trimmed_clipped_R1_paired	13840.0	13963.0	14154.0	14234.0	14328.0	14492.0	14813.5	15277.0	15978.0	16729.5	17736.5	18915.5	19876.5	21895.0	24692.5	27502.5	31237.5	37965.5	46378.0	55859.0	68349.0	85610.5	108718.0	138903.0	177276.5	226982.0	285167.0	350933.0	430256.0	523727.0	630835.0	747520.0	870480.5	999424.5	1133076.0	1286051.0	1490016.0	1678217.5	1782583.0	1816053.5	1823167.5	1841883.0	1874769.5	1925461.0	1971828.0	2004660.5	2025503.5	2036664.5	2043021.5	2058085.0	2075635.5	1972173.0	1787744.0	1637217.0	1497431.5	1367963.5	1246886.5	1134219.5	1029851.0	932969.5	843273.0	761508.0	689282.5	621285.5	554361.0	494428.0	440701.0	391499.0	346185.0	305123.5	266838.5	230888.0	198723.5	171194.5	147741.0	125768.5	106367.0	91027.0	78530.5	67636.0	58889.0	51900.5	45808.5	39408.5	34346.0	31657.5	29232.5	27646.5	25617.5	23797.0	22481.5	21342.0	20586.5	19598.0	18647.5	17883.5	17518.5	17398.0	17260.0	17057.0	16988.0
MHW305_trimmed_clipped_R2_paired	96206.0	96342.0	96670.0	97045.5	97464.5	98047.0	99152.0	100687.0	102948.0	104773.0	107282.0	110004.5	111313.0	115556.5	120683.0	124441.5	128730.0	138611.5	150478.5	161537.5	176081.5	195349.0	219543.0	250676.5	290326.0	347525.0	414135.0	481028.0	562179.5	657274.5	766622.5	886528.5	1012285.0	1142334.0	1275978.5	1427620.5	1633132.5	1824689.5	1930409.0	1964713.5	1971155.5	1991332.5	2025353.0	2074298.0	2119179.0	2149974.0	2169280.0	2181360.0	2193217.5	2222553.5	2252907.0	2143167.0	1945350.5	1789788.0	1645030.5	1508927.0	1382256.0	1268364.5	1162415.5	1061618.0	968751.5	884844.0	811354.5	742078.0	674855.0	613679.5	558505.0	508550.0	463110.0	421698.0	384385.0	351036.5	319652.5	293050.0	271170.0	251914.5	235770.5	221752.0	210264.0	200644.0	192981.0	187456.0	182841.5	179303.0	176685.5	173930.5	171080.0	169502.0	168592.5	167709.5	167924.5	168202.5	167479.0	167399.5	168828.5	169544.5	168908.5	168633.5	168132.0	167843.5	173569.0
MHW306_trimmed_clipped_R1_paired	11434.0	11576.0	11764.0	11848.5	11914.5	12066.0	12423.5	12912.5	13620.5	14257.5	15164.5	16273.0	17203.0	19080.5	21601.0	24473.5	28063.5	33950.0	41957.0	51439.0	63795.0	80259.0	102127.0	131466.0	168354.5	216430.0	274328.5	338877.0	415736.5	506839.5	612966.0	729882.5	853220.5	981669.0	1113895.5	1267720.5	1485892.5	1692133.0	1802345.0	1825701.0	1813995.0	1817802.0	1842175.5	1892979.0	1941210.5	1972080.0	1989285.5	1999251.5	2006787.5	2021483.5	2037508.0	1936129.5	1755583.0	1608144.5	1469815.5	1340168.5	1217510.0	1105871.0	1001850.5	904219.0	815497.0	734002.5	662961.5	595069.0	528455.0	468175.5	414584.5	365834.5	320607.5	280042.0	242049.0	207571.5	176677.0	150158.0	127266.5	106202.0	88580.0	74756.5	63815.0	54425.0	46641.5	40745.5	36028.0	31139.5	27270.5	25277.0	23656.0	22678.5	21129.0	19677.0	18652.0	17720.0	17134.0	16418.0	15752.5	15243.0	15021.5	14918.0	14799.0	14684.0	14671.0
MHW306_trimmed_clipped_R2_paired	90434.0	90579.5	90939.5	91298.0	91675.5	92267.5	93406.0	94936.5	97005.5	98735.5	101223.0	103816.0	105054.5	109212.0	114101.5	117742.0	122140.5	131916.0	143600.0	154394.5	167951.5	186162.5	210002.0	240482.5	279069.0	335245.5	400188.0	465411.5	543977.0	636895.5	746692.0	866353.0	991693.0	1121422.5	1252982.0	1409028.0	1627632.0	1832909.5	1943740.5	1968228.5	1954844.5	1959199.5	1988729.0	2037581.5	2082207.5	2112065.5	2130695.0	2143588.0	2153691.5	2180497.0	2212607.5	2109145.0	1916576.5	1764839.0	1623189.5	1488468.5	1364774.5	1250540.0	1143373.0	1045511.0	955850.0	873308.5	801195.0	733306.0	667800.0	607280.0	552915.0	504261.0	458288.5	417523.5	380697.5	346886.5	315998.0	289314.0	266944.0	248448.5	232862.5	219059.5	208009.0	198354.0	190542.5	185066.5	180305.0	176894.0	174601.5	172024.0	169261.0	167713.5	166801.5	165809.0	166082.0	166366.5	165510.0	165550.0	167290.5	168166.5	167568.5	167312.0	166790.5	166522.0	171975.5
MHW307_trimmed_clipped_R1_paired	17528.0	17709.5	17964.0	18075.5	18177.0	18285.0	18569.5	19066.5	19786.5	20490.0	21551.5	22835.5	23799.0	25977.0	29048.0	32162.5	36325.0	43315.5	52160.5	62745.5	76722.0	95519.0	120340.0	153348.0	195783.5	251369.5	315838.0	389218.0	477791.5	580499.0	700560.0	833308.5	974719.5	1122090.0	1276515.0	1464301.5	1744636.0	2012207.0	2141888.5	2140692.5	2097692.0	2091967.5	2116843.5	2172006.5	2227818.0	2266609.5	2287924.0	2299723.5	2309204.0	2334905.5	2370104.5	2253543.5	2031993.5	1855014.5	1688610.5	1536100.5	1399719.0	1272971.0	1152149.0	1042417.5	940226.5	844143.0	761172.5	682965.0	607096.5	538697.0	477036.5	421119.0	369903.5	324017.0	281938.0	242134.0	205109.5	174100.0	148337.5	124359.0	103477.5	87316.0	74169.0	63074.5	54361.5	47717.5	42456.5	37305.5	33307.5	31361.0	29777.0	28751.5	26908.5	25228.0	24140.5	23161.5	22556.0	21777.0	21101.5	20602.0	20410.5	20380.0	20407.5	20409.0	20432.5
MHW307_trimmed_clipped_R2_paired	249177.0	249380.5	249744.0	250045.0	250391.5	250923.5	252032.0	253696.5	256210.5	258217.5	261033.0	264073.5	265480.0	269890.5	275314.0	279497.0	284400.5	295428.5	308719.0	321113.0	336782.5	357372.0	384367.0	418856.5	461952.0	525974.5	600036.5	673434.5	762264.0	867029.5	989303.5	1124323.0	1266109.5	1412638.0	1565601.5	1754251.5	2034136.5	2297741.0	2429495.5	2433578.5	2392406.0	2387619.5	2412419.0	2466690.5	2521085.5	2558348.5	2579259.0	2593937.5	2611801.5	2654948.0	2658385.0	2488868.5	2254940.0	2073473.0	1905906.0	1752902.0	1615027.5	1487395.5	1365670.5	1253926.5	1151705.5	1057477.0	975055.5	901500.5	830884.0	762949.5	701245.0	645470.0	594068.5	546713.5	507606.5	472444.0	435939.5	404955.0	379243.5	358482.0	341237.5	324920.5	311314.5	302898.0	297024.0	293936.0	292008.5	289199.0	287416.5	284168.5	280946.5	279316.5	277040.5	274657.5	273938.5	273378.0	271720.0	269800.5	269648.0	269920.0	270021.5	270826.0	270433.0	270740.0	292803.5
MHW308_trimmed_clipped_R1_paired	11343.0	11478.0	11650.0	11751.0	11879.0	12009.5	12223.0	12548.5	13106.0	13665.5	14426.5	15298.5	16073.0	17837.0	20110.0	22545.0	25841.5	31017.0	37797.0	46012.0	56749.0	71170.0	90481.5	116178.0	148584.5	190360.0	239637.5	295248.5	361453.0	440821.5	533415.5	634369.5	741310.0	852789.5	968655.0	1108015.0	1314480.0	1507940.5	1605968.5	1611528.0	1579787.5	1578064.0	1601502.0	1642779.5	1683579.5	1711135.5	1726569.5	1732810.5	1735408.5	1745646.5	1752334.5	1667415.0	1518187.0	1388522.0	1266507.0	1152161.5	1044916.5	948795.0	857894.5	772641.5	694919.0	623204.0	559922.0	499289.5	441763.5	390733.0	344283.0	302140.5	264662.5	231200.0	199378.5	169513.5	143051.5	121123.5	102549.5	85928.0	71466.5	60005.5	51191.5	43592.0	37314.0	32550.0	28673.5	25010.0	22102.0	20605.0	19465.5	18707.5	17477.5	16361.0	15654.5	14985.5	14578.5	14139.5	13760.0	13445.0	13320.0	13281.0	13215.5	13127.5	13105.0
MHW308_trimmed_clipped_R2_paired	86889.0	87044.5	87378.0	87721.0	88063.5	88545.0	89538.0	90945.0	92897.0	94434.0	96618.0	99021.0	100151.0	103760.5	108025.0	111165.0	114976.0	123734.5	134098.0	143162.5	154743.5	170486.0	191302.5	217681.0	250831.5	299613.0	355397.5	411955.0	480063.5	560227.5	653851.5	757054.5	865694.0	978329.5	1094110.5	1233936.5	1439677.0	1633945.5	1732815.0	1739865.0	1713524.5	1709943.5	1729819.0	1771669.0	1812270.0	1838463.5	1851798.0	1860726.5	1868311.0	1887446.0	1905898.0	1819613.5	1663223.0	1532625.5	1408996.5	1291230.0	1184123.0	1087618.5	995121.0	909543.0	832840.5	760589.5	696762.0	637974.0	580984.0	529882.5	483859.0	442541.5	404603.5	369998.0	339093.5	310919.0	284197.0	261198.0	241987.0	228079.0	216960.5	204868.0	194949.5	187009.0	180631.0	176041.0	172127.0	170148.5	169067.5	166704.0	164311.0	163019.0	162962.0	162866.5	164022.5	165226.0	165163.5	166012.0	168186.0	169378.0	168856.0	168687.5	168151.5	167824.0	172922.0
MHW309_trimmed_clipped_R1_paired	11523.0	11697.0	11878.0	11922.5	12007.5	12151.0	12467.0	12950.0	13617.5	14276.0	15088.5	16078.5	17053.0	18849.0	21158.0	23816.5	27387.0	33244.0	40833.5	49746.5	61882.5	77773.5	98873.5	126520.5	161345.5	207244.5	262143.5	324122.5	397739.5	483796.5	584305.0	694833.5	812162.0	933296.0	1059377.0	1216170.0	1449061.0	1667346.5	1774254.5	1778741.5	1741274.0	1727812.5	1741941.5	1783606.5	1825587.0	1851714.0	1867817.0	1876430.0	1881907.5	1894269.5	1903043.0	1811332.5	1649064.5	1512591.0	1383565.5	1260217.5	1144375.0	1038498.5	940462.0	848792.5	764641.0	687661.0	620629.0	556894.0	495261.0	439623.0	389322.5	343988.5	302035.5	264994.0	230251.0	197582.5	168426.5	144122.5	122949.5	103783.0	87555.5	74427.5	63991.5	54785.5	47378.0	41737.0	37053.0	32180.5	28394.0	26288.5	24489.0	23381.5	21832.0	20447.0	19475.5	18613.0	18066.0	17385.0	16781.5	16318.0	16108.0	16026.0	15885.0	15710.5	15660.5
MHW309_trimmed_clipped_R2_paired	108202.0	108361.0	108705.5	109088.5	109490.0	109960.0	110949.0	112446.5	114521.0	116111.5	118402.0	120873.0	121997.0	126115.5	130927.5	134357.5	138662.5	148159.0	159295.5	169448.0	182718.5	200468.0	222994.0	251569.0	287898.0	342283.0	404378.0	465852.0	541132.5	628922.5	731966.0	846043.5	963586.5	1084850.5	1214020.5	1371513.0	1602949.5	1819963.0	1929071.0	1938620.0	1903522.5	1890871.0	1905539.5	1947489.0	1988621.0	2013704.0	2029324.0	2039448.0	2047481.5	2069076.5	2087068.0	1990327.5	1820667.5	1678780.5	1545016.0	1419555.5	1302315.0	1195442.0	1095452.0	1002179.0	919600.5	842370.5	773534.5	710423.0	648948.5	591895.5	541125.5	496671.5	454181.0	415405.5	381190.5	350034.5	321115.0	296839.0	276618.5	262106.5	249885.0	236584.5	225826.5	216987.0	210002.0	205064.5	200999.5	198771.0	197395.5	194703.5	191966.0	190453.0	190047.0	189547.0	190538.5	191640.5	191186.0	191603.5	193753.0	194997.5	194378.0	194139.0	193586.5	193393.0	200655.5
MHW310_trimmed_clipped_R1_paired	12862.0	12956.0	13136.5	13261.5	13342.5	13456.5	13752.0	14145.5	14734.5	15384.5	16253.5	17226.5	18076.5	19821.0	22054.5	24565.0	27732.5	33020.0	40207.0	48467.5	59648.0	74363.0	94027.0	120759.0	154590.5	197762.0	248891.5	307919.0	378213.0	459984.5	556471.5	662957.5	776131.0	894585.0	1019691.5	1179590.0	1424888.0	1657974.5	1770322.5	1765436.5	1717525.5	1702364.0	1719486.0	1765724.5	1810901.0	1840504.0	1858458.5	1870777.5	1881761.0	1900030.5	1918364.5	1828651.0	1660735.5	1517660.5	1382680.0	1259540.0	1147227.0	1043251.5	945872.0	856142.5	772789.0	694491.0	626874.0	563137.0	499766.5	443979.5	394323.0	349010.0	307237.5	268906.0	234016.5	201713.0	171887.5	146561.5	125068.0	105629.0	88593.0	75001.5	64093.5	54801.5	47418.0	41406.0	36373.0	31500.0	27648.5	25562.5	23776.5	22515.0	20898.0	19489.5	18500.5	17646.5	17138.0	16486.5	15867.5	15386.0	15191.5	15106.0	15006.5	14925.5	14930.0
MHW310_trimmed_clipped_R2_paired	97772.0	97923.5	98265.5	98606.0	98929.0	99410.0	100432.5	101831.0	103898.5	105571.0	107711.5	110029.0	111148.5	115035.0	119708.5	123085.5	127019.5	136016.5	146640.0	156290.0	168771.0	185198.0	206211.5	233763.5	268805.0	320820.5	380854.5	438795.0	510077.0	594744.0	693747.0	803638.5	918090.5	1036311.5	1160687.5	1319380.5	1565118.5	1798747.0	1910334.0	1909107.5	1864202.5	1848376.5	1865647.0	1910243.5	1953121.5	1983452.0	2001733.5	2014332.5	2027703.5	2059898.0	2093982.0	1993956.0	1811364.5	1664415.5	1526869.0	1401008.0	1285878.0	1179905.0	1080097.5	988322.5	904434.0	827525.5	760394.5	696988.0	634997.0	578025.5	526415.5	481263.5	439339.5	401236.0	367607.5	336482.5	307808.5	283308.0	262117.5	245243.0	231788.5	218625.0	207681.5	198978.0	191838.5	186712.5	182493.0	179377.5	177175.0	174419.0	171551.0	169936.0	169040.5	168135.0	168684.0	169257.5	168604.5	168640.5	170132.5	171045.0	170790.5	170832.5	170289.5	170017.0	177216.5
MHW311_trimmed_clipped_R1_paired	17896.0	17820.0	17435.5	16973.5	16703.5	16516.5	16430.0	16506.5	16800.5	17086.0	17592.0	18157.0	18481.0	19370.0	20556.5	21787.5	23436.5	26096.5	29422.0	33521.5	39257.5	46796.5	56438.5	69543.0	87247.5	109945.5	136448.5	167634.0	206533.5	253109.5	308165.5	370154.5	438038.5	513264.5	598262.0	712318.0	898387.5	1076425.5	1161456.0	1180066.0	1181713.0	1203597.0	1245836.5	1311700.0	1381755.5	1444480.5	1504654.5	1570089.5	1646933.0	1743433.0	1834987.0	1777124.0	1610696.5	1472182.0	1340384.0	1214613.5	1104059.5	1006839.0	915760.5	834135.0	762342.5	694019.0	636002.0	580154.5	522734.5	471183.0	423696.0	380160.0	338162.0	298839.0	262152.0	225830.0	191382.0	162759.5	137324.0	113114.5	92278.5	75474.0	61992.0	51111.5	42465.0	35765.0	30514.5	25771.0	22110.0	20131.5	18686.5	17696.0	16207.5	14893.0	14049.0	13320.0	12862.5	12325.5	11900.5	11584.0	11412.5	11327.0	11155.5	10968.0	10909.0
MHW311_trimmed_clipped_R2_paired	34551.0	34584.5	34730.5	34936.5	35230.5	35706.0	36582.5	37721.0	39125.5	40196.5	41785.0	43452.0	44091.5	46628.0	49471.5	51072.0	53003.5	58743.5	65349.0	70461.0	76819.0	85209.5	96058.5	110435.5	128495.0	156895.0	190054.0	221406.0	261040.5	308616.0	365856.0	430896.5	498837.0	573574.5	659936.0	775142.5	961101.5	1137216.0	1222236.5	1242897.5	1243899.5	1265126.0	1307745.0	1369930.5	1439205.0	1502815.0	1562916.0	1630761.5	1712599.0	1828487.5	1948326.0	1890348.0	1703550.5	1553510.5	1417888.5	1291664.0	1179054.0	1082480.0	993682.0	912306.0	840666.0	773149.0	715188.0	660088.0	604270.0	554095.0	506980.0	463044.0	420548.0	381829.5	344947.0	308460.0	274526.5	245272.5	219766.5	196718.0	176957.5	160218.0	146673.0	134449.5	124442.0	116803.5	110344.5	104621.0	100199.5	97435.5	94882.5	93343.0	91131.0	88998.5	88096.5	87256.5	86196.5	85257.0	85285.5	85130.5	84264.0	83494.0	82671.5	81994.0	81854.0
MHW312_trimmed_clipped_R1_paired	16385.0	16515.5	16727.0	16881.0	17008.0	17210.0	17707.0	18380.0	19333.5	20251.5	21456.5	22807.0	23961.0	26439.5	29724.5	33436.0	38016.0	45381.0	55588.5	67919.5	84029.0	105621.0	133770.0	170560.5	217960.5	278144.0	349585.0	431532.0	529819.0	644899.5	775906.5	919337.5	1071098.0	1226871.5	1388723.0	1588753.5	1868943.0	2122637.0	2246073.0	2257153.5	2224967.5	2220151.0	2245936.5	2295979.0	2341049.5	2363934.0	2371386.0	2367084.5	2353460.0	2341698.5	2318546.0	2194333.5	2003064.5	1828422.5	1663713.5	1511411.0	1370192.0	1240636.0	1117608.5	1003306.5	898811.0	802715.0	718343.0	638035.5	560147.5	492838.0	431503.5	375728.0	325645.5	281184.5	239964.0	201851.5	168419.5	140428.0	117116.0	95430.5	77339.5	64057.0	53534.5	44968.0	38888.0	34539.0	31055.0	27515.0	24789.5	23705.5	22774.0	22128.0	20922.5	19817.0	19099.0	18376.5	17839.0	17277.0	16852.5	16514.0	16360.5	16302.5	16122.0	15875.5	15788.0
MHW312_trimmed_clipped_R2_paired	60855.0	61033.0	61508.5	62114.5	62796.0	63704.0	65357.5	67605.0	70559.0	72830.5	76103.0	79669.5	81277.0	86439.5	92571.0	97239.5	103052.0	115292.0	129996.0	144266.5	162334.5	185524.0	215086.5	253596.5	302470.0	370398.0	450005.5	533205.0	633590.0	748451.5	881572.5	1030264.0	1184856.0	1340343.0	1502887.0	1702944.5	1983059.5	2236882.0	2359232.5	2370706.0	2338342.5	2332092.0	2357854.0	2406972.0	2451738.5	2478235.5	2485311.0	2480150.5	2474180.5	2480538.0	2488426.0	2374369.0	2169389.0	1989367.5	1820197.0	1664592.0	1524679.0	1394408.5	1269139.0	1156277.0	1052851.5	956349.0	870587.0	790167.5	713579.5	645072.0	582982.5	528040.0	478160.0	432622.5	390895.0	352673.5	318957.0	290275.5	266118.5	246788.0	231727.0	218080.0	206824.0	196800.5	188869.0	183255.5	178546.5	176316.0	174919.5	172708.0	170409.5	169185.0	169335.0	169446.5	171108.5	172789.5	173022.5	174407.5	177064.0	178414.0	177470.5	176685.0	175883.0	175271.5	175232.0
MHW313_trimmed_clipped_R1_paired	13510.0	13606.0	13773.0	13869.0	13940.5	14107.5	14469.0	14918.0	15516.0	16132.5	17046.0	18064.5	18910.0	20777.5	23187.0	25767.5	29100.0	34592.0	42026.5	50791.5	62697.0	79254.0	100640.5	129012.5	165384.0	211932.5	267295.0	330294.5	406644.0	496650.0	599420.5	712470.0	833750.0	960455.5	1091445.0	1251799.0	1481937.0	1690036.0	1792250.5	1802942.0	1778370.5	1779192.0	1804220.0	1850521.5	1891678.0	1915403.5	1926119.5	1925967.0	1920696.5	1913217.5	1891804.5	1794047.0	1647089.0	1510576.5	1378167.0	1256438.5	1142653.0	1036076.5	934854.5	840255.0	753529.0	675238.5	604452.0	536041.0	472498.5	416025.5	364593.5	318487.0	276056.5	238525.0	204952.0	173036.0	144068.0	120258.0	99790.0	81365.0	66475.5	55203.5	46236.0	38912.0	33248.5	29093.5	25981.0	22904.0	20523.0	19483.0	18685.5	18180.0	17159.0	16173.0	15562.5	15026.5	14662.0	14219.5	13882.0	13599.5	13459.5	13414.5	13268.0	13081.5	13014.5
MHW313_trimmed_clipped_R2_paired	46617.0	46717.5	47028.5	47462.0	47926.0	48582.5	49866.5	51543.0	53844.0	55635.5	58082.5	60768.0	61950.5	66025.5	70871.5	74322.0	78405.0	87363.0	98356.0	108965.0	122117.0	139660.5	162582.5	191648.0	228483.0	280974.5	342343.5	406142.0	483977.0	574870.5	679561.5	795247.5	917061.5	1043562.5	1175227.5	1336860.5	1567832.5	1775970.0	1878357.5	1889163.5	1864006.0	1866780.0	1893974.0	1936704.5	1975911.0	2000262.5	2012110.0	2013608.0	2011155.0	2014377.0	2017343.0	1930162.5	1773966.0	1635693.0	1503499.5	1377615.5	1260277.5	1154662.0	1054535.5	960367.0	872919.5	792674.0	722420.0	655537.0	591439.0	533602.0	481402.5	435982.0	394213.5	355642.0	321085.5	288884.5	259940.5	235820.0	215567.0	199349.5	186304.0	174509.0	164740.5	155822.5	148962.5	144045.0	139741.5	137588.0	136285.5	134361.0	132324.0	131298.0	131251.5	131154.5	132462.5	133752.5	133865.0	134943.5	136909.5	137843.5	137046.0	136312.5	135661.5	135213.5	135183.5
MHW314_trimmed_clipped_R1_paired	12996.0	13100.5	13273.0	13364.5	13469.5	13641.0	13994.5	14478.0	15164.0	15883.5	16842.0	17886.0	18814.0	20783.5	23301.5	26027.5	29728.0	35573.5	43310.5	52743.5	65116.0	81777.0	104577.0	134337.0	172231.0	220657.5	276643.0	341224.5	418730.5	508991.5	613721.5	725077.5	843564.0	969518.0	1100065.5	1267113.0	1511976.0	1728224.0	1821352.5	1818475.0	1781112.5	1769234.5	1784461.5	1820079.5	1855581.0	1878062.0	1887756.0	1887998.5	1882013.5	1876075.0	1856159.5	1755973.0	1607947.5	1475617.0	1349397.0	1229267.5	1114713.0	1009970.0	911312.5	819456.5	735163.5	658119.5	589929.5	524400.0	461507.0	405757.5	355322.0	308822.0	266874.5	231169.5	199247.0	169395.5	142104.5	119469.0	100414.0	82984.5	68410.5	57051.0	48019.0	40747.0	34976.0	30548.0	27261.0	23910.0	21149.5	19854.0	18905.0	18297.0	17201.0	16213.5	15490.0	14831.5	14378.5	13791.0	13399.0	13125.5	13005.5	12956.0	12820.5	12642.0	12579.0
MHW314_trimmed_clipped_R2_paired	45101.0	45197.5	45461.5	45845.0	46320.0	46943.0	48167.0	49884.0	52027.5	53676.0	56067.0	58664.0	59922.5	63828.0	68481.0	72135.5	76565.5	85667.5	96710.5	107395.0	121010.0	139160.0	163118.0	194085.5	233425.0	286926.0	348981.0	414405.5	493160.0	584631.0	689215.0	804993.0	925706.5	1050852.0	1182011.5	1350240.5	1596908.0	1810787.5	1905036.5	1902366.5	1862605.5	1851689.0	1865649.0	1901509.0	1937953.5	1959363.0	1968352.5	1969781.0	1969004.0	1972939.0	1975980.5	1886535.0	1730700.0	1594860.5	1466981.0	1345740.0	1228619.5	1123376.5	1023832.5	930926.0	847671.5	769162.5	699935.0	635362.0	572666.5	516986.5	466540.5	420964.0	379973.0	343543.0	310208.5	279525.0	251977.0	228421.0	209180.0	193848.0	180986.5	169299.0	159731.5	150936.5	143605.5	138353.0	134037.5	131557.5	129877.0	127821.0	125755.5	124648.0	124333.5	123994.5	124918.0	125883.0	125861.0	126732.5	128528.5	129352.5	128597.0	127918.0	127236.5	126764.5	126747.5
MHW315_trimmed_clipped_R1_paired	13087.0	13177.0	13360.5	13498.5	13616.5	13823.0	14195.0	14683.5	15441.0	16112.5	17038.5	18176.5	19042.5	20969.5	23533.5	26236.0	29791.0	35518.5	42833.5	51449.5	62992.0	78392.5	98675.5	125591.0	159899.0	203901.0	255618.0	314907.5	385902.0	470094.5	566056.5	670403.5	781276.5	895336.5	1016091.5	1169553.0	1397701.5	1602845.0	1692397.5	1687798.5	1649014.5	1642321.5	1664896.5	1703107.0	1739850.5	1765300.0	1777110.5	1778165.5	1771166.5	1766651.5	1750745.5	1655079.0	1511215.5	1384251.5	1263292.5	1148437.0	1041951.0	944477.5	853573.0	766647.0	687658.5	616563.0	552936.0	491567.0	433258.5	383068.0	336685.0	294457.5	257003.5	223139.0	191585.0	162574.0	136976.0	115504.0	97212.5	80834.5	66499.0	55275.5	46705.5	39645.0	34155.0	29916.0	26585.5	23192.5	20468.5	19257.0	18350.5	17785.0	16591.0	15489.0	14811.5	14164.5	13732.0	13175.0	12750.0	12497.5	12406.5	12351.5	12231.5	12058.5	11982.5
MHW315_trimmed_clipped_R2_paired	41335.0	41425.5	41714.0	42158.5	42666.5	43244.0	44361.5	45926.5	47888.5	49399.0	51569.0	53930.5	55052.5	58729.5	63237.0	66700.0	70786.5	79076.5	88958.0	98910.0	111768.0	128341.0	150271.5	178107.0	212600.0	260730.5	316884.0	377307.5	450288.5	534475.0	630889.0	737931.0	851108.5	966135.0	1086007.5	1240734.5	1467948.5	1668612.5	1759245.0	1755493.0	1718424.5	1712796.5	1733533.5	1772476.5	1809032.5	1832890.0	1844394.0	1847483.0	1847868.0	1854255.0	1853627.0	1761885.5	1610431.0	1479045.0	1354917.0	1238723.0	1130881.5	1032884.5	939915.0	853250.0	774818.0	703697.5	640880.0	580232.5	521146.0	469588.5	423934.0	382925.5	344892.5	309895.0	277598.0	247871.5	222611.0	200920.0	182476.5	166343.0	152517.0	141408.5	132230.0	123680.5	116640.5	111440.0	107281.5	103873.0	101173.0	99346.0	97585.5	96604.0	95782.0	94929.5	95116.0	95359.5	94987.0	95001.5	95819.0	96167.0	95481.0	94849.0	94228.0	93749.5	93679.0
MHW316_trimmed_clipped_R1_paired	12478.0	12579.5	12763.5	12895.0	12991.5	13172.0	13547.5	14043.0	14727.0	15353.0	16178.0	17180.0	18077.0	19891.5	22175.0	24793.0	28267.5	33849.5	41215.0	50022.5	61675.5	77138.5	97442.5	125014.0	159750.0	203194.5	255427.5	315685.5	386949.0	469832.5	564099.5	667319.0	777227.0	889931.0	1006442.0	1142157.0	1318353.0	1478949.5	1568375.0	1595661.0	1596708.0	1606771.5	1631277.5	1668243.0	1699147.0	1719412.5	1726323.0	1720251.0	1708953.5	1698287.0	1675888.5	1584547.5	1450367.5	1329114.5	1213407.0	1102755.5	999186.5	905666.0	816826.0	734143.5	659342.0	590067.0	529828.0	472256.0	416162.5	366043.5	321190.5	280693.5	244323.5	211774.0	181917.0	154556.0	129718.0	108901.5	91314.0	75349.0	61522.5	50869.0	42576.5	36129.5	31003.0	27106.5	24190.0	21170.0	18797.5	17773.0	17029.0	16583.0	15574.5	14609.0	14013.5	13473.5	13131.0	12695.5	12352.5	12084.0	11941.0	11880.0	11745.5	11577.0	11519.5
MHW316_trimmed_clipped_R2_paired	42410.0	42524.5	42818.0	43173.5	43613.0	44306.0	45581.5	47189.0	49218.0	50827.5	53132.0	55601.0	56761.5	60440.0	64697.0	67905.5	71871.5	80270.0	90717.5	100745.0	113295.0	130714.0	153120.0	180609.0	215844.5	265021.0	322593.5	383708.5	456442.5	540526.0	636701.5	741920.5	852464.0	965222.5	1082234.5	1218309.5	1393947.0	1553472.5	1642078.0	1669266.5	1670630.0	1681672.5	1705621.0	1741380.5	1772585.5	1792205.0	1798876.5	1793502.0	1786245.5	1786423.0	1785100.5	1701205.0	1558337.5	1433279.0	1314575.5	1202769.5	1098950.0	1005062.5	915173.5	831863.5	758124.0	689832.5	629651.5	572056.0	514795.5	464990.5	421047.0	380502.5	343589.0	310562.0	279761.5	251645.0	226434.0	205217.5	188210.0	173531.5	161445.0	151077.0	142468.0	134515.0	128064.5	123337.5	119439.0	117182.5	115507.5	113706.0	111917.0	110961.5	110638.0	110314.5	111248.0	112173.5	112104.0	112760.5	114341.5	115139.0	114508.5	113898.5	113264.0	112807.5	112727.0
MHW317_trimmed_clipped_R1_paired	10616.0	10693.5	10829.5	10955.0	11033.0	11123.5	11402.5	11851.0	12494.0	13112.0	14031.5	14988.0	15726.0	17337.5	19557.5	21970.5	25058.5	30088.0	36576.5	44231.5	54828.5	69051.5	87461.0	111962.0	143643.0	184061.5	231812.0	286453.5	351862.5	427956.0	515469.5	613174.5	717418.5	825919.5	938214.0	1076517.5	1279252.5	1465812.0	1557737.0	1562605.0	1535956.0	1533746.0	1553600.5	1592136.0	1629146.0	1653401.0	1662891.0	1665406.0	1663645.0	1660417.5	1646027.0	1561128.5	1432514.5	1316329.5	1203626.5	1096135.0	994440.0	900256.5	811510.5	731184.5	658163.5	589642.5	530225.0	473049.5	416591.5	367269.0	322858.5	281547.5	244834.0	213169.5	182828.5	154046.0	128611.0	107891.0	90633.5	74421.5	60693.0	50215.5	42222.5	35819.0	30624.5	26756.0	23800.5	20782.0	18350.0	17349.5	16603.0	16084.5	15096.0	14205.5	13546.0	12897.5	12504.5	12026.0	11668.0	11432.0	11348.5	11319.0	11192.5	11033.5	10982.5
MHW317_trimmed_clipped_R2_paired	39184.0	39304.0	39612.0	39993.5	40420.0	40969.0	41979.5	43375.5	45290.0	46793.0	48940.0	51216.5	52186.0	55745.0	60104.5	63165.0	66655.0	74579.5	84346.5	93250.0	104799.0	120458.5	140159.0	165710.0	197997.5	242667.5	295989.5	351655.5	417617.0	494475.0	583971.5	683758.0	789023.0	896885.5	1008450.0	1147708.0	1350283.0	1534976.5	1626519.5	1635927.5	1611813.0	1607426.5	1626988.5	1664235.0	1699816.5	1724722.0	1736070.0	1740648.5	1740119.0	1743951.5	1748707.0	1673249.0	1536906.0	1416582.0	1303114.0	1193963.0	1090131.5	995880.0	910166.0	829202.5	753778.5	685884.0	626189.5	569139.5	513534.5	462713.5	417859.5	378136.0	341282.0	308066.0	276744.0	248310.0	223107.5	201674.5	183958.0	169144.5	156919.5	146411.5	137950.0	129945.5	123413.0	118717.5	114867.5	112412.5	110676.5	108978.5	107156.0	106099.0	105544.5	105005.0	105631.5	106273.5	105995.0	106406.5	107792.0	108453.0	107830.0	107241.5	106678.5	106240.0	106161.5
MHW318_trimmed_clipped_R1_paired	14501.0	14603.5	14777.5	14904.5	15006.0	15111.0	15513.0	16101.5	16760.5	17410.0	18404.5	19478.5	20335.0	22259.0	24716.0	27402.5	31022.5	36627.0	43935.0	52898.5	65058.0	81354.5	102853.5	131282.0	168209.0	213714.0	267145.0	330100.0	404134.0	490105.5	590217.0	697617.0	810237.0	928869.5	1049817.5	1192481.0	1383210.0	1550477.5	1636542.0	1660291.0	1659266.5	1670815.0	1696280.0	1732787.5	1764749.0	1785184.0	1794018.0	1791692.0	1783371.0	1776199.5	1755881.5	1657763.5	1512396.5	1385418.0	1263658.5	1148995.0	1042162.5	942070.0	849194.0	762463.0	682815.5	611380.0	547665.5	487220.0	430359.5	378139.5	331004.5	288410.5	249629.5	216169.5	185255.0	156445.5	130488.0	108383.5	89960.0	72971.0	58981.0	48820.5	40905.5	34542.5	29692.0	26365.5	23908.5	21197.0	19059.0	18238.5	17641.5	17282.0	16287.0	15302.0	14666.0	14106.5	13763.0	13314.5	12942.5	12698.5	12599.0	12537.5	12379.5	12195.0	12130.0
MHW318_trimmed_clipped_R2_paired	43999.0	44127.0	44488.5	44918.0	45393.0	46050.5	47265.0	48924.5	51098.5	52865.0	55335.5	57927.0	59123.0	62923.5	67457.0	70897.0	75098.5	83760.5	94477.0	104558.0	117515.0	135201.0	158572.5	187908.5	224622.0	275675.5	335069.0	397806.5	473870.0	562879.5	664426.0	774343.5	888021.5	1005784.5	1127113.5	1268348.5	1456403.0	1625936.5	1714695.0	1738415.5	1737598.0	1747067.5	1772733.5	1808932.0	1838104.5	1858453.0	1867153.5	1865218.5	1859819.5	1861877.0	1863646.5	1772169.5	1619258.0	1490008.0	1364444.5	1247166.0	1139301.0	1040506.5	947166.0	859615.5	780531.5	708821.5	645632.0	584978.0	525178.0	472508.5	426495.0	385384.0	347121.0	311791.5	279749.0	250507.5	223996.5	202167.5	183934.0	167821.0	154902.0	144234.0	135837.5	128462.5	122724.5	118613.0	115219.5	112722.0	110778.0	109131.5	107496.0	106623.5	106218.5	105780.5	106275.5	106833.5	106502.5	106684.5	107925.0	108572.5	107949.5	107369.0	106682.0	106136.5	106082.5
MHW319_trimmed_clipped_R1_paired	13538.0	13634.0	13832.5	13985.0	14146.0	14397.0	14826.5	15344.5	16065.5	16797.0	17832.5	19073.0	20161.5	22289.5	25026.0	27953.5	31887.5	38295.5	46956.0	57396.5	70874.5	88986.0	113494.0	146175.0	187887.5	239755.0	301232.0	372434.5	458299.5	557717.5	669931.0	793086.5	923908.0	1058836.5	1197065.0	1359543.5	1576476.5	1773757.0	1878073.0	1902849.0	1900796.0	1916312.0	1947257.5	1992600.0	2031191.5	2053307.5	2061889.5	2059696.0	2047665.0	2037790.5	2014004.0	1901969.0	1738338.0	1592107.5	1451234.5	1316795.5	1192085.0	1077551.5	971621.5	873326.5	782443.5	699552.0	625912.0	554961.0	487144.5	427781.5	374796.5	326132.5	281849.0	242835.5	206776.0	173216.0	142996.0	117597.5	96537.0	77747.5	62069.5	50337.5	41377.0	34476.5	29439.0	26007.0	23582.5	20959.5	18873.0	18119.0	17388.0	16860.5	15895.5	14968.5	14360.5	13810.5	13430.5	12944.5	12565.0	12323.0	12222.0	12154.0	11957.5	11736.0	11680.5
MHW319_trimmed_clipped_R2_paired	47227.0	47363.0	47699.5	48139.5	48653.5	49354.0	50691.5	52416.0	54777.0	56722.5	59433.0	62325.0	63734.5	68183.5	73336.5	77355.5	82178.0	91923.5	104062.0	115990.5	131201.5	151492.0	177828.0	211602.0	254386.5	312013.0	380075.5	452411.5	538594.0	638675.0	753886.0	880716.0	1013155.0	1148767.5	1288665.5	1450013.0	1665787.5	1864901.0	1969830.5	1994148.5	1990230.5	2001620.0	2031099.0	2077116.0	2113569.0	2134056.5	2142783.0	2140727.0	2132287.0	2134305.5	2132658.5	2023733.5	1847675.5	1697202.0	1554042.5	1419945.5	1293384.0	1177854.5	1071374.0	971908.5	880436.5	798234.5	727128.5	655978.0	588175.0	529204.5	475701.0	427507.5	382417.0	342967.5	306678.5	272683.0	242289.5	216606.0	195839.5	177231.0	161822.0	149919.5	140472.0	132206.5	125763.5	121420.5	117925.5	115101.0	112831.0	111192.0	109462.0	108550.0	107634.5	106632.5	106907.5	107253.0	106657.5	106416.5	107248.5	107603.5	106845.0	106175.5	105494.0	105008.0	104993.5
MHW320_trimmed_clipped_R1_paired	15338.0	15460.0	15654.5	15800.0	15982.5	16273.5	16762.0	17373.0	18192.0	18983.0	20156.0	21577.5	22644.0	24893.5	27930.5	31402.5	35973.0	43302.5	53024.0	65138.0	80920.0	101755.0	129919.5	167445.0	215152.5	274435.5	345027.0	427415.0	524375.5	638102.5	769613.0	911368.0	1061964.5	1218554.5	1379480.5	1576352.5	1853566.5	2100857.0	2218095.0	2226856.5	2199924.5	2200075.5	2226028.5	2276825.5	2318473.5	2341001.0	2349159.0	2343519.0	2331175.0	2322679.0	2300458.0	2174945.0	1984116.5	1812571.5	1649739.5	1496122.0	1356185.5	1228948.0	1106472.5	994300.0	890892.0	793656.5	707130.5	628531.5	553554.5	484725.0	422965.0	367368.5	317788.0	274590.5	234538.0	197052.5	163835.0	135782.0	111556.5	90007.5	72660.5	59733.5	49390.5	41091.0	35227.5	31073.5	27986.0	24763.5	22212.0	21198.0	20302.5	19715.5	18609.0	17545.0	16790.0	16079.0	15657.5	15176.5	14773.0	14461.5	14308.5	14224.5	14028.5	13788.0	13703.5
MHW320_trimmed_clipped_R2_paired	57751.0	57879.0	58271.0	58819.5	59496.0	60395.5	62075.0	64314.5	67143.0	69354.0	72395.0	75698.5	77356.5	82395.0	88214.5	92660.0	98116.5	109520.0	123510.0	136958.0	154820.5	178672.5	208531.5	246754.0	295363.5	362419.0	440786.5	524163.5	624369.0	739878.0	873368.0	1019224.0	1171069.0	1328018.5	1490897.0	1690249.5	1965839.0	2212190.0	2330927.0	2340349.0	2312266.5	2313089.5	2339875.5	2388166.5	2428662.5	2449445.0	2456062.0	2453431.0	2447239.5	2450477.5	2454738.0	2338691.5	2137810.0	1961814.5	1792509.5	1636977.0	1496110.0	1366521.0	1243877.5	1130847.0	1028070.5	932109.5	847582.5	768212.5	691361.5	623645.0	563051.0	509083.0	459645.5	414650.0	373207.5	335163.5	301486.0	272731.0	249339.0	230124.0	214331.5	201019.0	190231.5	180207.0	172455.5	167061.5	162665.0	160592.5	159320.0	157391.5	155223.0	154018.0	153890.0	153716.0	155074.0	156454.0	156368.0	157216.0	159455.0	160691.0	159806.0	158956.5	158125.0	157510.0	157460.0
MHW321_trimmed_clipped_R1_paired	24038.0	24300.0	24730.5	24985.5	25120.5	25351.0	25961.5	26817.0	28027.0	29158.0	30691.5	32623.0	34386.5	37773.0	42364.0	47602.5	54316.5	64786.5	78895.0	96022.5	118699.5	149406.0	189705.5	242686.0	311114.0	397993.0	501135.0	620950.0	763404.5	931498.5	1125128.5	1337370.5	1561681.0	1792991.0	2042809.0	2379789.0	2905912.5	3380400.5	3569754.0	3508003.0	3371865.0	3327839.0	3351943.0	3429209.0	3507426.5	3551944.0	3568001.5	3569535.0	3560506.0	3553221.0	3519191.5	3334924.5	3054040.0	2799701.5	2555826.5	2322354.5	2108017.0	1909730.5	1720766.0	1545182.0	1383853.0	1235702.5	1106748.5	984244.0	865238.5	759950.5	666867.0	581985.5	504047.5	436045.0	373584.0	314960.5	262489.5	218055.5	180150.5	146536.0	118566.5	97060.0	79986.0	66768.5	56940.0	49604.0	44250.0	38998.5	34924.0	33141.5	31683.0	30742.5	28902.0	27220.0	26113.5	25051.5	24392.0	23629.0	23013.0	22559.5	22353.5	22256.0	22009.0	21680.5	21562.0
MHW321_trimmed_clipped_R2_paired	84794.0	85063.5	85729.0	86499.0	87327.0	88428.0	90728.0	93934.5	98029.0	101222.5	105809.0	110811.5	113148.5	120619.0	129569.0	136237.5	144252.0	161543.0	182309.5	202046.0	227217.5	260629.5	304832.5	360975.0	431005.0	529524.0	645767.5	767699.0	913197.0	1084509.5	1282669.5	1499467.0	1727414.5	1962111.0	2212700.5	2547990.0	3073160.0	3546095.5	3733512.0	3676219.5	3545737.0	3501623.5	3524048.5	3595122.5	3665810.0	3710777.0	3729149.5	3733876.0	3733163.5	3746762.0	3758779.0	3589528.0	3289180.0	3024422.5	2772616.0	2536399.5	2318927.5	2117284.5	1928508.0	1754098.0	1594184.0	1447756.5	1319191.5	1197411.5	1079942.5	974136.5	879337.5	796736.5	720099.5	650387.5	585668.5	526499.5	472917.0	427649.5	390887.5	361469.5	337726.0	315912.5	298102.0	281809.0	269178.0	260479.5	253066.5	249200.5	246780.0	243388.0	239878.0	238049.5	237615.5	237090.0	238929.0	240815.0	240572.5	241745.5	244937.0	246503.0	245051.0	243765.5	242492.5	241610.0	241561.0
MHW322_trimmed_clipped_R1_paired	11568.0	11774.5	12075.0	12226.0	12352.0	12578.0	12997.5	13523.0	14185.0	14865.5	15876.0	16997.0	17881.5	19579.5	21997.5	24750.0	28361.0	34161.0	41600.0	50777.5	63166.0	79472.5	101272.5	130370.5	167692.0	215728.0	274039.0	341831.0	422748.0	518030.5	629076.0	752225.5	883561.5	1021297.5	1168577.5	1365719.5	1679309.0	1974343.5	2104873.0	2076040.0	1990214.5	1948207.0	1945980.0	1988516.0	2036676.5	2061228.0	2071315.0	2075144.0	2073687.5	2071015.5	2057185.0	1951539.0	1781232.5	1629469.0	1486256.5	1349888.0	1225835.5	1112628.5	1003821.5	902530.5	807551.5	721359.5	647785.0	577779.5	509607.0	449347.5	395104.0	346241.5	302654.5	263246.5	227133.5	193334.5	162309.0	136446.5	114174.0	94346.5	77901.5	64664.5	54272.5	45478.5	38328.0	33175.0	29178.5	25227.0	22152.0	20699.0	19604.0	18919.5	17759.5	16696.5	15985.5	15295.5	14823.0	14286.0	13913.0	13666.5	13555.0	13499.5	13374.0	13209.5	13162.5
MHW322_trimmed_clipped_R2_paired	40219.0	40434.0	40974.0	41591.0	42222.5	43003.0	44254.0	45811.5	47775.5	49265.0	51519.0	54022.5	55279.5	59115.5	63572.5	66883.0	71102.0	80233.5	91187.5	101456.5	114603.5	132246.0	155863.5	186642.0	225155.5	280206.5	344546.0	412009.0	494443.5	592189.0	705211.5	830392.5	963054.5	1100786.0	1249749.5	1448763.5	1761381.0	2055958.0	2187939.0	2160723.0	2072853.0	2028700.5	2030193.5	2073277.5	2116606.5	2138919.0	2149831.0	2157947.5	2161814.0	2169284.5	2176743.5	2074924.0	1894897.0	1737497.5	1588895.5	1453334.5	1328690.0	1214245.5	1104314.5	1002277.5	910783.5	825405.5	750947.0	680622.5	612329.0	552264.0	497694.5	449228.0	405276.5	365254.0	328812.5	295084.0	263804.0	236938.5	214961.5	197690.0	183025.0	169361.5	158326.5	148066.0	139722.5	133628.5	128581.5	124903.0	122151.0	119908.0	117753.0	116537.5	115476.0	114435.0	114673.5	114973.5	114411.0	114386.0	115462.0	115887.5	115140.5	114489.5	113924.0	113566.0	113540.5
MHW323_trimmed_clipped_R1_paired	14493.0	14620.5	14876.5	15065.0	15196.5	15379.0	15755.5	16339.5	17251.5	18120.0	19426.0	20991.0	22173.0	24682.0	27852.0	31388.5	36035.5	43508.0	53147.5	64523.0	80128.0	101202.5	128468.0	164075.0	209567.5	267949.0	336604.0	414978.0	508899.0	619352.0	745537.0	885670.0	1032721.0	1182522.5	1338041.0	1532229.0	1817712.5	2069657.5	2176791.5	2165871.5	2120890.0	2112359.5	2132027.5	2178484.0	2223148.5	2249738.0	2259048.0	2257140.0	2248154.5	2240367.5	2217600.0	2096052.5	1913420.5	1749790.0	1591610.5	1445507.0	1311046.5	1185434.0	1068600.0	959842.5	860895.0	768515.0	687038.5	611683.0	539423.0	474894.5	416303.0	364083.5	317123.5	275479.0	237352.0	201438.5	168545.0	141323.5	118730.5	98065.5	80639.0	67241.0	56430.5	47695.5	40899.5	35930.0	32066.5	27842.0	24515.5	23247.0	22196.0	21452.0	20063.0	18765.0	17894.0	17059.0	16540.0	15915.5	15464.0	15154.5	15007.0	14948.5	14781.0	14548.5	14473.0
MHW323_trimmed_clipped_R2_paired	49407.0	49523.0	49860.0	50335.5	50944.5	51792.5	53243.0	55033.0	57440.5	59430.5	62237.0	65302.5	66840.5	71369.5	76734.0	81021.5	86396.0	97505.5	110737.5	123862.0	140830.0	163413.5	192723.0	229784.0	276264.5	340696.0	416245.5	495898.0	591580.0	703618.0	831387.0	973957.0	1123849.0	1273479.5	1429283.5	1625245.0	1910097.5	2159275.0	2266104.5	2260510.5	2217551.0	2207309.5	2225323.5	2269610.0	2313443.0	2338940.0	2346568.5	2345045.5	2340464.5	2347763.0	2351696.5	2234831.5	2038711.5	1870224.5	1710795.0	1563417.0	1426377.5	1301049.0	1184290.5	1074649.5	973832.5	882606.0	803297.0	727262.5	654036.5	588872.5	530559.5	479141.5	432063.5	389911.5	351538.0	315099.0	282364.0	254605.5	231367.5	212545.0	197137.0	183269.0	172049.0	161930.0	153584.0	147683.0	142660.5	139080.0	136478.0	134144.5	131870.0	130696.0	130076.5	129410.0	130060.5	130756.0	130293.0	130516.0	131978.0	132629.0	131759.0	131027.0	130275.0	129671.5	129577.0
MHW324_trimmed_clipped_R1_paired	13973.0	14097.0	14317.5	14459.0	14599.0	14830.5	15240.5	15817.5	16647.0	17372.0	18400.0	19645.5	20690.5	22872.5	25671.0	28946.0	33102.5	39559.5	48400.0	58725.0	72494.5	91020.5	115692.5	147963.5	189172.5	242277.0	304588.0	376819.0	462171.0	562464.5	679014.5	805886.0	940711.0	1081508.5	1229951.0	1420152.0	1708042.0	1968802.5	2082147.0	2068487.0	2013651.0	1999305.0	2015060.5	2056227.5	2099216.5	2129516.5	2147133.0	2151274.5	2147043.5	2144996.5	2127190.0	2013243.0	1839724.5	1685649.5	1537855.5	1397432.5	1268291.0	1150294.0	1036930.0	931907.0	836365.5	748038.0	669772.0	596677.0	526606.0	462425.0	406016.0	354761.5	307775.0	267062.0	229179.0	193708.0	162250.0	135839.5	113613.5	93452.5	76207.0	62937.0	52764.0	44494.0	37882.5	33112.5	29515.5	25937.0	23127.0	21806.0	20808.0	20161.0	18842.0	17666.0	16995.5	16323.5	15867.0	15344.5	14926.0	14607.5	14487.5	14418.0	14239.0	14026.5	13940.5
MHW324_trimmed_clipped_R2_paired	49643.0	49803.5	50201.0	50721.5	51290.0	52020.0	53394.5	55272.0	57720.0	59614.0	62323.0	65259.0	66640.5	70978.5	76239.0	80436.0	85405.5	95807.5	108359.0	120327.5	135641.0	156197.5	182459.0	216015.0	259012.0	318013.5	387428.5	461192.0	549633.5	651311.5	769218.5	900257.5	1036720.0	1177808.0	1325547.5	1516728.0	1805819.0	2065058.5	2176911.5	2167239.5	2115026.0	2098040.0	2112886.0	2152280.0	2193632.0	2223368.5	2240741.5	2246528.5	2249006.0	2259849.0	2268803.5	2167938.0	1983883.5	1821298.5	1668767.5	1527644.5	1398254.5	1279121.5	1166092.0	1060522.5	964731.0	877208.0	799634.0	726353.0	655380.5	592711.5	536319.0	485709.5	439415.0	397658.5	359238.0	323892.5	292608.0	266071.5	243595.5	226809.0	213572.5	200282.5	189579.5	179596.0	171324.0	165419.0	160497.5	158496.5	157384.5	155199.0	152933.5	151717.5	151827.0	151843.0	153070.5	154375.0	154663.0	156085.0	158760.5	160224.5	159388.5	158622.0	157880.5	157346.5	157300.5
MHW325_trimmed_clipped_R1_paired	13200.0	13317.0	13501.0	13620.0	13712.5	13884.5	14282.5	14811.5	15553.0	16314.0	17403.5	18631.0	19720.0	21975.0	24691.5	27857.5	32090.0	38572.5	47087.5	57607.0	72142.5	91032.5	115855.5	149080.5	191231.5	244046.0	307696.0	381410.5	468104.0	569949.5	687215.0	815309.0	951024.5	1089775.0	1231466.0	1401148.0	1635664.0	1845010.0	1946936.0	1960356.0	1942044.5	1944352.5	1971685.5	2017069.0	2054135.5	2075071.5	2079266.5	2073982.0	2061464.5	2052412.5	2031832.5	1918983.5	1751610.5	1599875.0	1453945.0	1318201.0	1194951.5	1081954.0	973301.0	873701.5	783325.5	699603.5	624500.5	554304.0	487743.5	428431.0	374688.5	326988.5	283875.0	245377.0	210064.5	176465.0	146402.5	121702.0	100969.0	81868.5	65853.5	53987.5	44711.0	37368.5	31961.0	28102.0	25363.0	22431.0	20057.0	19099.5	18236.5	17668.0	16586.0	15549.0	14843.0	14143.5	13729.0	13283.5	12898.0	12570.0	12413.0	12331.0	12145.5	11944.5	11885.0
MHW325_trimmed_clipped_R2_paired	51212.0	51347.0	51740.5	52225.0	52751.0	53489.5	54905.0	56804.0	59283.0	61250.5	64097.0	67204.5	68520.0	72965.5	78423.0	82579.0	87575.0	97882.0	110644.5	122954.5	138480.0	159379.5	185962.5	220315.0	264153.0	324055.5	394351.5	469046.5	557918.0	662056.5	781208.5	911374.5	1048551.0	1188278.0	1331531.5	1501710.5	1733203.0	1941760.0	2046366.5	2060672.5	2042994.0	2045216.5	2069892.0	2111770.5	2146091.0	2168012.5	2174338.0	2169629.0	2165364.5	2169701.0	2171998.5	2065957.5	1884680.5	1727480.5	1579656.0	1442460.5	1317190.5	1203417.0	1093473.5	992925.0	902143.0	819624.5	747066.5	676754.0	608677.0	548662.5	496185.5	448516.5	404619.0	365420.0	328864.5	295726.5	266431.0	241261.0	220282.0	202867.0	188462.0	176106.0	166236.5	157192.0	150210.5	145508.5	141434.5	139012.5	137472.5	135800.0	133895.5	132836.5	132468.5	131998.5	132916.5	133876.5	133555.5	133965.0	135763.0	136757.0	135935.5	135206.0	134421.5	133799.5	133742.5
MHW326_trimmed_clipped_R1_paired	12612.0	12706.5	12810.5	12880.0	13002.5	13199.5	13576.5	14109.5	14819.5	15486.5	16399.0	17444.0	18455.0	20499.5	23069.0	26051.5	30005.0	35770.5	43541.5	53402.5	66611.5	84186.5	106879.0	136877.5	176662.0	226279.0	284771.0	351899.5	429628.0	522278.5	628869.0	743517.0	863209.5	986370.0	1111160.0	1249060.0	1423066.0	1582010.5	1674880.5	1711890.0	1721678.0	1734365.5	1760912.0	1799285.0	1830438.0	1842714.0	1841251.5	1831269.5	1812609.5	1795048.0	1766698.5	1666267.0	1520063.0	1387863.0	1262842.5	1144476.0	1033364.5	931405.0	836956.0	750102.5	670658.0	598196.0	535029.5	475053.0	417229.5	366353.5	321121.5	280170.5	242867.5	210976.0	180754.5	152315.0	127691.5	107465.0	90491.5	74606.0	61356.0	51322.0	43361.5	36693.0	31490.0	27572.0	24496.5	21367.5	18829.0	17676.5	16795.5	16203.5	15169.0	14251.5	13690.5	13138.5	12737.5	12284.0	11938.0	11713.0	11618.5	11583.5	11461.5	11262.0	11171.0
MHW326_trimmed_clipped_R2_paired	48981.0	49088.5	49409.5	49802.0	50289.5	50985.5	52323.5	54174.0	56588.5	58511.0	61213.0	64060.0	65342.0	69788.0	74946.0	78678.0	83374.5	93161.5	105174.5	116731.5	130853.0	149695.5	174726.0	206684.5	247254.5	302954.0	368309.0	436035.0	515788.5	610629.0	719535.5	837295.5	958126.0	1081133.0	1206942.0	1345725.5	1517399.5	1674594.0	1770274.0	1810197.0	1818820.0	1829063.0	1853612.5	1889457.5	1918538.5	1931444.5	1929125.0	1918100.5	1904167.5	1897970.5	1898128.5	1812352.5	1657108.0	1521649.5	1394462.0	1274378.0	1163407.5	1062912.0	968833.0	880600.5	800320.5	728473.5	666262.5	605678.5	547368.0	496110.5	451525.5	412605.5	376110.0	342797.0	311455.0	283485.0	259112.0	238082.5	220892.5	208703.5	199061.5	188567.5	180016.0	172574.5	166415.5	161727.5	157629.0	156845.5	156762.0	154807.5	152873.5	151860.0	152756.0	153551.0	155890.5	158268.0	158972.0	161134.5	164567.5	166428.5	165637.0	164947.0	164272.5	163786.0	163807.5
MHW327_trimmed_clipped_R1_paired	10778.0	10843.5	10946.0	11008.0	11091.0	11265.0	11609.0	12099.0	12756.0	13427.5	14291.0	15282.5	16224.5	18097.0	20482.0	23094.0	26734.0	32873.5	40673.0	49895.0	62472.5	79496.0	101256.5	130684.5	167785.5	215064.0	272852.0	338882.0	416014.5	506254.5	610519.0	725568.5	846246.5	970165.5	1099326.5	1257167.5	1493370.5	1706091.0	1795841.0	1787016.5	1749571.0	1733977.0	1739732.0	1775342.0	1807157.5	1822689.5	1824989.5	1815644.0	1802004.0	1786931.5	1760063.0	1666796.5	1526542.0	1398607.0	1277101.5	1160576.5	1051408.0	950567.5	854931.5	766728.0	686294.5	611653.0	547093.0	486606.5	428090.5	376461.0	331168.0	289198.5	251144.5	218481.5	188006.0	159573.0	134217.5	113304.5	95224.0	79062.5	65673.0	54882.0	46470.0	39629.5	34147.0	29837.0	26393.5	23083.0	20334.0	18835.5	17778.5	17078.0	15983.0	14973.5	14251.5	13598.0	13194.0	12727.5	12371.0	12112.5	11978.0	11906.0	11760.0	11560.5	11473.5
MHW327_trimmed_clipped_R2_paired	41766.0	41880.0	42185.0	42574.0	43028.0	43672.0	44926.0	46489.5	48450.0	50090.0	52489.5	55021.0	56246.0	60133.5	64696.5	68161.5	72650.0	82065.5	93229.0	104042.0	118101.5	136445.0	159662.5	189625.0	228144.0	282776.0	345548.0	411792.0	491715.0	583327.5	689416.0	807179.5	929392.0	1053696.0	1183108.0	1342135.0	1576795.5	1788703.0	1881577.5	1876247.5	1838661.5	1820785.5	1826766.0	1860660.0	1892039.0	1907755.5	1907566.5	1901047.0	1890275.0	1879690.0	1874287.0	1794590.5	1650711.0	1521288.0	1397804.5	1278111.5	1167685.0	1067558.0	971471.0	882279.5	802063.5	729412.5	666235.5	604692.0	546269.5	495099.5	449233.0	408233.5	370078.0	335534.5	303958.5	275440.5	249669.5	227970.5	209840.0	196838.5	186499.5	176067.0	167740.5	159148.0	151996.0	146770.5	142390.5	140204.0	138563.0	136451.0	134427.5	133273.0	133140.5	132983.0	134204.0	135457.5	135640.5	136803.0	139021.0	140106.0	139303.0	138664.0	137973.0	137436.0	137396.0
MHW328_trimmed_clipped_R1_paired	11685.0	11722.0	11770.5	11800.0	11905.5	12132.0	12621.0	13223.5	13845.0	14467.0	15418.5	16515.5	17538.5	19531.5	22177.5	25201.0	29193.5	35262.5	43007.0	52703.0	66309.5	84695.0	108953.5	139445.0	177625.5	227605.0	288617.5	358540.5	439323.0	536103.5	649915.5	775265.5	917875.0	1074232.5	1234784.0	1384427.0	1504740.0	1600789.0	1677106.5	1728201.5	1769815.5	1811889.5	1850906.5	1885204.0	1912421.0	1923240.0	1916621.5	1899553.0	1876371.5	1856719.0	1824945.0	1718184.5	1563547.5	1426607.5	1294448.0	1168753.5	1055637.0	955955.5	863683.5	773852.0	688710.0	613412.5	546269.0	482400.5	424282.5	371623.5	323467.0	280663.0	243121.5	209842.5	179546.5	153226.0	129597.5	108874.0	91278.5	76116.5	63866.0	53763.5	45714.0	38916.0	33557.5	29494.0	26140.0	22762.5	20080.0	18733.5	17709.5	17032.0	15912.0	14908.0	14290.0	13726.0	13358.5	12932.5	12554.5	12264.0	12135.0	12068.5	11931.0	11758.5	11697.5
MHW328_trimmed_clipped_R2_paired	42199.0	42245.5	42445.0	42815.0	43329.0	44034.5	45310.5	47041.5	49216.5	50887.5	53462.5	56293.0	57615.5	61934.5	67014.0	70900.5	75621.5	85394.0	97147.0	108413.0	123090.0	143011.0	168858.5	200459.0	239472.5	296267.0	364463.5	435667.5	518489.5	616568.0	730478.0	859114.5	1004205.0	1160038.0	1319384.0	1468004.5	1590167.5	1689061.5	1765891.5	1819661.0	1862276.5	1900324.0	1936867.5	1967676.0	1993257.5	2006690.5	2000105.5	1983942.5	1964257.0	1951403.0	1946961.5	1855420.5	1691803.5	1552058.0	1419194.0	1292173.0	1179513.5	1080380.0	986899.5	897252.0	814618.0	738927.0	670824.0	607261.0	548815.0	495674.0	447462.0	406374.0	369661.5	335433.0	304788.0	277846.0	253207.5	232037.5	215035.5	203172.0	193904.5	183799.0	175219.5	166980.0	160226.5	155332.0	150986.5	148869.0	147570.5	145358.5	143153.0	142016.0	142290.5	142521.5	144478.5	146552.5	146920.5	148416.5	151152.0	152631.5	151901.5	151258.5	150649.5	150192.5	150141.0
MHW329_trimmed_clipped_R1_paired	12600.0	12677.5	12783.5	12847.5	12969.5	13193.5	13633.0	14227.0	14955.5	15725.5	16859.5	18036.0	19014.0	21154.0	24082.5	27600.0	32014.0	39108.0	48187.5	59407.0	74993.5	95641.5	122757.0	157998.5	203323.5	260569.0	327912.5	406624.0	500344.0	608914.5	733662.5	869381.5	1011539.0	1158774.0	1309800.0	1496899.0	1781957.0	2038393.0	2142893.5	2124439.5	2071999.0	2048892.5	2051806.5	2089353.5	2122385.5	2133501.0	2129858.0	2117790.5	2098384.0	2073506.5	2038097.0	1931655.5	1769734.0	1615672.5	1469378.0	1332483.5	1207360.0	1091708.5	981272.0	879327.5	786315.0	700991.5	626319.5	556862.0	489295.0	430392.0	377849.0	329903.0	286967.0	248968.5	214539.0	182196.5	152692.0	128760.5	109380.5	91153.0	75391.5	63137.5	53734.5	46086.0	39706.0	34459.0	30419.0	26532.5	23371.5	21846.0	20641.0	19875.0	18556.0	17365.5	16586.0	15820.0	15299.5	14699.5	14295.5	14020.5	13874.0	13812.0	13641.5	13421.0	13336.5
MHW329_trimmed_clipped_R2_paired	46152.0	46257.5	46547.0	46951.5	47473.5	48171.5	49491.0	51284.0	53616.0	55481.5	58139.0	61109.5	62615.0	66951.5	72289.0	76584.0	81636.0	92651.5	105913.0	118343.5	134974.5	156795.5	185269.5	222009.0	268088.5	332587.5	408944.5	488102.5	581985.0	692466.5	819100.0	957883.5	1101876.0	1249648.5	1404148.5	1592913.0	1872945.0	2125286.0	2230694.0	2218248.5	2166714.5	2141109.5	2145534.5	2181443.5	2214051.0	2226887.0	2223614.0	2212805.0	2194594.5	2179032.5	2169807.0	2072726.0	1901276.5	1746050.5	1599845.0	1462072.5	1336692.5	1219982.5	1108058.0	1005357.0	912535.0	828324.0	754572.0	683746.0	616383.0	557779.5	504829.0	458320.5	415413.5	376047.5	339906.0	306904.0	278159.0	254314.0	234327.0	219151.0	206762.0	194460.0	184392.5	175142.5	167493.0	161620.0	156567.5	153617.5	151515.0	149090.0	146751.0	145453.5	145059.0	144574.0	145846.5	147212.5	147308.5	148401.0	150597.0	151719.0	150900.0	150162.0	149442.0	148969.5	148976.5
MHW330_trimmed_clipped_R1_paired	10959.0	11048.5	11211.5	11292.5	11330.5	11425.0	11740.5	12245.0	12937.5	13624.0	14614.5	15822.5	16721.5	18646.5	21413.5	24226.0	27990.0	34509.5	42648.5	51993.0	64590.0	81961.0	105127.5	134745.0	172312.5	221259.5	279455.0	344491.5	422680.5	514678.0	617033.5	730058.5	849787.0	973842.0	1107393.5	1288468.0	1600424.5	1883602.5	1975620.0	1910959.5	1807286.0	1758826.0	1749368.0	1780358.5	1814497.5	1828991.0	1828450.5	1824532.0	1816326.5	1803568.5	1780777.5	1686785.0	1542289.5	1407600.5	1280027.0	1165280.0	1059385.5	958270.0	863656.5	777644.5	697613.5	623518.5	557232.5	495523.0	437536.0	386480.5	341017.0	298543.0	260616.5	227039.5	195782.0	167178.5	141662.0	120499.5	102200.5	85999.0	72137.5	60856.0	52170.5	44741.0	38676.5	34039.0	30288.5	26285.5	23053.0	21439.5	20163.0	19317.5	17884.0	16618.0	15805.5	15057.5	14633.0	14108.5	13709.5	13435.5	13316.5	13252.5	13088.0	12903.0	12838.0
MHW330_trimmed_clipped_R2_paired	37942.0	38023.5	38294.0	38699.0	39146.5	39739.5	40854.0	42378.0	44286.0	45836.5	48116.0	50548.0	51809.5	55588.0	59979.5	63328.5	67781.5	76922.0	87967.5	99018.0	113071.0	131261.0	155190.0	185893.5	224821.5	279370.5	343294.5	411216.5	489993.5	580668.5	686917.0	803517.5	923754.0	1047748.5	1182141.0	1364077.0	1674951.5	1954019.0	2043096.0	1983092.5	1884724.5	1834612.0	1826237.0	1857156.0	1884726.0	1897721.0	1899301.0	1894885.5	1886463.0	1883090.5	1886282.0	1804346.0	1650552.0	1512547.5	1384422.0	1267098.0	1160121.0	1059817.0	964085.5	877342.0	797754.0	723454.5	658198.5	596818.0	538947.5	488162.5	442278.0	401203.5	362929.5	328608.0	297585.5	268618.5	242671.0	221055.0	203147.5	189614.5	178668.0	167411.0	158250.5	149493.5	142107.5	136788.0	132124.5	128916.5	126312.5	123978.0	121820.0	120506.0	119705.0	118968.5	119707.0	120514.0	120392.0	120934.5	122414.5	123139.0	122403.5	121807.5	121213.5	120734.0	120731.0
MHW331_trimmed_clipped_R1_paired	10637.0	10683.0	10765.5	10818.5	10898.5	11056.5	11378.0	11821.0	12428.0	13035.5	13909.5	14883.5	15735.0	17545.5	19889.0	22488.0	25836.0	31379.0	38731.5	47506.0	59657.5	75596.5	96760.0	124540.5	159578.0	205532.0	260061.0	321513.0	394691.5	479518.0	577297.5	684492.0	796876.5	915097.0	1039480.5	1199227.0	1459892.5	1701040.5	1792920.0	1763555.5	1703389.5	1674636.0	1675121.5	1710677.5	1745668.0	1766007.5	1774115.0	1772773.0	1766159.5	1757303.5	1738325.5	1650510.0	1512139.5	1386499.5	1269988.5	1158154.0	1051195.5	952211.0	858926.5	773996.0	694650.5	620272.0	558206.0	498387.5	438809.5	387235.5	340945.0	298563.5	260729.5	227635.5	196279.5	167079.5	140682.0	118748.5	101173.0	84928.5	70323.5	58832.0	49963.5	42737.0	36664.0	31903.5	28098.5	24153.0	20944.0	19365.5	18130.5	17268.0	16002.0	14887.0	14160.0	13456.0	13039.0	12590.5	12230.0	11980.0	11896.5	11858.0	11693.5	11503.0	11432.5
MHW331_trimmed_clipped_R2_paired	35497.0	35586.0	35850.5	36207.0	36611.5	37207.0	38306.0	39710.0	41490.5	42891.0	44952.0	47290.0	48331.5	51705.5	55929.0	59034.5	62881.5	71366.5	81792.0	91472.5	104118.0	121550.0	144299.5	173381.0	209253.5	260150.5	320434.5	382915.0	456299.5	541850.0	641723.0	750639.5	863639.5	981968.0	1107958.0	1268531.0	1527458.0	1764606.0	1858599.0	1835360.0	1774136.5	1744596.0	1745826.5	1780569.5	1814294.0	1833292.5	1841030.5	1839730.0	1835238.0	1835289.5	1835279.0	1752765.0	1608586.0	1482753.0	1362531.5	1247663.0	1140010.5	1041050.0	947510.0	860877.5	782025.0	709764.5	647650.0	587435.0	528316.5	476893.5	430670.5	388910.5	351281.5	317300.0	285375.0	256299.0	229518.0	207124.0	189254.0	174150.5	161153.0	149771.5	140558.0	131775.0	124591.5	119230.0	114489.0	110435.0	107232.0	105012.0	102954.0	101764.0	100402.5	99118.0	99150.5	99249.5	98602.0	98257.5	98897.5	99111.0	98390.5	97790.5	97234.0	96812.0	96748.5
MHW332_trimmed_clipped_R1_paired	11417.0	11526.0	11697.0	11793.0	11866.0	12019.5	12370.0	12845.0	13467.0	14081.0	14969.5	16055.5	17017.0	18887.0	21439.5	24235.5	27772.5	33209.0	40673.0	50153.0	62546.0	79104.0	100727.5	129505.0	165732.5	210683.5	264645.5	327059.5	401385.0	488637.5	588724.0	698965.5	815056.5	933146.5	1058155.5	1221604.5	1469680.0	1690418.0	1783150.5	1767404.5	1714676.5	1695629.0	1704609.5	1737678.0	1769422.5	1788955.5	1797511.0	1794689.0	1786189.0	1778425.0	1757707.0	1660441.0	1516536.5	1388156.0	1265135.5	1148015.0	1038536.5	940491.5	847172.0	758991.0	679842.0	608145.0	544559.5	483559.5	425659.5	374127.0	327515.0	285864.5	248747.0	215560.5	184322.5	156593.0	132071.0	110918.5	92848.0	76962.0	63383.5	52821.0	44634.0	37866.0	32390.0	28248.0	25113.5	21791.0	19098.5	17784.0	16783.5	16141.5	15007.0	13971.5	13305.5	12710.5	12354.5	11939.0	11581.5	11314.5	11212.0	11162.5	11032.5	10852.0	10785.0
MHW332_trimmed_clipped_R2_paired	47227.0	47380.5	47738.5	48134.5	48574.5	49245.0	50486.5	52146.5	54444.5	56269.0	58774.5	61470.5	62667.0	66771.0	71637.5	75170.0	79566.5	89061.0	100652.5	111425.5	124963.0	142914.0	166314.0	196217.0	233335.0	286794.5	348957.0	411346.5	486228.5	574945.0	678009.5	790835.0	908857.5	1027901.5	1152400.5	1316328.5	1562590.0	1780436.5	1874079.5	1862301.5	1812174.5	1791885.0	1799679.5	1829202.5	1858725.5	1879348.5	1885631.0	1882640.5	1878860.0	1882254.0	1893425.0	1815823.0	1663621.0	1529430.0	1403852.5	1286106.0	1177077.5	1078035.5	982829.0	895112.5	816623.5	744831.5	681268.0	620976.5	563012.0	510846.5	464813.0	423232.5	385767.5	352762.0	321854.5	293729.5	268599.5	247240.0	229567.5	217966.5	208879.5	198262.0	189672.5	181664.5	174975.5	169932.5	165605.0	165096.5	165400.5	163352.5	161172.0	160000.0	161140.5	162182.5	164652.0	167202.5	168173.5	170753.5	174376.0	176280.0	175496.0	174830.0	174190.5	173739.0	173763.5
MHW333_trimmed_clipped_R1_paired	12830.0	12883.5	13010.0	13102.5	13187.5	13331.0	13677.5	14186.5	14856.5	15462.0	16299.5	17345.5	18211.5	20021.0	22423.5	25107.0	28779.5	34235.0	41366.5	50292.5	62512.5	78638.0	99472.0	127487.0	163070.0	208289.5	262181.0	323409.0	397305.0	482365.0	578709.0	685458.0	796267.5	910176.0	1028994.5	1171701.5	1367638.0	1540898.5	1627730.5	1639200.5	1623886.0	1631224.0	1655158.5	1689684.5	1720121.5	1738464.0	1742115.0	1737666.0	1728336.0	1722432.5	1703463.5	1604323.0	1461881.5	1338657.0	1219335.5	1106630.5	1002076.5	905248.0	815342.0	730859.0	653504.0	583895.0	522561.0	465253.0	410232.5	360017.5	314677.5	274094.5	238104.5	206708.5	177128.5	150109.5	126501.5	105920.5	88654.0	73018.5	59560.5	49565.5	41817.5	35281.5	30199.5	26417.5	23395.5	20344.0	17893.0	16829.0	16082.0	15576.5	14627.0	13763.5	13181.0	12646.0	12269.5	11818.0	11521.5	11342.0	11270.0	11241.5	11102.0	10915.0	10842.5
MHW333_trimmed_clipped_R2_paired	42469.0	42550.0	42785.0	43103.0	43524.5	44195.5	45368.5	46874.0	48987.5	50652.5	52905.0	55376.5	56525.5	60316.0	64925.5	68402.5	72607.0	81474.0	92053.5	101985.0	115159.5	132737.5	155362.0	184129.5	221127.5	271753.0	329817.5	392403.5	466557.0	552551.0	652749.0	761537.0	874161.0	988137.5	1106548.0	1250105.5	1443540.0	1614329.0	1701939.0	1718211.0	1702705.0	1706499.5	1731041.5	1765460.5	1793609.5	1810796.0	1817792.5	1815461.0	1807512.0	1809857.5	1813139.0	1723490.5	1571634.0	1443282.0	1322079.5	1207768.0	1102326.0	1007400.0	917571.5	832927.5	756955.5	687568.0	626408.0	568636.5	512685.5	463113.5	418703.5	378884.0	342375.0	309379.0	279604.0	252270.5	227669.0	207197.5	190321.0	176585.0	165395.5	155250.5	146854.5	139106.0	132771.0	128005.0	124126.0	122123.0	120701.0	118863.0	117049.5	116024.5	115783.0	115448.0	116408.0	117503.0	117530.5	118386.0	120221.5	121124.0	120459.5	119870.0	119242.0	118803.5	118811.5
MHW334_trimmed_clipped_R1_paired	13033.0	13096.5	13207.0	13300.5	13383.0	13531.0	13913.0	14391.5	14997.0	15673.5	16614.0	17644.5	18473.0	20385.0	22889.0	25550.5	29286.5	35042.5	42422.5	51517.0	63904.5	80538.0	102456.5	131174.5	167719.5	214446.0	269656.5	333525.0	410465.5	500181.0	602501.0	715561.5	837149.0	961924.5	1092445.5	1263345.0	1524663.5	1767100.0	1878014.0	1867213.0	1813417.5	1795595.0	1811275.0	1852064.5	1890397.0	1917160.5	1930386.5	1932347.5	1927169.0	1922898.0	1905156.0	1803858.5	1653725.5	1522322.0	1393972.5	1266641.0	1147632.0	1040307.5	938792.5	842468.0	756403.5	676888.0	606901.0	541785.5	476104.0	418157.5	367281.0	319884.5	277377.0	241321.5	208248.5	176499.5	147785.5	124201.5	104351.0	86375.0	71210.5	59330.0	49918.5	42316.5	36106.0	31236.5	27558.5	23935.0	21019.0	19556.0	18392.5	17665.0	16513.0	15436.0	14759.0	14158.0	13753.0	13274.5	12910.0	12666.0	12538.5	12461.0	12326.5	12166.0	12105.5
MHW334_trimmed_clipped_R2_paired	47126.0	47220.0	47491.0	47857.5	48324.0	49018.0	50239.0	51911.0	54202.5	55957.0	58527.5	61360.5	62546.5	66511.0	71341.5	74908.5	79196.5	88828.5	100460.5	111095.0	124567.0	142610.5	166046.0	195835.5	233405.0	287404.0	350066.5	414639.0	492492.0	582951.5	687996.5	803959.0	926299.0	1052417.0	1184992.5	1356940.5	1619931.5	1860777.5	1969715.0	1961238.5	1908078.5	1888725.0	1904403.0	1944649.5	1980514.5	2005440.5	2018658.0	2024083.0	2022804.5	2025319.0	2032405.5	1944760.0	1786177.0	1647269.0	1515651.0	1390892.5	1272260.5	1162923.5	1059954.0	963823.5	877870.5	800082.5	730820.0	662909.5	597510.5	539887.5	488260.0	443038.5	401316.5	363872.0	329294.5	297552.5	268841.0	244374.0	224720.5	208946.5	195870.5	183981.5	174312.5	165077.0	157344.5	151686.5	146826.0	144132.0	142224.0	140003.5	137769.0	136521.5	136382.5	136179.0	137236.0	138341.5	138385.5	139407.0	141556.0	142642.5	141859.0	141212.0	140558.0	140069.5	140050.0
MHW335_trimmed_clipped_R1_paired	10101.0	10151.0	10273.5	10392.5	10497.5	10655.5	10995.0	11443.0	11924.0	12453.5	13294.0	14309.5	15240.5	17004.5	19234.0	21811.0	25268.5	30761.5	37941.5	46451.0	57803.0	73856.0	95178.5	122356.5	156700.5	202295.0	256237.5	317443.5	391158.0	478598.5	581003.5	696564.5	827304.5	970751.5	1122085.0	1268593.0	1388286.0	1484022.5	1562501.0	1614720.0	1656206.0	1703080.0	1745228.5	1784304.5	1821996.5	1841431.0	1845265.0	1833483.5	1813060.0	1802400.5	1793361.0	1699583.5	1540003.5	1405375.0	1277392.5	1156170.0	1048365.5	952651.0	863881.5	777163.0	694584.5	618841.0	552077.5	488373.0	430067.5	379138.0	332323.0	290938.0	253548.5	219694.5	189891.5	162648.5	137909.5	116459.0	98309.0	82694.5	69748.0	59690.5	51279.0	44229.0	38665.5	34112.5	30410.0	26840.0	24047.5	22663.0	21521.5	20772.0	19532.0	18387.0	17630.5	16951.0	16520.0	16007.0	15583.0	15242.5	15110.0	15059.5	15015.0	14974.0	14967.0
MHW335_trimmed_clipped_R2_paired	86379.0	86449.5	86626.5	86872.0	87231.0	87771.0	88779.5	90118.5	91911.0	93418.0	95636.0	98052.0	99286.0	103139.5	107585.0	110815.0	114677.0	123502.0	134207.5	143931.0	156367.5	173617.5	196189.0	223619.0	258486.5	311286.5	372508.5	434698.0	509535.0	595878.0	698253.5	817793.5	949707.0	1092131.5	1242967.0	1389625.5	1511489.5	1608950.0	1688498.5	1742957.0	1787284.5	1834559.0	1873796.0	1911270.0	1949375.0	1970905.0	1977316.5	1966573.0	1949441.5	1949564.5	1949065.0	1852488.0	1690434.0	1553335.0	1422633.0	1301241.0	1192487.5	1095477.0	1006220.5	919640.0	835999.0	760762.0	693954.0	630960.5	573441.5	520461.5	472772.5	431902.0	394398.5	359273.5	329909.0	303591.0	277986.0	256244.0	237861.5	225317.5	215652.0	204858.0	195979.0	188808.5	183010.0	178871.0	175487.5	173358.5	172078.5	169800.0	167424.0	166192.5	165796.5	165352.0	166191.5	167104.5	166984.0	167699.5	169777.5	170964.5	170520.0	170439.5	169948.0	169641.0	176085.5
MHW336_trimmed_clipped_R1_paired	11487.0	11680.5	11989.5	12128.0	12186.5	12331.0	12723.5	13273.0	13934.0	14544.5	15493.5	16607.5	17511.0	19498.0	22066.5	24953.5	28722.0	34693.0	42684.5	52360.5	65183.0	82278.5	104930.0	134868.5	172892.0	222364.0	281611.5	348610.5	428727.0	522549.5	629507.0	750367.5	877898.5	1006612.0	1138991.5	1296693.5	1527754.5	1742743.0	1845627.0	1849854.0	1815865.5	1801777.5	1813423.5	1850586.0	1884910.5	1903058.5	1906894.0	1900360.0	1889785.0	1882002.5	1873480.5	1778991.5	1620103.0	1482252.0	1349038.0	1223412.5	1108405.5	1003340.0	906252.0	814849.0	730106.0	652638.5	586167.5	522357.5	460327.5	406985.0	360077.5	316476.0	275530.0	240339.0	207764.5	177234.0	149893.5	127337.5	108164.5	90503.0	76097.5	64626.0	55351.5	47585.5	41422.5	36721.0	32771.0	28637.5	25308.5	23716.0	22426.0	21588.0	20211.0	18908.0	18048.0	17285.0	16811.5	16261.5	15835.5	15516.0	15371.5	15307.0	15204.5	15089.0	15055.5
MHW336_trimmed_clipped_R2_paired	84739.0	84899.0	85253.0	85655.5	86097.5	86664.0	87759.5	89325.0	91427.5	93061.0	95448.5	98102.0	99353.5	103315.0	108301.0	112081.5	116494.5	126132.0	137566.5	148466.5	162656.0	181363.5	205845.0	237603.5	276302.5	332917.5	399824.0	467344.0	548902.5	643091.0	752459.5	875344.5	1004415.5	1135702.5	1269426.5	1426307.5	1652579.5	1866279.0	1975123.5	1983506.0	1950009.0	1935238.0	1946968.0	1986522.0	2023009.5	2039474.5	2042699.0	2038773.0	2031088.5	2033194.5	2037027.0	1945427.5	1783996.0	1642645.5	1508716.5	1384157.0	1267750.0	1162469.5	1063706.5	970887.5	885698.0	807509.5	741135.0	679046.0	617966.5	563028.5	513650.0	470186.5	429462.0	392731.5	359792.0	329151.5	301729.0	278160.0	258495.0	243752.0	231666.5	219167.0	208973.0	200582.5	193482.0	188370.5	184215.0	181863.5	180276.0	177760.5	175193.5	173702.5	173307.5	172883.5	174049.5	175282.0	175130.0	176051.5	178532.5	179932.0	179311.0	178988.0	178434.5	178010.0	182906.0
MHW337_trimmed_clipped_R1_paired	9958.0	10097.5	10294.5	10406.5	10471.5	10572.5	10878.0	11283.5	11860.0	12483.0	13427.5	14463.5	15243.0	17030.5	19327.0	21695.5	24927.0	30168.5	36834.5	44744.0	55379.5	69399.5	88316.5	113489.0	144552.5	185500.5	234852.5	290297.5	356282.0	434143.5	524334.0	623700.0	728978.0	837912.0	950126.5	1083179.5	1282818.5	1470471.0	1560221.5	1560123.0	1527615.0	1521226.5	1532093.0	1562613.5	1595485.5	1615014.5	1622743.0	1621735.0	1618058.5	1616674.0	1611967.0	1528525.5	1389373.0	1271037.5	1157584.0	1050464.5	952009.0	861782.5	777837.0	700039.5	628224.5	562679.0	505019.0	450702.0	399512.5	353319.0	311386.0	273173.0	238717.0	209136.5	181497.5	155117.5	131584.5	112328.5	95621.0	80347.5	67552.5	57472.0	49618.0	42831.0	37253.0	32906.0	29527.5	25983.5	23027.5	21624.5	20533.0	19856.5	18587.5	17395.0	16604.0	15830.5	15345.0	14808.5	14449.0	14198.5	14081.0	14040.5	13935.0	13829.5	13817.0
MHW337_trimmed_clipped_R2_paired	71791.0	71906.0	72157.5	72460.0	72812.0	73360.5	74369.0	75653.0	77420.0	78867.5	80866.5	82965.5	83992.5	87289.0	91200.0	94192.0	97747.5	105893.0	115807.5	124919.5	136374.5	151792.5	171488.0	196975.5	229683.0	277067.5	332166.5	387873.5	455624.5	534496.5	625770.5	727718.0	833859.0	943997.5	1056615.5	1190022.0	1387767.5	1572686.0	1664834.5	1669628.5	1639979.5	1631867.5	1642581.0	1673563.5	1705357.0	1724296.0	1731730.0	1732306.5	1730791.0	1738844.5	1750723.0	1668589.5	1520447.5	1397176.5	1280813.0	1173051.0	1075429.5	985401.0	898809.0	819948.0	749372.5	683796.5	626163.5	573055.5	521567.0	474255.5	431861.5	394705.5	359846.5	328216.5	300770.0	275029.5	251048.0	230635.5	213754.5	201185.0	191160.0	181026.0	172299.0	164793.0	158890.5	154718.5	151187.0	149087.5	147782.5	145734.0	143613.0	142443.0	142195.0	141879.0	142448.0	143091.0	142953.0	143529.5	145151.5	145964.5	145420.0	145189.0	144691.0	144424.5	148777.5
MHW338_trimmed_clipped_R1_paired	11910.0	12061.5	12345.0	12521.0	12649.0	12777.0	13044.5	13491.0	14145.5	14799.0	15643.0	16730.0	17684.5	19572.0	22109.5	24925.0	28533.5	34598.0	42394.5	51218.0	62969.5	78947.5	99944.0	127799.0	163711.0	210408.0	265381.0	326757.5	400801.5	488308.0	589565.0	700484.5	816636.0	937556.5	1063797.5	1216990.0	1450960.0	1672404.0	1775365.5	1770395.5	1725176.5	1709573.5	1724661.5	1765305.5	1804024.0	1829556.5	1844742.5	1852033.5	1853920.0	1861213.5	1867215.5	1772784.5	1609787.0	1474210.5	1345057.0	1221953.5	1109753.0	1006976.5	910360.5	820579.0	737942.0	663459.0	599317.5	537403.0	476769.5	423944.0	375692.5	330918.0	290587.0	255006.0	221674.5	190311.5	161764.5	137808.0	117821.0	99068.5	82846.5	70332.0	60341.5	51744.0	44883.5	39645.5	35343.0	30836.0	27347.0	25536.0	23950.5	22980.5	21443.0	20042.5	19120.5	18354.0	17883.0	17174.0	16493.0	15971.0	15762.5	15684.0	15575.0	15426.0	15353.5
MHW338_trimmed_clipped_R2_paired	105097.0	105280.0	105639.0	106013.0	106364.5	106820.0	107816.5	109246.0	111294.5	112966.5	115334.5	117840.5	118984.5	122925.5	127531.0	130983.5	135420.0	145091.0	156294.5	166379.0	179520.0	197449.0	220145.5	249100.5	286215.0	339866.5	401644.5	463423.5	538098.0	626105.5	729148.5	843492.5	963468.0	1085548.5	1210398.0	1364758.0	1597940.5	1817778.0	1923313.0	1921541.0	1877206.5	1861769.5	1877285.0	1917468.5	1955515.0	1979944.0	1995321.5	2002041.5	2006113.5	2024811.0	2037567.0	1937459.5	1765582.5	1623557.0	1492527.5	1370264.5	1256958.0	1152428.5	1054366.0	961952.5	878567.0	803598.5	737431.5	675946.0	616929.0	562382.5	513260.5	469337.5	428399.0	391944.5	359476.5	330061.5	302300.5	278203.0	258589.5	243017.5	230019.0	217440.0	207222.5	199089.0	192594.5	188269.5	184695.0	182223.5	180659.0	178312.5	175839.5	174531.0	173812.5	172958.5	173563.0	174228.0	173750.5	174097.0	175862.0	176820.0	176383.5	176299.5	175724.0	175380.5	182518.5
MHW339_trimmed_clipped_R1_paired	9331.0	9439.5	9607.5	9728.0	9850.0	10005.0	10333.5	10721.5	11301.5	11955.5	12848.0	13896.5	14777.5	16566.0	18832.5	21225.0	24649.0	30163.5	37390.5	46073.5	57395.0	72515.0	92855.5	120048.5	154057.5	198341.5	250791.5	309918.5	381608.0	465103.0	561522.5	667903.5	780836.5	897042.0	1018894.5	1169306.5	1399992.0	1616691.0	1719555.5	1708508.5	1655581.5	1638431.0	1645767.0	1682714.5	1720907.0	1739290.0	1745805.0	1749136.5	1747743.5	1750558.5	1756935.0	1669258.5	1513139.5	1380840.0	1255939.0	1141485.0	1038173.5	942945.0	852001.0	768322.0	691262.0	619976.0	557716.0	498582.0	442352.5	393924.0	348761.0	307534.5	270381.0	236119.5	205248.0	176071.5	149833.5	127940.5	108828.5	91813.0	77381.5	65684.5	56271.5	48103.0	41613.0	36702.5	32638.5	28521.5	25298.5	23713.5	22374.5	21493.0	20093.5	18759.5	17840.0	17004.0	16461.0	15828.0	15300.0	14909.0	14743.5	14664.5	14568.0	14477.5	14470.0
MHW339_trimmed_clipped_R2_paired	80553.0	80699.0	81023.5	81371.0	81731.0	82212.0	83197.0	84549.5	86339.0	87812.5	89935.0	92230.5	93430.0	97039.5	101302.5	104529.0	108475.0	117367.0	127979.0	137759.5	150194.0	166702.5	188267.5	216203.0	251618.5	303020.5	362381.0	422830.0	495303.5	578952.5	677123.0	786497.5	901017.0	1017597.5	1140507.0	1290727.0	1519994.5	1737340.5	1841634.5	1831630.0	1780338.5	1764152.0	1771674.5	1807222.0	1844314.0	1863759.0	1869761.5	1872906.5	1878010.5	1893390.0	1908282.0	1813518.0	1647098.0	1512359.5	1385444.0	1268798.5	1163096.5	1065785.0	973688.5	889282.0	812375.0	740947.5	678572.0	620650.5	564708.0	514129.5	468666.0	428083.5	390673.0	355902.5	324439.0	296397.5	270618.5	248069.0	229487.0	214426.5	201508.0	189573.0	179888.5	171739.0	165122.5	160681.5	156976.0	153594.0	150986.0	148705.5	146473.0	145259.0	143793.0	142267.5	141952.0	141698.5	140842.0	140333.5	141098.5	141553.5	141165.5	141018.0	140501.5	140277.5	145665.0
MHW340_trimmed_clipped_R1_paired	12174.0	12397.0	12723.0	12880.5	12952.5	13027.0	13353.5	13869.5	14510.0	15117.5	16039.5	17130.0	18010.0	19945.0	22522.0	25331.0	29108.5	35321.5	43494.5	53443.5	66173.0	83604.5	106953.5	137099.0	175792.5	226623.0	287012.0	355427.0	436911.0	532411.0	643248.5	766093.5	896642.5	1029167.0	1164130.0	1315203.0	1519716.5	1716597.5	1826788.5	1845087.0	1824853.5	1819148.0	1833121.5	1871692.0	1904188.5	1917029.5	1913394.5	1902998.5	1889827.5	1872044.5	1854583.0	1763629.0	1607699.0	1466052.5	1333815.0	1208801.5	1094346.5	991217.5	891486.5	798335.0	714923.0	638327.5	570596.5	507910.5	448096.0	395714.0	348713.5	305544.0	266769.0	232165.0	200220.0	170863.5	144619.5	122922.0	104591.5	87383.0	73386.5	62508.0	53659.0	46593.5	40829.5	36540.0	33219.0	29780.5	27059.5	25771.5	24742.5	24042.0	22756.5	21611.0	20851.5	20137.0	19706.0	19151.5	18707.5	18401.5	18296.0	18266.0	18212.0	18154.0	18151.0
MHW340_trimmed_clipped_R2_paired	124548.0	124743.5	125107.5	125467.5	125877.0	126464.0	127591.5	129121.5	131251.5	133016.0	135417.5	137906.0	139139.5	143253.5	148158.0	151756.0	156172.0	166208.5	178298.5	189657.0	203893.0	222589.5	246927.0	278671.5	317988.5	376842.5	445108.0	513029.5	595620.5	691077.0	804449.5	928232.0	1058579.5	1192697.0	1326988.5	1477706.0	1679644.0	1876631.5	1990560.0	2012568.5	1995127.5	1991113.5	2005543.0	2042703.5	2075565.5	2088119.5	2086543.5	2076242.0	2061726.5	2055340.0	2044430.5	1946609.0	1787477.0	1646784.5	1513770.5	1388759.0	1274358.5	1170032.5	1071130.5	979069.5	895072.0	818108.5	750510.5	689005.0	630992.0	577282.5	528607.0	486241.0	447245.0	411518.0	381404.0	353784.5	326661.0	303709.0	285053.5	274209.5	265841.5	254077.5	244536.5	237678.5	232326.5	228590.5	225643.5	225933.5	227034.5	224732.5	222290.5	221045.0	222280.5	223412.5	226030.5	228741.5	229543.5	232075.0	236988.0	240174.0	240014.0	240399.5	239926.0	239705.0	252378.0
MHW341_trimmed_clipped_R1_paired	12618.0	12791.0	13026.5	13140.5	13273.0	13461.5	13844.0	14333.0	14936.5	15562.0	16565.5	17761.0	18681.0	20620.0	23324.0	26327.0	30348.0	36656.5	44846.0	54931.0	68270.5	86307.0	110300.0	142175.5	182494.0	235129.5	295608.5	364563.5	447886.0	544742.5	658479.0	784159.5	913778.5	1046717.5	1187121.0	1348059.5	1578125.0	1793723.0	1898654.5	1905895.0	1877171.5	1870880.5	1887070.5	1930325.5	1969978.0	1987705.0	1993133.0	1989888.0	1980663.0	1976169.5	1969751.0	1867950.0	1698011.5	1551704.0	1411860.5	1279703.0	1158954.5	1047858.5	943721.5	848361.0	760485.5	680410.0	610948.0	543469.0	479487.0	424567.0	374382.0	327655.0	285509.5	248849.5	214965.0	183571.5	155609.5	131791.5	111436.5	93655.0	78569.0	66527.0	56830.0	48722.5	42336.0	37459.5	33435.0	29511.5	26384.5	24820.0	23647.0	22896.5	21453.5	20170.0	19384.5	18611.0	18112.5	17536.5	17114.5	16776.0	16585.5	16518.5	16473.5	16408.5	16391.5
MHW341_trimmed_clipped_R2_paired	97053.0	97190.0	97507.5	97878.0	98296.5	98937.0	100198.0	101827.5	104022.5	105859.5	108483.0	111262.0	112557.0	116856.0	122047.5	125907.5	130469.0	140592.0	152838.0	164051.5	178506.0	198105.5	223576.5	256119.5	297291.5	357477.0	426690.0	496077.5	580487.5	678582.0	793527.0	921074.0	1053511.0	1189313.0	1327606.5	1487660.0	1716451.5	1930742.0	2036302.5	2045984.0	2019458.0	2015159.0	2034201.5	2075127.5	2112355.0	2130465.5	2135159.5	2133096.5	2128761.0	2135044.0	2139754.0	2036668.5	1860347.0	1710356.0	1566482.0	1433643.5	1314346.5	1203533.5	1098453.5	1001521.0	913879.5	833674.0	763690.0	698032.0	635298.5	578792.0	527775.0	482883.5	440810.0	402249.5	368747.5	338054.0	309201.0	285104.0	265217.5	250209.5	238322.5	225806.0	215186.5	206670.0	199935.5	195195.0	191036.5	188588.5	187216.5	184850.5	182371.0	180982.5	180392.5	179815.5	180621.5	181415.5	181001.5	181416.5	183359.0	184528.0	184030.5	183806.5	183263.5	182973.0	189202.0
MHW342_trimmed_clipped_R1_paired	12632.0	12818.5	13057.0	13141.5	13228.5	13389.5	13749.0	14281.0	15021.5	15710.5	16717.5	17943.5	19032.0	21175.5	23885.0	27084.5	31389.0	38051.0	46862.5	57297.5	71125.5	89926.0	114409.5	146803.5	188398.0	241939.0	304645.5	376317.0	461947.0	561569.5	677808.0	806119.0	941484.5	1080207.5	1223537.0	1398046.0	1665233.0	1915270.5	2030954.0	2027140.5	1973274.5	1949712.5	1956996.0	1995006.0	2037103.5	2064729.0	2076187.5	2076446.0	2072490.0	2074372.0	2078011.0	1978310.5	1801488.0	1651668.5	1509363.0	1373163.0	1247306.0	1131364.0	1023557.0	923982.0	832941.5	748380.0	674805.5	604435.5	535349.5	474542.0	419881.0	370290.0	325125.0	285001.5	247929.5	212652.0	180894.0	154182.5	131229.5	110933.0	93375.5	79332.0	68416.0	58817.0	50822.0	44710.0	39731.0	34642.0	30696.0	28664.5	26850.0	25720.5	24116.0	22680.5	21713.5	20834.5	20281.0	19550.5	18872.0	18365.5	18153.0	18047.5	17887.5	17724.0	17680.0
MHW342_trimmed_clipped_R2_paired	113401.0	113611.0	114055.5	114470.0	114920.0	115586.5	116757.0	118344.0	120655.0	122536.5	125191.5	128117.5	129505.0	133984.5	139530.5	143575.5	148421.5	159102.5	171741.0	183477.5	198763.0	219568.0	245900.5	279312.5	321697.5	383974.0	455620.0	527486.0	613910.0	714141.5	832212.0	964573.5	1102766.5	1242544.0	1387059.0	1562815.0	1826782.5	2074809.0	2193734.0	2194912.5	2144986.0	2119827.0	2127201.0	2166314.0	2206224.5	2231621.5	2242804.5	2246477.0	2248245.5	2261678.5	2273790.5	2166618.0	1982177.0	1829964.5	1684584.0	1546527.0	1420215.0	1303434.5	1193775.5	1093526.0	1001642.0	916244.0	842414.5	772800.0	705075.0	643882.0	588364.0	538300.0	491968.5	451450.0	414813.0	380975.5	349093.5	321790.0	299296.5	282529.5	269276.0	255006.5	243250.0	233742.5	225942.5	220462.0	215861.5	213111.5	211617.5	208877.5	205872.5	204207.5	203480.5	202616.0	203175.5	203948.5	203323.5	203470.0	205201.0	206048.0	205415.5	205190.5	204632.5	204344.0	211864.5
MHW343_trimmed_clipped_R1_paired	11519.0	11661.5	11879.0	12024.0	12138.5	12266.0	12615.5	13085.0	13685.0	14313.0	15221.0	16276.5	17173.5	18988.0	21498.0	24400.5	28247.0	34334.5	42444.5	52246.0	65557.0	83618.0	107587.5	138872.5	178797.5	231213.5	294285.0	364549.0	447053.5	544937.5	659339.5	784802.0	917579.5	1056695.5	1202946.0	1381756.0	1656613.5	1926083.5	2063377.0	2050149.0	1977429.5	1942428.5	1937059.0	1972065.0	2011630.5	2026379.0	2025700.0	2021276.0	2008967.5	1992833.0	1977027.0	1883045.0	1724079.0	1580627.5	1443293.0	1312594.5	1192667.0	1080356.5	973370.0	875095.0	783399.5	699636.0	628217.5	559294.0	493304.5	435705.0	383437.5	336355.5	293516.5	256142.0	221775.0	189884.0	160861.5	136114.5	115814.0	97474.5	81961.0	70086.0	60453.0	52178.0	45404.0	40096.0	35895.5	31795.5	28342.0	26559.0	25189.0	24275.0	22834.0	21528.5	20724.0	19981.5	19482.0	18891.0	18402.5	18058.0	17931.0	17868.0	17794.5	17714.5	17700.5
MHW343_trimmed_clipped_R2_paired	83233.0	83379.5	83712.5	84045.0	84422.5	85045.0	86232.5	87788.0	89814.0	91473.0	93849.0	96408.5	97617.5	101717.5	106828.0	110676.5	114998.0	124981.0	137153.0	148197.0	162381.5	181915.5	207525.5	239549.5	279816.0	340217.5	409795.0	479135.0	563734.5	662656.5	778766.0	906443.0	1039173.5	1178205.5	1324473.5	1504002.5	1778891.0	2047820.0	2185787.5	2176347.0	2104922.5	2069533.0	2067840.5	2104459.0	2142660.5	2160888.5	2163162.5	2156848.0	2147552.5	2141148.5	2141419.5	2052200.0	1889702.5	1746108.0	1607543.0	1476463.0	1355211.5	1242835.5	1135514.5	1036301.0	946703.5	863606.5	790468.0	722494.5	656719.5	598138.0	545745.5	498658.5	454995.0	415422.5	380694.5	348879.5	319543.5	294808.5	274162.0	260337.5	249125.0	235930.5	225258.5	216370.0	208947.5	203434.5	198717.0	196648.0	195517.5	192702.5	189818.0	188237.5	188468.5	188591.5	190219.0	191966.0	192223.0	194107.5	197424.0	199093.0	198507.0	198256.5	197648.5	197288.0	203804.0
MHW344_trimmed_clipped_R1_paired	12689.0	12821.5	13083.0	13262.0	13357.5	13578.5	14042.0	14686.5	15528.5	16360.5	17506.0	18751.0	19823.0	22030.0	25060.0	28513.5	33073.5	40442.5	49793.5	61198.5	76671.5	97570.5	124518.5	159762.5	204740.5	262699.0	330548.5	407266.0	498599.5	604933.5	728609.0	864198.0	1007138.5	1155378.5	1307829.5	1491830.5	1774439.0	2048242.5	2179577.0	2173097.0	2114769.5	2087718.5	2093418.0	2134752.0	2177895.5	2199597.5	2203409.5	2198976.0	2190063.0	2182064.5	2171254.0	2064314.0	1885477.5	1726435.0	1573344.0	1428645.5	1295528.0	1173545.5	1058035.5	950672.5	853712.0	764210.0	684783.5	610168.5	538075.5	475279.5	419937.5	368370.5	321516.0	280886.5	243274.5	207946.5	175585.5	149088.5	127043.0	107052.5	90050.5	76093.0	65184.0	55947.5	48488.5	42786.5	38159.0	33451.0	29659.0	27763.5	26248.0	25261.5	23692.0	22251.5	21263.0	20339.5	19760.5	19074.0	18540.5	18157.0	17988.5	17916.0	17829.5	17706.0	17651.5
MHW344_trimmed_clipped_R2_paired	86848.0	87023.0	87447.5	87899.5	88379.0	89180.0	90576.5	92313.5	94749.0	96752.0	99501.0	102517.0	104101.0	108855.0	114442.0	118676.5	123959.5	135199.0	148472.5	161454.0	178405.5	200711.0	229067.5	264821.0	310209.0	376905.5	454061.0	530553.0	622991.0	731300.5	857149.5	994819.0	1137491.0	1286379.0	1441679.0	1625600.0	1906533.0	2179321.5	2314009.0	2312473.0	2254871.0	2228821.5	2234412.5	2276959.5	2320631.0	2341163.0	2345248.0	2343809.5	2339478.0	2340731.0	2345637.5	2244868.5	2061526.5	1897246.0	1741198.0	1595647.0	1460771.0	1337094.5	1220571.0	1113308.5	1015551.0	923745.5	844531.0	771459.0	700171.0	636775.0	580286.5	529454.0	481917.5	438959.0	400844.5	365869.5	333370.0	305820.0	283025.0	265415.0	251127.0	236811.5	224708.5	214568.0	206478.0	200516.5	195447.0	191828.0	189230.5	186380.5	183440.0	181809.5	180813.0	179749.0	180150.5	180676.5	180009.5	180121.5	181922.5	182855.0	182198.5	181861.0	181252.5	180910.5	186178.5
MHW345_trimmed_clipped_R1_paired	12440.0	12534.5	12699.5	12804.0	12952.5	13213.5	13687.0	14284.5	15030.0	15747.0	16626.0	17713.5	18691.0	20785.0	23532.0	26429.5	30273.0	36617.0	44847.0	55142.5	68855.5	87402.5	111137.5	142152.5	182662.5	234729.5	296746.5	367086.5	449611.0	545891.0	657774.0	778814.0	906026.5	1038666.5	1175354.5	1343376.0	1594042.0	1829225.5	1937824.0	1936172.5	1894859.5	1873224.5	1877595.5	1912828.0	1946711.5	1964696.5	1968448.0	1960913.0	1948384.5	1929248.5	1897720.5	1798461.0	1651156.5	1517119.0	1386444.5	1258115.5	1139067.5	1030927.5	929320.5	835437.5	750427.0	672145.0	603344.0	536251.0	471915.0	416603.0	366801.5	321495.0	280423.0	244659.5	210199.0	178415.0	151043.5	128013.5	108194.0	90284.5	75371.5	63495.0	54174.0	46370.0	40097.5	35260.5	31255.0	27187.0	23830.5	22131.5	20846.0	19945.5	18561.5	17321.0	16585.0	15964.5	15532.0	15023.0	14630.5	14338.0	14218.0	14152.5	13969.5	13748.0	13675.0
MHW345_trimmed_clipped_R2_paired	43650.0	43757.0	44048.5	44464.5	44996.0	45751.5	47089.0	48822.0	51045.0	52781.5	55330.0	58103.5	59345.0	63460.0	68391.0	72294.5	76981.0	86721.0	98833.0	110182.0	124999.0	145283.5	170860.5	203521.5	244743.0	303246.5	372026.0	442865.0	527246.0	626044.5	739498.5	863404.5	992763.0	1124057.5	1261401.0	1431313.0	1680806.0	1912004.5	2021444.0	2024294.0	1983575.0	1960233.5	1963564.5	1998200.0	2032385.0	2049113.5	2053700.5	2047411.5	2032606.0	2021266.5	2012844.0	1925262.0	1771844.0	1632717.5	1497237.5	1368232.0	1250397.0	1141982.5	1040367.0	946785.5	861084.5	782262.0	714183.0	647862.0	583130.5	527036.5	477865.5	433542.0	392103.5	354694.0	319972.0	288608.5	260742.0	237076.5	217675.5	202010.0	189089.0	177137.5	167416.0	158291.5	150644.5	144764.5	139652.0	136279.5	133739.0	131307.5	128994.5	127685.5	126901.5	126094.5	126804.5	127634.5	127492.0	128198.5	129982.5	130745.0	129878.5	129189.0	128566.5	128111.5	128067.0
MHW347_trimmed_clipped_R1_paired	11361.0	11432.5	11520.5	11588.5	11703.0	11858.5	12154.5	12595.5	13126.0	13574.0	14364.0	15223.0	15910.5	17582.0	19786.5	22107.5	25053.0	30217.5	36911.5	44953.0	56089.0	71103.5	91304.5	117486.5	150804.5	194755.0	247238.0	307614.0	380213.0	465241.5	562623.5	670339.0	784354.0	902556.5	1026272.5	1176245.5	1398126.0	1603688.0	1698316.0	1693163.5	1655265.0	1642241.0	1653669.5	1689563.0	1721430.0	1737248.5	1738970.5	1731764.0	1719595.5	1703558.5	1681291.0	1596285.5	1460916.0	1339134.5	1224346.5	1113197.0	1008493.5	913600.5	823511.5	738197.5	661131.0	589336.0	526557.5	468748.5	412449.0	362709.5	319355.5	279118.0	242476.0	210871.5	182082.5	155177.5	130295.0	109471.0	92331.0	76863.0	63992.0	53863.0	45700.0	38917.5	33363.5	29334.5	26187.5	22953.5	20381.0	19241.5	18334.5	17693.5	16644.5	15664.5	15007.5	14405.5	14026.5	13572.0	13264.0	13049.5	12939.0	12899.0	12755.0	12571.5	12525.0
MHW347_trimmed_clipped_R2_paired	33427.0	33509.5	33726.5	34071.0	34527.5	35094.5	36060.0	37304.0	38996.0	40373.0	42389.5	44563.0	45536.5	48886.0	52958.0	55946.5	59485.5	67164.5	76718.5	85968.0	97906.5	114182.5	135593.0	163095.5	197361.5	245740.5	302895.0	364854.5	439283.0	523332.5	623064.0	732841.0	846167.0	964456.0	1089253.0	1240835.5	1460831.0	1665182.0	1761046.5	1760151.0	1723631.5	1708960.0	1720858.5	1754093.5	1783649.0	1800538.0	1801410.5	1795602.0	1787092.0	1777388.5	1767254.0	1687023.5	1551748.5	1429476.0	1310857.0	1198062.0	1094688.5	998602.0	906763.5	822337.0	745638.5	675060.0	613085.0	554212.5	497657.0	447882.0	403126.5	363405.5	326791.0	293918.0	263673.5	235441.0	210455.5	189853.5	172910.0	157383.0	144261.0	133755.5	125184.0	117107.0	110705.0	105928.5	101731.5	98098.5	95130.5	93294.0	91602.5	90590.0	89497.0	88374.0	88403.0	88454.0	88010.5	87994.5	88762.0	89053.5	88406.5	87847.0	87305.5	86871.0	86772.5
MHW348_trimmed_clipped_R1_paired	11448.0	11538.0	11684.5	11790.0	11847.5	11981.0	12334.5	12790.0	13342.5	13901.5	14797.5	15825.0	16702.0	18414.0	20579.0	23010.0	26328.0	31902.0	39080.5	47517.0	58813.0	73979.5	94412.0	121183.0	154209.0	196717.0	248044.0	306421.5	375048.5	454972.0	547442.0	650298.0	759532.5	872727.5	991586.5	1140646.0	1371718.5	1590084.5	1691044.5	1683909.5	1637581.5	1615470.5	1621472.5	1658747.5	1692819.5	1709034.0	1715504.0	1717590.0	1712375.5	1705108.5	1689247.5	1602427.5	1469473.0	1348098.5	1229525.5	1118425.0	1015813.0	920264.5	830021.0	746868.5	670208.0	598568.0	535840.5	477403.0	421049.5	370326.0	325360.5	284526.0	247249.0	214688.0	184771.0	157247.5	132155.5	111461.5	93791.5	78182.5	65096.0	54188.0	45629.0	38902.5	33477.5	29257.0	25994.0	22617.5	19949.0	18687.0	17626.0	16947.0	15840.0	14855.0	14212.5	13612.5	13213.0	12765.0	12458.5	12236.0	12141.0	12094.5	11976.0	11837.5	11800.5
MHW348_trimmed_clipped_R2_paired	39863.0	39976.0	40283.5	40678.0	41138.0	41783.5	42985.0	44511.0	46382.5	47881.0	50080.5	52398.0	53498.0	57189.0	61501.0	64688.5	68707.0	77523.5	88070.5	97818.0	110057.0	126669.5	148476.5	175787.0	210056.5	258502.5	315453.5	374830.0	445544.0	527132.0	620830.0	725002.5	835295.5	949817.5	1070849.0	1221848.0	1450153.5	1667334.0	1768577.5	1762267.0	1717743.5	1697592.5	1704049.5	1738240.5	1771769.0	1789431.5	1794028.0	1794012.0	1792124.5	1792066.5	1793500.5	1716370.5	1575919.5	1449736.5	1330882.5	1219920.5	1115394.0	1018178.0	926879.0	843076.0	767400.5	695280.0	633104.5	575099.0	517864.0	467654.0	423090.0	382873.0	346040.0	313218.5	282579.0	254434.5	229143.5	207989.5	190589.5	176567.5	165079.0	154200.0	145419.0	137416.0	130753.5	125724.0	121428.5	118406.5	116098.0	114085.0	112182.0	111116.0	110548.0	109940.0	110468.0	111124.0	110978.0	111423.0	112711.5	113275.5	112572.5	112007.5	111514.5	111151.0	111127.5
MHW349_trimmed_clipped_R1_paired	8701.0	8783.0	8908.5	8958.0	8998.5	9127.5	9408.0	9774.5	10280.5	10778.5	11470.0	12261.5	12935.5	14317.0	16091.0	18170.5	20974.5	25499.0	31408.5	38544.5	48355.0	61808.5	79996.5	104039.5	134550.0	173653.0	220201.5	273662.5	338559.5	414609.0	501860.0	597054.0	697509.5	802552.0	912094.0	1043895.0	1232251.5	1407823.5	1489936.0	1489886.0	1467180.5	1461654.0	1471722.0	1502898.5	1532059.0	1545953.0	1545582.5	1539572.0	1528844.5	1513914.0	1493528.5	1417703.5	1303713.0	1198234.0	1093040.0	993893.5	903018.0	818515.0	737322.5	661989.5	593367.5	529821.0	474801.5	422665.5	371888.0	327472.0	288172.5	252024.5	218701.0	189860.0	163987.5	139675.0	117487.0	98751.0	83330.5	69775.5	57936.5	48708.5	41437.0	35219.0	30231.5	26225.0	23101.0	19954.5	17475.5	16238.0	15258.5	14535.0	13538.5	12651.0	12072.0	11579.5	11274.5	10942.0	10676.0	10425.5	10276.0	10216.5	10093.0	9950.0	9915.5
MHW349_trimmed_clipped_R2_paired	31637.0	31711.5	31943.0	32276.0	32605.0	33069.5	34045.5	35299.5	36852.5	38094.0	39916.0	41889.0	42783.5	45722.0	49342.5	52077.5	55329.5	62768.5	71475.5	79556.0	90442.0	105060.5	124064.0	148686.5	179982.5	223511.5	275345.0	330145.0	394802.0	471418.5	560524.0	658277.0	760280.0	865032.0	975560.5	1108549.5	1297810.0	1471844.5	1556072.5	1558775.5	1532564.0	1526770.5	1538870.5	1569967.0	1598323.5	1611259.0	1614493.0	1609027.5	1598583.5	1590276.0	1581289.5	1512112.5	1392565.5	1282609.0	1176773.0	1077005.0	985294.0	899866.0	818688.0	743616.0	675177.5	612672.5	558258.5	505367.5	453348.0	408369.5	369080.0	333429.0	300963.0	271828.5	244199.0	219619.5	197064.0	177870.0	162648.5	149330.5	137870.5	128170.5	120583.0	113377.0	107327.0	102827.0	98843.5	95569.5	93046.0	91149.0	89307.5	88307.0	87397.5	86527.0	86588.0	86705.0	86315.5	86155.5	86700.5	86919.5	86333.0	85797.0	85311.5	84983.5	84949.5
MHW350_trimmed_clipped_R1_paired	9819.0	9860.5	9904.5	9948.0	10026.5	10141.0	10440.5	10852.0	11323.5	11773.0	12408.5	13181.5	13878.0	15239.0	16997.5	18962.5	21722.0	26152.0	31770.0	38890.5	48853.5	61782.0	79223.5	103075.5	133141.0	172096.0	219355.0	273976.5	339913.0	417382.5	507707.0	607097.5	711402.0	822286.0	940887.5	1084462.5	1296480.0	1502972.5	1599831.5	1592344.5	1558913.5	1550978.5	1565768.0	1607799.5	1646477.5	1662255.0	1661259.0	1655667.0	1647447.5	1632084.5	1608852.5	1531398.5	1410588.5	1297101.5	1187499.0	1085052.0	987939.0	895304.5	807594.5	726586.5	652646.0	582948.5	521111.0	464005.0	409406.0	360473.0	316413.0	277151.5	241670.5	209960.5	180497.5	153062.5	129005.0	108379.5	90878.5	75807.0	62813.0	52479.0	44379.5	37543.5	31860.0	27560.5	24371.0	21022.0	18230.5	16797.0	15774.0	15104.5	14121.5	13278.5	12706.0	12143.5	11793.0	11401.0	11104.5	10868.5	10764.5	10719.0	10599.0	10460.5	10417.5
MHW350_trimmed_clipped_R2_paired	32000.0	32090.0	32331.0	32629.5	32978.0	33501.0	34498.0	35722.0	37298.5	38592.5	40495.0	42541.0	43450.0	46537.0	50150.0	52866.5	56030.0	63180.5	72040.5	80204.0	90757.0	105355.5	124002.5	147687.5	178303.5	222837.5	275881.0	330295.5	396655.0	475237.5	565821.5	666567.5	773349.0	885550.5	1001352.0	1144400.0	1358524.0	1563728.0	1663987.0	1660244.5	1626045.0	1618066.5	1632137.0	1672397.5	1709251.0	1726547.0	1728757.5	1722422.5	1712538.0	1702259.5	1689223.0	1616103.0	1495069.0	1380479.0	1269360.0	1165914.0	1069008.5	977607.0	889031.5	807465.0	733196.5	663312.0	603039.0	545389.5	489220.0	440479.0	396687.5	357203.5	320655.0	288192.0	258143.5	230128.5	205312.5	184598.0	167466.0	151831.0	138469.5	127641.0	118982.0	111007.0	104258.0	99232.0	95117.5	91156.0	87844.5	85956.5	84125.5	83109.0	81795.0	80453.5	80200.5	80000.0	79339.5	78981.5	79437.0	79509.5	78928.5	78413.0	77887.0	77527.5	77483.0
MHW351_trimmed_clipped_R1_paired	10272.0	10362.0	10522.5	10646.5	10767.0	10919.0	11207.0	11663.0	12319.0	12988.0	13898.5	14883.5	15764.5	17535.0	19784.0	22487.5	26152.5	31987.0	39655.0	48887.0	61303.0	77983.5	100579.5	129896.5	166823.0	215407.0	273022.5	338501.5	416914.0	508116.5	611913.5	726504.5	846477.5	969535.0	1096822.5	1250545.0	1475943.0	1684537.5	1777362.5	1770175.0	1732098.0	1712598.5	1714695.5	1745324.5	1774325.5	1783773.5	1778272.0	1763929.0	1745023.0	1724487.0	1695731.5	1607326.5	1472406.5	1344479.5	1224750.5	1112728.0	1007021.0	910375.0	819732.0	734458.0	657223.5	585248.5	521695.5	463845.0	408439.5	359892.0	315737.5	276375.0	241233.0	209211.0	180375.0	153739.0	129489.5	109764.0	93134.0	77854.0	64554.5	54307.5	46328.5	39747.5	34540.0	30284.0	26809.5	23229.0	20313.5	18858.5	17780.5	17058.5	15930.5	14966.0	14277.5	13617.0	13197.0	12726.5	12383.5	12110.5	11980.5	11935.0	11793.5	11607.0	11551.0
MHW351_trimmed_clipped_R2_paired	37641.0	37742.0	38041.0	38435.0	38855.0	39446.5	40532.5	41960.0	43808.0	45332.0	47510.5	49837.5	51035.0	54585.0	58880.5	62294.5	66533.5	75602.0	86518.5	96985.0	110617.5	128631.5	152189.5	182447.0	220976.5	275057.5	338114.0	403954.0	482958.0	575032.0	680580.0	796879.0	917595.0	1040981.0	1170658.5	1326200.5	1549606.0	1756275.5	1850341.5	1848058.0	1811470.0	1792097.5	1794853.5	1825890.5	1853976.5	1860292.0	1855846.0	1846137.0	1829616.0	1812114.0	1798203.0	1717610.0	1577223.0	1447716.0	1325539.0	1211432.5	1106698.5	1010607.5	918188.0	832105.0	755154.5	683671.0	620774.0	562065.0	506158.5	457483.5	413817.0	374617.5	338818.5	306716.0	276975.0	249145.0	224812.0	204455.0	187134.5	173251.5	161776.5	151253.0	142761.0	134979.5	128554.5	123569.0	119249.0	116045.0	113518.0	111407.5	109467.0	108343.0	107625.0	106951.0	107448.0	108020.0	107795.0	108225.0	109518.5	110112.0	109468.5	108838.0	108230.5	107832.0	107802.0
MHW352_trimmed_clipped_R1_paired	11142.0	11209.0	11326.5	11432.0	11570.5	11769.5	12137.0	12658.5	13378.5	14069.0	15119.5	16367.0	17179.5	19129.0	21771.0	24406.0	28010.0	34253.5	42115.0	50973.0	62928.5	79925.5	102577.0	131548.0	168029.0	215343.0	272081.0	336097.0	411432.5	499323.0	601072.5	711823.0	828449.5	947930.0	1071974.0	1226892.5	1461315.5	1682622.5	1780726.0	1767808.0	1718783.5	1696129.0	1699011.0	1731448.0	1764608.0	1778511.5	1777540.0	1768702.5	1755944.0	1740190.5	1713009.5	1622594.0	1488496.5	1361557.0	1238634.0	1125084.5	1021840.5	926997.0	834481.0	749341.5	672198.0	600182.5	537656.0	478223.0	421221.0	371001.5	325997.5	285352.5	248731.0	217020.0	187839.0	160025.0	135055.5	114591.0	97551.0	81896.5	68237.0	57685.5	49437.0	42439.5	36630.5	32241.5	28749.5	24880.0	21744.5	20313.0	19214.5	18475.5	17196.0	16059.0	15311.0	14609.0	14192.5	13704.0	13370.0	13157.5	13056.0	13006.0	12881.5	12713.0	12660.0
MHW352_trimmed_clipped_R2_paired	37623.0	37732.0	38019.5	38414.5	38858.0	39519.5	40753.0	42301.5	44286.0	45886.0	48013.0	50289.0	51454.0	55176.5	59635.5	62955.5	67145.0	76181.0	87102.5	97494.0	110699.0	128825.5	152242.5	182393.5	220516.5	272983.5	334516.0	398871.0	475712.5	565183.0	667943.0	780431.0	896949.5	1017162.0	1144631.5	1300992.5	1533632.0	1755295.5	1854943.5	1840076.5	1791077.5	1770359.5	1774326.0	1804823.5	1836398.5	1851672.0	1849449.0	1838510.5	1828382.0	1820242.5	1809876.5	1727082.5	1586686.0	1456674.5	1333244.5	1219695.0	1114098.5	1017237.0	925375.0	839361.0	762215.5	691704.0	627709.0	568253.5	512004.5	461330.5	416562.5	377170.0	340511.5	307291.5	276813.5	248845.5	224204.0	203558.0	186172.5	172056.0	159948.5	148723.5	139867.5	131706.5	124955.5	119854.5	115480.5	111991.5	109277.0	107155.5	105156.0	104043.5	103048.0	102093.5	102419.0	102791.0	102588.5	102894.0	103980.0	104506.0	103910.5	103353.5	102795.5	102380.5	102324.0
MHW353_trimmed_clipped_R1_paired	9576.0	9679.0	9853.0	9967.5	10069.5	10250.5	10601.5	11011.5	11552.0	12133.0	12957.5	13898.5	14677.0	16339.5	18573.5	21102.5	24344.0	29614.0	36996.5	45665.0	56625.0	71756.0	91963.0	118193.5	151702.0	195025.0	247266.0	306289.5	375186.5	455276.5	547205.5	648886.0	754132.5	862460.0	975303.5	1108797.0	1307863.5	1493479.5	1575092.5	1566790.5	1533000.5	1520645.5	1525754.0	1552894.0	1576712.0	1586528.0	1585677.5	1574529.0	1559070.0	1541755.5	1511806.5	1429432.0	1310880.5	1199317.5	1092444.5	991720.5	898259.5	812492.5	730379.5	654427.5	587312.0	524530.5	468720.0	416284.0	366505.5	322947.5	283929.5	248428.5	215567.0	187567.5	162377.5	138147.5	116053.5	98244.5	83352.5	69323.5	57506.5	48637.0	41729.0	35806.5	30904.0	27059.5	24004.5	20865.0	18353.0	17124.0	16117.5	15452.5	14381.5	13408.0	12863.5	12345.0	11973.0	11562.0	11235.5	10981.5	10860.0	10807.5	10699.0	10555.0	10497.0
MHW353_trimmed_clipped_R2_paired	34047.0	34124.5	34367.5	34747.5	35204.0	35752.0	36756.5	38056.0	39746.5	41131.0	43192.0	45406.0	46446.0	49756.5	53786.0	56956.5	60756.5	68777.0	78728.0	88260.5	100243.5	116581.5	137975.0	165367.0	199648.0	248351.5	305434.0	363954.5	434539.0	516257.5	609091.0	712156.0	819833.0	929288.5	1041416.0	1176864.0	1374784.5	1558176.0	1641313.5	1635910.5	1602371.5	1587025.5	1591621.0	1618233.0	1643052.0	1653081.0	1649147.0	1640540.0	1628247.5	1615127.0	1601279.5	1523906.5	1398133.5	1284945.0	1177471.5	1077060.0	983057.0	895397.5	812417.0	736154.0	668520.0	605315.5	549563.0	498427.5	448864.0	405108.5	366477.0	331053.5	298305.5	269687.5	243386.5	218801.0	196494.0	178344.0	163478.5	150588.0	140055.5	130734.5	123327.0	116535.5	110696.0	106212.0	102384.0	99322.5	96859.5	95031.5	93380.0	92465.5	91708.0	90848.5	91004.0	91296.0	91086.0	91310.5	92292.5	92749.5	92155.0	91647.5	91154.5	90810.5	90781.0
MHW407_trimmed_clipped_R1_paired	11389.0	11464.5	11558.0	11604.0	11670.0	11811.0	12160.0	12635.5	13240.0	13759.0	14572.5	15558.5	16380.5	18030.0	20091.5	22346.5	25546.5	30671.5	37068.0	45091.5	56287.0	71258.5	91444.0	118574.0	152794.0	197215.5	250008.0	310622.0	385303.0	472914.0	574289.0	686872.0	805024.5	927078.5	1054823.5	1210420.5	1430559.0	1632266.0	1732308.0	1741856.0	1719563.0	1721321.5	1745092.5	1786481.5	1823720.5	1843151.5	1844543.5	1837243.5	1823391.5	1806516.5	1779267.0	1688659.0	1555116.5	1427235.0	1302373.5	1184690.0	1075155.0	974507.0	877560.5	787101.0	705121.5	628920.0	562035.0	499453.5	439312.0	385874.5	337708.5	294329.0	256034.0	222169.0	191428.5	163006.5	136652.5	114719.5	96413.5	79856.0	66338.0	55722.0	47247.0	40334.0	34396.0	29835.5	26343.5	22795.0	19923.5	18489.5	17282.0	16480.5	15329.5	14323.5	13643.5	12992.5	12590.5	12118.5	11773.0	11543.5	11443.5	11386.0	11259.5	11097.0	11033.0
MHW407_trimmed_clipped_R2_paired	42038.0	42126.0	42363.5	42673.0	43094.0	43728.0	44933.5	46511.0	48485.5	50097.5	52388.0	54736.0	55691.0	59304.0	63671.5	66853.5	70580.0	78936.0	88935.5	98069.0	109949.0	126754.0	148582.5	176132.5	211338.0	260736.0	319232.0	381707.0	456582.0	544420.0	647559.5	761192.5	880454.0	1005102.0	1134755.5	1290330.5	1509333.0	1711030.0	1811615.0	1824058.5	1803442.5	1801668.0	1823798.5	1866378.0	1902351.5	1919365.5	1923599.0	1920525.0	1910365.5	1900932.0	1886547.0	1798589.0	1658761.5	1531014.5	1403631.5	1282413.5	1174104.0	1074001.0	976588.5	885438.0	802868.5	727591.0	661960.0	599773.5	539447.0	485251.0	436673.5	393992.0	355044.0	319963.0	288221.5	259054.5	232546.5	210032.5	191735.0	176300.0	163161.5	152131.0	143087.0	134360.5	127264.0	121999.0	117284.0	113715.0	110985.0	108843.5	106827.0	105631.5	104814.5	104060.5	104441.0	104833.0	104480.5	104760.5	105926.5	106409.5	105687.0	105111.0	104540.0	104075.0	103985.0
MHW410_trimmed_clipped_R1_paired	14755.0	14847.0	15013.0	15118.0	15221.0	15396.0	15792.5	16342.5	17104.0	17857.5	18786.0	19822.5	20784.5	22864.0	25519.0	28303.0	32217.0	38334.5	46190.0	55931.0	68919.0	86115.0	108831.5	138614.0	176731.5	224908.0	281684.5	348083.5	427066.0	517630.5	622010.5	737546.5	857823.0	979417.5	1108425.5	1269362.0	1501738.5	1706990.5	1792365.5	1785632.5	1749066.0	1742817.0	1764621.5	1802268.0	1834220.5	1850165.0	1852709.5	1846289.0	1832877.5	1821462.0	1797196.0	1693914.5	1544745.5	1411691.5	1283968.5	1164829.5	1055266.5	954020.0	857834.5	768951.0	690019.0	617111.5	551017.0	488603.0	429779.5	378573.0	330783.0	288569.5	252080.5	218939.5	187751.5	158821.0	133400.5	112018.0	94244.5	77308.5	62943.0	52676.5	44432.5	37650.0	32331.0	28218.0	24997.0	21831.5	19329.0	18269.0	17499.0	16980.0	15951.0	15025.0	14383.0	13753.5	13391.5	12959.0	12602.0	12368.5	12274.5	12225.5	12078.5	11892.5	11841.5
MHW410_trimmed_clipped_R2_paired	43667.0	43812.5	44175.0	44588.5	45039.0	45657.5	46907.0	48650.5	50901.5	52667.0	55172.0	57905.0	59242.0	63210.5	68037.0	71922.0	76421.5	85218.0	96247.5	107550.0	121836.5	140625.0	164985.5	195756.5	234616.5	288438.0	350799.0	416005.0	495352.5	588472.5	696166.5	812566.5	933914.5	1058084.0	1186958.5	1349126.0	1581445.0	1784312.5	1869210.0	1863337.5	1828311.0	1821427.0	1841912.0	1876760.0	1905525.5	1922077.5	1924978.0	1919475.0	1909885.5	1908326.5	1903354.5	1805132.0	1648739.5	1513876.0	1383676.0	1264103.5	1153530.0	1050932.5	956228.5	866828.0	784459.5	711044.0	646088.5	585032.0	526190.5	473183.5	425722.5	384119.0	346759.5	313164.0	281922.5	252625.0	226913.5	205069.0	186939.5	171055.5	157811.5	147150.0	138379.0	130038.5	123351.0	118610.0	114457.5	111580.0	109484.5	107662.0	105844.5	104841.0	104309.5	103732.0	104303.0	104924.0	104498.0	104671.0	105909.5	106433.5	105784.0	105180.0	104506.0	103994.5	103890.5
MHW419_trimmed_clipped_R1_paired	11487.0	11545.0	11657.0	11749.0	11854.0	12003.5	12296.0	12735.0	13273.5	13800.5	14586.5	15465.5	16208.5	17833.0	19980.0	22262.5	25158.0	30192.0	36929.5	45121.5	56217.5	71256.5	90926.0	117339.0	151451.0	195685.0	248733.5	308305.5	380684.0	466194.0	564222.0	672558.0	786041.0	905323.0	1031858.0	1189504.0	1428089.5	1648624.5	1747097.5	1734541.5	1688262.5	1675992.5	1689738.5	1730693.5	1770961.5	1793540.0	1801569.0	1801320.0	1791763.5	1778503.5	1757036.5	1668014.0	1534101.0	1411913.0	1292551.5	1179250.0	1074198.5	975190.0	880461.5	792229.5	711701.5	637718.5	572454.0	511118.0	451416.0	397696.0	349008.0	304795.5	265269.5	230498.0	198744.0	169369.5	142626.5	119879.0	100837.0	83728.0	69139.5	57644.5	48481.5	40963.5	35013.5	30209.5	26505.5	22963.5	20073.5	18668.0	17612.5	16931.5	15821.5	14789.0	14102.0	13512.5	13133.5	12655.5	12268.0	11989.0	11858.5	11801.5	11685.5	11517.5	11460.5
MHW419_trimmed_clipped_R2_paired	39096.0	39193.0	39446.0	39772.5	40194.0	40819.5	41975.0	43518.5	45459.5	46902.0	49063.0	51350.0	52360.0	55871.0	59992.0	63063.5	66822.0	75097.5	84837.0	94228.0	106559.5	123034.0	144106.0	171089.0	205898.0	254983.0	312789.5	374015.5	447442.0	533110.5	632991.0	742447.0	857988.5	979480.0	1105691.5	1264634.5	1503337.5	1719267.0	1817960.0	1811503.0	1768011.5	1754243.0	1768803.0	1811119.5	1849859.5	1870974.5	1877192.5	1876963.5	1870984.5	1864787.0	1860002.5	1778321.0	1636256.0	1509255.0	1388267.5	1275366.5	1171174.0	1071991.5	977458.5	890354.5	810530.5	735995.5	669718.5	606441.0	545832.0	493602.5	445433.5	402023.5	363358.5	327531.5	294405.5	264086.0	236222.0	212870.5	193805.0	177395.0	163562.0	152041.0	142703.5	133560.0	126217.5	120893.5	116178.5	112488.5	109563.0	107460.5	105529.0	104419.5	103483.5	102547.5	102925.5	103352.0	102878.5	102905.0	103852.5	104199.5	103452.0	102822.5	102193.5	101735.0	101670.5
MHW420_trimmed_clipped_R1_paired	8105.0	8165.5	8245.5	8315.0	8437.5	8602.5	8893.0	9225.0	9679.0	10189.0	10880.5	11694.0	12391.0	13742.5	15660.5	17845.0	20682.5	25273.5	31313.0	38982.5	49138.0	62357.5	79436.5	102482.0	132199.0	170002.0	214682.0	265466.0	327054.0	399217.0	481304.5	572901.5	669816.0	769223.0	877185.0	1023598.0	1264942.0	1495117.0	1592240.5	1555106.5	1471856.0	1428464.0	1420905.5	1447360.5	1476044.0	1493600.5	1501543.5	1501383.5	1497422.5	1497393.5	1492933.0	1418831.5	1293774.5	1182046.5	1077436.5	978993.0	887718.5	804336.0	724897.5	650963.0	584071.0	523334.5	469502.5	417910.0	368401.5	325347.5	287180.0	251649.0	219859.5	191500.0	165972.5	142125.0	119781.5	101526.5	85892.0	71617.0	59382.0	49622.5	42070.5	35634.5	30204.5	26055.0	22750.5	19545.0	17191.5	15955.0	14950.0	14290.0	13301.0	12409.5	11805.0	11259.5	10916.0	10524.5	10202.5	9969.0	9886.5	9839.0	9725.5	9599.0	9547.0
MHW420_trimmed_clipped_R2_paired	28588.0	28694.5	28933.5	29211.0	29522.5	29969.0	30841.0	31997.0	33457.5	34613.0	36330.5	38184.0	39052.5	41902.0	45354.5	48073.0	51448.5	58404.0	67247.5	76017.0	86797.0	101369.5	119919.0	143132.5	172986.5	215814.0	265346.0	316682.5	379589.0	453055.0	538141.5	630944.0	727741.0	828668.5	936526.5	1084217.5	1324416.0	1551578.0	1649620.5	1615009.0	1533410.0	1489979.0	1482364.0	1507855.0	1535896.0	1552373.0	1558954.5	1562179.0	1561049.5	1567881.0	1579389.5	1505668.0	1371257.0	1256290.5	1147599.0	1048256.0	959201.0	875644.5	795097.0	722208.0	655911.5	595213.5	542211.5	491117.0	441988.0	398656.0	359579.5	324999.5	293382.0	264196.5	237568.0	213288.5	191187.0	172280.5	156754.5	142548.0	130044.5	119982.0	112134.5	104544.0	98119.5	93337.5	89165.0	85636.0	82848.0	80934.0	79139.0	78179.5	77063.5	75932.5	75853.0	75799.0	75069.5	74634.5	75161.0	75309.0	74756.5	74275.5	73767.5	73406.5	73350.5
MHW421_trimmed_clipped_R1_paired	9243.0	9335.5	9486.5	9565.0	9626.0	9715.5	9888.0	10147.0	10546.0	10949.0	11551.0	12223.0	12699.5	13909.0	15560.0	17322.0	19664.0	23547.5	28647.5	34584.0	42706.5	54033.0	69138.5	89403.5	115270.5	148551.5	188756.0	234967.5	291213.0	357774.0	434313.5	518827.5	609384.0	703217.0	805227.0	941082.0	1148773.0	1343229.0	1437636.5	1432382.0	1389598.5	1371920.5	1376860.0	1408281.5	1444108.5	1473409.0	1489849.0	1494479.5	1496100.5	1501781.5	1498203.0	1426701.0	1311852.0	1212286.0	1118334.0	1022940.5	929732.0	843549.5	762255.0	686981.5	618949.0	557297.5	502135.0	448435.5	397144.0	351751.5	311976.0	274985.0	240020.5	209441.5	180195.0	152710.0	128573.5	108422.5	91184.0	75973.0	62732.0	52238.0	44033.5	36886.0	31299.5	27127.0	23636.5	20302.5	17618.0	16128.0	14990.5	14306.5	13240.0	12275.5	11658.5	11093.0	10709.0	10316.5	10002.5	9749.5	9632.0	9576.5	9466.0	9311.0	9252.5
MHW421_trimmed_clipped_R2_paired	31032.0	31129.5	31362.5	31647.5	31944.0	32350.5	33157.5	34221.0	35663.5	36801.0	38551.5	40454.5	41249.0	43980.0	47180.5	49504.0	52426.5	58635.0	66091.5	73185.5	82316.0	94419.5	110379.5	131238.5	157731.0	195726.5	240513.0	286418.5	342987.0	410608.5	488875.5	576205.0	668757.5	763008.0	864629.0	1001377.0	1208863.5	1401344.0	1496704.0	1495514.5	1453623.0	1431504.0	1435538.0	1470907.5	1506168.5	1533003.5	1550581.0	1557093.0	1560447.5	1569626.0	1578443.5	1512938.0	1393723.0	1294281.0	1198593.0	1101314.0	1005846.5	918017.5	838034.5	763863.5	697262.0	635303.0	580686.5	527421.5	475339.5	429596.0	389526.5	353242.0	317902.5	286024.0	255808.5	227975.0	203787.5	183388.0	166213.5	151017.5	138000.0	127326.5	118679.5	110515.5	103756.0	98607.0	94069.5	90510.5	87755.5	85721.0	83785.0	82576.0	81418.0	80370.5	80360.5	80398.0	79888.5	79724.5	80183.0	80251.5	79590.0	79041.5	78554.0	78164.0	78076.5
MHW422_trimmed_clipped_R1_paired	9270.0	9349.0	9477.0	9538.0	9592.5	9725.0	9984.5	10363.5	10886.0	11366.5	12080.5	12995.0	13719.5	15207.0	17200.5	19437.5	22594.0	27494.0	33614.0	41176.0	51508.0	65366.0	84244.0	109180.0	140790.0	180973.5	229970.5	286457.0	352754.0	430163.0	520400.0	620143.0	724577.5	833509.5	950591.5	1097733.0	1317196.0	1520020.0	1617939.0	1608875.5	1558563.0	1538535.5	1545433.5	1582989.0	1618043.5	1636907.5	1645506.0	1645744.5	1639994.0	1638652.5	1629379.5	1544537.5	1413193.5	1302070.5	1191923.5	1082729.5	981535.5	887474.0	800681.5	721323.5	648074.0	580210.0	522230.5	466398.5	411975.0	363539.0	320827.0	282010.5	245386.5	213717.0	183990.0	156805.5	133250.5	112437.0	94888.5	79754.5	66504.5	55587.0	46930.5	40023.5	34555.0	30079.0	26415.5	22820.5	19833.0	18152.5	16887.0	16028.0	14845.5	13774.5	13060.5	12459.0	12064.0	11617.0	11271.0	11001.5	10865.0	10795.5	10647.0	10466.0	10407.0
MHW422_trimmed_clipped_R2_paired	33244.0	33362.5	33597.5	33863.0	34219.0	34715.5	35623.5	36793.5	38311.0	39487.0	41283.5	43358.5	44353.0	47368.0	50982.5	53682.0	57094.5	64587.5	73566.0	82175.5	93231.0	108582.5	128386.5	153609.5	185922.5	231141.5	284253.0	340648.0	409357.0	488369.0	578661.0	679437.5	785289.5	896284.0	1012427.5	1159264.0	1380099.5	1582775.5	1683017.5	1676979.0	1627582.5	1607156.0	1612484.5	1646746.0	1681072.5	1701547.0	1711299.0	1712655.5	1710826.0	1717007.0	1720759.5	1639756.5	1500985.5	1383187.5	1272490.5	1165427.0	1064081.5	971748.5	884716.0	802921.5	729352.0	663979.0	606020.0	547651.5	492289.5	444663.5	401791.0	364221.5	327990.5	294332.5	263896.0	235743.0	210811.0	189976.5	173029.0	157267.0	143316.0	132378.0	123705.0	115263.0	108184.0	102763.0	98202.5	94265.5	90927.5	88637.0	86534.5	85268.5	83747.5	82332.0	81993.5	81781.5	81070.0	80355.0	80408.0	80293.5	79553.0	78916.0	78342.0	77972.5	77901.0
MHW424_trimmed_clipped_R1_paired	8003.0	8043.5	8107.5	8140.0	8190.0	8274.0	8455.0	8738.5	9182.5	9606.5	10216.0	10934.0	11471.0	12636.0	14125.0	15709.5	17936.0	21809.0	26761.0	32312.5	39812.0	50404.5	64268.0	83100.5	107699.0	139709.5	178087.0	222207.5	275408.0	338790.5	413089.5	494245.5	580801.5	671671.0	769345.0	895928.5	1085908.0	1267123.5	1360263.0	1353769.0	1308438.5	1292746.0	1301692.5	1334644.5	1367388.5	1388974.0	1397892.0	1399435.5	1397360.0	1393451.0	1383789.0	1317101.5	1209998.5	1112126.5	1019992.5	931676.0	847158.0	769035.0	694988.0	626541.5	562806.5	503840.0	452773.5	403923.5	356798.0	315169.0	277721.5	243736.0	212295.5	184225.5	158663.0	135205.0	114471.5	96826.5	81929.0	68554.0	56948.5	47598.5	40125.0	34097.5	29189.5	25224.5	22298.0	19283.5	16866.0	15715.5	14792.0	14183.0	13111.5	12162.5	11573.0	11010.5	10663.5	10259.5	9976.0	9780.5	9652.0	9576.0	9480.5	9375.5	9339.0
MHW424_trimmed_clipped_R2_paired	25604.0	25649.0	25800.5	25997.5	26232.0	26630.5	27372.5	28340.0	29537.0	30424.0	31792.0	33323.0	34057.0	36438.5	39233.0	41303.5	43791.5	49262.0	56145.5	63015.0	71358.5	82310.0	97438.0	117087.5	141922.5	177503.5	219819.5	263796.0	317467.0	381459.5	455593.5	539354.5	627731.0	719721.5	817826.5	943480.0	1133675.5	1313552.5	1406811.0	1402596.0	1357336.0	1341868.5	1350479.5	1381460.0	1413685.0	1434433.5	1444957.0	1449737.5	1449654.0	1450556.0	1451862.0	1389101.0	1277437.5	1180258.5	1086460.0	994766.5	910583.0	833469.0	758897.0	689622.0	626556.0	567959.5	516453.5	466616.0	419620.5	378098.0	340078.5	306459.0	275693.0	247223.0	220619.5	196533.5	175308.5	157292.0	142301.5	129128.0	117785.0	108296.5	100552.0	93433.5	87517.0	82989.0	79220.5	76064.0	73583.0	71814.0	70121.5	69218.0	68259.5	67296.0	67216.5	67196.0	66709.5	66391.0	66702.5	66749.0	66190.0	65725.0	65268.0	64919.5	64835.5
MHW425_trimmed_clipped_R1_paired	8356.0	8379.0	8432.5	8497.0	8550.5	8633.5	8885.5	9235.5	9685.0	10083.0	10612.0	11212.5	11735.5	12980.0	14483.0	15972.0	17987.5	21499.0	26342.0	32046.0	39850.0	50322.5	64596.0	83798.0	108152.0	140515.0	179620.5	224002.0	278559.0	343767.0	419150.0	502521.0	592623.5	687504.0	788761.0	918780.5	1118605.5	1309598.5	1406458.0	1402382.5	1359993.0	1342823.0	1348160.5	1384578.5	1420004.5	1440076.5	1449451.0	1452571.0	1453884.0	1453432.5	1444713.0	1377325.5	1267916.0	1168147.5	1069198.0	973648.0	886589.5	806272.0	729487.0	657040.0	589227.5	527958.5	475205.0	423297.0	372813.0	328793.0	290083.0	254545.5	221985.0	193520.0	167137.0	142631.0	120505.0	102075.0	86336.0	72122.5	59585.0	49784.5	42020.0	35506.0	30514.0	26451.5	23228.5	19990.0	17316.0	16040.0	15095.0	14450.0	13411.0	12453.5	11824.5	11297.0	10924.5	10487.5	10186.5	9948.0	9823.5	9776.5	9663.0	9505.0	9449.0
MHW425_trimmed_clipped_R2_paired	28204.0	28256.0	28408.5	28627.0	28916.0	29315.0	30079.0	31098.5	32375.0	33370.5	34877.0	36454.5	37075.0	39506.0	42426.5	44463.5	46964.0	52885.0	60062.5	66550.5	74880.0	86454.0	101899.5	121466.0	146529.0	182702.0	225612.0	271678.0	327379.0	392752.0	469426.5	555921.0	647040.5	741723.5	844359.0	973876.5	1173674.0	1364953.0	1461327.0	1457469.0	1415120.5	1399434.5	1405523.5	1441158.5	1476522.0	1496340.5	1506239.5	1509674.0	1509375.5	1514021.5	1518709.0	1455559.0	1341813.0	1238756.0	1138893.0	1044020.0	957406.0	874563.5	796430.5	725847.0	658678.5	597616.5	544594.0	492949.0	443465.0	399796.5	360398.5	325426.0	292549.5	262984.0	236204.0	211498.0	188968.0	170056.0	154181.0	140051.5	128233.5	118185.0	110110.5	102546.0	96223.0	91442.0	87314.5	83873.0	81128.0	79325.5	77635.0	76650.5	75614.5	74613.0	74495.0	74397.5	73847.5	73562.5	73908.5	73910.5	73265.0	72756.0	72302.0	71947.0	71880.0
MHW426_trimmed_clipped_R1_paired	8090.0	8187.0	8325.0	8399.0	8469.5	8570.0	8762.5	9027.0	9480.5	9977.5	10660.5	11400.5	11981.5	13199.5	14791.0	16707.0	19146.0	23167.5	28704.5	35052.0	43650.5	55735.0	71621.5	93295.5	120698.0	156100.5	198899.0	247056.5	305514.0	374629.0	453103.0	540141.5	633246.0	730885.0	834414.0	967166.0	1175142.0	1370730.5	1463988.5	1452513.5	1402381.0	1381855.5	1386123.0	1417148.5	1447663.5	1464985.5	1469746.0	1471852.5	1471815.5	1467673.5	1455934.5	1383421.5	1266250.5	1159033.5	1056273.0	960053.0	874657.5	793452.5	713558.5	641008.5	573647.5	512656.5	459654.5	408719.0	360515.5	317378.0	279184.5	243838.5	211833.0	184327.5	158681.0	135072.0	113938.0	96135.0	81094.0	67327.5	55589.0	46771.5	39540.0	33434.0	28566.0	24700.5	21894.0	18983.5	16485.0	15291.0	14409.0	13815.5	12846.0	11972.0	11380.0	10818.5	10477.0	10069.5	9738.0	9489.0	9363.0	9295.0	9176.5	9042.0	9001.5
MHW426_trimmed_clipped_R2_paired	31118.0	31206.5	31434.0	31703.5	32002.0	32398.0	33151.5	34216.0	35638.0	36744.0	38386.0	40162.5	40987.0	43762.0	46986.0	49319.0	52322.5	58830.5	66565.5	73785.5	83329.5	96410.5	113539.0	135634.0	164167.5	204290.5	250566.5	299021.0	358512.0	427941.0	508860.5	598492.5	692123.0	790369.0	896292.5	1029259.5	1236580.5	1431747.5	1523880.5	1514279.0	1466322.5	1444361.0	1446289.0	1480877.0	1511136.5	1525680.0	1533006.0	1534602.5	1533655.0	1537931.0	1540000.0	1469979.0	1348812.5	1241249.0	1136340.5	1037423.0	949847.0	867626.0	788186.5	716412.5	649634.0	587938.0	534786.0	484450.0	436156.0	393553.0	355044.5	320858.0	290347.0	261403.0	234251.5	210296.0	188880.0	170913.0	156042.0	143061.5	132210.5	122775.0	115127.0	107889.0	101743.0	97234.0	93430.0	90547.5	88238.5	86461.5	84828.5	83914.0	83034.0	82096.0	82073.5	82144.0	81623.5	81432.0	82007.5	82179.5	81591.5	81110.0	80626.0	80256.5	80213.5
MHW427_trimmed_clipped_R1_paired	9655.0	9728.0	9822.5	9864.0	9903.0	9997.5	10247.0	10617.5	11057.5	11423.0	12041.5	12792.0	13403.5	14712.0	16460.0	18300.0	20672.5	24787.0	30314.5	36752.0	45721.5	57894.5	74205.5	96533.0	124172.5	160133.5	203715.0	253038.0	312840.5	382753.0	464563.0	554759.5	648807.5	749959.0	858613.0	996262.5	1213237.0	1424870.5	1529602.5	1512303.0	1449559.0	1420706.5	1423051.5	1457113.0	1488276.0	1504655.0	1512585.0	1513827.5	1509984.0	1506384.5	1495495.0	1421635.0	1301835.0	1193996.0	1090522.0	992510.5	901507.0	815697.5	734686.5	660424.5	592647.0	529363.0	473604.0	420929.0	371154.0	327155.5	287085.0	251180.5	219150.5	190471.5	164069.5	139879.0	117435.0	98753.5	83235.0	69248.0	57405.0	47898.0	40219.0	34026.5	29155.5	25433.5	22489.0	19588.5	17348.5	16268.5	15429.5	14880.5	13973.0	13134.5	12585.5	12063.0	11694.0	11273.0	10989.0	10770.5	10660.5	10612.0	10525.0	10415.5	10379.5
MHW427_trimmed_clipped_R2_paired	28980.0	29075.5	29303.0	29555.0	29826.0	30241.0	31044.0	32108.0	33448.0	34461.0	35984.0	37705.0	38586.5	41301.0	44458.5	46836.0	49721.5	56185.5	64092.5	71434.0	81071.5	94403.0	111524.0	133289.0	161243.5	201543.5	249362.0	299080.0	357937.5	428537.5	511734.5	602920.0	698972.0	800825.0	909310.5	1047824.5	1265935.0	1476045.0	1579581.0	1564425.0	1504312.0	1476556.0	1477122.0	1509760.0	1542423.5	1559381.5	1567344.0	1572049.5	1570012.0	1571962.5	1572437.0	1498758.5	1375023.0	1265624.5	1161520.5	1061754.0	969048.0	884836.0	804444.5	729889.5	660765.5	596853.5	542377.0	490195.5	438578.0	394509.5	355147.5	319042.0	286253.5	256884.0	230285.5	205469.5	182813.5	163919.0	147675.5	132971.0	120981.0	111460.0	103535.0	96100.0	89944.0	85441.0	81852.0	78465.0	75577.5	73944.0	72428.5	71550.0	70244.0	68875.0	68470.0	68167.0	67492.0	66926.0	67113.0	67084.5	66522.5	66057.0	65575.0	65234.5	65172.0
MHW429_trimmed_clipped_R1_paired	11631.0	11701.5	11831.5	11944.5	12078.0	12243.5	12534.0	12937.5	13481.5	14004.5	14807.5	15779.5	16604.5	18246.5	20371.0	22735.5	26019.5	31398.5	38354.0	46778.0	58324.0	74073.5	94569.0	121763.5	156492.0	201862.5	256241.5	318447.5	391774.5	477600.0	578675.0	689275.5	805190.0	926211.0	1057990.5	1234040.0	1508339.5	1773330.5	1897143.0	1863925.0	1779364.0	1738786.5	1737189.5	1775127.5	1811828.5	1832837.5	1841667.5	1843612.0	1840038.0	1835348.5	1820491.0	1727423.0	1580881.5	1448951.5	1322672.0	1201902.0	1092755.5	991633.5	892079.0	800975.0	719620.0	643669.5	577040.5	514229.5	453013.0	399020.0	351184.0	308359.5	269411.0	234356.0	202136.0	172423.0	145184.0	122054.0	102829.0	85545.5	70537.0	58962.0	49695.0	41998.5	36052.5	31399.5	27601.0	23812.5	20855.5	19439.5	18369.5	17682.0	16593.5	15612.5	14948.5	14307.5	13878.5	13414.5	13094.0	12840.0	12735.0	12689.5	12559.0	12425.5	12387.5
MHW429_trimmed_clipped_R2_paired	39205.0	39327.5	39636.5	39987.5	40371.5	40908.5	41991.0	43403.0	45163.0	46547.0	48670.0	50924.5	51916.5	55525.5	59818.0	62941.0	66819.5	75498.0	85792.5	95386.5	107905.5	124742.5	147065.5	175462.5	210915.5	262321.5	322767.0	385022.0	459852.0	546753.0	649254.0	762669.0	879638.5	1001445.5	1134389.5	1311196.0	1584197.0	1847296.0	1972557.5	1943334.5	1858464.0	1816837.0	1815583.5	1851657.0	1887773.0	1909973.5	1918080.0	1919664.5	1918751.5	1925177.5	1928887.5	1836672.5	1679250.0	1544001.5	1416490.5	1294932.0	1184075.0	1081518.0	982237.5	891833.0	810542.5	734722.0	668348.0	604503.5	543340.0	490513.0	443089.5	400426.0	361146.5	325770.5	292936.5	261817.0	234110.5	210944.0	191419.5	173460.0	158165.0	146151.0	136473.0	127543.5	120078.5	114482.5	109777.0	105487.5	102011.5	99965.5	98042.5	96957.0	95482.5	93944.5	93707.5	93614.5	93093.0	92794.0	93245.5	93332.5	92560.0	91886.5	91217.0	90771.0	90733.0
MHW431_trimmed_clipped_R1_paired	8648.0	8723.5	8855.0	8940.0	9032.5	9191.5	9523.0	9948.0	10461.0	10982.5	11684.0	12482.5	13196.5	14572.0	16401.0	18649.5	21572.5	26240.5	32348.0	39718.5	49939.0	63715.0	81784.5	106034.0	136817.5	175773.5	222032.0	275032.5	338975.5	414977.5	501890.0	595639.0	693664.5	799287.5	913803.0	1064527.0	1310453.5	1545416.0	1655943.0	1629681.0	1549225.0	1507862.0	1499149.0	1525506.0	1558887.0	1579735.5	1588497.5	1590352.5	1587381.0	1583020.0	1568390.0	1489769.5	1366187.5	1252840.5	1143785.5	1039834.5	944251.0	855132.5	770571.0	692268.0	620320.5	555055.5	497461.5	442835.0	389277.0	342825.5	301805.5	264126.5	230267.0	200450.0	173191.5	147760.0	124867.5	105879.0	89376.5	74932.5	62872.5	53048.5	45077.0	38302.5	32932.0	28638.5	25089.0	21840.0	19251.5	17817.0	16636.0	15927.5	14898.5	13933.0	13270.0	12679.0	12286.5	11839.0	11508.5	11252.5	11122.0	11069.5	10944.5	10802.0	10762.0
MHW431_trimmed_clipped_R2_paired	32079.0	32178.0	32408.0	32698.5	33039.5	33563.5	34541.5	35783.5	37304.5	38539.0	40360.5	42283.0	43242.5	46337.5	50107.5	53030.5	56291.5	63679.5	72767.0	81007.5	91979.0	107031.5	125980.5	150429.5	181878.5	226160.0	277974.5	332379.5	397689.0	472812.0	559729.0	656423.0	757003.5	861748.0	974257.0	1126825.0	1374344.0	1608267.5	1718856.5	1692793.5	1614016.0	1576682.0	1568561.0	1592116.0	1625207.5	1648164.5	1655914.5	1656494.5	1655501.0	1658852.5	1658636.0	1582015.0	1451215.5	1336126.5	1225865.5	1121143.0	1023628.0	935312.5	851238.5	772462.5	701336.0	634457.5	575783.5	521054.5	468937.0	422568.0	380453.5	343627.5	309730.0	278919.5	250404.5	224239.5	201089.0	181688.5	165680.5	151249.5	138559.5	128211.0	119928.5	111794.0	105024.0	100221.5	96070.0	91950.5	88576.5	86591.0	84740.0	83685.5	82458.5	81209.5	80801.5	80450.5	79736.5	79077.0	79218.0	79233.0	78593.5	78001.0	77504.5	77180.5	77134.5
MHW432_trimmed_clipped_R1_paired	10656.0	10713.0	10803.0	10885.0	11004.0	11130.5	11388.5	11767.0	12262.5	12786.5	13491.0	14297.0	14978.5	16408.0	18310.5	20429.5	23402.5	28145.5	34112.5	41499.0	52019.0	66079.5	84500.5	109222.0	140645.0	182043.0	231544.0	288124.5	356045.0	436986.0	531098.5	633712.5	742776.0	857445.5	980873.5	1147045.0	1418625.0	1675323.5	1786731.0	1747620.5	1661552.0	1627459.5	1630308.0	1668888.0	1706586.5	1728527.5	1737047.0	1735992.5	1731078.0	1723394.0	1707348.5	1623810.5	1489609.0	1366792.0	1249384.5	1137996.0	1035378.5	940793.5	848371.0	761487.5	682582.5	610077.0	546989.5	486647.5	428296.0	376998.0	330895.5	290382.0	253909.5	220822.0	190467.5	162873.5	137917.0	116234.0	97970.5	82297.0	68882.0	57762.0	48945.0	41701.0	35785.5	31144.0	27419.0	23623.0	20553.0	18889.0	17596.5	16775.5	15548.5	14449.5	13750.0	13165.5	12800.0	12376.0	12042.0	11769.0	11654.0	11616.0	11472.0	11295.5	11243.0
MHW432_trimmed_clipped_R2_paired	35247.0	35300.5	35487.0	35818.5	36199.0	36702.5	37734.0	39055.0	40695.5	41991.0	43949.5	46067.5	47032.5	50438.0	54427.0	57110.5	60409.5	68121.5	77393.0	85863.0	97012.5	112143.5	132269.0	157987.0	189940.5	236131.5	291261.5	349225.0	418501.5	499660.0	594213.5	700471.5	810651.5	924340.5	1048435.0	1215285.5	1486556.5	1741176.0	1850538.5	1815927.0	1732332.0	1699665.5	1702840.5	1738795.5	1776388.5	1797574.0	1808518.5	1810644.0	1807146.5	1808441.0	1808531.5	1727066.0	1587186.5	1462942.5	1342277.0	1228329.0	1124821.0	1028997.0	936033.5	850246.0	772882.5	700709.5	636977.0	576077.5	517446.5	465617.5	419542.0	379512.0	343194.5	309804.0	278175.0	249335.5	223806.5	202079.5	184106.0	167931.5	154041.0	142790.0	133754.5	124929.0	117393.0	111898.0	107072.0	102879.0	99572.0	97312.5	95189.5	93875.5	92415.5	91065.0	90901.5	90832.0	90423.0	90250.0	90725.0	90823.0	90117.0	89533.5	88929.0	88485.5	88413.0
