	20.0	21.0	22.0	23.0	24.0	25.0	26.0	27.0	28.0	29.0	30.0	31.0	32.0	33.0	34.0	35.0	36.0	37.0	38.0	39.0	40.0
EXP001_trimmed_clipped_R1_paired	10.0	142.0	112.0	28.0	9162.0	1550.0	1596.0	4312.0	12217.0	25327.0	46813.0	73766.0	137800.0	213232.0	381575.0	675095.0	1351969.0	2626274.0	6722816.0	33862766.0	9690090.0
	19.0	20.0	21.0	22.0	23.0	24.0	25.0	26.0	27.0	28.0	29.0	30.0	31.0	32.0	33.0	34.0	35.0	36.0	37.0	38.0	39.0	40.0
EXP001_trimmed_clipped_R2_paired	3.0	31.0	3158.0	4688.0	1557.0	48280.0	42867.0	16826.0	34493.0	71387.0	97308.0	126899.0	137892.0	232711.0	313583.0	562954.0	996658.0	1977883.0	3677529.0	8649641.0	32492760.0	6347544.0
	19.0	20.0	21.0	22.0	23.0	24.0	25.0	26.0	27.0	28.0	29.0	30.0	31.0	32.0	33.0	34.0	35.0	36.0	37.0	38.0	39.0	40.0
EXP002_trimmed_clipped_R1_paired	1.0	4.0	158.0	114.0	18.0	7342.0	1485.0	1327.0	3735.0	10869.0	22665.0	41587.0	64217.0	119756.0	183001.0	324850.0	569689.0	1130308.0	2179399.0	5589486.0	28812971.0	8371998.0
	19.0	20.0	21.0	22.0	23.0	24.0	25.0	26.0	27.0	28.0	29.0	30.0	31.0	32.0	33.0	34.0	35.0	36.0	37.0	38.0	39.0	40.0
EXP002_trimmed_clipped_R2_paired	3.0	27.0	2461.0	3577.0	1228.0	37765.0	33156.0	13137.0	27591.0	57043.0	78816.0	104021.0	112587.0	189652.0	254959.0	459704.0	817974.0	1629711.0	3043254.0	7205344.0	27840258.0	5522712.0
	20.0	21.0	22.0	23.0	24.0	25.0	26.0	27.0	28.0	29.0	30.0	31.0	32.0	33.0	34.0	35.0	36.0	37.0	38.0	39.0	40.0
EXP157_trimmed_clipped_R1_paired	7.0	107.0	86.0	14.0	5976.0	1100.0	1138.0	3209.0	9457.0	20025.0	38110.0	61974.0	119323.0	188114.0	335351.0	583047.0	1127641.0	2092132.0	4942176.0	25558107.0	9054230.0
	19.0	20.0	21.0	22.0	23.0	24.0	25.0	26.0	27.0	28.0	29.0	30.0	31.0	32.0	33.0	34.0	35.0	36.0	37.0	38.0	39.0	40.0
EXP157_trimmed_clipped_R2_paired	1.0	25.0	1629.0	2109.0	734.0	25162.0	20750.0	10154.0	20998.0	43342.0	61186.0	81793.0	93337.0	156774.0	213341.0	387392.0	697745.0	1415831.0	2640285.0	6009183.0	25721163.0	6538390.0
	20.0	21.0	22.0	23.0	24.0	25.0	26.0	27.0	28.0	29.0	30.0	31.0	32.0	33.0	34.0	35.0	36.0	37.0	38.0	39.0	40.0
EXP158_trimmed_clipped_R1_paired	2.0	157.0	89.0	27.0	7976.0	1436.0	1491.0	4246.0	12642.0	27075.0	51667.0	82934.0	154589.0	232933.0	399698.0	678305.0	1309482.0	2476261.0	6207767.0	34198818.0	11351678.0
	19.0	20.0	21.0	22.0	23.0	24.0	25.0	26.0	27.0	28.0	29.0	30.0	31.0	32.0	33.0	34.0	35.0	36.0	37.0	38.0	39.0	40.0
EXP158_trimmed_clipped_R2_paired	1.0	32.0	2262.0	3396.0	1123.0	38825.0	32539.0	14778.0	30724.0	63548.0	89214.0	117373.0	130999.0	215854.0	283977.0	502847.0	881312.0	1757077.0	3266230.0	7730116.0	33976762.0	8060284.0
	20.0	21.0	22.0	23.0	24.0	25.0	26.0	27.0	28.0	29.0	30.0	31.0	32.0	33.0	34.0	35.0	36.0	37.0	38.0	39.0	40.0
EXP159_trimmed_clipped_R1_paired	6.0	168.0	109.0	22.0	8270.0	1487.0	1360.0	4000.0	11695.0	24496.0	45734.0	72782.0	135422.0	205168.0	358028.0	615504.0	1201506.0	2279859.0	5737179.0	31125025.0	9942443.0
	19.0	20.0	21.0	22.0	23.0	24.0	25.0	26.0	27.0	28.0	29.0	30.0	31.0	32.0	33.0	34.0	35.0	36.0	37.0	38.0	39.0	40.0
EXP159_trimmed_clipped_R2_paired	1.0	34.0	2107.0	2922.0	1007.0	33504.0	28249.0	13032.0	26863.0	56745.0	79099.0	104588.0	116250.0	191670.0	255778.0	457700.0	811608.0	1625083.0	3040330.0	7271400.0	30902420.0	6749873.0
	20.0	21.0	22.0	23.0	24.0	25.0	26.0	27.0	28.0	29.0	30.0	31.0	32.0	33.0	34.0	35.0	36.0	37.0	38.0	39.0	40.0
EXP160_trimmed_clipped_R1_paired	8.0	121.0	112.0	20.0	6871.0	1260.0	1331.0	3765.0	11152.0	23076.0	44312.0	70974.0	132112.0	201313.0	347936.0	597297.0	1163430.0	2216174.0	5590494.0	30108791.0	9661932.0
	20.0	21.0	22.0	23.0	24.0	25.0	26.0	27.0	28.0	29.0	30.0	31.0	32.0	33.0	34.0	35.0	36.0	37.0	38.0	39.0	40.0
EXP160_trimmed_clipped_R2_paired	24.0	2136.0	3009.0	1071.0	34105.0	28964.0	12956.0	26909.0	56130.0	78274.0	103472.0	114477.0	189753.0	253252.0	451916.0	799724.0	1594361.0	2974496.0	7080802.0	29785574.0	6591076.0
	20.0	21.0	22.0	23.0	24.0	25.0	26.0	27.0	28.0	29.0	30.0	31.0	32.0	33.0	34.0	35.0	36.0	37.0	38.0	39.0	40.0
MHW001_trimmed_clipped_R1_paired	4.0	29.0	21.0	8.0	1861.0	354.0	427.0	1213.0	3757.0	8225.0	16444.0	28401.0	54430.0	87812.0	154158.0	256206.0	433194.0	649994.0	1147543.0	4975153.0	3868191.0
	20.0	21.0	22.0	23.0	24.0	25.0	26.0	27.0	28.0	29.0	30.0	31.0	32.0	33.0	34.0	35.0	36.0	37.0	38.0	39.0	40.0
MHW001_trimmed_clipped_R2_paired	13.0	369.0	440.0	200.0	7136.0	5174.0	3403.0	6682.0	13641.0	18920.0	24548.0	26842.0	43105.0	52519.0	92254.0	168817.0	351538.0	633789.0	1245549.0	5029931.0	3962555.0
	20.0	21.0	22.0	23.0	24.0	25.0	26.0	27.0	28.0	29.0	30.0	31.0	32.0	33.0	34.0	35.0	36.0	37.0	38.0	39.0	40.0
MHW002_trimmed_clipped_R1_paired	4.0	52.0	35.0	22.0	3437.0	694.0	1535.0	4704.0	14943.0	30521.0	54335.0	71042.0	102866.0	124864.0	186238.0	285022.0	483740.0	748249.0	1377183.0	6524875.0	5224696.0
	16.0	17.0	18.0	19.0	20.0	21.0	22.0	23.0	24.0	25.0	26.0	27.0	28.0	29.0	30.0	31.0	32.0	33.0	34.0	35.0	36.0	37.0	38.0	39.0	40.0
MHW002_trimmed_clipped_R2_paired	1.0	0.0	0.0	2.0	9.0	617.0	785.0	323.0	14197.0	8770.0	5694.0	11183.0	22104.0	30631.0	37962.0	40412.0	64736.0	72402.0	119516.0	201889.0	408164.0	722927.0	1446726.0	6653128.0	5376879.0
	20.0	21.0	22.0	23.0	24.0	25.0	26.0	27.0	28.0	29.0	30.0	31.0	32.0	33.0	34.0	35.0	36.0	37.0	38.0	39.0	40.0
MHW003_trimmed_clipped_R1_paired	6.0	85.0	74.0	19.0	6026.0	999.0	1427.0	4004.0	12038.0	24061.0	43690.0	64734.0	110918.0	155574.0	251125.0	404255.0	740262.0	1329982.0	3207013.0	19306994.0	8573174.0
	20.0	21.0	22.0	23.0	24.0	25.0	26.0	27.0	28.0	29.0	30.0	31.0	32.0	33.0	34.0	35.0	36.0	37.0	38.0	39.0	40.0
MHW003_trimmed_clipped_R2_paired	23.0	1276.0	1838.0	710.0	24780.0	18589.0	10557.0	21839.0	44915.0	63693.0	81652.0	88115.0	139649.0	166638.0	276885.0	459439.0	892792.0	1592682.0	3681896.0	19624299.0	7044193.0
	20.0	21.0	22.0	23.0	24.0	25.0	26.0	27.0	28.0	29.0	30.0	31.0	32.0	33.0	34.0	35.0	36.0	37.0	38.0	39.0	40.0
MHW004_trimmed_clipped_R1_paired	3.0	72.0	63.0	15.0	5332.0	920.0	1172.0	3306.0	9641.0	19783.0	37638.0	57622.0	101293.0	145249.0	232451.0	363843.0	643108.0	1110521.0	2563473.0	17251794.0	10205362.0
	19.0	20.0	21.0	22.0	23.0	24.0	25.0	26.0	27.0	28.0	29.0	30.0	31.0	32.0	33.0	34.0	35.0	36.0	37.0	38.0	39.0	40.0
MHW004_trimmed_clipped_R2_paired	1.0	16.0	1053.0	1432.0	585.0	22739.0	15518.0	9676.0	19390.0	40347.0	57004.0	72175.0	77665.0	122074.0	137358.0	220018.0	351250.0	678344.0	1205284.0	2774208.0	17808862.0	9137662.0
	20.0	21.0	22.0	23.0	24.0	25.0	26.0	27.0	28.0	29.0	30.0	31.0	32.0	33.0	34.0	35.0	36.0	37.0	38.0	39.0	40.0
MHW005_trimmed_clipped_R1_paired	3.0	60.0	37.0	8.0	2624.0	588.0	708.0	1798.0	5653.0	11507.0	21890.0	34717.0	63776.0	96692.0	164892.0	267163.0	451387.0	704322.0	1399472.0	7881203.0	5136114.0
	19.0	20.0	21.0	22.0	23.0	24.0	25.0	26.0	27.0	28.0	29.0	30.0	31.0	32.0	33.0	34.0	35.0	36.0	37.0	38.0	39.0	40.0
MHW005_trimmed_clipped_R2_paired	2.0	19.0	588.0	721.0	350.0	12611.0	8428.0	5429.0	10780.0	21707.0	30323.0	37972.0	41439.0	66332.0	75989.0	127700.0	212997.0	419307.0	728432.0	1508787.0	8031282.0	4903419.0
	20.0	21.0	22.0	23.0	24.0	25.0	26.0	27.0	28.0	29.0	30.0	31.0	32.0	33.0	34.0	35.0	36.0	37.0	38.0	39.0	40.0
MHW006_trimmed_clipped_R1_paired	8.0	66.0	42.0	18.0	3547.0	763.0	1565.0	4677.0	15421.0	32019.0	57426.0	75691.0	115101.0	151030.0	239038.0	364933.0	578559.0	828287.0	1445963.0	6044886.0	4434507.0
	19.0	20.0	21.0	22.0	23.0	24.0	25.0	26.0	27.0	28.0	29.0	30.0	31.0	32.0	33.0	34.0	35.0	36.0	37.0	38.0	39.0	40.0
MHW006_trimmed_clipped_R2_paired	2.0	15.0	899.0	1189.0	562.0	23302.0	12757.0	8408.0	15900.0	30295.0	40996.0	47777.0	48257.0	81323.0	85512.0	145061.0	246101.0	507262.0	866086.0	1581271.0	5989147.0	4661425.0
	20.0	21.0	22.0	23.0	24.0	25.0	26.0	27.0	28.0	29.0	30.0	31.0	32.0	33.0	34.0	35.0	36.0	37.0	38.0	39.0	40.0
MHW007_trimmed_clipped_R1_paired	6.0	81.0	48.0	15.0	3909.0	816.0	1081.0	2959.0	9136.0	18580.0	34349.0	51821.0	89870.0	127397.0	204483.0	323495.0	582777.0	1031374.0	2450932.0	15160181.0	7690496.0
	20.0	21.0	22.0	23.0	24.0	25.0	26.0	27.0	28.0	29.0	30.0	31.0	32.0	33.0	34.0	35.0	36.0	37.0	38.0	39.0	40.0
MHW007_trimmed_clipped_R2_paired	15.0	1465.0	1854.0	744.0	32943.0	19723.0	11619.0	23056.0	46382.0	63740.0	75904.0	78741.0	127901.0	138639.0	222798.0	346844.0	675368.0	1181180.0	2693465.0	15267278.0	6774147.0
	20.0	21.0	22.0	23.0	24.0	25.0	26.0	27.0	28.0	29.0	30.0	31.0	32.0	33.0	34.0	35.0	36.0	37.0	38.0	39.0	40.0
MHW008_trimmed_clipped_R1_paired	25.0	91.0	54.0	15.0	5593.0	911.0	1015.0	2776.0	8159.0	17108.0	32364.0	50725.0	90591.0	130744.0	211365.0	337614.0	605068.0	1064927.0	2481074.0	14993757.0	7597254.0
	20.0	21.0	22.0	23.0	24.0	25.0	26.0	27.0	28.0	29.0	30.0	31.0	32.0	33.0	34.0	35.0	36.0	37.0	38.0	39.0	40.0
MHW008_trimmed_clipped_R2_paired	26.0	2322.0	2932.0	1149.0	55702.0	30054.0	16853.0	33127.0	65920.0	89535.0	98836.0	97783.0	163396.0	161304.0	251642.0	363305.0	712604.0	1211713.0	2693047.0	14850562.0	6729418.0
	20.0	21.0	22.0	23.0	24.0	25.0	26.0	27.0	28.0	29.0	30.0	31.0	32.0	33.0	34.0	35.0	36.0	37.0	38.0	39.0	40.0
MHW009_trimmed_clipped_R1_paired	8.0	129.0	69.0	19.0	6533.0	1116.0	1144.0	3159.0	9359.0	19906.0	38618.0	62710.0	117784.0	176187.0	293132.0	472278.0	856175.0	1522401.0	3623985.0	21745212.0	11494517.0
	20.0	21.0	22.0	23.0	24.0	25.0	26.0	27.0	28.0	29.0	30.0	31.0	32.0	33.0	34.0	35.0	36.0	37.0	38.0	39.0	40.0
MHW009_trimmed_clipped_R2_paired	25.0	1897.0	2361.0	926.0	28031.0	22888.0	11644.0	23556.0	48003.0	67205.0	85443.0	92308.0	147556.0	179663.0	304040.0	512796.0	1006329.0	1822200.0	4212517.0	22440386.0	9434667.0
	21.0	22.0	23.0	24.0	25.0	26.0	27.0	28.0	29.0	30.0	31.0	32.0	33.0	34.0	35.0	36.0	37.0	38.0	39.0	40.0
MHW010_trimmed_clipped_R1_paired	135.0	84.0	28.0	7283.0	1259.0	1527.0	4103.0	11821.0	24490.0	46331.0	72147.0	131194.0	192116.0	316895.0	514590.0	939341.0	1689199.0	4071737.0	23833027.0	12367547.0
	19.0	20.0	21.0	22.0	23.0	24.0	25.0	26.0	27.0	28.0	29.0	30.0	31.0	32.0	33.0	34.0	35.0	36.0	37.0	38.0	39.0	40.0
MHW010_trimmed_clipped_R2_paired	1.0	18.0	2427.0	3260.0	1259.0	33005.0	28605.0	13593.0	28321.0	57696.0	80539.0	102472.0	108120.0	170640.0	203115.0	337282.0	565383.0	1110246.0	2033746.0	4772812.0	24449416.0	10122898.0
	20.0	21.0	22.0	23.0	24.0	25.0	26.0	27.0	28.0	29.0	30.0	31.0	32.0	33.0	34.0	35.0	36.0	37.0	38.0	39.0	40.0
MHW011_trimmed_clipped_R1_paired	5.0	127.0	84.0	20.0	7533.0	1254.0	1237.0	3473.0	10299.0	21739.0	41503.0	67112.0	122461.0	180171.0	293387.0	469462.0	847157.0	1502679.0	3576206.0	21550172.0	11932934.0
	19.0	20.0	21.0	22.0	23.0	24.0	25.0	26.0	27.0	28.0	29.0	30.0	31.0	32.0	33.0	34.0	35.0	36.0	37.0	38.0	39.0	40.0
MHW011_trimmed_clipped_R2_paired	4.0	19.0	1955.0	2400.0	906.0	28597.0	23232.0	11896.0	24223.0	49939.0	69498.0	89126.0	95210.0	152387.0	181363.0	301947.0	501249.0	978266.0	1761597.0	4098023.0	22229372.0	10027806.0
	20.0	21.0	22.0	23.0	24.0	25.0	26.0	27.0	28.0	29.0	30.0	31.0	32.0	33.0	34.0	35.0	36.0	37.0	38.0	39.0	40.0
MHW012_trimmed_clipped_R1_paired	6.0	175.0	111.0	33.0	8711.0	1503.0	1676.0	4362.0	12799.0	26314.0	49713.0	79432.0	146928.0	217721.0	358494.0	570126.0	1016792.0	1780811.0	4136022.0	25042167.0	15099299.0
	19.0	20.0	21.0	22.0	23.0	24.0	25.0	26.0	27.0	28.0	29.0	30.0	31.0	32.0	33.0	34.0	35.0	36.0	37.0	38.0	39.0	40.0
MHW012_trimmed_clipped_R2_paired	1.0	24.0	2092.0	2783.0	1109.0	36846.0	27563.0	14684.0	29736.0	61467.0	86319.0	107380.0	114821.0	183300.0	211989.0	347739.0	567848.0	1114367.0	2008407.0	4656209.0	26033189.0	12945322.0
	20.0	21.0	22.0	23.0	24.0	25.0	26.0	27.0	28.0	29.0	30.0	31.0	32.0	33.0	34.0	35.0	36.0	37.0	38.0	39.0	40.0
MHW013_trimmed_clipped_R1_paired	4.0	208.0	120.0	28.0	8075.0	1575.0	1474.0	3893.0	11242.0	23749.0	44095.0	69610.0	129226.0	191142.0	321945.0	526002.0	970422.0	1768344.0	4367449.0	25363813.0	12233540.0
	19.0	20.0	21.0	22.0	23.0	24.0	25.0	26.0	27.0	28.0	29.0	30.0	31.0	32.0	33.0	34.0	35.0	36.0	37.0	38.0	39.0	40.0
MHW013_trimmed_clipped_R2_paired	1.0	16.0	3351.0	4582.0	1660.0	39751.0	36882.0	15192.0	31021.0	63080.0	86184.0	108383.0	112704.0	181921.0	218211.0	366879.0	615889.0	1211914.0	2218940.0	5232425.0	25653368.0	9833602.0
	20.0	21.0	22.0	23.0	24.0	25.0	26.0	27.0	28.0	29.0	30.0	31.0	32.0	33.0	34.0	35.0	36.0	37.0	38.0	39.0	40.0
MHW014_trimmed_clipped_R1_paired	6.0	126.0	88.0	22.0	6548.0	1177.0	1392.0	3831.0	11200.0	23547.0	43598.0	68150.0	123534.0	177505.0	288312.0	459199.0	827009.0	1469743.0	3514274.0	21008148.0	11665848.0
	19.0	20.0	21.0	22.0	23.0	24.0	25.0	26.0	27.0	28.0	29.0	30.0	31.0	32.0	33.0	34.0	35.0	36.0	37.0	38.0	39.0	40.0
MHW014_trimmed_clipped_R2_paired	1.0	20.0	2515.0	2962.0	1197.0	36447.0	27963.0	14050.0	28052.0	56736.0	78354.0	94575.0	98109.0	159084.0	176924.0	290455.0	466846.0	921114.0	1670992.0	3924644.0	21477252.0	10164965.0
	20.0	21.0	22.0	23.0	24.0	25.0	26.0	27.0	28.0	29.0	30.0	31.0	32.0	33.0	34.0	35.0	36.0	37.0	38.0	39.0	40.0
MHW015_trimmed_clipped_R1_paired	8.0	98.0	75.0	11.0	6047.0	1006.0	1024.0	2876.0	8592.0	18365.0	36134.0	58811.0	108113.0	159345.0	262838.0	426819.0	780942.0	1395482.0	3336546.0	19966738.0	10511010.0
	19.0	20.0	21.0	22.0	23.0	24.0	25.0	26.0	27.0	28.0	29.0	30.0	31.0	32.0	33.0	34.0	35.0	36.0	37.0	38.0	39.0	40.0
MHW015_trimmed_clipped_R2_paired	1.0	16.0	1788.0	2282.0	873.0	26921.0	21804.0	11328.0	23297.0	47740.0	66306.0	85752.0	93386.0	148685.0	179999.0	299232.0	493992.0	952923.0	1704608.0	3930596.0	20607077.0	8382274.0
	20.0	21.0	22.0	23.0	24.0	25.0	26.0	27.0	28.0	29.0	30.0	31.0	32.0	33.0	34.0	35.0	36.0	37.0	38.0	39.0	40.0
MHW016_trimmed_clipped_R1_paired	13.0	146.0	100.0	26.0	6921.0	1410.0	1417.0	4067.0	12300.0	25102.0	47350.0	75281.0	138059.0	202986.0	333472.0	534196.0	961180.0	1704770.0	4047820.0	24182108.0	12958640.0
	19.0	20.0	21.0	22.0	23.0	24.0	25.0	26.0	27.0	28.0	29.0	30.0	31.0	32.0	33.0	34.0	35.0	36.0	37.0	38.0	39.0	40.0
MHW016_trimmed_clipped_R2_paired	1.0	16.0	2907.0	3618.0	1396.0	52298.0	34995.0	17871.0	35834.0	72411.0	99269.0	117990.0	123527.0	201577.0	224243.0	368423.0	584481.0	1144232.0	2026603.0	4639234.0	24644977.0	10841461.0
	20.0	21.0	22.0	23.0	24.0	25.0	26.0	27.0	28.0	29.0	30.0	31.0	32.0	33.0	34.0	35.0	36.0	37.0	38.0	39.0	40.0
MHW017_trimmed_clipped_R1_paired	22.0	133.0	86.0	27.0	8508.0	1382.0	1387.0	3711.0	10954.0	23536.0	44170.0	71690.0	132422.0	192518.0	313200.0	493889.0	875423.0	1529101.0	3590927.0	22232228.0	13299885.0
	20.0	21.0	22.0	23.0	24.0	25.0	26.0	27.0	28.0	29.0	30.0	31.0	32.0	33.0	34.0	35.0	36.0	37.0	38.0	39.0	40.0
MHW017_trimmed_clipped_R2_paired	21.0	2700.0	3216.0	1231.0	48418.0	32984.0	17532.0	34585.0	69855.0	96191.0	111500.0	113541.0	184965.0	194624.0	311267.0	480007.0	948690.0	1695879.0	3946229.0	22691173.0	11840591.0
	20.0	21.0	22.0	23.0	24.0	25.0	26.0	27.0	28.0	29.0	30.0	31.0	32.0	33.0	34.0	35.0	36.0	37.0	38.0	39.0	40.0
MHW018_trimmed_clipped_R1_paired	58.0	107.0	104.0	22.0	7600.0	1581.0	1135.0	3380.0	11013.0	27138.0	61353.0	121534.0	273273.0	518053.0	1015315.0	1714912.0	2703420.0	3585454.0	5307621.0	12925834.0	8783946.0
	19.0	20.0	21.0	22.0	23.0	24.0	25.0	26.0	27.0	28.0	29.0	30.0	31.0	32.0	33.0	34.0	35.0	36.0	37.0	38.0	39.0	40.0
MHW018_trimmed_clipped_R2_paired	5.0	80.0	1103.0	1406.0	697.0	19689.0	15846.0	10991.0	20944.0	41223.0	56851.0	74226.0	87753.0	148292.0	213925.0	443881.0	951300.0	2092037.0	3749561.0	6533169.0	13811354.0	8788520.0
	20.0	21.0	22.0	23.0	24.0	25.0	26.0	27.0	28.0	29.0	30.0	31.0	32.0	33.0	34.0	35.0	36.0	37.0	38.0	39.0	40.0
MHW019_trimmed_clipped_R1_paired	20.0	77.0	67.0	18.0	4831.0	987.0	1194.0	3365.0	11145.0	24220.0	47588.0	76140.0	140015.0	216734.0	380101.0	638637.0	1103174.0	1653888.0	2813397.0	11197963.0	11771509.0
	19.0	20.0	21.0	22.0	23.0	24.0	25.0	26.0	27.0	28.0	29.0	30.0	31.0	32.0	33.0	34.0	35.0	36.0	37.0	38.0	39.0	40.0
MHW019_trimmed_clipped_R2_paired	4.0	32.0	805.0	964.0	469.0	15175.0	11093.0	7425.0	14675.0	30854.0	43762.0	57831.0	67190.0	108343.0	136157.0	238469.0	436896.0	909370.0	1618794.0	3052412.0	11681155.0	11653195.0
	20.0	21.0	22.0	23.0	24.0	25.0	26.0	27.0	28.0	29.0	30.0	31.0	32.0	33.0	34.0	35.0	36.0	37.0	38.0	39.0	40.0
MHW020_trimmed_clipped_R1_paired	30.0	106.0	93.0	23.0	6597.0	1243.0	1006.0	3104.0	9884.0	24108.0	53107.0	102414.0	221184.0	412699.0	802343.0	1349090.0	2116110.0	2734014.0	3950138.0	11218402.0	8230628.0
	19.0	20.0	21.0	22.0	23.0	24.0	25.0	26.0	27.0	28.0	29.0	30.0	31.0	32.0	33.0	34.0	35.0	36.0	37.0	38.0	39.0	40.0
MHW020_trimmed_clipped_R2_paired	1.0	52.0	921.0	1149.0	553.0	17596.0	13549.0	10026.0	18499.0	36873.0	51589.0	68209.0	84189.0	146449.0	213163.0	421396.0	831478.0	1672606.0	2762032.0	4708061.0	12149633.0	8028299.0
	20.0	21.0	22.0	23.0	24.0	25.0	26.0	27.0	28.0	29.0	30.0	31.0	32.0	33.0	34.0	35.0	36.0	37.0	38.0	39.0	40.0
MHW021_trimmed_clipped_R1_paired	26.0	90.0	74.0	19.0	5817.0	1119.0	1078.0	2883.0	9201.0	21129.0	46205.0	87020.0	184244.0	335408.0	641254.0	1084754.0	1749921.0	2355156.0	3583196.0	11199089.0	10235581.0
	19.0	20.0	21.0	22.0	23.0	24.0	25.0	26.0	27.0	28.0	29.0	30.0	31.0	32.0	33.0	34.0	35.0	36.0	37.0	38.0	39.0	40.0
MHW021_trimmed_clipped_R2_paired	2.0	35.0	928.0	1194.0	552.0	18730.0	13299.0	9667.0	18326.0	36583.0	50406.0	65143.0	75452.0	125740.0	164691.0	307473.0	605426.0	1301245.0	2311679.0	4176958.0	12129845.0	10129890.0
	20.0	21.0	22.0	23.0	24.0	25.0	26.0	27.0	28.0	29.0	30.0	31.0	32.0	33.0	34.0	35.0	36.0	37.0	38.0	39.0	40.0
MHW022_trimmed_clipped_R1_paired	26.0	105.0	87.0	18.0	5350.0	1154.0	980.0	2825.0	8685.0	20412.0	44820.0	87250.0	191645.0	357800.0	689719.0	1144903.0	1783775.0	2352024.0	3583905.0	10001700.0	6877394.0
	19.0	20.0	21.0	22.0	23.0	24.0	25.0	26.0	27.0	28.0	29.0	30.0	31.0	32.0	33.0	34.0	35.0	36.0	37.0	38.0	39.0	40.0
MHW022_trimmed_clipped_R2_paired	3.0	57.0	797.0	1131.0	484.0	16898.0	12798.0	8938.0	17092.0	34446.0	47654.0	62857.0	74820.0	129119.0	182486.0	361185.0	733875.0	1541653.0	2602277.0	4310021.0	10393779.0	6622207.0
	19.0	20.0	21.0	22.0	23.0	24.0	25.0	26.0	27.0	28.0	29.0	30.0	31.0	32.0	33.0	34.0	35.0	36.0	37.0	38.0	39.0	40.0
MHW023_trimmed_clipped_R1_paired	1.0	17.0	61.0	60.0	16.0	4423.0	971.0	1110.0	3028.0	10024.0	22037.0	44982.0	76086.0	147910.0	246710.0	445641.0	726358.0	1161297.0	1614386.0	2634008.0	9555025.0	9373922.0
	19.0	20.0	21.0	22.0	23.0	24.0	25.0	26.0	27.0	28.0	29.0	30.0	31.0	32.0	33.0	34.0	35.0	36.0	37.0	38.0	39.0	40.0
MHW023_trimmed_clipped_R2_paired	2.0	25.0	950.0	1177.0	559.0	21629.0	14118.0	9950.0	18927.0	36559.0	50496.0	61374.0	67246.0	112673.0	133706.0	236576.0	429503.0	908348.0	1606974.0	2941215.0	9991105.0	9424961.0
	19.0	20.0	21.0	22.0	23.0	24.0	25.0	26.0	27.0	28.0	29.0	30.0	31.0	32.0	33.0	34.0	35.0	36.0	37.0	38.0	39.0	40.0
MHW024_trimmed_clipped_R1_paired	1.0	58.0	172.0	142.0	49.0	10939.0	2517.0	1998.0	5641.0	18436.0	44304.0	102169.0	205110.0	462489.0	888075.0	1717763.0	2814271.0	4295848.0	5551952.0	7876167.0	18178708.0	10903859.0
	19.0	20.0	21.0	22.0	23.0	24.0	25.0	26.0	27.0	28.0	29.0	30.0	31.0	32.0	33.0	34.0	35.0	36.0	37.0	38.0	39.0	40.0
MHW024_trimmed_clipped_R2_paired	5.0	62.0	1379.0	1911.0	955.0	28988.0	22580.0	17371.0	32125.0	61462.0	82763.0	105588.0	121393.0	206250.0	300303.0	651032.0	1464438.0	3251486.0	5757670.0	9791344.0	19625294.0	11556269.0
	20.0	21.0	22.0	23.0	24.0	25.0	26.0	27.0	28.0	29.0	30.0	31.0	32.0	33.0	34.0	35.0	36.0	37.0	38.0	39.0	40.0
MHW025_trimmed_clipped_R1_paired	32.0	141.0	118.0	50.0	9902.0	2103.0	2890.0	8550.0	27503.0	60935.0	125306.0	210827.0	403347.0	677176.0	1274495.0	2216582.0	3731973.0	5154994.0	7387591.0	18925923.0	12751667.0
	19.0	20.0	21.0	22.0	23.0	24.0	25.0	26.0	27.0	28.0	29.0	30.0	31.0	32.0	33.0	34.0	35.0	36.0	37.0	38.0	39.0	40.0
MHW025_trimmed_clipped_R2_paired	2.0	54.0	1549.0	2118.0	1018.0	32087.0	23859.0	18087.0	33777.0	67406.0	92355.0	118008.0	131590.0	216571.0	288587.0	580840.0	1240809.0	2764062.0	4957367.0	8625298.0	20460853.0	13315808.0
	16.0	17.0	18.0	19.0	20.0	21.0	22.0	23.0	24.0	25.0	26.0	27.0	28.0	29.0	30.0	31.0	32.0	33.0	34.0	35.0	36.0	37.0	38.0	39.0	40.0
MHW026_trimmed_clipped_R1_paired	1.0	0.0	0.0	0.0	38.0	147.0	93.0	32.0	8858.0	1779.0	1701.0	4815.0	15505.0	36279.0	80346.0	150438.0	317961.0	576973.0	1076471.0	1755954.0	2738963.0	3648374.0	5373330.0	14700421.0	10735260.0
	16.0	17.0	18.0	19.0	20.0	21.0	22.0	23.0	24.0	25.0	26.0	27.0	28.0	29.0	30.0	31.0	32.0	33.0	34.0	35.0	36.0	37.0	38.0	39.0	40.0
MHW026_trimmed_clipped_R2_paired	1.0	0.0	0.0	1.0	43.0	1059.0	1482.0	704.0	22056.0	17167.0	13126.0	24267.0	48285.0	67545.0	89344.0	109199.0	189915.0	281604.0	574336.0	1181154.0	2412598.0	3916408.0	6206372.0	14934346.0	11132727.0
	20.0	21.0	22.0	23.0	24.0	25.0	26.0	27.0	28.0	29.0	30.0	31.0	32.0	33.0	34.0	35.0	36.0	37.0	38.0	39.0	40.0
MHW027_trimmed_clipped_R1_paired	30.0	187.0	146.0	48.0	11716.0	2366.0	2428.0	6602.0	19837.0	45575.0	97379.0	181866.0	387193.0	702933.0	1331068.0	2195096.0	3447003.0	4548994.0	6719298.0	21235648.0	16501008.0
	19.0	20.0	21.0	22.0	23.0	24.0	25.0	26.0	27.0	28.0	29.0	30.0	31.0	32.0	33.0	34.0	35.0	36.0	37.0	38.0	39.0	40.0
MHW027_trimmed_clipped_R2_paired	6.0	49.0	1434.0	1887.0	922.0	30568.0	22963.0	17444.0	32840.0	65797.0	89565.0	114237.0	128094.0	208362.0	275110.0	532429.0	1099907.0	2427246.0	4355735.0	7954473.0	23239783.0	16837570.0
	19.0	20.0	21.0	22.0	23.0	24.0	25.0	26.0	27.0	28.0	29.0	30.0	31.0	32.0	33.0	34.0	35.0	36.0	37.0	38.0	39.0	40.0
MHW028_trimmed_clipped_R1_paired	1.0	19.0	162.0	103.0	40.0	7110.0	1758.0	1690.0	4649.0	14046.0	32727.0	72126.0	140175.0	306416.0	563546.0	1047220.0	1678169.0	2566882.0	3386778.0	4993057.0	13544328.0	8922596.0
	19.0	20.0	21.0	22.0	23.0	24.0	25.0	26.0	27.0	28.0	29.0	30.0	31.0	32.0	33.0	34.0	35.0	36.0	37.0	38.0	39.0	40.0
MHW028_trimmed_clipped_R2_paired	3.0	44.0	1020.0	1371.0	676.0	21172.0	16011.0	12181.0	22766.0	45653.0	63133.0	82108.0	97382.0	163322.0	231738.0	465857.0	973703.0	2084559.0	3597712.0	6045081.0	14311204.0	9046902.0
	20.0	21.0	22.0	23.0	24.0	25.0	26.0	27.0	28.0	29.0	30.0	31.0	32.0	33.0	34.0	35.0	36.0	37.0	38.0	39.0	40.0
MHW029_trimmed_clipped_R1_paired	27.0	160.0	106.0	53.0	10158.0	2134.0	3258.0	9765.0	32204.0	72369.0	145129.0	236973.0	442552.0	724263.0	1284638.0	2027679.0	3098962.0	4051882.0	5878855.0	17415845.0	12352842.0
	19.0	20.0	21.0	22.0	23.0	24.0	25.0	26.0	27.0	28.0	29.0	30.0	31.0	32.0	33.0	34.0	35.0	36.0	37.0	38.0	39.0	40.0
MHW029_trimmed_clipped_R2_paired	2.0	40.0	1372.0	1851.0	907.0	29570.0	21031.0	15493.0	29144.0	56009.0	75955.0	94233.0	104228.0	172667.0	224606.0	442915.0	941126.0	2128766.0	3901738.0	7130767.0	19347063.0	13070371.0
	19.0	20.0	21.0	22.0	23.0	24.0	25.0	26.0	27.0	28.0	29.0	30.0	31.0	32.0	33.0	34.0	35.0	36.0	37.0	38.0	39.0	40.0
MHW030_trimmed_clipped_R1_paired	1.0	22.0	90.0	77.0	21.0	4650.0	1157.0	1316.0	3821.0	12629.0	28384.0	59924.0	105091.0	210358.0	363252.0	653400.0	1024967.0	1547302.0	2029262.0	2992459.0	8282005.0	5314601.0
	20.0	21.0	22.0	23.0	24.0	25.0	26.0	27.0	28.0	29.0	30.0	31.0	32.0	33.0	34.0	35.0	36.0	37.0	38.0	39.0	40.0
MHW030_trimmed_clipped_R2_paired	17.0	806.0	1117.0	552.0	18229.0	12493.0	9175.0	17288.0	33320.0	44925.0	56738.0	65612.0	110592.0	153913.0	314442.0	645552.0	1319794.0	2171604.0	3590480.0	8674810.0	5393330.0
	20.0	21.0	22.0	23.0	24.0	25.0	26.0	27.0	28.0	29.0	30.0	31.0	32.0	33.0	34.0	35.0	36.0	37.0	38.0	39.0	40.0
MHW031_trimmed_clipped_R1_paired	61.0	187.0	147.0	41.0	11112.0	2194.0	2082.0	5649.0	17959.0	41922.0	93354.0	182104.0	400821.0	755646.0	1462022.0	2429036.0	3808451.0	4983726.0	6955431.0	15801014.0	9345899.0
	19.0	20.0	21.0	22.0	23.0	24.0	25.0	26.0	27.0	28.0	29.0	30.0	31.0	32.0	33.0	34.0	35.0	36.0	37.0	38.0	39.0	40.0
MHW031_trimmed_clipped_R2_paired	4.0	63.0	1457.0	2056.0	1149.0	34780.0	24864.0	19778.0	35729.0	66176.0	87079.0	104933.0	116288.0	199090.0	264293.0	543643.0	1182034.0	2697546.0	4862683.0	8396780.0	17516993.0	10141440.0
	20.0	21.0	22.0	23.0	24.0	25.0	26.0	27.0	28.0	29.0	30.0	31.0	32.0	33.0	34.0	35.0	36.0	37.0	38.0	39.0	40.0
MHW032_trimmed_clipped_R1_paired	5.0	134.0	59.0	27.0	6502.0	1178.0	1148.0	3394.0	10266.0	21573.0	40979.0	66096.0	121057.0	178781.0	296417.0	485000.0	900781.0	1638338.0	4010243.0	23877915.0	11577861.0
	19.0	20.0	21.0	22.0	23.0	24.0	25.0	26.0	27.0	28.0	29.0	30.0	31.0	32.0	33.0	34.0	35.0	36.0	37.0	38.0	39.0	40.0
MHW032_trimmed_clipped_R2_paired	1.0	28.0	2697.0	3789.0	1390.0	39377.0	33377.0	15251.0	30837.0	62621.0	85474.0	108696.0	115103.0	184496.0	223768.0	374874.0	623360.0	1209522.0	2182988.0	5093427.0	24653664.0	8193014.0
	20.0	21.0	22.0	23.0	24.0	25.0	26.0	27.0	28.0	29.0	30.0	31.0	32.0	33.0	34.0	35.0	36.0	37.0	38.0	39.0	40.0
MHW033_trimmed_clipped_R1_paired	2.0	72.0	87.0	26.0	6507.0	1222.0	1781.0	4811.0	14037.0	28287.0	51171.0	75878.0	129847.0	183229.0	298914.0	481614.0	884875.0	1588478.0	3777757.0	22659389.0	11631173.0
	19.0	20.0	21.0	22.0	23.0	24.0	25.0	26.0	27.0	28.0	29.0	30.0	31.0	32.0	33.0	34.0	35.0	36.0	37.0	38.0	39.0	40.0
MHW033_trimmed_clipped_R2_paired	2.0	26.0	1974.0	2732.0	1036.0	33997.0	26712.0	14180.0	29077.0	59983.0	83832.0	106313.0	113436.0	180568.0	213378.0	353765.0	586314.0	1137396.0	2038731.0	4697626.0	23759510.0	8378569.0
	20.0	21.0	22.0	23.0	24.0	25.0	26.0	27.0	28.0	29.0	30.0	31.0	32.0	33.0	34.0	35.0	36.0	37.0	38.0	39.0	40.0
MHW034_trimmed_clipped_R1_paired	9.0	102.0	84.0	16.0	6878.0	1095.0	1312.0	3661.0	10894.0	23081.0	43537.0	68876.0	124640.0	180858.0	294785.0	475752.0	867942.0	1557280.0	3720594.0	22782186.0	12131017.0
	19.0	20.0	21.0	22.0	23.0	24.0	25.0	26.0	27.0	28.0	29.0	30.0	31.0	32.0	33.0	34.0	35.0	36.0	37.0	38.0	39.0	40.0
MHW034_trimmed_clipped_R2_paired	1.0	21.0	2045.0	2795.0	1087.0	33347.0	26775.0	13861.0	27793.0	57376.0	80495.0	102790.0	110949.0	177623.0	211575.0	351748.0	581174.0	1119228.0	1998793.0	4627325.0	23930572.0	8837226.0
	20.0	21.0	22.0	23.0	24.0	25.0	26.0	27.0	28.0	29.0	30.0	31.0	32.0	33.0	34.0	35.0	36.0	37.0	38.0	39.0	40.0
MHW035_trimmed_clipped_R1_paired	5.0	132.0	86.0	27.0	7424.0	1342.0	1414.0	3917.0	11572.0	23827.0	44069.0	70070.0	128559.0	190948.0	319503.0	525574.0	970515.0	1752999.0	4211475.0	25210437.0	12823977.0
	20.0	21.0	22.0	23.0	24.0	25.0	26.0	27.0	28.0	29.0	30.0	31.0	32.0	33.0	34.0	35.0	36.0	37.0	38.0	39.0	40.0
MHW035_trimmed_clipped_R2_paired	21.0	2519.0	3502.0	1265.0	38536.0	31470.0	15260.0	31364.0	64552.0	90068.0	114770.0	123539.0	195964.0	235576.0	393851.0	654187.0	1268333.0	2281997.0	5317603.0	26383597.0	9049898.0
	20.0	21.0	22.0	23.0	24.0	25.0	26.0	27.0	28.0	29.0	30.0	31.0	32.0	33.0	34.0	35.0	36.0	37.0	38.0	39.0	40.0
MHW036_trimmed_clipped_R1_paired	3.0	140.0	106.0	26.0	6466.0	1376.0	1283.0	3578.0	10571.0	21806.0	40662.0	63844.0	116830.0	170960.0	288072.0	472217.0	874186.0	1583630.0	3840107.0	23170166.0	11291714.0
	16.0	17.0	18.0	19.0	20.0	21.0	22.0	23.0	24.0	25.0	26.0	27.0	28.0	29.0	30.0	31.0	32.0	33.0	34.0	35.0	36.0	37.0	38.0	39.0	40.0
MHW036_trimmed_clipped_R2_paired	1.0	0.0	0.0	3.0	18.0	2129.0	3035.0	1119.0	35345.0	28384.0	13848.0	28187.0	57909.0	80748.0	102911.0	110471.0	176007.0	210628.0	355351.0	589485.0	1142159.0	2066089.0	4833306.0	24107854.0	8012756.0
	20.0	21.0	22.0	23.0	24.0	25.0	26.0	27.0	28.0	29.0	30.0	31.0	32.0	33.0	34.0	35.0	36.0	37.0	38.0	39.0	40.0
MHW037_trimmed_clipped_R1_paired	5.0	102.0	75.0	26.0	6245.0	1275.0	1706.0	4590.0	13874.0	26947.0	49065.0	71320.0	123997.0	176707.0	291095.0	473132.0	873601.0	1574763.0	3794116.0	22565702.0	11080728.0
	20.0	21.0	22.0	23.0	24.0	25.0	26.0	27.0	28.0	29.0	30.0	31.0	32.0	33.0	34.0	35.0	36.0	37.0	38.0	39.0	40.0
MHW037_trimmed_clipped_R2_paired	17.0	2093.0	2796.0	1064.0	33553.0	26875.0	13205.0	27348.0	56652.0	78191.0	100322.0	107069.0	170425.0	205993.0	345824.0	579418.0	1126742.0	2025664.0	4708051.0	23467398.0	8050371.0
	20.0	21.0	22.0	23.0	24.0	25.0	26.0	27.0	28.0	29.0	30.0	31.0	32.0	33.0	34.0	35.0	36.0	37.0	38.0	39.0	40.0
MHW038_trimmed_clipped_R1_paired	4.0	113.0	75.0	20.0	5970.0	1239.0	1526.0	4167.0	12477.0	25409.0	47695.0	73115.0	129746.0	187300.0	307302.0	495413.0	905225.0	1627670.0	3906038.0	23890132.0	12529852.0
	20.0	21.0	22.0	23.0	24.0	25.0	26.0	27.0	28.0	29.0	30.0	31.0	32.0	33.0	34.0	35.0	36.0	37.0	38.0	39.0	40.0
MHW038_trimmed_clipped_R2_paired	33.0	2245.0	3119.0	1233.0	38563.0	28988.0	15158.0	30738.0	62665.0	87177.0	110547.0	118115.0	187926.0	222642.0	370181.0	608048.0	1173484.0	2099094.0	4860507.0	24987325.0	9142700.0
	20.0	21.0	22.0	23.0	24.0	25.0	26.0	27.0	28.0	29.0	30.0	31.0	32.0	33.0	34.0	35.0	36.0	37.0	38.0	39.0	40.0
MHW039_trimmed_clipped_R1_paired	8.0	137.0	92.0	30.0	8215.0	1447.0	1553.0	4177.0	12497.0	26698.0	50554.0	81669.0	152413.0	228799.0	394556.0	668608.0	1294369.0	2457776.0	6240002.0	34909457.0	11838099.0
	19.0	20.0	21.0	22.0	23.0	24.0	25.0	26.0	27.0	28.0	29.0	30.0	31.0	32.0	33.0	34.0	35.0	36.0	37.0	38.0	39.0	40.0
MHW039_trimmed_clipped_R2_paired	4.0	38.0	2424.0	3522.0	1268.0	39155.0	32831.0	14949.0	31023.0	63675.0	88214.0	115807.0	127342.0	211927.0	279494.0	496243.0	874538.0	1748298.0	3267880.0	7800089.0	34662307.0	8510128.0
	20.0	21.0	22.0	23.0	24.0	25.0	26.0	27.0	28.0	29.0	30.0	31.0	32.0	33.0	34.0	35.0	36.0	37.0	38.0	39.0	40.0
MHW040_trimmed_clipped_R1_paired	9.0	112.0	89.0	27.0	7284.0	1286.0	1393.0	4080.0	12153.0	25492.0	49035.0	79362.0	147974.0	224834.0	381918.0	637488.0	1207216.0	2234135.0	5495686.0	33307911.0	13394376.0
	19.0	20.0	21.0	22.0	23.0	24.0	25.0	26.0	27.0	28.0	29.0	30.0	31.0	32.0	33.0	34.0	35.0	36.0	37.0	38.0	39.0	40.0
MHW040_trimmed_clipped_R2_paired	1.0	21.0	1736.0	2417.0	884.0	29593.0	23832.0	12124.0	24806.0	52109.0	74291.0	99144.0	111182.0	183412.0	240494.0	425739.0	750548.0	1506546.0	2816481.0	6696459.0	33803953.0	10356088.0
	20.0	21.0	22.0	23.0	24.0	25.0	26.0	27.0	28.0	29.0	30.0	31.0	32.0	33.0	34.0	35.0	36.0	37.0	38.0	39.0	40.0
MHW041_trimmed_clipped_R1_paired	3.0	125.0	82.0	19.0	6915.0	1202.0	1201.0	3587.0	10558.0	22642.0	44030.0	71312.0	133250.0	201745.0	340544.0	564010.0	1060391.0	1966396.0	4864213.0	29442376.0	11576171.0
	19.0	20.0	21.0	22.0	23.0	24.0	25.0	26.0	27.0	28.0	29.0	30.0	31.0	32.0	33.0	34.0	35.0	36.0	37.0	38.0	39.0	40.0
MHW041_trimmed_clipped_R2_paired	1.0	31.0	1590.0	2198.0	793.0	26695.0	22011.0	11154.0	22802.0	47871.0	67909.0	90166.0	101628.0	167071.0	218869.0	383297.0	672002.0	1342948.0	2494107.0	5947384.0	29880135.0	8810110.0
	20.0	21.0	22.0	23.0	24.0	25.0	26.0	27.0	28.0	29.0	30.0	31.0	32.0	33.0	34.0	35.0	36.0	37.0	38.0	39.0	40.0
MHW042_trimmed_clipped_R1_paired	3.0	114.0	118.0	26.0	7805.0	1495.0	1396.0	3834.0	11402.0	23784.0	44957.0	72712.0	138269.0	212828.0	369880.0	626705.0	1196249.0	2237507.0	5581395.0	32836655.0	12247801.0
	20.0	21.0	22.0	23.0	24.0	25.0	26.0	27.0	28.0	29.0	30.0	31.0	32.0	33.0	34.0	35.0	36.0	37.0	38.0	39.0	40.0
MHW042_trimmed_clipped_R2_paired	55.0	1857.0	2877.0	994.0	31695.0	26625.0	12129.0	25496.0	52712.0	74584.0	99265.0	110826.0	185589.0	248389.0	441032.0	779442.0	1559044.0	2916884.0	6965519.0	33104996.0	8974925.0
	20.0	21.0	22.0	23.0	24.0	25.0	26.0	27.0	28.0	29.0	30.0	31.0	32.0	33.0	34.0	35.0	36.0	37.0	38.0	39.0	40.0
MHW043_trimmed_clipped_R1_paired	10.0	157.0	118.0	19.0	7590.0	1599.0	1454.0	4011.0	11671.0	24363.0	45631.0	73089.0	137931.0	210802.0	365546.0	619541.0	1192885.0	2247235.0	5662871.0	32925126.0	11773807.0
	19.0	20.0	21.0	22.0	23.0	24.0	25.0	26.0	27.0	28.0	29.0	30.0	31.0	32.0	33.0	34.0	35.0	36.0	37.0	38.0	39.0	40.0
MHW043_trimmed_clipped_R2_paired	2.0	33.0	1909.0	2825.0	989.0	31863.0	26827.0	12195.0	25747.0	53464.0	75447.0	100049.0	111858.0	185883.0	247665.0	441551.0	779579.0	1564889.0	2926871.0	7007347.0	32936304.0	8772159.0
	20.0	21.0	22.0	23.0	24.0	25.0	26.0	27.0	28.0	29.0	30.0	31.0	32.0	33.0	34.0	35.0	36.0	37.0	38.0	39.0	40.0
MHW044_trimmed_clipped_R1_paired	4.0	117.0	80.0	25.0	6280.0	1259.0	1215.0	3468.0	10346.0	22218.0	42688.0	70081.0	132235.0	202496.0	344949.0	576092.0	1079003.0	1991640.0	4896377.0	29747280.0	12086312.0
	20.0	21.0	22.0	23.0	24.0	25.0	26.0	27.0	28.0	29.0	30.0	31.0	32.0	33.0	34.0	35.0	36.0	37.0	38.0	39.0	40.0
MHW044_trimmed_clipped_R2_paired	23.0	1371.0	2113.0	717.0	24779.0	20185.0	10115.0	20955.0	43624.0	62654.0	83220.0	94398.0	157230.0	207552.0	367441.0	649007.0	1303773.0	2445601.0	5820599.0	30174684.0	9724124.0
	20.0	21.0	22.0	23.0	24.0	25.0	26.0	27.0	28.0	29.0	30.0	31.0	32.0	33.0	34.0	35.0	36.0	37.0	38.0	39.0	40.0
MHW045_trimmed_clipped_R1_paired	3.0	86.0	76.0	25.0	5300.0	1061.0	1087.0	3011.0	9322.0	19700.0	38715.0	63248.0	118513.0	181452.0	306629.0	502382.0	933840.0	1709782.0	4178740.0	25975671.0	10948568.0
	20.0	21.0	22.0	23.0	24.0	25.0	26.0	27.0	28.0	29.0	30.0	31.0	32.0	33.0	34.0	35.0	36.0	37.0	38.0	39.0	40.0
MHW045_trimmed_clipped_R2_paired	27.0	1208.0	1690.0	654.0	22042.0	17580.0	9151.0	18667.0	39231.0	56557.0	75480.0	85817.0	141782.0	186037.0	326862.0	571169.0	1139364.0	2110140.0	5012464.0	26429009.0	8752280.0
	20.0	21.0	22.0	23.0	24.0	25.0	26.0	27.0	28.0	29.0	30.0	31.0	32.0	33.0	34.0	35.0	36.0	37.0	38.0	39.0	40.0
MHW046_trimmed_clipped_R1_paired	13.0	135.0	98.0	21.0	7917.0	1376.0	1388.0	3939.0	11795.0	24567.0	46627.0	75278.0	142239.0	216010.0	369971.0	623129.0	1184672.0	2206516.0	5481041.0	32215240.0	11911832.0
	19.0	20.0	21.0	22.0	23.0	24.0	25.0	26.0	27.0	28.0	29.0	30.0	31.0	32.0	33.0	34.0	35.0	36.0	37.0	38.0	39.0	40.0
MHW046_trimmed_clipped_R2_paired	2.0	32.0	1645.0	2557.0	847.0	29074.0	23922.0	11507.0	24275.0	50627.0	71946.0	96427.0	108443.0	178807.0	237813.0	421582.0	746063.0	1499744.0	2810021.0	6716198.0	32533318.0	8958954.0
	19.0	20.0	21.0	22.0	23.0	24.0	25.0	26.0	27.0	28.0	29.0	30.0	31.0	32.0	33.0	34.0	35.0	36.0	37.0	38.0	39.0	40.0
MHW047_trimmed_clipped_R1_paired	1.0	1.0	165.0	108.0	24.0	7331.0	1545.0	1458.0	4094.0	12285.0	25876.0	49098.0	79332.0	146330.0	218623.0	364601.0	592289.0	1072274.0	1894757.0	4379227.0	27557938.0	16129622.0
	19.0	20.0	21.0	22.0	23.0	24.0	25.0	26.0	27.0	28.0	29.0	30.0	31.0	32.0	33.0	34.0	35.0	36.0	37.0	38.0	39.0	40.0
MHW047_trimmed_clipped_R2_paired	1.0	29.0	1806.0	2515.0	948.0	31854.0	25422.0	13680.0	28328.0	58990.0	82546.0	107052.0	117816.0	188650.0	227587.0	381182.0	636130.0	1240667.0	2233931.0	5079481.0	28705920.0	13372444.0
	20.0	21.0	22.0	23.0	24.0	25.0	26.0	27.0	28.0	29.0	30.0	31.0	32.0	33.0	34.0	35.0	36.0	37.0	38.0	39.0	40.0
MHW048_trimmed_clipped_R1_paired	6.0	139.0	85.0	30.0	7165.0	1526.0	2320.0	6556.0	20177.0	41222.0	75089.0	106461.0	172862.0	233539.0	367815.0	571243.0	1018378.0	1772336.0	4044071.0	25391952.0	15168337.0
	20.0	21.0	22.0	23.0	24.0	25.0	26.0	27.0	28.0	29.0	30.0	31.0	32.0	33.0	34.0	35.0	36.0	37.0	38.0	39.0	40.0
MHW048_trimmed_clipped_R2_paired	21.0	1651.0	2201.0	908.0	30995.0	22861.0	13223.0	26925.0	56169.0	79486.0	102092.0	112317.0	177299.0	211716.0	350354.0	585798.0	1145080.0	2045684.0	4606851.0	26480530.0	12949148.0
	20.0	21.0	22.0	23.0	24.0	25.0	26.0	27.0	28.0	29.0	30.0	31.0	32.0	33.0	34.0	35.0	36.0	37.0	38.0	39.0	40.0
MHW049_trimmed_clipped_R1_paired	3.0	97.0	81.0	27.0	5491.0	1226.0	1466.0	4337.0	13178.0	27371.0	51543.0	79283.0	138219.0	199489.0	322532.0	513649.0	926127.0	1626688.0	3732969.0	23395210.0	13694833.0
	20.0	21.0	22.0	23.0	24.0	25.0	26.0	27.0	28.0	29.0	30.0	31.0	32.0	33.0	34.0	35.0	36.0	37.0	38.0	39.0	40.0
MHW049_trimmed_clipped_R2_paired	28.0	1515.0	2089.0	852.0	27514.0	20868.0	12030.0	24660.0	51495.0	72755.0	94327.0	102391.0	163769.0	197460.0	330831.0	552906.0	1079459.0	1918329.0	4322912.0	24391078.0	11366551.0
	20.0	21.0	22.0	23.0	24.0	25.0	26.0	27.0	28.0	29.0	30.0	31.0	32.0	33.0	34.0	35.0	36.0	37.0	38.0	39.0	40.0
MHW050_trimmed_clipped_R1_paired	12.0	137.0	80.0	28.0	7469.0	1341.0	1543.0	4439.0	12674.0	26191.0	48914.0	75986.0	134906.0	194741.0	318268.0	506452.0	912710.0	1594906.0	3664060.0	22889831.0	13277210.0
	20.0	21.0	22.0	23.0	24.0	25.0	26.0	27.0	28.0	29.0	30.0	31.0	32.0	33.0	34.0	35.0	36.0	37.0	38.0	39.0	40.0
MHW050_trimmed_clipped_R2_paired	26.0	2041.0	2640.0	948.0	40898.0	26553.0	15415.0	30480.0	63320.0	88051.0	106846.0	112899.0	182523.0	206114.0	337014.0	541252.0	1057438.0	1868648.0	4208753.0	23764970.0	11015069.0
	20.0	21.0	22.0	23.0	24.0	25.0	26.0	27.0	28.0	29.0	30.0	31.0	32.0	33.0	34.0	35.0	36.0	37.0	38.0	39.0	40.0
MHW051_trimmed_clipped_R1_paired	5.0	125.0	84.0	29.0	7533.0	1377.0	1357.0	4042.0	12476.0	25852.0	50311.0	80721.0	149610.0	221059.0	367729.0	592575.0	1081647.0	1944919.0	4668082.0	28404246.0	14330517.0
	20.0	21.0	22.0	23.0	24.0	25.0	26.0	27.0	28.0	29.0	30.0	31.0	32.0	33.0	34.0	35.0	36.0	37.0	38.0	39.0	40.0
MHW051_trimmed_clipped_R2_paired	18.0	2549.0	3540.0	1347.0	39035.0	32305.0	16381.0	32501.0	67210.0	92923.0	118505.0	126397.0	200757.0	240645.0	403892.0	674708.0	1314631.0	2369423.0	5487285.0	29003122.0	11717122.0
	20.0	21.0	22.0	23.0	24.0	25.0	26.0	27.0	28.0	29.0	30.0	31.0	32.0	33.0	34.0	35.0	36.0	37.0	38.0	39.0	40.0
MHW052_trimmed_clipped_R1_paired	4.0	134.0	95.0	34.0	7932.0	1489.0	2485.0	7071.0	21034.0	40934.0	72073.0	101700.0	167177.0	225381.0	361298.0	579289.0	1059988.0	1906592.0	4543899.0	27115699.0	13227654.0
	19.0	20.0	21.0	22.0	23.0	24.0	25.0	26.0	27.0	28.0	29.0	30.0	31.0	32.0	33.0	34.0	35.0	36.0	37.0	38.0	39.0	40.0
MHW052_trimmed_clipped_R2_paired	3.0	34.0	2106.0	2968.0	1130.0	38651.0	29567.0	16208.0	33124.0	68558.0	95898.0	120763.0	128742.0	201941.0	234618.0	388526.0	647188.0	1268367.0	2295071.0	5305116.0	27825391.0	10737992.0
	20.0	21.0	22.0	23.0	24.0	25.0	26.0	27.0	28.0	29.0	30.0	31.0	32.0	33.0	34.0	35.0	36.0	37.0	38.0	39.0	40.0
MHW053_trimmed_clipped_R1_paired	11.0	123.0	100.0	27.0	8119.0	1327.0	1748.0	4930.0	14969.0	30976.0	57932.0	90100.0	156974.0	224975.0	365963.0	586076.0	1058528.0	1882085.0	4434046.0	27195082.0	14051641.0
	19.0	20.0	21.0	22.0	23.0	24.0	25.0	26.0	27.0	28.0	29.0	30.0	31.0	32.0	33.0	34.0	35.0	36.0	37.0	38.0	39.0	40.0
MHW053_trimmed_clipped_R2_paired	2.0	31.0	2081.0	2894.0	1102.0	38743.0	28554.0	15943.0	32406.0	66614.0	92272.0	117666.0	126113.0	200300.0	236181.0	391285.0	648728.0	1260347.0	2246633.0	5127223.0	27962404.0	11568210.0
	20.0	21.0	22.0	23.0	24.0	25.0	26.0	27.0	28.0	29.0	30.0	31.0	32.0	33.0	34.0	35.0	36.0	37.0	38.0	39.0	40.0
MHW054_trimmed_clipped_R1_paired	6.0	131.0	125.0	28.0	8524.0	1646.0	1757.0	4918.0	13967.0	28638.0	53811.0	84054.0	154101.0	229387.0	386251.0	634772.0	1164215.0	2078913.0	4902468.0	29352558.0	14499659.0
	19.0	20.0	21.0	22.0	23.0	24.0	25.0	26.0	27.0	28.0	29.0	30.0	31.0	32.0	33.0	34.0	35.0	36.0	37.0	38.0	39.0	40.0
MHW054_trimmed_clipped_R2_paired	1.0	36.0	2208.0	3042.0	1142.0	37532.0	30016.0	15930.0	33187.0	68308.0	95674.0	124091.0	132655.0	210934.0	255704.0	428165.0	718950.0	1400413.0	2514564.0	5769814.0	30271743.0	11485820.0
	20.0	21.0	22.0	23.0	24.0	25.0	26.0	27.0	28.0	29.0	30.0	31.0	32.0	33.0	34.0	35.0	36.0	37.0	38.0	39.0	40.0
MHW055_trimmed_clipped_R1_paired	5.0	157.0	102.0	34.0	6900.0	1607.0	1637.0	4547.0	13164.0	26797.0	50290.0	77678.0	141200.0	207427.0	343320.0	549093.0	999177.0	1760254.0	4097355.0	25685645.0	13729069.0
	19.0	20.0	21.0	22.0	23.0	24.0	25.0	26.0	27.0	28.0	29.0	30.0	31.0	32.0	33.0	34.0	35.0	36.0	37.0	38.0	39.0	40.0
MHW055_trimmed_clipped_R2_paired	2.0	26.0	1584.0	2171.0	873.0	28771.0	22216.0	12806.0	26208.0	55465.0	78246.0	101585.0	110685.0	175780.0	211673.0	351235.0	588449.0	1143514.0	2047466.0	4669334.0	26599657.0	11467712.0
	20.0	21.0	22.0	23.0	24.0	25.0	26.0	27.0	28.0	29.0	30.0	31.0	32.0	33.0	34.0	35.0	36.0	37.0	38.0	39.0	40.0
MHW056_trimmed_clipped_R1_paired	4.0	141.0	97.0	41.0	8194.0	1615.0	2111.0	5843.0	17273.0	34890.0	63698.0	94332.0	165094.0	236301.0	390073.0	632261.0	1157620.0	2065694.0	4919866.0	29172141.0	14118556.0
	20.0	21.0	22.0	23.0	24.0	25.0	26.0	27.0	28.0	29.0	30.0	31.0	32.0	33.0	34.0	35.0	36.0	37.0	38.0	39.0	40.0
MHW056_trimmed_clipped_R2_paired	37.0	2449.0	3472.0	1352.0	43223.0	33173.0	17181.0	34500.0	71628.0	99092.0	125073.0	133379.0	212220.0	253383.0	426675.0	710347.0	1389545.0	2484213.0	5685276.0	29669635.0	11689992.0
	20.0	21.0	22.0	23.0	24.0	25.0	26.0	27.0	28.0	29.0	30.0	31.0	32.0	33.0	34.0	35.0	36.0	37.0	38.0	39.0	40.0
MHW057_trimmed_clipped_R1_paired	6.0	135.0	80.0	37.0	6482.0	1401.0	1786.0	4910.0	14465.0	30045.0	56049.0	86816.0	153231.0	222353.0	363491.0	583075.0	1057949.0	1871243.0	4394875.0	26788180.0	13775492.0
	19.0	20.0	21.0	22.0	23.0	24.0	25.0	26.0	27.0	28.0	29.0	30.0	31.0	32.0	33.0	34.0	35.0	36.0	37.0	38.0	39.0	40.0
MHW057_trimmed_clipped_R2_paired	2.0	26.0	1871.0	2716.0	1017.0	35457.0	26891.0	14990.0	30761.0	63800.0	89338.0	113979.0	122743.0	194272.0	231943.0	387318.0	646752.0	1254545.0	2227982.0	5066871.0	27506255.0	11392572.0
	20.0	21.0	22.0	23.0	24.0	25.0	26.0	27.0	28.0	29.0	30.0	31.0	32.0	33.0	34.0	35.0	36.0	37.0	38.0	39.0	40.0
MHW058_trimmed_clipped_R1_paired	11.0	144.0	106.0	32.0	8877.0	1498.0	1663.0	4457.0	13509.0	27983.0	53262.0	83613.0	152251.0	224567.0	369493.0	599195.0	1088208.0	1928684.0	4538548.0	27504218.0	13915933.0
	19.0	20.0	21.0	22.0	23.0	24.0	25.0	26.0	27.0	28.0	29.0	30.0	31.0	32.0	33.0	34.0	35.0	36.0	37.0	38.0	39.0	40.0
MHW058_trimmed_clipped_R2_paired	1.0	31.0	2575.0	3614.0	1408.0	53119.0	34775.0	18964.0	37691.0	76641.0	106263.0	129262.0	135357.0	217931.0	248980.0	408423.0	661734.0	1293772.0	2296221.0	5219481.0	28010867.0	11559142.0
	20.0	21.0	22.0	23.0	24.0	25.0	26.0	27.0	28.0	29.0	30.0	31.0	32.0	33.0	34.0	35.0	36.0	37.0	38.0	39.0	40.0
MHW059_trimmed_clipped_R1_paired	8.0	137.0	98.0	26.0	7752.0	1324.0	1341.0	3885.0	12083.0	25637.0	49784.0	81252.0	150047.0	224632.0	373277.0	608641.0	1118657.0	2019422.0	4923920.0	29534216.0	13727728.0
	19.0	20.0	21.0	22.0	23.0	24.0	25.0	26.0	27.0	28.0	29.0	30.0	31.0	32.0	33.0	34.0	35.0	36.0	37.0	38.0	39.0	40.0
MHW059_trimmed_clipped_R2_paired	5.0	26.0	2500.0	3389.0	1276.0	40034.0	31948.0	16463.0	33528.0	68626.0	95862.0	122933.0	133429.0	214262.0	263794.0	444922.0	744819.0	1444506.0	2591805.0	6021396.0	30106427.0	10481917.0
	20.0	21.0	22.0	23.0	24.0	25.0	26.0	27.0	28.0	29.0	30.0	31.0	32.0	33.0	34.0	35.0	36.0	37.0	38.0	39.0	40.0
MHW060_trimmed_clipped_R1_paired	7.0	139.0	105.0	42.0	8325.0	1499.0	2182.0	6226.0	18603.0	36253.0	66179.0	96365.0	165100.0	234949.0	385390.0	627692.0	1151678.0	2063648.0	4924256.0	29034270.0	13257329.0
	19.0	20.0	21.0	22.0	23.0	24.0	25.0	26.0	27.0	28.0	29.0	30.0	31.0	32.0	33.0	34.0	35.0	36.0	37.0	38.0	39.0	40.0
MHW060_trimmed_clipped_R2_paired	2.0	40.0	2013.0	2890.0	1112.0	40286.0	30059.0	16925.0	33875.0	70290.0	99471.0	127647.0	138191.0	219857.0	266241.0	448644.0	751451.0	1458934.0	2601476.0	5977403.0	29791156.0	10002274.0
	20.0	21.0	22.0	23.0	24.0	25.0	26.0	27.0	28.0	29.0	30.0	31.0	32.0	33.0	34.0	35.0	36.0	37.0	38.0	39.0	40.0
MHW061_trimmed_clipped_R1_paired	9.0	139.0	89.0	28.0	8649.0	1415.0	1488.0	4362.0	12824.0	27376.0	52632.0	83746.0	151598.0	222698.0	368674.0	597850.0	1101266.0	1989453.0	4853138.0	28935811.0	13117372.0
	19.0	20.0	21.0	22.0	23.0	24.0	25.0	26.0	27.0	28.0	29.0	30.0	31.0	32.0	33.0	34.0	35.0	36.0	37.0	38.0	39.0	40.0
MHW061_trimmed_clipped_R2_paired	1.0	24.0	2333.0	3175.0	1340.0	41480.0	32721.0	17032.0	34352.0	71137.0	98221.0	125595.0	135240.0	218269.0	264128.0	446621.0	740034.0	1430702.0	2560513.0	5950529.0	29410264.0	9946906.0
	20.0	21.0	22.0	23.0	24.0	25.0	26.0	27.0	28.0	29.0	30.0	31.0	32.0	33.0	34.0	35.0	36.0	37.0	38.0	39.0	40.0
MHW062_trimmed_clipped_R1_paired	8.0	155.0	106.0	25.0	8799.0	1479.0	1611.0	4562.0	13007.0	27040.0	51997.0	83501.0	154621.0	232704.0	391870.0	640109.0	1171860.0	2093475.0	5047188.0	30590100.0	14525353.0
	19.0	20.0	21.0	22.0	23.0	24.0	25.0	26.0	27.0	28.0	29.0	30.0	31.0	32.0	33.0	34.0	35.0	36.0	37.0	38.0	39.0	40.0
MHW062_trimmed_clipped_R2_paired	2.0	30.0	2171.0	2977.0	1205.0	37542.0	29274.0	16067.0	32575.0	68031.0	96293.0	125753.0	136951.0	222253.0	272024.0	456308.0	762353.0	1476328.0	2647864.0	6177451.0	31571864.0	10904254.0
	20.0	21.0	22.0	23.0	24.0	25.0	26.0	27.0	28.0	29.0	30.0	31.0	32.0	33.0	34.0	35.0	36.0	37.0	38.0	39.0	40.0
MHW063_trimmed_clipped_R1_paired	2.0	182.0	108.0	20.0	8087.0	1675.0	1508.0	4223.0	12234.0	25283.0	48359.0	76351.0	142652.0	212900.0	361418.0	595667.0	1104493.0	1995804.0	4858317.0	28674774.0	12730297.0
	16.0	17.0	18.0	19.0	20.0	21.0	22.0	23.0	24.0	25.0	26.0	27.0	28.0	29.0	30.0	31.0	32.0	33.0	34.0	35.0	36.0	37.0	38.0	39.0	40.0
MHW063_trimmed_clipped_R2_paired	1.0	0.0	0.0	2.0	30.0	2288.0	3160.0	1230.0	38452.0	30456.0	15136.0	31826.0	65830.0	91459.0	117572.0	128961.0	208112.0	256567.0	435528.0	731439.0	1420978.0	2558503.0	5945103.0	29181023.0	9590698.0
	20.0	21.0	22.0	23.0	24.0	25.0	26.0	27.0	28.0	29.0	30.0	31.0	32.0	33.0	34.0	35.0	36.0	37.0	38.0	39.0	40.0
MHW064_trimmed_clipped_R1_paired	4.0	139.0	112.0	40.0	7828.0	1595.0	2374.0	6458.0	20110.0	38812.0	68700.0	98661.0	167327.0	233222.0	380189.0	613368.0	1114760.0	1995932.0	4790677.0	28508915.0	13034185.0
	20.0	21.0	22.0	23.0	24.0	25.0	26.0	27.0	28.0	29.0	30.0	31.0	32.0	33.0	34.0	35.0	36.0	37.0	38.0	39.0	40.0
MHW064_trimmed_clipped_R2_paired	32.0	1936.0	2769.0	1118.0	37413.0	27836.0	15140.0	31277.0	64524.0	91814.0	117517.0	128830.0	207337.0	252878.0	426687.0	716215.0	1391142.0	2487841.0	5737776.0	29211265.0	10132061.0
	20.0	21.0	22.0	23.0	24.0	25.0	26.0	27.0	28.0	29.0	30.0	31.0	32.0	33.0	34.0	35.0	36.0	37.0	38.0	39.0	40.0
MHW065_trimmed_clipped_R1_paired	11.0	156.0	100.0	32.0	7221.0	1491.0	1708.0	5001.0	15198.0	30785.0	58267.0	89638.0	161625.0	237923.0	396116.0	646194.0	1183373.0	2118896.0	5091612.0	30304268.0	13810161.0
	20.0	21.0	22.0	23.0	24.0	25.0	26.0	27.0	28.0	29.0	30.0	31.0	32.0	33.0	34.0	35.0	36.0	37.0	38.0	39.0	40.0
MHW065_trimmed_clipped_R2_paired	36.0	2121.0	2897.0	1190.0	39680.0	30149.0	16255.0	33721.0	69530.0	97093.0	126253.0	137948.0	222758.0	275957.0	467553.0	784873.0	1516516.0	2691703.0	6184727.0	31058544.0	10400272.0
	20.0	21.0	22.0	23.0	24.0	25.0	26.0	27.0	28.0	29.0	30.0	31.0	32.0	33.0	34.0	35.0	36.0	37.0	38.0	39.0	40.0
MHW066_trimmed_clipped_R1_paired	14.0	172.0	106.0	28.0	9298.0	1520.0	1534.0	4315.0	12651.0	26914.0	51018.0	81455.0	150218.0	223096.0	373172.0	611721.0	1127701.0	2030883.0	4914449.0	28687972.0	12623476.0
	19.0	20.0	21.0	22.0	23.0	24.0	25.0	26.0	27.0	28.0	29.0	30.0	31.0	32.0	33.0	34.0	35.0	36.0	37.0	38.0	39.0	40.0
MHW066_trimmed_clipped_R2_paired	1.0	33.0	2917.0	3853.0	1475.0	53423.0	36223.0	18954.0	37873.0	77818.0	107581.0	133018.0	141507.0	229706.0	271653.0	455397.0	749195.0	1453815.0	2593594.0	5971308.0	29025862.0	9566507.0
	20.0	21.0	22.0	23.0	24.0	25.0	26.0	27.0	28.0	29.0	30.0	31.0	32.0	33.0	34.0	35.0	36.0	37.0	38.0	39.0	40.0
MHW067_trimmed_clipped_R1_paired	4.0	90.0	75.0	25.0	6954.0	1244.0	1297.0	3547.0	10913.0	22824.0	43515.0	69696.0	129031.0	193376.0	325148.0	533966.0	992510.0	1813213.0	4443591.0	26104674.0	12024004.0
	20.0	21.0	22.0	23.0	24.0	25.0	26.0	27.0	28.0	29.0	30.0	31.0	32.0	33.0	34.0	35.0	36.0	37.0	38.0	39.0	40.0
MHW067_trimmed_clipped_R2_paired	23.0	2828.0	4120.0	1483.0	39583.0	34457.0	15955.0	32005.0	64840.0	88481.0	112146.0	117596.0	188232.0	229231.0	386504.0	651227.0	1271354.0	2307965.0	5362846.0	26404225.0	9404596.0
	20.0	21.0	22.0	23.0	24.0	25.0	26.0	27.0	28.0	29.0	30.0	31.0	32.0	33.0	34.0	35.0	36.0	37.0	38.0	39.0	40.0
MHW068_trimmed_clipped_R1_paired	4.0	123.0	85.0	41.0	7162.0	1294.0	1963.0	5482.0	16394.0	32408.0	57910.0	83978.0	142313.0	202272.0	332122.0	537903.0	992866.0	1781104.0	4219089.0	24969336.0	12147439.0
	20.0	21.0	22.0	23.0	24.0	25.0	26.0	27.0	28.0	29.0	30.0	31.0	32.0	33.0	34.0	35.0	36.0	37.0	38.0	39.0	40.0
MHW068_trimmed_clipped_R2_paired	18.0	1954.0	2698.0	1136.0	36757.0	27758.0	15094.0	31217.0	64461.0	89062.0	112798.0	119218.0	187572.0	221537.0	368452.0	615883.0	1204390.0	2162233.0	4957500.0	25613846.0	9697704.0
	20.0	21.0	22.0	23.0	24.0	25.0	26.0	27.0	28.0	29.0	30.0	31.0	32.0	33.0	34.0	35.0	36.0	37.0	38.0	39.0	40.0
MHW069_trimmed_clipped_R1_paired	5.0	156.0	101.0	19.0	5943.0	1269.0	1087.0	3355.0	9917.0	20405.0	38241.0	60452.0	111481.0	164925.0	277927.0	454808.0	836467.0	1497863.0	3579403.0	21608061.0	10697394.0
	20.0	21.0	22.0	23.0	24.0	25.0	26.0	27.0	28.0	29.0	30.0	31.0	32.0	33.0	34.0	35.0	36.0	37.0	38.0	39.0	40.0
MHW069_trimmed_clipped_R2_paired	29.0	2168.0	2900.0	1112.0	40886.0	27738.0	14457.0	29184.0	58854.0	80485.0	99438.0	105191.0	170308.0	197777.0	327321.0	535037.0	1044565.0	1857500.0	4256194.0	21974948.0	8543187.0
	20.0	21.0	22.0	23.0	24.0	25.0	26.0	27.0	28.0	29.0	30.0	31.0	32.0	33.0	34.0	35.0	36.0	37.0	38.0	39.0	40.0
MHW070_trimmed_clipped_R1_paired	6.0	97.0	73.0	15.0	5621.0	1088.0	1574.0	4426.0	13215.0	26823.0	48125.0	70083.0	118932.0	167474.0	270153.0	432317.0	781884.0	1383260.0	3261812.0	19608461.0	10028046.0
	19.0	20.0	21.0	22.0	23.0	24.0	25.0	26.0	27.0	28.0	29.0	30.0	31.0	32.0	33.0	34.0	35.0	36.0	37.0	38.0	39.0	40.0
MHW070_trimmed_clipped_R2_paired	3.0	18.0	2202.0	2960.0	1127.0	47446.0	28545.0	15595.0	31185.0	62650.0	85619.0	101384.0	104719.0	171603.0	188081.0	308657.0	486276.0	953098.0	1671057.0	3773947.0	19880909.0	8306404.0
	20.0	21.0	22.0	23.0	24.0	25.0	26.0	27.0	28.0	29.0	30.0	31.0	32.0	33.0	34.0	35.0	36.0	37.0	38.0	39.0	40.0
MHW071_trimmed_clipped_R1_paired	17.0	98.0	75.0	20.0	4936.0	1018.0	1129.0	3276.0	9342.0	19523.0	38024.0	60760.0	110742.0	164452.0	273670.0	444239.0	805927.0	1425578.0	3312587.0	19913161.0	10608329.0
	20.0	21.0	22.0	23.0	24.0	25.0	26.0	27.0	28.0	29.0	30.0	31.0	32.0	33.0	34.0	35.0	36.0	37.0	38.0	39.0	40.0
MHW071_trimmed_clipped_R2_paired	36.0	2191.0	2956.0	1036.0	48202.0	28481.0	15507.0	30556.0	61455.0	84348.0	102095.0	106617.0	174037.0	194865.0	320650.0	514420.0	997972.0	1732136.0	3841284.0	20288455.0	8649604.0
	20.0	21.0	22.0	23.0	24.0	25.0	26.0	27.0	28.0	29.0	30.0	31.0	32.0	33.0	34.0	35.0	36.0	37.0	38.0	39.0	40.0
MHW072_trimmed_clipped_R1_paired	13.0	108.0	84.0	27.0	7130.0	1169.0	1163.0	3151.0	9486.0	20479.0	38862.0	62626.0	114058.0	169091.0	282018.0	462768.0	850426.0	1535272.0	3730610.0	21950691.0	10439864.0
	19.0	20.0	21.0	22.0	23.0	24.0	25.0	26.0	27.0	28.0	29.0	30.0	31.0	32.0	33.0	34.0	35.0	36.0	37.0	38.0	39.0	40.0
MHW072_trimmed_clipped_R2_paired	1.0	31.0	2910.0	3725.0	1373.0	45358.0	32656.0	15753.0	31348.0	63189.0	86544.0	105989.0	110591.0	178468.0	205970.0	342721.0	558373.0	1090013.0	1953750.0	4495254.0	22065623.0	8289456.0
	20.0	21.0	22.0	23.0	24.0	25.0	26.0	27.0	28.0	29.0	30.0	31.0	32.0	33.0	34.0	35.0	36.0	37.0	38.0	39.0	40.0
MHW073_trimmed_clipped_R1_paired	4.0	75.0	62.0	16.0	4807.0	920.0	1041.0	2819.0	8410.0	17457.0	34283.0	55604.0	102242.0	152992.0	253891.0	408960.0	737229.0	1292981.0	2991159.0	18591080.0	10372385.0
	20.0	21.0	22.0	23.0	24.0	25.0	26.0	27.0	28.0	29.0	30.0	31.0	32.0	33.0	34.0	35.0	36.0	37.0	38.0	39.0	40.0
MHW073_trimmed_clipped_R2_paired	21.0	1571.0	2143.0	808.0	26796.0	20773.0	11382.0	22400.0	46213.0	64004.0	81212.0	86689.0	137855.0	163817.0	272926.0	451948.0	878931.0	1571321.0	3545411.0	19289778.0	8352418.0
	20.0	21.0	22.0	23.0	24.0	25.0	26.0	27.0	28.0	29.0	30.0	31.0	32.0	33.0	34.0	35.0	36.0	37.0	38.0	39.0	40.0
MHW074_trimmed_clipped_R1_paired	7.0	104.0	95.0	28.0	6772.0	1338.0	1696.0	4577.0	13257.0	27242.0	50740.0	78585.0	140160.0	205074.0	340066.0	547096.0	993786.0	1766477.0	4153662.0	25549735.0	13894732.0
	19.0	20.0	21.0	22.0	23.0	24.0	25.0	26.0	27.0	28.0	29.0	30.0	31.0	32.0	33.0	34.0	35.0	36.0	37.0	38.0	39.0	40.0
MHW074_trimmed_clipped_R2_paired	2.0	19.0	2310.0	3186.0	1304.0	37710.0	30425.0	15746.0	32304.0	66012.0	92063.0	116293.0	122118.0	191496.0	224206.0	370508.0	616780.0	1203789.0	2173109.0	4984638.0	26461271.0	11029940.0
	20.0	21.0	22.0	23.0	24.0	25.0	26.0	27.0	28.0	29.0	30.0	31.0	32.0	33.0	34.0	35.0	36.0	37.0	38.0	39.0	40.0
MHW075_trimmed_clipped_R1_paired	5.0	101.0	57.0	17.0	5674.0	990.0	1139.0	3278.0	9835.0	20407.0	38566.0	61304.0	109433.0	160246.0	262572.0	421526.0	762707.0	1349271.0	3174633.0	19554940.0	10431510.0
	20.0	21.0	22.0	23.0	24.0	25.0	26.0	27.0	28.0	29.0	30.0	31.0	32.0	33.0	34.0	35.0	36.0	37.0	38.0	39.0	40.0
MHW075_trimmed_clipped_R2_paired	29.0	1717.0	2376.0	891.0	30128.0	23288.0	12297.0	24953.0	51030.0	70664.0	89185.0	93792.0	149412.0	174828.0	288843.0	477541.0	932237.0	1670026.0	3817962.0	20230367.0	8226645.0
	20.0	21.0	22.0	23.0	24.0	25.0	26.0	27.0	28.0	29.0	30.0	31.0	32.0	33.0	34.0	35.0	36.0	37.0	38.0	39.0	40.0
MHW076_trimmed_clipped_R1_paired	5.0	102.0	76.0	34.0	6661.0	1187.0	1423.0	3741.0	11415.0	22977.0	42840.0	68153.0	124414.0	185756.0	308562.0	496800.0	893673.0	1565763.0	3594124.0	22383264.0	12868776.0
	20.0	21.0	22.0	23.0	24.0	25.0	26.0	27.0	28.0	29.0	30.0	31.0	32.0	33.0	34.0	35.0	36.0	37.0	38.0	39.0	40.0
MHW076_trimmed_clipped_R2_paired	24.0	2125.0	2786.0	1103.0	39642.0	27545.0	15174.0	30352.0	62343.0	86000.0	106378.0	112816.0	178806.0	203596.0	334341.0	542348.0	1057233.0	1876505.0	4247883.0	23364281.0	10288465.0
	20.0	21.0	22.0	23.0	24.0	25.0	26.0	27.0	28.0	29.0	30.0	31.0	32.0	33.0	34.0	35.0	36.0	37.0	38.0	39.0	40.0
MHW077_trimmed_clipped_R1_paired	2.0	107.0	57.0	25.0	5358.0	1121.0	1248.0	3458.0	10165.0	20771.0	38476.0	59889.0	108357.0	158059.0	261444.0	417689.0	750900.0	1306765.0	2991103.0	18943113.0	11015447.0
	19.0	20.0	21.0	22.0	23.0	24.0	25.0	26.0	27.0	28.0	29.0	30.0	31.0	32.0	33.0	34.0	35.0	36.0	37.0	38.0	39.0	40.0
MHW077_trimmed_clipped_R2_paired	1.0	18.0	1644.0	2246.0	833.0	31329.0	22079.0	12406.0	24829.0	51524.0	71109.0	87251.0	92892.0	148365.0	168419.0	274404.0	442976.0	866345.0	1537800.0	3463397.0	19706880.0	9086807.0
	20.0	21.0	22.0	23.0	24.0	25.0	26.0	27.0	28.0	29.0	30.0	31.0	32.0	33.0	34.0	35.0	36.0	37.0	38.0	39.0	40.0
MHW078_trimmed_clipped_R1_paired	11.0	81.0	62.0	25.0	5786.0	1245.0	2145.0	6102.0	18574.0	36614.0	64569.0	88042.0	137740.0	178443.0	276612.0	426676.0	757479.0	1312127.0	3016011.0	18723449.0	10530415.0
	20.0	21.0	22.0	23.0	24.0	25.0	26.0	27.0	28.0	29.0	30.0	31.0	32.0	33.0	34.0	35.0	36.0	37.0	38.0	39.0	40.0
MHW078_trimmed_clipped_R2_paired	19.0	1961.0	2511.0	1068.0	39700.0	26126.0	14343.0	28859.0	58402.0	80587.0	96137.0	99144.0	159495.0	174393.0	283463.0	447749.0	878319.0	1547560.0	3480197.0	19332373.0	8829802.0
	20.0	21.0	22.0	23.0	24.0	25.0	26.0	27.0	28.0	29.0	30.0	31.0	32.0	33.0	34.0	35.0	36.0	37.0	38.0	39.0	40.0
MHW079_trimmed_clipped_R1_paired	8.0	104.0	77.0	30.0	5527.0	1145.0	1345.0	3670.0	10816.0	22117.0	42018.0	66675.0	122745.0	182438.0	302862.0	487468.0	888704.0	1585283.0	3753516.0	22951696.0	12138824.0
	16.0	17.0	18.0	19.0	20.0	21.0	22.0	23.0	24.0	25.0	26.0	27.0	28.0	29.0	30.0	31.0	32.0	33.0	34.0	35.0	36.0	37.0	38.0	39.0	40.0
MHW079_trimmed_clipped_R2_paired	1.0	0.0	0.0	1.0	28.0	2727.0	3578.0	1336.0	43888.0	33010.0	16327.0	32367.0	66204.0	90626.0	110506.0	115140.0	184792.0	211753.0	350200.0	568577.0	1112200.0	1984939.0	4523241.0	23424860.0	9690767.0
	19.0	20.0	21.0	22.0	23.0	24.0	25.0	26.0	27.0	28.0	29.0	30.0	31.0	32.0	33.0	34.0	35.0	36.0	37.0	38.0	39.0	40.0
MHW080_trimmed_clipped_R1_paired	1.0	18.0	116.0	87.0	27.0	6509.0	1093.0	1237.0	3332.0	9986.0	19850.0	37998.0	59934.0	109573.0	161639.0	268216.0	431936.0	783972.0	1386614.0	3239405.0	19578063.0	10395593.0
	19.0	20.0	21.0	22.0	23.0	24.0	25.0	26.0	27.0	28.0	29.0	30.0	31.0	32.0	33.0	34.0	35.0	36.0	37.0	38.0	39.0	40.0
MHW080_trimmed_clipped_R2_paired	1.0	32.0	2598.0	3510.0	1310.0	50252.0	32603.0	16689.0	32993.0	65633.0	90428.0	106513.0	108892.0	175408.0	192692.0	312231.0	493670.0	966756.0	1705431.0	3854501.0	19901226.0	8381830.0
	20.0	21.0	22.0	23.0	24.0	25.0	26.0	27.0	28.0	29.0	30.0	31.0	32.0	33.0	34.0	35.0	36.0	37.0	38.0	39.0	40.0
MHW081_trimmed_clipped_R1_paired	2.0	91.0	52.0	18.0	5243.0	897.0	971.0	2734.0	8425.0	17687.0	34580.0	56650.0	104560.0	154807.0	254692.0	409935.0	745922.0	1334206.0	3204461.0	19896350.0	9970664.0
	19.0	20.0	21.0	22.0	23.0	24.0	25.0	26.0	27.0	28.0	29.0	30.0	31.0	32.0	33.0	34.0	35.0	36.0	37.0	38.0	39.0	40.0
MHW081_trimmed_clipped_R2_paired	1.0	18.0	1547.0	2016.0	850.0	26353.0	20590.0	10980.0	22432.0	45942.0	64238.0	81953.0	88193.0	140345.0	168817.0	281530.0	468484.0	909583.0	1630618.0	3772783.0	20327864.0	8137810.0
	20.0	21.0	22.0	23.0	24.0	25.0	26.0	27.0	28.0	29.0	30.0	31.0	32.0	33.0	34.0	35.0	36.0	37.0	38.0	39.0	40.0
MHW082_trimmed_clipped_R1_paired	6.0	94.0	67.0	9.0	5939.0	1055.0	1233.0	3463.0	10200.0	21315.0	40442.0	63930.0	114964.0	168360.0	280613.0	459607.0	845168.0	1527365.0	3693574.0	22040239.0	10319063.0
	16.0	17.0	18.0	19.0	20.0	21.0	22.0	23.0	24.0	25.0	26.0	27.0	28.0	29.0	30.0	31.0	32.0	33.0	34.0	35.0	36.0	37.0	38.0	39.0	40.0
MHW082_trimmed_clipped_R2_paired	1.0	0.0	0.0	1.0	21.0	1780.0	2510.0	975.0	30419.0	24419.0	12665.0	25849.0	53657.0	74944.0	95645.0	102660.0	161422.0	193515.0	323634.0	538759.0	1051733.0	1896855.0	4400701.0	22423203.0	8181338.0
	20.0	21.0	22.0	23.0	24.0	25.0	26.0	27.0	28.0	29.0	30.0	31.0	32.0	33.0	34.0	35.0	36.0	37.0	38.0	39.0	40.0
MHW083_trimmed_clipped_R1_paired	10.0	108.0	60.0	21.0	6376.0	1090.0	1159.0	3202.0	9827.0	21084.0	40655.0	64957.0	116758.0	169941.0	278736.0	447148.0	817063.0	1469151.0	3565672.0	21995136.0	10642444.0
	20.0	21.0	22.0	23.0	24.0	25.0	26.0	27.0	28.0	29.0	30.0	31.0	32.0	33.0	34.0	35.0	36.0	37.0	38.0	39.0	40.0
MHW083_trimmed_clipped_R2_paired	32.0	1832.0	2370.0	875.0	29659.0	23224.0	12499.0	25200.0	52128.0	72773.0	92682.0	99965.0	158872.0	190021.0	316381.0	522423.0	1016485.0	1818501.0	4228636.0	22448321.0	8537719.0
	19.0	20.0	21.0	22.0	23.0	24.0	25.0	26.0	27.0	28.0	29.0	30.0	31.0	32.0	33.0	34.0	35.0	36.0	37.0	38.0	39.0	40.0
MHW084_trimmed_clipped_R1_paired	1.0	6.0	108.0	88.0	25.0	6959.0	1264.0	1279.0	3502.0	10308.0	21383.0	40697.0	65814.0	120597.0	180021.0	300669.0	488685.0	900352.0	1621739.0	3914630.0	23643404.0	11295988.0
	19.0	20.0	21.0	22.0	23.0	24.0	25.0	26.0	27.0	28.0	29.0	30.0	31.0	32.0	33.0	34.0	35.0	36.0	37.0	38.0	39.0	40.0
MHW084_trimmed_clipped_R2_paired	1.0	22.0	2361.0	2935.0	1139.0	39301.0	28991.0	14339.0	29651.0	61031.0	84342.0	106255.0	112869.0	181559.0	213028.0	352062.0	576534.0	1122837.0	2013231.0	4680632.0	24086136.0	8908263.0
	19.0	20.0	21.0	22.0	23.0	24.0	25.0	26.0	27.0	28.0	29.0	30.0	31.0	32.0	33.0	34.0	35.0	36.0	37.0	38.0	39.0	40.0
MHW085_trimmed_clipped_R1_paired	1.0	4.0	130.0	76.0	28.0	5293.0	1181.0	1165.0	3232.0	9422.0	19549.0	36420.0	57069.0	103670.0	152948.0	252539.0	408576.0	744478.0	1322869.0	3116362.0	19341459.0	9772795.0
	20.0	21.0	22.0	23.0	24.0	25.0	26.0	27.0	28.0	29.0	30.0	31.0	32.0	33.0	34.0	35.0	36.0	37.0	38.0	39.0	40.0
MHW085_trimmed_clipped_R2_paired	27.0	1561.0	2040.0	833.0	30353.0	20600.0	11517.0	22988.0	48165.0	67678.0	84341.0	90392.0	146270.0	169386.0	278577.0	453647.0	887237.0	1576387.0	3601634.0	19828432.0	8027201.0
	20.0	21.0	22.0	23.0	24.0	25.0	26.0	27.0	28.0	29.0	30.0	31.0	32.0	33.0	34.0	35.0	36.0	37.0	38.0	39.0	40.0
MHW086_trimmed_clipped_R1_paired	12.0	98.0	78.0	20.0	5825.0	1088.0	1369.0	3860.0	11483.0	23310.0	43071.0	65617.0	116419.0	167854.0	276391.0	447233.0	816077.0	1464536.0	3530157.0	21022309.0	9868866.0
	19.0	20.0	21.0	22.0	23.0	24.0	25.0	26.0	27.0	28.0	29.0	30.0	31.0	32.0	33.0	34.0	35.0	36.0	37.0	38.0	39.0	40.0
MHW086_trimmed_clipped_R2_paired	1.0	30.0	2345.0	3000.0	1204.0	43840.0	29306.0	15254.0	30282.0	61381.0	84276.0	101220.0	105713.0	172805.0	194204.0	320133.0	514576.0	1004512.0	1782598.0	4085231.0	21108653.0	8205109.0
	20.0	21.0	22.0	23.0	24.0	25.0	26.0	27.0	28.0	29.0	30.0	31.0	32.0	33.0	34.0	35.0	36.0	37.0	38.0	39.0	40.0
MHW087_trimmed_clipped_R1_paired	12.0	118.0	82.0	25.0	6168.0	1236.0	1350.0	3836.0	11261.0	24065.0	46160.0	73403.0	133791.0	197264.0	325132.0	523380.0	957426.0	1716866.0	4152218.0	25298283.0	12262431.0
	16.0	17.0	18.0	19.0	20.0	21.0	22.0	23.0	24.0	25.0	26.0	27.0	28.0	29.0	30.0	31.0	32.0	33.0	34.0	35.0	36.0	37.0	38.0	39.0	40.0
MHW087_trimmed_clipped_R2_paired	1.0	0.0	0.0	1.0	34.0	2556.0	3263.0	1237.0	44867.0	31241.0	16378.0	33310.0	66905.0	93921.0	114534.0	121843.0	197672.0	227972.0	377641.0	612962.0	1192048.0	2120540.0	4883689.0	25575708.0	10016184.0
	20.0	21.0	22.0	23.0	24.0	25.0	26.0	27.0	28.0	29.0	30.0	31.0	32.0	33.0	34.0	35.0	36.0	37.0	38.0	39.0	40.0
MHW088_trimmed_clipped_R1_paired	5.0	116.0	74.0	22.0	7359.0	1244.0	1197.0	3347.0	9927.0	21369.0	40431.0	64136.0	117311.0	172392.0	285934.0	468076.0	868198.0	1590300.0	3954405.0	23134807.0	10249340.0
	19.0	20.0	21.0	22.0	23.0	24.0	25.0	26.0	27.0	28.0	29.0	30.0	31.0	32.0	33.0	34.0	35.0	36.0	37.0	38.0	39.0	40.0
MHW088_trimmed_clipped_R2_paired	1.0	21.0	2823.0	3786.0	1395.0	43005.0	33518.0	15492.0	31288.0	63974.0	86968.0	107156.0	111417.0	180883.0	210179.0	350462.0	571088.0	1121320.0	2029352.0	4754132.0	23060129.0	8211601.0
	20.0	21.0	22.0	23.0	24.0	25.0	26.0	27.0	28.0	29.0	30.0	31.0	32.0	33.0	34.0	35.0	36.0	37.0	38.0	39.0	40.0
MHW089_trimmed_clipped_R1_paired	1.0	96.0	62.0	18.0	6042.0	1007.0	978.0	2961.0	8811.0	18795.0	36728.0	58588.0	108537.0	160692.0	264812.0	432347.0	801643.0	1475959.0	3684679.0	22117482.0	10412569.0
	19.0	20.0	21.0	22.0	23.0	24.0	25.0	26.0	27.0	28.0	29.0	30.0	31.0	32.0	33.0	34.0	35.0	36.0	37.0	38.0	39.0	40.0
MHW089_trimmed_clipped_R2_paired	2.0	18.0	2246.0	2957.0	1145.0	31373.0	27349.0	12534.0	25455.0	51718.0	72384.0	91652.0	97521.0	157227.0	191066.0	318868.0	532222.0	1039392.0	1895679.0	4508253.0	22652306.0	7881440.0
	20.0	21.0	22.0	23.0	24.0	25.0	26.0	27.0	28.0	29.0	30.0	31.0	32.0	33.0	34.0	35.0	36.0	37.0	38.0	39.0	40.0
MHW090_trimmed_clipped_R1_paired	4.0	111.0	53.0	14.0	5738.0	936.0	1183.0	3093.0	9154.0	18868.0	35392.0	56213.0	101174.0	147415.0	244585.0	399302.0	741386.0	1358480.0	3374827.0	19973406.0	9411495.0
	19.0	20.0	21.0	22.0	23.0	24.0	25.0	26.0	27.0	28.0	29.0	30.0	31.0	32.0	33.0	34.0	35.0	36.0	37.0	38.0	39.0	40.0
MHW090_trimmed_clipped_R2_paired	2.0	18.0	1836.0	2636.0	990.0	27191.0	22975.0	11061.0	23022.0	47946.0	66844.0	85772.0	92751.0	146205.0	174262.0	290344.0	482304.0	945703.0	1723610.0	4099880.0	20482259.0	7155218.0
	19.0	20.0	21.0	22.0	23.0	24.0	25.0	26.0	27.0	28.0	29.0	30.0	31.0	32.0	33.0	34.0	35.0	36.0	37.0	38.0	39.0	40.0
MHW091_trimmed_clipped_R1_paired	1.0	2.0	84.0	39.0	16.0	3667.0	788.0	771.0	2341.0	7059.0	15579.0	30649.0	51705.0	97142.0	148390.0	245451.0	394850.0	715757.0	1270839.0	2911446.0	18977006.0	10192295.0
	20.0	21.0	22.0	23.0	24.0	25.0	26.0	27.0	28.0	29.0	30.0	31.0	32.0	33.0	34.0	35.0	36.0	37.0	38.0	39.0	40.0
MHW091_trimmed_clipped_R2_paired	14.0	686.0	990.0	391.0	13639.0	10463.0	6021.0	12690.0	26825.0	39854.0	53548.0	63430.0	103280.0	134492.0	233297.0	401427.0	796648.0	1459732.0	3321074.0	19791330.0	8596046.0
	20.0	21.0	22.0	23.0	24.0	25.0	26.0	27.0	28.0	29.0	30.0	31.0	32.0	33.0	34.0	35.0	36.0	37.0	38.0	39.0	40.0
MHW092_trimmed_clipped_R1_paired	1.0	71.0	58.0	19.0	4662.0	781.0	816.0	2419.0	7207.0	15840.0	31475.0	52178.0	99321.0	151470.0	252989.0	414177.0	762695.0	1359506.0	3080657.0	19146696.0	10305804.0
	19.0	20.0	21.0	22.0	23.0	24.0	25.0	26.0	27.0	28.0	29.0	30.0	31.0	32.0	33.0	34.0	35.0	36.0	37.0	38.0	39.0	40.0
MHW092_trimmed_clipped_R2_paired	1.0	22.0	689.0	972.0	358.0	13932.0	10349.0	6130.0	12673.0	26704.0	39721.0	54042.0	63303.0	103838.0	136493.0	236651.0	411928.0	831983.0	1547497.0	3502388.0	19970251.0	8718917.0
	20.0	21.0	22.0	23.0	24.0	25.0	26.0	27.0	28.0	29.0	30.0	31.0	32.0	33.0	34.0	35.0	36.0	37.0	38.0	39.0	40.0
MHW093_trimmed_clipped_R1_paired	2.0	89.0	68.0	18.0	4731.0	917.0	915.0	2592.0	8053.0	17766.0	36138.0	60466.0	116563.0	180034.0	307138.0	505094.0	940479.0	1690202.0	3786840.0	22269568.0	10946983.0
	20.0	21.0	22.0	23.0	24.0	25.0	26.0	27.0	28.0	29.0	30.0	31.0	32.0	33.0	34.0	35.0	36.0	37.0	38.0	39.0	40.0
MHW093_trimmed_clipped_R2_paired	17.0	886.0	1190.0	463.0	16702.0	12342.0	7204.0	15030.0	31393.0	45265.0	61960.0	72385.0	119212.0	158267.0	278068.0	495968.0	1014496.0	1901549.0	4182916.0	22085720.0	10373623.0
	19.0	20.0	21.0	22.0	23.0	24.0	25.0	26.0	27.0	28.0	29.0	30.0	31.0	32.0	33.0	34.0	35.0	36.0	37.0	38.0	39.0	40.0
MHW094_trimmed_clipped_R1_paired	1.0	5.0	71.0	75.0	14.0	4832.0	942.0	1041.0	3019.0	9034.0	19695.0	38563.0	64906.0	123918.0	194338.0	334574.0	558559.0	1047384.0	1883645.0	4176226.0	24019432.0	11154705.0
	19.0	20.0	21.0	22.0	23.0	24.0	25.0	26.0	27.0	28.0	29.0	30.0	31.0	32.0	33.0	34.0	35.0	36.0	37.0	38.0	39.0	40.0
MHW094_trimmed_clipped_R2_paired	1.0	15.0	924.0	1242.0	495.0	17772.0	13416.0	7982.0	16152.0	33919.0	49382.0	66748.0	78690.0	130446.0	172261.0	308759.0	558093.0	1150288.0	2153647.0	4703104.0	23998056.0	10173587.0
	20.0	21.0	22.0	23.0	24.0	25.0	26.0	27.0	28.0	29.0	30.0	31.0	32.0	33.0	34.0	35.0	36.0	37.0	38.0	39.0	40.0
MHW095_trimmed_clipped_R1_paired	5.0	90.0	68.0	20.0	5407.0	954.0	967.0	2858.0	8789.0	19403.0	37922.0	64402.0	122808.0	187823.0	314453.0	513129.0	940583.0	1687509.0	3870315.0	24343719.0	11712095.0
	20.0	21.0	22.0	23.0	24.0	25.0	26.0	27.0	28.0	29.0	30.0	31.0	32.0	33.0	34.0	35.0	36.0	37.0	38.0	39.0	40.0
MHW095_trimmed_clipped_R2_paired	22.0	873.0	1210.0	445.0	17320.0	13156.0	7666.0	15723.0	33560.0	49632.0	67561.0	78724.0	129792.0	170531.0	294415.0	516481.0	1041569.0	1928432.0	4320830.0	24322810.0	10822567.0
	20.0	21.0	22.0	23.0	24.0	25.0	26.0	27.0	28.0	29.0	30.0	31.0	32.0	33.0	34.0	35.0	36.0	37.0	38.0	39.0	40.0
MHW096_trimmed_clipped_R1_paired	5.0	112.0	101.0	20.0	6267.0	1209.0	1288.0	3522.0	10376.0	22276.0	43480.0	72901.0	138019.0	214643.0	360587.0	592681.0	1093042.0	1962749.0	4565768.0	29503042.0	13701042.0
	20.0	21.0	22.0	23.0	24.0	25.0	26.0	27.0	28.0	29.0	30.0	31.0	32.0	33.0	34.0	35.0	36.0	37.0	38.0	39.0	40.0
MHW096_trimmed_clipped_R2_paired	26.0	1085.0	1421.0	562.0	19831.0	15401.0	8969.0	18345.0	38757.0	56874.0	77710.0	91335.0	150555.0	198348.0	344834.0	601135.0	1210228.0	2249677.0	5185797.0	29811839.0	12210401.0
	19.0	20.0	21.0	22.0	23.0	24.0	25.0	26.0	27.0	28.0	29.0	30.0	31.0	32.0	33.0	34.0	35.0	36.0	37.0	38.0	39.0	40.0
MHW097_trimmed_clipped_R1_paired	1.0	9.0	108.0	93.0	19.0	5046.0	1058.0	1668.0	4613.0	13890.0	28516.0	53582.0	80214.0	138178.0	198786.0	325901.0	524624.0	951610.0	1649040.0	3442506.0	16496342.0	11127512.0
	19.0	20.0	21.0	22.0	23.0	24.0	25.0	26.0	27.0	28.0	29.0	30.0	31.0	32.0	33.0	34.0	35.0	36.0	37.0	38.0	39.0	40.0
MHW097_trimmed_clipped_R2_paired	2.0	20.0	1729.0	1930.0	827.0	32792.0	22055.0	12910.0	25612.0	51132.0	71067.0	87580.0	95201.0	157300.0	184878.0	311806.0	517611.0	1029838.0	1837745.0	3814696.0	17283574.0	9503011.0
	20.0	21.0	22.0	23.0	24.0	25.0	26.0	27.0	28.0	29.0	30.0	31.0	32.0	33.0	34.0	35.0	36.0	37.0	38.0	39.0	40.0
MHW098_trimmed_clipped_R1_paired	15.0	85.0	64.0	14.0	5634.0	984.0	1000.0	2695.0	8370.0	17698.0	34779.0	56480.0	106084.0	159263.0	264326.0	423889.0	758087.0	1296143.0	2813457.0	15495867.0	10084600.0
	16.0	17.0	18.0	19.0	20.0	21.0	22.0	23.0	24.0	25.0	26.0	27.0	28.0	29.0	30.0	31.0	32.0	33.0	34.0	35.0	36.0	37.0	38.0	39.0	40.0
MHW098_trimmed_clipped_R2_paired	1.0	0.0	0.0	0.0	22.0	1792.0	2067.0	844.0	36573.0	23730.0	13700.0	27476.0	55111.0	76140.0	90268.0	95055.0	156485.0	170665.0	276001.0	426563.0	840313.0	1466712.0	3152695.0	16108291.0	8509030.0
	20.0	21.0	22.0	23.0	24.0	25.0	26.0	27.0	28.0	29.0	30.0	31.0	32.0	33.0	34.0	35.0	36.0	37.0	38.0	39.0	40.0
MHW099_trimmed_clipped_R1_paired	5.0	62.0	56.0	20.0	4373.0	848.0	904.0	2552.0	7658.0	16774.0	33320.0	55170.0	102358.0	153736.0	252541.0	400831.0	718539.0	1253767.0	2779684.0	16613988.0	11268883.0
	16.0	17.0	18.0	19.0	20.0	21.0	22.0	23.0	24.0	25.0	26.0	27.0	28.0	29.0	30.0	31.0	32.0	33.0	34.0	35.0	36.0	37.0	38.0	39.0	40.0
MHW099_trimmed_clipped_R2_paired	1.0	0.0	0.0	1.0	16.0	975.0	1217.0	538.0	17616.0	13495.0	8115.0	16833.0	34730.0	50268.0	66272.0	73922.0	118372.0	145333.0	238233.0	397412.0	773794.0	1391451.0	3065531.0	17179199.0	10072745.0
	20.0	21.0	22.0	23.0	24.0	25.0	26.0	27.0	28.0	29.0	30.0	31.0	32.0	33.0	34.0	35.0	36.0	37.0	38.0	39.0	40.0
MHW100_trimmed_clipped_R1_paired	4.0	73.0	56.0	22.0	5148.0	930.0	1208.0	3381.0	10483.0	21957.0	42541.0	66909.0	120423.0	176305.0	286141.0	454667.0	816967.0	1415624.0	3070790.0	17393372.0	12198518.0
	20.0	21.0	22.0	23.0	24.0	25.0	26.0	27.0	28.0	29.0	30.0	31.0	32.0	33.0	34.0	35.0	36.0	37.0	38.0	39.0	40.0
MHW100_trimmed_clipped_R2_paired	10.0	1173.0	1437.0	592.0	20652.0	15622.0	9816.0	19918.0	42160.0	60281.0	78670.0	86580.0	136974.0	161955.0	265528.0	435779.0	854025.0	1539293.0	3356039.0	17935389.0	11063626.0
	20.0	21.0	22.0	23.0	24.0	25.0	26.0	27.0	28.0	29.0	30.0	31.0	32.0	33.0	34.0	35.0	36.0	37.0	38.0	39.0	40.0
MHW101_trimmed_clipped_R1_paired	4.0	64.0	48.0	13.0	5401.0	889.0	877.0	2597.0	8059.0	17392.0	34682.0	57339.0	106376.0	158261.0	259940.0	412118.0	736714.0	1279170.0	2862945.0	17434232.0	11864314.0
	20.0	21.0	22.0	23.0	24.0	25.0	26.0	27.0	28.0	29.0	30.0	31.0	32.0	33.0	34.0	35.0	36.0	37.0	38.0	39.0	40.0
MHW101_trimmed_clipped_R2_paired	25.0	1184.0	1462.0	587.0	19965.0	15407.0	9211.0	18469.0	38404.0	54738.0	71708.0	79782.0	126955.0	153131.0	253349.0	413596.0	799580.0	1419403.0	3160612.0	17982505.0	10621362.0
	20.0	21.0	22.0	23.0	24.0	25.0	26.0	27.0	28.0	29.0	30.0	31.0	32.0	33.0	34.0	35.0	36.0	37.0	38.0	39.0	40.0
MHW102_trimmed_clipped_R1_paired	3.0	104.0	80.0	22.0	6167.0	1051.0	1188.0	3236.0	9677.0	20492.0	39909.0	64956.0	120464.0	179824.0	297979.0	476484.0	851093.0	1483460.0	3280521.0	19258044.0	12941665.0
	20.0	21.0	22.0	23.0	24.0	25.0	26.0	27.0	28.0	29.0	30.0	31.0	32.0	33.0	34.0	35.0	36.0	37.0	38.0	39.0	40.0
MHW102_trimmed_clipped_R2_paired	23.0	1545.0	1776.0	753.0	27327.0	19830.0	11903.0	23815.0	48781.0	69670.0	88594.0	96554.0	154207.0	181439.0	295116.0	475436.0	924739.0	1647136.0	3645827.0	19923389.0	11398559.0
	20.0	21.0	22.0	23.0	24.0	25.0	26.0	27.0	28.0	29.0	30.0	31.0	32.0	33.0	34.0	35.0	36.0	37.0	38.0	39.0	40.0
MHW103_trimmed_clipped_R1_paired	3.0	139.0	71.0	15.0	5126.0	992.0	955.0	2798.0	8244.0	17447.0	33435.0	54047.0	99781.0	146554.0	242811.0	387029.0	699801.0	1235819.0	2906849.0	18031273.0	10311684.0
	20.0	21.0	22.0	23.0	24.0	25.0	26.0	27.0	28.0	29.0	30.0	31.0	32.0	33.0	34.0	35.0	36.0	37.0	38.0	39.0	40.0
MHW103_trimmed_clipped_R2_paired	15.0	1643.0	2064.0	796.0	23727.0	19329.0	10327.0	20467.0	42745.0	60328.0	76903.0	83145.0	132973.0	156357.0	255259.0	418346.0	808926.0	1453620.0	3336066.0	18480122.0	8801715.0
	20.0	21.0	22.0	23.0	24.0	25.0	26.0	27.0	28.0	29.0	30.0	31.0	32.0	33.0	34.0	35.0	36.0	37.0	38.0	39.0	40.0
MHW104_trimmed_clipped_R1_paired	9.0	90.0	43.0	24.0	5297.0	1079.0	1787.0	5048.0	16120.0	32880.0	59550.0	85076.0	135631.0	177931.0	273783.0	417659.0	735228.0	1258234.0	2753891.0	16297630.0	10648074.0
	20.0	21.0	22.0	23.0	24.0	25.0	26.0	27.0	28.0	29.0	30.0	31.0	32.0	33.0	34.0	35.0	36.0	37.0	38.0	39.0	40.0
MHW104_trimmed_clipped_R2_paired	21.0	1650.0	1826.0	782.0	33978.0	21627.0	12830.0	25756.0	51766.0	71590.0	85211.0	89717.0	146577.0	160374.0	258021.0	401601.0	786842.0	1378009.0	2986632.0	16735074.0	9655180.0
	20.0	21.0	22.0	23.0	24.0	25.0	26.0	27.0	28.0	29.0	30.0	31.0	32.0	33.0	34.0	35.0	36.0	37.0	38.0	39.0	40.0
MHW105_trimmed_clipped_R1_paired	6.0	97.0	56.0	21.0	4710.0	1013.0	1541.0	4082.0	12743.0	26623.0	49523.0	74113.0	125216.0	172738.0	272669.0	422237.0	745251.0	1288585.0	2869578.0	17596687.0	11108058.0
	20.0	21.0	22.0	23.0	24.0	25.0	26.0	27.0	28.0	29.0	30.0	31.0	32.0	33.0	34.0	35.0	36.0	37.0	38.0	39.0	40.0
MHW105_trimmed_clipped_R2_paired	24.0	1382.0	1732.0	760.0	28922.0	19282.0	11493.0	23317.0	47173.0	67220.0	82553.0	88539.0	142655.0	162363.0	264088.0	421900.0	822157.0	1446500.0	3179195.0	18172298.0	9791994.0
	20.0	21.0	22.0	23.0	24.0	25.0	26.0	27.0	28.0	29.0	30.0	31.0	32.0	33.0	34.0	35.0	36.0	37.0	38.0	39.0	40.0
MHW106_trimmed_clipped_R1_paired	6.0	106.0	66.0	15.0	5885.0	1029.0	1013.0	2808.0	8492.0	17960.0	34647.0	56012.0	102286.0	151686.0	247298.0	397297.0	721871.0	1292854.0	3090806.0	18761447.0	10120464.0
	19.0	20.0	21.0	22.0	23.0	24.0	25.0	26.0	27.0	28.0	29.0	30.0	31.0	32.0	33.0	34.0	35.0	36.0	37.0	38.0	39.0	40.0
MHW106_trimmed_clipped_R2_paired	2.0	21.0	2030.0	2651.0	1006.0	31278.0	25032.0	12683.0	25014.0	51476.0	70688.0	87466.0	91989.0	148657.0	170392.0	276586.0	444559.0	864090.0	1554112.0	3596245.0	19062090.0	8495981.0
	20.0	21.0	22.0	23.0	24.0	25.0	26.0	27.0	28.0	29.0	30.0	31.0	32.0	33.0	34.0	35.0	36.0	37.0	38.0	39.0	40.0
MHW107_trimmed_clipped_R1_paired	5.0	79.0	60.0	20.0	4465.0	885.0	908.0	2593.0	7783.0	17246.0	33546.0	54772.0	100951.0	149346.0	242899.0	385714.0	690023.0	1195916.0	2692131.0	17215598.0	11632004.0
	19.0	20.0	21.0	22.0	23.0	24.0	25.0	26.0	27.0	28.0	29.0	30.0	31.0	32.0	33.0	34.0	35.0	36.0	37.0	38.0	39.0	40.0
MHW107_trimmed_clipped_R2_paired	3.0	11.0	1008.0	1334.0	555.0	18099.0	14155.0	8483.0	17007.0	36129.0	51355.0	67137.0	74444.0	118858.0	142750.0	238420.0	398213.0	777868.0	1395829.0	3114400.0	18156475.0	9794411.0
	20.0	21.0	22.0	23.0	24.0	25.0	26.0	27.0	28.0	29.0	30.0	31.0	32.0	33.0	34.0	35.0	36.0	37.0	38.0	39.0	40.0
MHW108_trimmed_clipped_R1_paired	5.0	79.0	55.0	23.0	4799.0	898.0	1195.0	3274.0	9996.0	21015.0	40963.0	64851.0	115353.0	167190.0	269262.0	423968.0	749345.0	1293237.0	2835558.0	17602698.0	13223540.0
	19.0	20.0	21.0	22.0	23.0	24.0	25.0	26.0	27.0	28.0	29.0	30.0	31.0	32.0	33.0	34.0	35.0	36.0	37.0	38.0	39.0	40.0
MHW108_trimmed_clipped_R2_paired	3.0	19.0	1051.0	1437.0	560.0	20140.0	15146.0	9333.0	18590.0	39516.0	57642.0	74813.0	81802.0	130284.0	154479.0	253461.0	417691.0	812137.0	1452072.0	3203639.0	18498108.0	11585381.0
	20.0	21.0	22.0	23.0	24.0	25.0	26.0	27.0	28.0	29.0	30.0	31.0	32.0	33.0	34.0	35.0	36.0	37.0	38.0	39.0	40.0
MHW109_trimmed_clipped_R1_paired	9.0	76.0	70.0	15.0	5340.0	901.0	1003.0	2702.0	8417.0	18069.0	36186.0	57797.0	105204.0	155132.0	251677.0	398078.0	707670.0	1228629.0	2726426.0	16925197.0	12123683.0
	19.0	20.0	21.0	22.0	23.0	24.0	25.0	26.0	27.0	28.0	29.0	30.0	31.0	32.0	33.0	34.0	35.0	36.0	37.0	38.0	39.0	40.0
MHW109_trimmed_clipped_R2_paired	2.0	14.0	1077.0	1359.0	585.0	19856.0	14925.0	9033.0	18177.0	37643.0	53731.0	69473.0	77321.0	123426.0	148262.0	245626.0	405569.0	790522.0	1412769.0	3109512.0	17760281.0	10453118.0
	20.0	21.0	22.0	23.0	24.0	25.0	26.0	27.0	28.0	29.0	30.0	31.0	32.0	33.0	34.0	35.0	36.0	37.0	38.0	39.0	40.0
MHW110_trimmed_clipped_R1_paired	4.0	109.0	85.0	19.0	6071.0	1090.0	1262.0	3465.0	10388.0	22207.0	42261.0	67956.0	124258.0	184427.0	303507.0	487910.0	872675.0	1516948.0	3243525.0	18604986.0	14108089.0
	19.0	20.0	21.0	22.0	23.0	24.0	25.0	26.0	27.0	28.0	29.0	30.0	31.0	32.0	33.0	34.0	35.0	36.0	37.0	38.0	39.0	40.0
MHW110_trimmed_clipped_R2_paired	1.0	26.0	1440.0	1713.0	644.0	26922.0	18534.0	11321.0	22760.0	47161.0	67593.0	85399.0	93583.0	150894.0	176557.0	291768.0	479029.0	943506.0	1688608.0	3644938.0	19556130.0	12292715.0
	21.0	22.0	23.0	24.0	25.0	26.0	27.0	28.0	29.0	30.0	31.0	32.0	33.0	34.0	35.0	36.0	37.0	38.0	39.0	40.0
MHW111_trimmed_clipped_R1_paired	141.0	83.0	25.0	5330.0	1168.0	1175.0	3332.0	10411.0	21309.0	39716.0	62360.0	112298.0	162085.0	265645.0	422601.0	761901.0	1335715.0	3010432.0	18914388.0	12119710.0
	19.0	20.0	21.0	22.0	23.0	24.0	25.0	26.0	27.0	28.0	29.0	30.0	31.0	32.0	33.0	34.0	35.0	36.0	37.0	38.0	39.0	40.0
MHW111_trimmed_clipped_R2_paired	3.0	25.0	1434.0	1822.0	710.0	27846.0	19546.0	11137.0	22957.0	47596.0	66614.0	82994.0	90043.0	143540.0	165715.0	274282.0	444937.0	871521.0	1559788.0	3486215.0	19895687.0	10035413.0
	20.0	21.0	22.0	23.0	24.0	25.0	26.0	27.0	28.0	29.0	30.0	31.0	32.0	33.0	34.0	35.0	36.0	37.0	38.0	39.0	40.0
MHW112_trimmed_clipped_R1_paired	9.0	79.0	65.0	20.0	5234.0	1114.0	2110.0	6104.0	20187.0	42017.0	76029.0	103109.0	152856.0	185004.0	269405.0	396589.0	684641.0	1160620.0	2508987.0	14797171.0	10238994.0
	20.0	21.0	22.0	23.0	24.0	25.0	26.0	27.0	28.0	29.0	30.0	31.0	32.0	33.0	34.0	35.0	36.0	37.0	38.0	39.0	40.0
MHW112_trimmed_clipped_R2_paired	15.0	1461.0	1728.0	684.0	29408.0	19253.0	11309.0	22401.0	45645.0	63262.0	75827.0	78911.0	129498.0	142841.0	232697.0	371208.0	731338.0	1294324.0	2800338.0	15497233.0	9100963.0
	20.0	21.0	22.0	23.0	24.0	25.0	26.0	27.0	28.0	29.0	30.0	31.0	32.0	33.0	34.0	35.0	36.0	37.0	38.0	39.0	40.0
MHW113_trimmed_clipped_R1_paired	4.0	95.0	58.0	23.0	4494.0	1057.0	1427.0	4038.0	12566.0	26609.0	51169.0	76282.0	128460.0	178032.0	279703.0	434931.0	772888.0	1333338.0	2842839.0	15813451.0	11439629.0
	19.0	20.0	21.0	22.0	23.0	24.0	25.0	26.0	27.0	28.0	29.0	30.0	31.0	32.0	33.0	34.0	35.0	36.0	37.0	38.0	39.0	40.0
MHW113_trimmed_clipped_R2_paired	2.0	21.0	1347.0	1630.0	622.0	26222.0	17643.0	10430.0	20998.0	42862.0	60437.0	74549.0	80605.0	130840.0	151337.0	252477.0	416891.0	830979.0	1486452.0	3173732.0	16451052.0	10169965.0
	20.0	21.0	22.0	23.0	24.0	25.0	26.0	27.0	28.0	29.0	30.0	31.0	32.0	33.0	34.0	35.0	36.0	37.0	38.0	39.0	40.0
MHW114_trimmed_clipped_R1_paired	8.0	86.0	68.0	26.0	5639.0	981.0	1029.0	2793.0	8462.0	18018.0	34622.0	56030.0	104448.0	155078.0	257488.0	414374.0	752124.0	1316320.0	2945318.0	17025881.0	11240479.0
	20.0	21.0	22.0	23.0	24.0	25.0	26.0	27.0	28.0	29.0	30.0	31.0	32.0	33.0	34.0	35.0	36.0	37.0	38.0	39.0	40.0
MHW114_trimmed_clipped_R2_paired	31.0	1818.0	2180.0	887.0	31956.0	22957.0	12572.0	25105.0	50874.0	71344.0	86790.0	91251.0	149253.0	168455.0	274486.0	441197.0	863571.0	1535714.0	3389535.0	17435118.0	9684178.0
	20.0	21.0	22.0	23.0	24.0	25.0	26.0	27.0	28.0	29.0	30.0	31.0	32.0	33.0	34.0	35.0	36.0	37.0	38.0	39.0	40.0
MHW115_trimmed_clipped_R1_paired	4.0	140.0	115.0	34.0	7708.0	1381.0	1665.0	4610.0	13952.0	29252.0	56407.0	88604.0	159664.0	233312.0	381949.0	607052.0	1081115.0	1869298.0	4124035.0	25497186.0	17774023.0
	19.0	20.0	21.0	22.0	23.0	24.0	25.0	26.0	27.0	28.0	29.0	30.0	31.0	32.0	33.0	34.0	35.0	36.0	37.0	38.0	39.0	40.0
MHW115_trimmed_clipped_R2_paired	3.0	28.0	1486.0	1840.0	759.0	26166.0	20379.0	12395.0	25159.0	53950.0	77405.0	103034.0	114158.0	181136.0	218704.0	359326.0	594381.0	1159334.0	2081495.0	4609490.0	26966226.0	15324652.0
	20.0	21.0	22.0	23.0	24.0	25.0	26.0	27.0	28.0	29.0	30.0	31.0	32.0	33.0	34.0	35.0	36.0	37.0	38.0	39.0	40.0
MHW116_trimmed_clipped_R1_paired	4.0	74.0	77.0	13.0	4871.0	938.0	1085.0	2970.0	9333.0	20012.0	38567.0	62731.0	112274.0	164153.0	266698.0	420409.0	751590.0	1314572.0	2974712.0	18890919.0	11899436.0
	20.0	21.0	22.0	23.0	24.0	25.0	26.0	27.0	28.0	29.0	30.0	31.0	32.0	33.0	34.0	35.0	36.0	37.0	38.0	39.0	40.0
MHW116_trimmed_clipped_R2_paired	16.0	1105.0	1417.0	578.0	20185.0	15272.0	9166.0	18726.0	39466.0	56502.0	73935.0	81176.0	130336.0	157555.0	260864.0	433019.0	844695.0	1519044.0	3390653.0	19786445.0	10095283.0
	20.0	21.0	22.0	23.0	24.0	25.0	26.0	27.0	28.0	29.0	30.0	31.0	32.0	33.0	34.0	35.0	36.0	37.0	38.0	39.0	40.0
MHW117_trimmed_clipped_R1_paired	6.0	89.0	59.0	22.0	6412.0	1329.0	2388.0	6763.0	21348.0	43538.0	78115.0	106807.0	164788.0	209512.0	316282.0	480926.0	845637.0	1454972.0	3209713.0	19786547.0	13181777.0
	20.0	21.0	22.0	23.0	24.0	25.0	26.0	27.0	28.0	29.0	30.0	31.0	32.0	33.0	34.0	35.0	36.0	37.0	38.0	39.0	40.0
MHW117_trimmed_clipped_R2_paired	16.0	1177.0	1615.0	630.0	22806.0	16988.0	10707.0	21773.0	45148.0	65306.0	85610.0	94022.0	148460.0	175751.0	288172.0	474480.0	926237.0	1653664.0	3644142.0	20878517.0	11361809.0
	20.0	21.0	22.0	23.0	24.0	25.0	26.0	27.0	28.0	29.0	30.0	31.0	32.0	33.0	34.0	35.0	36.0	37.0	38.0	39.0	40.0
MHW118_trimmed_clipped_R1_paired	4.0	75.0	54.0	14.0	5669.0	933.0	1109.0	3088.0	9413.0	20254.0	39591.0	63287.0	113426.0	164752.0	264871.0	415927.0	738626.0	1281755.0	2896960.0	18229845.0	11996689.0
	20.0	21.0	22.0	23.0	24.0	25.0	26.0	27.0	28.0	29.0	30.0	31.0	32.0	33.0	34.0	35.0	36.0	37.0	38.0	39.0	40.0
MHW118_trimmed_clipped_R2_paired	17.0	1131.0	1520.0	593.0	21720.0	16090.0	9402.0	19828.0	40782.0	58401.0	76496.0	83370.0	134732.0	159370.0	264141.0	431369.0	833743.0	1477278.0	3280060.0	19017535.0	10318764.0
	20.0	21.0	22.0	23.0	24.0	25.0	26.0	27.0	28.0	29.0	30.0	31.0	32.0	33.0	34.0	35.0	36.0	37.0	38.0	39.0	40.0
MHW119_trimmed_clipped_R1_paired	3.0	105.0	88.0	23.0	6634.0	1233.0	1481.0	4194.0	12694.0	26205.0	49523.0	76393.0	135247.0	194920.0	315536.0	500329.0	895675.0	1566901.0	3529343.0	21685046.0	13556941.0
	19.0	20.0	21.0	22.0	23.0	24.0	25.0	26.0	27.0	28.0	29.0	30.0	31.0	32.0	33.0	34.0	35.0	36.0	37.0	38.0	39.0	40.0
MHW119_trimmed_clipped_R2_paired	3.0	17.0	1474.0	1907.0	747.0	28592.0	21006.0	12379.0	24953.0	51978.0	74033.0	94313.0	103371.0	164504.0	192884.0	315168.0	518375.0	1007711.0	1812402.0	4041286.0	22831260.0	11260151.0
	20.0	21.0	22.0	23.0	24.0	25.0	26.0	27.0	28.0	29.0	30.0	31.0	32.0	33.0	34.0	35.0	36.0	37.0	38.0	39.0	40.0
MHW120_trimmed_clipped_R1_paired	8.0	91.0	63.0	17.0	5076.0	982.0	931.0	2756.0	8580.0	18975.0	37050.0	63262.0	122027.0	187959.0	319511.0	524343.0	974872.0	1765182.0	3987005.0	23174561.0	11774915.0
	19.0	20.0	21.0	22.0	23.0	24.0	25.0	26.0	27.0	28.0	29.0	30.0	31.0	32.0	33.0	34.0	35.0	36.0	37.0	38.0	39.0	40.0
MHW120_trimmed_clipped_R2_paired	1.0	25.0	908.0	1227.0	498.0	17961.0	13188.0	7914.0	15771.0	33520.0	49173.0	65902.0	76664.0	126481.0	164833.0	287741.0	511028.0	1052768.0	1979435.0	4415084.0	23805748.0	10342296.0
	20.0	21.0	22.0	23.0	24.0	25.0	26.0	27.0	28.0	29.0	30.0	31.0	32.0	33.0	34.0	35.0	36.0	37.0	38.0	39.0	40.0
MHW121_trimmed_clipped_R1_paired	3.0	87.0	82.0	16.0	6407.0	1131.0	1355.0	3711.0	11100.0	24333.0	47634.0	78662.0	148257.0	225396.0	376718.0	620080.0	1149204.0	2086011.0	4911511.0	30470122.0	13869150.0
	19.0	20.0	21.0	22.0	23.0	24.0	25.0	26.0	27.0	28.0	29.0	30.0	31.0	32.0	33.0	34.0	35.0	36.0	37.0	38.0	39.0	40.0
MHW121_trimmed_clipped_R2_paired	2.0	15.0	1212.0	1680.0	640.0	23107.0	17696.0	10088.0	20650.0	43781.0	63460.0	85565.0	98710.0	160283.0	208344.0	361421.0	631152.0	1276360.0	2389281.0	5561727.0	31179400.0	11896396.0
	20.0	21.0	22.0	23.0	24.0	25.0	26.0	27.0	28.0	29.0	30.0	31.0	32.0	33.0	34.0	35.0	36.0	37.0	38.0	39.0	40.0
MHW122_trimmed_clipped_R1_paired	5.0	92.0	68.0	16.0	5543.0	928.0	953.0	2788.0	9041.0	19487.0	38776.0	66141.0	124990.0	190242.0	315582.0	508061.0	923691.0	1646953.0	3805199.0	24376643.0	12660328.0
	19.0	20.0	21.0	22.0	23.0	24.0	25.0	26.0	27.0	28.0	29.0	30.0	31.0	32.0	33.0	34.0	35.0	36.0	37.0	38.0	39.0	40.0
MHW122_trimmed_clipped_R2_paired	3.0	18.0	835.0	1155.0	490.0	16762.0	13072.0	7685.0	15949.0	33606.0	49703.0	67630.0	79481.0	129925.0	169156.0	289419.0	501934.0	1001473.0	1850209.0	4211950.0	25038074.0	11216998.0
	20.0	21.0	22.0	23.0	24.0	25.0	26.0	27.0	28.0	29.0	30.0	31.0	32.0	33.0	34.0	35.0	36.0	37.0	38.0	39.0	40.0
MHW123_trimmed_clipped_R1_paired	5.0	125.0	77.0	20.0	6206.0	1115.0	1137.0	3232.0	9748.0	21056.0	40872.0	67908.0	130265.0	202226.0	342150.0	566556.0	1052720.0	1911381.0	4475449.0	27622205.0	12875908.0
	19.0	20.0	21.0	22.0	23.0	24.0	25.0	26.0	27.0	28.0	29.0	30.0	31.0	32.0	33.0	34.0	35.0	36.0	37.0	38.0	39.0	40.0
MHW123_trimmed_clipped_R2_paired	2.0	26.0	1101.0	1541.0	569.0	20001.0	15710.0	8648.0	17753.0	37755.0	55717.0	74994.0	87806.0	144426.0	189449.0	330487.0	578138.0	1167339.0	2187376.0	5075208.0	28445499.0	10890816.0
	20.0	21.0	22.0	23.0	24.0	25.0	26.0	27.0	28.0	29.0	30.0	31.0	32.0	33.0	34.0	35.0	36.0	37.0	38.0	39.0	40.0
MHW124_trimmed_clipped_R1_paired	4.0	136.0	88.0	27.0	5657.0	1245.0	1046.0	3213.0	9401.0	20583.0	40707.0	68616.0	133970.0	210155.0	363933.0	607175.0	1129239.0	2024344.0	4459309.0	25455643.0	13746503.0
	16.0	17.0	18.0	19.0	20.0	21.0	22.0	23.0	24.0	25.0	26.0	27.0	28.0	29.0	30.0	31.0	32.0	33.0	34.0	35.0	36.0	37.0	38.0	39.0	40.0
MHW124_trimmed_clipped_R2_paired	1.0	0.0	0.0	0.0	24.0	904.0	1259.0	505.0	18734.0	13435.0	7921.0	16265.0	34829.0	51317.0	70056.0	83690.0	138030.0	183604.0	324823.0	578562.0	1188633.0	2221839.0	4868905.0	26130345.0	12347313.0
	20.0	21.0	22.0	23.0	24.0	25.0	26.0	27.0	28.0	29.0	30.0	31.0	32.0	33.0	34.0	35.0	36.0	37.0	38.0	39.0	40.0
MHW125_trimmed_clipped_R1_paired	2.0	91.0	63.0	21.0	5366.0	1013.0	941.0	2961.0	9218.0	19899.0	38955.0	64979.0	123329.0	189830.0	317732.0	515904.0	946570.0	1712017.0	4051907.0	25899621.0	11988721.0
	19.0	20.0	21.0	22.0	23.0	24.0	25.0	26.0	27.0	28.0	29.0	30.0	31.0	32.0	33.0	34.0	35.0	36.0	37.0	38.0	39.0	40.0
MHW125_trimmed_clipped_R2_paired	1.0	26.0	903.0	1262.0	513.0	18131.0	14023.0	7905.0	16479.0	34770.0	50677.0	68461.0	79340.0	129591.0	169152.0	293001.0	507879.0	1025151.0	1910862.0	4465239.0	26455083.0	10640691.0
	20.0	21.0	22.0	23.0	24.0	25.0	26.0	27.0	28.0	29.0	30.0	31.0	32.0	33.0	34.0	35.0	36.0	37.0	38.0	39.0	40.0
MHW126_trimmed_clipped_R1_paired	6.0	77.0	58.0	20.0	4066.0	893.0	893.0	2443.0	7505.0	16552.0	34063.0	58473.0	114760.0	182871.0	318342.0	535939.0	1009068.0	1816177.0	3895663.0	19926200.0	11104649.0
	20.0	21.0	22.0	23.0	24.0	25.0	26.0	27.0	28.0	29.0	30.0	31.0	32.0	33.0	34.0	35.0	36.0	37.0	38.0	39.0	40.0
MHW126_trimmed_clipped_R2_paired	17.0	778.0	1120.0	446.0	16319.0	11608.0	6914.0	13857.0	28979.0	42602.0	57437.0	68169.0	113959.0	153230.0	275825.0	503971.0	1055780.0	1998256.0	4254348.0	20284371.0	10140732.0
	20.0	21.0	22.0	23.0	24.0	25.0	26.0	27.0	28.0	29.0	30.0	31.0	32.0	33.0	34.0	35.0	36.0	37.0	38.0	39.0	40.0
MHW127_trimmed_clipped_R1_paired	13.0	115.0	76.0	25.0	6011.0	1076.0	1056.0	2960.0	8952.0	20080.0	38583.0	65906.0	126491.0	195313.0	334326.0	555908.0	1037966.0	1874396.0	4208534.0	24237159.0	12380588.0
	19.0	20.0	21.0	22.0	23.0	24.0	25.0	26.0	27.0	28.0	29.0	30.0	31.0	32.0	33.0	34.0	35.0	36.0	37.0	38.0	39.0	40.0
MHW127_trimmed_clipped_R2_paired	2.0	23.0	936.0	1337.0	528.0	18096.0	13487.0	8052.0	15994.0	33607.0	49518.0	67112.0	79177.0	130272.0	171379.0	301451.0	537215.0	1108469.0	2093640.0	4658323.0	24820461.0	10986455.0
	20.0	21.0	22.0	23.0	24.0	25.0	26.0	27.0	28.0	29.0	30.0	31.0	32.0	33.0	34.0	35.0	36.0	37.0	38.0	39.0	40.0
MHW128_trimmed_clipped_R1_paired	1.0	97.0	75.0	25.0	5422.0	1027.0	1115.0	3056.0	9365.0	20728.0	41083.0	69153.0	131372.0	200605.0	335756.0	546586.0	997534.0	1777738.0	4034459.0	26805509.0	16168882.0
	19.0	20.0	21.0	22.0	23.0	24.0	25.0	26.0	27.0	28.0	29.0	30.0	31.0	32.0	33.0	34.0	35.0	36.0	37.0	38.0	39.0	40.0
MHW128_trimmed_clipped_R2_paired	1.0	23.0	1082.0	1410.0	587.0	19838.0	15295.0	8547.0	17702.0	36980.0	54082.0	73732.0	85912.0	140778.0	184311.0	319453.0	555948.0	1115504.0	2070664.0	4720566.0	28261129.0	13466044.0
	19.0	20.0	21.0	22.0	23.0	24.0	25.0	26.0	27.0	28.0	29.0	30.0	31.0	32.0	33.0	34.0	35.0	36.0	37.0	38.0	39.0	40.0
MHW129_trimmed_clipped_R1_paired	2.0	2.0	96.0	61.0	27.0	6334.0	1200.0	1364.0	3914.0	11501.0	24999.0	48921.0	81532.0	153883.0	236251.0	395719.0	643669.0	1188057.0	2121073.0	4867795.0	32594325.0	18643904.0
	20.0	21.0	22.0	23.0	24.0	25.0	26.0	27.0	28.0	29.0	30.0	31.0	32.0	33.0	34.0	35.0	36.0	37.0	38.0	39.0	40.0
MHW129_trimmed_clipped_R2_paired	25.0	1288.0	1796.0	711.0	23662.0	19062.0	10545.0	21593.0	45206.0	66708.0	88962.0	103752.0	169953.0	222431.0	386999.0	677341.0	1354538.0	2517081.0	5811654.0	34357038.0	15144284.0
	20.0	21.0	22.0	23.0	24.0	25.0	26.0	27.0	28.0	29.0	30.0	31.0	32.0	33.0	34.0	35.0	36.0	37.0	38.0	39.0	40.0
MHW130_trimmed_clipped_R1_paired	7.0	108.0	56.0	16.0	5626.0	909.0	947.0	2635.0	8305.0	18229.0	37557.0	64461.0	124972.0	200956.0	352855.0	598165.0	1127202.0	2028386.0	4343011.0	23968315.0	15414993.0
	19.0	20.0	21.0	22.0	23.0	24.0	25.0	26.0	27.0	28.0	29.0	30.0	31.0	32.0	33.0	34.0	35.0	36.0	37.0	38.0	39.0	40.0
MHW130_trimmed_clipped_R2_paired	5.0	13.0	1044.0	1378.0	547.0	19235.0	14270.0	7937.0	16170.0	34109.0	49791.0	67343.0	80062.0	134136.0	181793.0	328388.0	598241.0	1238664.0	2334234.0	5001394.0	24989643.0	13199314.0
	20.0	21.0	22.0	23.0	24.0	25.0	26.0	27.0	28.0	29.0	30.0	31.0	32.0	33.0	34.0	35.0	36.0	37.0	38.0	39.0	40.0
MHW131_trimmed_clipped_R1_paired	2.0	122.0	95.0	23.0	6490.0	1211.0	1283.0	3355.0	9993.0	21770.0	43495.0	74116.0	145022.0	231106.0	403939.0	679765.0	1275111.0	2293820.0	4968218.0	28663873.0	18099161.0
	20.0	21.0	22.0	23.0	24.0	25.0	26.0	27.0	28.0	29.0	30.0	31.0	32.0	33.0	34.0	35.0	36.0	37.0	38.0	39.0	40.0
MHW131_trimmed_clipped_R2_paired	28.0	1211.0	1524.0	598.0	21326.0	16348.0	9194.0	18737.0	39728.0	57944.0	78085.0	92542.0	154594.0	209848.0	374899.0	676112.0	1399351.0	2645906.0	5809812.0	30287109.0	15027074.0
	20.0	21.0	22.0	23.0	24.0	25.0	26.0	27.0	28.0	29.0	30.0	31.0	32.0	33.0	34.0	35.0	36.0	37.0	38.0	39.0	40.0
MHW132_trimmed_clipped_R1_paired	3.0	103.0	80.0	16.0	4813.0	1126.0	917.0	2701.0	8080.0	17851.0	35117.0	59385.0	116080.0	184451.0	321641.0	539049.0	1010854.0	1814982.0	3972905.0	23783946.0	14762671.0
	19.0	20.0	21.0	22.0	23.0	24.0	25.0	26.0	27.0	28.0	29.0	30.0	31.0	32.0	33.0	34.0	35.0	36.0	37.0	38.0	39.0	40.0
MHW132_trimmed_clipped_R2_paired	1.0	16.0	902.0	1207.0	446.0	16882.0	12819.0	7238.0	15027.0	31419.0	45868.0	62708.0	74550.0	124466.0	167214.0	298109.0	536908.0	1103766.0	2077633.0	4586720.0	25044365.0	12428507.0
	20.0	21.0	22.0	23.0	24.0	25.0	26.0	27.0	28.0	29.0	30.0	31.0	32.0	33.0	34.0	35.0	36.0	37.0	38.0	39.0	40.0
MHW133_trimmed_clipped_R1_paired	4.0	108.0	88.0	19.0	5250.0	1086.0	1093.0	3077.0	9098.0	20413.0	40354.0	67628.0	130451.0	204921.0	350068.0	578805.0	1073308.0	1928976.0	4314443.0	26899097.0	15812455.0
	20.0	21.0	22.0	23.0	24.0	25.0	26.0	27.0	28.0	29.0	30.0	31.0	32.0	33.0	34.0	35.0	36.0	37.0	38.0	39.0	40.0
MHW133_trimmed_clipped_R2_paired	23.0	1116.0	1501.0	550.0	19804.0	15206.0	8373.0	17410.0	36476.0	52622.0	72017.0	84275.0	139416.0	184688.0	326968.0	579486.0	1185002.0	2224863.0	5012596.0	28160772.0	13317578.0
	20.0	21.0	22.0	23.0	24.0	25.0	26.0	27.0	28.0	29.0	30.0	31.0	32.0	33.0	34.0	35.0	36.0	37.0	38.0	39.0	40.0
MHW134_trimmed_clipped_R1_paired	1.0	84.0	58.0	17.0	4064.0	842.0	931.0	2437.0	7857.0	16970.0	34094.0	57917.0	110316.0	168994.0	280344.0	447852.0	804742.0	1412172.0	3156259.0	21546631.0	13918979.0
	20.0	21.0	22.0	23.0	24.0	25.0	26.0	27.0	28.0	29.0	30.0	31.0	32.0	33.0	34.0	35.0	36.0	37.0	38.0	39.0	40.0
MHW134_trimmed_clipped_R2_paired	18.0	866.0	1136.0	382.0	14813.0	11589.0	6811.0	13854.0	29274.0	42779.0	58108.0	69028.0	114775.0	149778.0	258555.0	444712.0	882521.0	1616442.0	3641252.0	22782606.0	11832262.0
	20.0	21.0	22.0	23.0	24.0	25.0	26.0	27.0	28.0	29.0	30.0	31.0	32.0	33.0	34.0	35.0	36.0	37.0	38.0	39.0	40.0
MHW135_trimmed_clipped_R1_paired	6.0	105.0	70.0	21.0	5883.0	1119.0	1086.0	3011.0	9040.0	19524.0	38466.0	65275.0	124438.0	193514.0	330206.0	550797.0	1030199.0	1856563.0	4167946.0	25942681.0	14956665.0
	19.0	20.0	21.0	22.0	23.0	24.0	25.0	26.0	27.0	28.0	29.0	30.0	31.0	32.0	33.0	34.0	35.0	36.0	37.0	38.0	39.0	40.0
MHW135_trimmed_clipped_R2_paired	1.0	30.0	1036.0	1340.0	542.0	18808.0	14865.0	8091.0	16813.0	35320.0	51899.0	70184.0	81857.0	135667.0	180818.0	317792.0	563879.0	1155770.0	2177845.0	4904003.0	27219025.0	12341030.0
	20.0	21.0	22.0	23.0	24.0	25.0	26.0	27.0	28.0	29.0	30.0	31.0	32.0	33.0	34.0	35.0	36.0	37.0	38.0	39.0	40.0
MHW136_trimmed_clipped_R1_paired	1.0	160.0	105.0	23.0	7477.0	1554.0	1487.0	3955.0	11872.0	24354.0	45976.0	73057.0	136633.0	204984.0	349141.0	580221.0	1075321.0	1940887.0	4657193.0	27601162.0	12518957.0
	19.0	20.0	21.0	22.0	23.0	24.0	25.0	26.0	27.0	28.0	29.0	30.0	31.0	32.0	33.0	34.0	35.0	36.0	37.0	38.0	39.0	40.0
MHW136_trimmed_clipped_R2_paired	1.0	38.0	1941.0	2723.0	1031.0	34986.0	26628.0	14148.0	28543.0	59599.0	84386.0	107924.0	118044.0	191398.0	233674.0	397280.0	672826.0	1315879.0	2369248.0	5452263.0	28033908.0	10088052.0
	20.0	21.0	22.0	23.0	24.0	25.0	26.0	27.0	28.0	29.0	30.0	31.0	32.0	33.0	34.0	35.0	36.0	37.0	38.0	39.0	40.0
MHW137_trimmed_clipped_R1_paired	5.0	149.0	93.0	32.0	7599.0	1595.0	2038.0	5845.0	17517.0	34788.0	62729.0	92790.0	159553.0	226397.0	374538.0	608216.0	1113943.0	2006134.0	4836254.0	28956736.0	13457086.0
	16.0	17.0	18.0	19.0	20.0	21.0	22.0	23.0	24.0	25.0	26.0	27.0	28.0	29.0	30.0	31.0	32.0	33.0	34.0	35.0	36.0	37.0	38.0	39.0	40.0
MHW137_trimmed_clipped_R2_paired	1.0	0.0	0.0	0.0	27.0	2084.0	2766.0	1055.0	36051.0	27875.0	14835.0	30505.0	62604.0	88055.0	114028.0	122677.0	198774.0	239599.0	406314.0	684692.0	1340300.0	2415202.0	5569736.0	29360204.0	11246653.0
	20.0	21.0	22.0	23.0	24.0	25.0	26.0	27.0	28.0	29.0	30.0	31.0	32.0	33.0	34.0	35.0	36.0	37.0	38.0	39.0	40.0
MHW138_trimmed_clipped_R1_paired	9.0	141.0	88.0	25.0	7566.0	1591.0	1918.0	5191.0	15854.0	32483.0	61182.0	95518.0	172339.0	252013.0	417207.0	676934.0	1244604.0	2230182.0	5358820.0	32382834.0	15329513.0
	19.0	20.0	21.0	22.0	23.0	24.0	25.0	26.0	27.0	28.0	29.0	30.0	31.0	32.0	33.0	34.0	35.0	36.0	37.0	38.0	39.0	40.0
MHW138_trimmed_clipped_R2_paired	2.0	33.0	2413.0	3250.0	1252.0	42598.0	31683.0	17364.0	35395.0	73441.0	102548.0	130907.0	142938.0	229058.0	277441.0	468006.0	782912.0	1523949.0	2716418.0	6229888.0	32891469.0	12583047.0
	20.0	21.0	22.0	23.0	24.0	25.0	26.0	27.0	28.0	29.0	30.0	31.0	32.0	33.0	34.0	35.0	36.0	37.0	38.0	39.0	40.0
MHW139_trimmed_clipped_R1_paired	8.0	155.0	97.0	28.0	9351.0	1491.0	1612.0	4445.0	13261.0	27988.0	52736.0	84411.0	155844.0	229515.0	380674.0	618474.0	1134995.0	2042362.0	4903161.0	29593154.0	14187630.0
	20.0	21.0	22.0	23.0	24.0	25.0	26.0	27.0	28.0	29.0	30.0	31.0	32.0	33.0	34.0	35.0	36.0	37.0	38.0	39.0	40.0
MHW139_trimmed_clipped_R2_paired	29.0	2483.0	3353.0	1244.0	48698.0	32932.0	18111.0	36116.0	73890.0	103634.0	128525.0	137103.0	222637.0	257765.0	427724.0	698923.0	1371753.0	2458490.0	5663144.0	29998744.0	11756094.0
	20.0	21.0	22.0	23.0	24.0	25.0	26.0	27.0	28.0	29.0	30.0	31.0	32.0	33.0	34.0	35.0	36.0	37.0	38.0	39.0	40.0
MHW140_trimmed_clipped_R1_paired	1.0	112.0	91.0	15.0	6926.0	1226.0	1336.0	3530.0	10942.0	23131.0	44038.0	70663.0	130766.0	192734.0	318639.0	519409.0	956783.0	1735695.0	4231682.0	25582597.0	12908807.0
	19.0	20.0	21.0	22.0	23.0	24.0	25.0	26.0	27.0	28.0	29.0	30.0	31.0	32.0	33.0	34.0	35.0	36.0	37.0	38.0	39.0	40.0
MHW140_trimmed_clipped_R2_paired	2.0	25.0	2644.0	3604.0	1402.0	37439.0	32975.0	15438.0	31204.0	63806.0	87359.0	110517.0	117369.0	187736.0	227225.0	381835.0	638860.0	1246032.0	2256614.0	5255558.0	26391956.0	9649523.0
	20.0	21.0	22.0	23.0	24.0	25.0	26.0	27.0	28.0	29.0	30.0	31.0	32.0	33.0	34.0	35.0	36.0	37.0	38.0	39.0	40.0
MHW141_trimmed_clipped_R1_paired	4.0	122.0	94.0	28.0	7477.0	1397.0	2143.0	6027.0	17401.0	34066.0	61903.0	90068.0	152896.0	215089.0	346919.0	557133.0	1015557.0	1814312.0	4279099.0	25738320.0	13539402.0
	20.0	21.0	22.0	23.0	24.0	25.0	26.0	27.0	28.0	29.0	30.0	31.0	32.0	33.0	34.0	35.0	36.0	37.0	38.0	39.0	40.0
MHW141_trimmed_clipped_R2_paired	28.0	2055.0	3032.0	1121.0	36926.0	29502.0	16093.0	32537.0	67838.0	94804.0	120371.0	127932.0	200270.0	236002.0	391125.0	647904.0	1263676.0	2267891.0	5193498.0	26867410.0	10279442.0
	20.0	21.0	22.0	23.0	24.0	25.0	26.0	27.0	28.0	29.0	30.0	31.0	32.0	33.0	34.0	35.0	36.0	37.0	38.0	39.0	40.0
MHW142_trimmed_clipped_R1_paired	14.0	118.0	84.0	28.0	7910.0	1283.0	1422.0	4171.0	12470.0	26363.0	50145.0	79831.0	143263.0	209123.0	342386.0	553070.0	1005351.0	1798680.0	4308569.0	26276344.0	13885601.0
	19.0	20.0	21.0	22.0	23.0	24.0	25.0	26.0	27.0	28.0	29.0	30.0	31.0	32.0	33.0	34.0	35.0	36.0	37.0	38.0	39.0	40.0
MHW142_trimmed_clipped_R2_paired	3.0	26.0	2505.0	3389.0	1291.0	37610.0	31393.0	15876.0	32117.0	66216.0	92324.0	117649.0	126037.0	199564.0	237410.0	396694.0	657144.0	1275265.0	2282523.0	5258247.0	27304601.0	10568342.0
	21.0	22.0	23.0	24.0	25.0	26.0	27.0	28.0	29.0	30.0	31.0	32.0	33.0	34.0	35.0	36.0	37.0	38.0	39.0	40.0
MHW143_trimmed_clipped_R1_paired	146.0	107.0	34.0	8332.0	1500.0	1759.0	4846.0	13695.0	28216.0	52401.0	83007.0	152231.0	226916.0	375581.0	606474.0	1103869.0	1954555.0	4578278.0	28240966.0	15976681.0
	19.0	20.0	21.0	22.0	23.0	24.0	25.0	26.0	27.0	28.0	29.0	30.0	31.0	32.0	33.0	34.0	35.0	36.0	37.0	38.0	39.0	40.0
MHW143_trimmed_clipped_R2_paired	3.0	26.0	2146.0	2901.0	1116.0	35769.0	29442.0	15957.0	32625.0	67464.0	95760.0	124032.0	134037.0	211042.0	253295.0	419763.0	693485.0	1344820.0	2414291.0	5548338.0	29848138.0	12135144.0
	20.0	21.0	22.0	23.0	24.0	25.0	26.0	27.0	28.0	29.0	30.0	31.0	32.0	33.0	34.0	35.0	36.0	37.0	38.0	39.0	40.0
MHW144_trimmed_clipped_R1_paired	6.0	175.0	96.0	36.0	6718.0	1437.0	1465.0	4024.0	11787.0	24543.0	45502.0	71088.0	129830.0	192722.0	321672.0	521650.0	951619.0	1690868.0	3965804.0	24374316.0	13208394.0
	20.0	21.0	22.0	23.0	24.0	25.0	26.0	27.0	28.0	29.0	30.0	31.0	32.0	33.0	34.0	35.0	36.0	37.0	38.0	39.0	40.0
MHW144_trimmed_clipped_R2_paired	19.0	1877.0	2598.0	996.0	31622.0	25654.0	13552.0	27909.0	57785.0	81504.0	104781.0	113404.0	180548.0	215912.0	359143.0	598750.0	1162506.0	2084549.0	4778577.0	25541775.0	10140291.0
	20.0	21.0	22.0	23.0	24.0	25.0	26.0	27.0	28.0	29.0	30.0	31.0	32.0	33.0	34.0	35.0	36.0	37.0	38.0	39.0	40.0
MHW145_trimmed_clipped_R1_paired	3.0	122.0	75.0	22.0	7434.0	1444.0	1618.0	4465.0	13211.0	27086.0	50763.0	78874.0	143240.0	210883.0	348149.0	561947.0	1035119.0	1871566.0	4548547.0	27355584.0	14057108.0
	16.0	17.0	18.0	19.0	20.0	21.0	22.0	23.0	24.0	25.0	26.0	27.0	28.0	29.0	30.0	31.0	32.0	33.0	34.0	35.0	36.0	37.0	38.0	39.0	40.0
MHW145_trimmed_clipped_R2_paired	1.0	0.0	0.0	0.0	20.0	2791.0	3772.0	1389.0	38354.0	34267.0	15982.0	32609.0	66809.0	93118.0	118867.0	126016.0	200378.0	241054.0	401718.0	672607.0	1309515.0	2377559.0	5528309.0	28208632.0	10843493.0
	20.0	21.0	22.0	23.0	24.0	25.0	26.0	27.0	28.0	29.0	30.0	31.0	32.0	33.0	34.0	35.0	36.0	37.0	38.0	39.0	40.0
MHW146_trimmed_clipped_R1_paired	6.0	89.0	70.0	20.0	6078.0	1327.0	1610.0	4560.0	13885.0	27999.0	52202.0	80002.0	141909.0	205571.0	332615.0	531284.0	962340.0	1713868.0	4010150.0	24594818.0	13956165.0
	20.0	21.0	22.0	23.0	24.0	25.0	26.0	27.0	28.0	29.0	30.0	31.0	32.0	33.0	34.0	35.0	36.0	37.0	38.0	39.0	40.0
MHW146_trimmed_clipped_R2_paired	26.0	1902.0	2555.0	974.0	32485.0	24936.0	14016.0	28317.0	59158.0	82800.0	106381.0	115379.0	183957.0	218734.0	360311.0	598151.0	1164444.0	2093218.0	4780403.0	25808350.0	10960071.0
	20.0	21.0	22.0	23.0	24.0	25.0	26.0	27.0	28.0	29.0	30.0	31.0	32.0	33.0	34.0	35.0	36.0	37.0	38.0	39.0	40.0
MHW147_trimmed_clipped_R1_paired	13.0	176.0	100.0	28.0	8171.0	1405.0	1469.0	4149.0	12111.0	25523.0	48178.0	76284.0	139116.0	203325.0	332465.0	530395.0	963112.0	1717962.0	4060447.0	25018889.0	14247592.0
	19.0	20.0	21.0	22.0	23.0	24.0	25.0	26.0	27.0	28.0	29.0	30.0	31.0	32.0	33.0	34.0	35.0	36.0	37.0	38.0	39.0	40.0
MHW147_trimmed_clipped_R2_paired	1.0	24.0	2313.0	3093.0	1171.0	37383.0	29436.0	15472.0	31554.0	64378.0	89332.0	113857.0	121039.0	193099.0	225237.0	367919.0	598874.0	1167223.0	2103461.0	4849602.0	26108830.0	11267612.0
	20.0	21.0	22.0	23.0	24.0	25.0	26.0	27.0	28.0	29.0	30.0	31.0	32.0	33.0	34.0	35.0	36.0	37.0	38.0	39.0	40.0
MHW148_trimmed_clipped_R1_paired	3.0	143.0	98.0	25.0	7166.0	1292.0	1327.0	3836.0	11708.0	25273.0	49190.0	80933.0	149344.0	221557.0	363142.0	578704.0	1046173.0	1862723.0	4403817.0	27973845.0	16396226.0
	19.0	20.0	21.0	22.0	23.0	24.0	25.0	26.0	27.0	28.0	29.0	30.0	31.0	32.0	33.0	34.0	35.0	36.0	37.0	38.0	39.0	40.0
MHW148_trimmed_clipped_R2_paired	3.0	36.0	2362.0	3150.0	1157.0	35614.0	29879.0	15356.0	31136.0	63805.0	89631.0	114776.0	123904.0	196779.0	236825.0	391058.0	647267.0	1257880.0	2280137.0	5235362.0	28908143.0	13512265.0
	20.0	21.0	22.0	23.0	24.0	25.0	26.0	27.0	28.0	29.0	30.0	31.0	32.0	33.0	34.0	35.0	36.0	37.0	38.0	39.0	40.0
MHW149_trimmed_clipped_R1_paired	11.0	135.0	102.0	29.0	8254.0	1538.0	2065.0	5780.0	17671.0	36167.0	66767.0	101058.0	174013.0	244874.0	392950.0	622195.0	1122815.0	1995153.0	4696202.0	29657431.0	17007788.0
	20.0	21.0	22.0	23.0	24.0	25.0	26.0	27.0	28.0	29.0	30.0	31.0	32.0	33.0	34.0	35.0	36.0	37.0	38.0	39.0	40.0
MHW149_trimmed_clipped_R2_paired	25.0	2313.0	3160.0	1180.0	39698.0	31201.0	17133.0	34847.0	72431.0	101806.0	130447.0	139554.0	220538.0	257822.0	422694.0	697153.0	1355537.0	2436764.0	5595050.0	30839604.0	13754041.0
	20.0	21.0	22.0	23.0	24.0	25.0	26.0	27.0	28.0	29.0	30.0	31.0	32.0	33.0	34.0	35.0	36.0	37.0	38.0	39.0	40.0
MHW150_trimmed_clipped_R1_paired	6.0	129.0	80.0	34.0	8466.0	1336.0	1593.0	4695.0	13910.0	30069.0	58191.0	91833.0	162425.0	233555.0	377244.0	595511.0	1065170.0	1882681.0	4386415.0	28004328.0	16947908.0
	20.0	21.0	22.0	23.0	24.0	25.0	26.0	27.0	28.0	29.0	30.0	31.0	32.0	33.0	34.0	35.0	36.0	37.0	38.0	39.0	40.0
MHW150_trimmed_clipped_R2_paired	16.0	2037.0	2596.0	1021.0	33522.0	26480.0	14905.0	30057.0	62910.0	89570.0	114765.0	125384.0	199720.0	238606.0	393429.0	647890.0	1261324.0	2263977.0	5140073.0	29136900.0	14080397.0
	21.0	22.0	23.0	24.0	25.0	26.0	27.0	28.0	29.0	30.0	31.0	32.0	33.0	34.0	35.0	36.0	37.0	38.0	39.0	40.0
MHW151_trimmed_clipped_R1_paired	138.0	94.0	26.0	8679.0	1478.0	1621.0	4518.0	13368.0	27894.0	53646.0	86567.0	159940.0	239112.0	395740.0	635187.0	1146854.0	2034656.0	4771167.0	30309025.0	17798188.0
	20.0	21.0	22.0	23.0	24.0	25.0	26.0	27.0	28.0	29.0	30.0	31.0	32.0	33.0	34.0	35.0	36.0	37.0	38.0	39.0	40.0
MHW151_trimmed_clipped_R2_paired	19.0	2373.0	3300.0	1261.0	37676.0	31038.0	16191.0	32719.0	68492.0	97155.0	125707.0	137080.0	217592.0	260425.0	429699.0	711316.0	1378139.0	2485478.0	5721636.0	31644307.0	14286295.0
	20.0	21.0	22.0	23.0	24.0	25.0	26.0	27.0	28.0	29.0	30.0	31.0	32.0	33.0	34.0	35.0	36.0	37.0	38.0	39.0	40.0
MHW152_trimmed_clipped_R1_paired	4.0	187.0	110.0	34.0	7275.0	1570.0	1526.0	4362.0	12763.0	26695.0	50750.0	80341.0	147655.0	218440.0	361508.0	578754.0	1046781.0	1847544.0	4265851.0	27009288.0	16059662.0
	16.0	17.0	18.0	19.0	20.0	21.0	22.0	23.0	24.0	25.0	26.0	27.0	28.0	29.0	30.0	31.0	32.0	33.0	34.0	35.0	36.0	37.0	38.0	39.0	40.0
MHW152_trimmed_clipped_R2_paired	1.0	0.0	0.0	0.0	30.0	1839.0	2422.0	932.0	31102.0	24634.0	13847.0	28048.0	58905.0	83237.0	107654.0	118671.0	190201.0	226361.0	376751.0	624583.0	1219958.0	2193649.0	4975893.0	28164681.0	13277701.0
	20.0	21.0	22.0	23.0	24.0	25.0	26.0	27.0	28.0	29.0	30.0	31.0	32.0	33.0	34.0	35.0	36.0	37.0	38.0	39.0	40.0
MHW153_trimmed_clipped_R1_paired	8.0	132.0	97.0	25.0	7550.0	1524.0	1973.0	5698.0	17170.0	35153.0	65791.0	98735.0	170701.0	240703.0	386228.0	608293.0	1090023.0	1921582.0	4478239.0	28192009.0	16687152.0
	19.0	20.0	21.0	22.0	23.0	24.0	25.0	26.0	27.0	28.0	29.0	30.0	31.0	32.0	33.0	34.0	35.0	36.0	37.0	38.0	39.0	40.0
MHW153_trimmed_clipped_R2_paired	2.0	30.0	2051.0	2734.0	1100.0	34063.0	27111.0	14854.0	30378.0	62641.0	88636.0	114631.0	124975.0	198294.0	238034.0	393051.0	650752.0	1267689.0	2283605.0	5197784.0	29143957.0	14132414.0
	20.0	21.0	22.0	23.0	24.0	25.0	26.0	27.0	28.0	29.0	30.0	31.0	32.0	33.0	34.0	35.0	36.0	37.0	38.0	39.0	40.0
MHW154_trimmed_clipped_R1_paired	7.0	118.0	99.0	30.0	6149.0	1272.0	1657.0	4694.0	14471.0	30303.0	57398.0	87982.0	152788.0	217383.0	349065.0	547943.0	982170.0	1724823.0	3985744.0	25201688.0	14975623.0
	19.0	20.0	21.0	22.0	23.0	24.0	25.0	26.0	27.0	28.0	29.0	30.0	31.0	32.0	33.0	34.0	35.0	36.0	37.0	38.0	39.0	40.0
MHW154_trimmed_clipped_R2_paired	1.0	19.0	1714.0	2391.0	899.0	31978.0	24496.0	13676.0	27860.0	58560.0	82072.0	106009.0	115242.0	184489.0	218342.0	362040.0	597880.0	1161018.0	2074050.0	4679708.0	26180341.0	12418622.0
	20.0	21.0	22.0	23.0	24.0	25.0	26.0	27.0	28.0	29.0	30.0	31.0	32.0	33.0	34.0	35.0	36.0	37.0	38.0	39.0	40.0
MHW155_trimmed_clipped_R1_paired	12.0	145.0	105.0	29.0	9002.0	1478.0	1652.0	4351.0	13161.0	27391.0	53049.0	85393.0	156609.0	228643.0	374971.0	598891.0	1084105.0	1937773.0	4608810.0	28976139.0	16526920.0
	16.0	17.0	18.0	19.0	20.0	21.0	22.0	23.0	24.0	25.0	26.0	27.0	28.0	29.0	30.0	31.0	32.0	33.0	34.0	35.0	36.0	37.0	38.0	39.0	40.0
MHW155_trimmed_clipped_R2_paired	1.0	0.0	0.0	0.0	27.0	2869.0	3783.0	1414.0	45218.0	35114.0	17310.0	36100.0	73394.0	102604.0	128473.0	136913.0	218739.0	254632.0	415204.0	674818.0	1318415.0	2377408.0	5492326.0	29699881.0	13653986.0
	19.0	20.0	21.0	22.0	23.0	24.0	25.0	26.0	27.0	28.0	29.0	30.0	31.0	32.0	33.0	34.0	35.0	36.0	37.0	38.0	39.0	40.0
MHW156_trimmed_clipped_R1_paired	1.0	2.0	101.0	61.0	18.0	5270.0	968.0	1151.0	3104.0	9523.0	19845.0	38262.0	62734.0	117001.0	176494.0	295564.0	485253.0	906244.0	1661610.0	3985397.0	24982857.0	11281752.0
	20.0	21.0	22.0	23.0	24.0	25.0	26.0	27.0	28.0	29.0	30.0	31.0	32.0	33.0	34.0	35.0	36.0	37.0	38.0	39.0	40.0
MHW156_trimmed_clipped_R2_paired	23.0	1372.0	1778.0	660.0	22097.0	17951.0	8995.0	18884.0	39423.0	56171.0	75838.0	86006.0	141048.0	184458.0	323408.0	563567.0	1128415.0	2091934.0	4889301.0	25534872.0	8847011.0
	20.0	21.0	22.0	23.0	24.0	25.0	26.0	27.0	28.0	29.0	30.0	31.0	32.0	33.0	34.0	35.0	36.0	37.0	38.0	39.0	40.0
MHW157_trimmed_clipped_R1_paired	7.0	100.0	91.0	13.0	6333.0	1095.0	1097.0	3279.0	10028.0	21698.0	42822.0	70811.0	132290.0	198140.0	329894.0	534118.0	984421.0	1792604.0	4304907.0	27784000.0	13125633.0
	19.0	20.0	21.0	22.0	23.0	24.0	25.0	26.0	27.0	28.0	29.0	30.0	31.0	32.0	33.0	34.0	35.0	36.0	37.0	38.0	39.0	40.0
MHW157_trimmed_clipped_R2_paired	1.0	24.0	1422.0	1983.0	704.0	23706.0	19422.0	10131.0	20863.0	43640.0	62116.0	84170.0	95305.0	156601.0	204073.0	353716.0	612735.0	1215241.0	2246149.0	5256473.0	28499053.0	10435853.0
	20.0	21.0	22.0	23.0	24.0	25.0	26.0	27.0	28.0	29.0	30.0	31.0	32.0	33.0	34.0	35.0	36.0	37.0	38.0	39.0	40.0
MHW158_trimmed_clipped_R1_paired	4.0	124.0	93.0	29.0	7003.0	1263.0	1361.0	3796.0	11251.0	23888.0	46272.0	76467.0	144296.0	219133.0	366220.0	597713.0	1101060.0	1991941.0	4696228.0	31119358.0	16089259.0
	20.0	21.0	22.0	23.0	24.0	25.0	26.0	27.0	28.0	29.0	30.0	31.0	32.0	33.0	34.0	35.0	36.0	37.0	38.0	39.0	40.0
MHW158_trimmed_clipped_R2_paired	18.0	1368.0	1836.0	690.0	23495.0	18938.0	10092.0	20561.0	43870.0	62931.0	85563.0	98881.0	163500.0	214672.0	373096.0	646513.0	1295361.0	2415921.0	5666603.0	32324364.0	13028486.0
	20.0	21.0	22.0	23.0	24.0	25.0	26.0	27.0	28.0	29.0	30.0	31.0	32.0	33.0	34.0	35.0	36.0	37.0	38.0	39.0	40.0
MHW159_trimmed_clipped_R1_paired	3.0	124.0	83.0	22.0	4948.0	1108.0	1024.0	2951.0	8748.0	18934.0	36359.0	59219.0	111695.0	169747.0	284876.0	460473.0	846902.0	1530642.0	3570568.0	23417072.0	12655125.0
	20.0	21.0	22.0	23.0	24.0	25.0	26.0	27.0	28.0	29.0	30.0	31.0	32.0	33.0	34.0	35.0	36.0	37.0	38.0	39.0	40.0
MHW159_trimmed_clipped_R2_paired	16.0	954.0	1255.0	479.0	17209.0	13484.0	7295.0	14986.0	32304.0	46888.0	63452.0	74070.0	122008.0	159473.0	276524.0	480608.0	968752.0	1813098.0	4211160.0	24205110.0	10671498.0
	20.0	21.0	22.0	23.0	24.0	25.0	26.0	27.0	28.0	29.0	30.0	31.0	32.0	33.0	34.0	35.0	36.0	37.0	38.0	39.0	40.0
MHW160_trimmed_clipped_R1_paired	1.0	112.0	68.0	16.0	5270.0	997.0	1037.0	2970.0	8951.0	19388.0	38049.0	62760.0	117649.0	178840.0	301285.0	490140.0	907672.0	1647537.0	3955475.0	25321054.0	11817639.0
	19.0	20.0	21.0	22.0	23.0	24.0	25.0	26.0	27.0	28.0	29.0	30.0	31.0	32.0	33.0	34.0	35.0	36.0	37.0	38.0	39.0	40.0
MHW160_trimmed_clipped_R2_paired	1.0	27.0	1350.0	1713.0	660.0	21177.0	17786.0	8772.0	18119.0	38336.0	54146.0	73313.0	83983.0	137325.0	180338.0	314557.0	551508.0	1097139.0	2029429.0	4762570.0	25879998.0	9604663.0
	20.0	21.0	22.0	23.0	24.0	25.0	26.0	27.0	28.0	29.0	30.0	31.0	32.0	33.0	34.0	35.0	36.0	37.0	38.0	39.0	40.0
MHW161_trimmed_clipped_R1_paired	2.0	98.0	71.0	17.0	4702.0	955.0	1005.0	3002.0	9152.0	19318.0	38613.0	63176.0	120073.0	180959.0	301233.0	485523.0	891730.0	1604963.0	3790349.0	24626787.0	12231935.0
	19.0	20.0	21.0	22.0	23.0	24.0	25.0	26.0	27.0	28.0	29.0	30.0	31.0	32.0	33.0	34.0	35.0	36.0	37.0	38.0	39.0	40.0
MHW161_trimmed_clipped_R2_paired	2.0	26.0	1186.0	1544.0	581.0	20058.0	15941.0	8532.0	17535.0	36827.0	53314.0	71813.0	81822.0	135449.0	177136.0	308915.0	536822.0	1068607.0	1967546.0	4563259.0	25292832.0	10013916.0
	20.0	21.0	22.0	23.0	24.0	25.0	26.0	27.0	28.0	29.0	30.0	31.0	32.0	33.0	34.0	35.0	36.0	37.0	38.0	39.0	40.0
MHW162_trimmed_clipped_R1_paired	1.0	88.0	74.0	22.0	5805.0	1125.0	1084.0	3003.0	9445.0	20091.0	38898.0	63978.0	119399.0	180901.0	300526.0	485637.0	892086.0	1602434.0	3799330.0	25040289.0	12280206.0
	20.0	21.0	22.0	23.0	24.0	25.0	26.0	27.0	28.0	29.0	30.0	31.0	32.0	33.0	34.0	35.0	36.0	37.0	38.0	39.0	40.0
MHW162_trimmed_clipped_R2_paired	19.0	1086.0	1572.0	563.0	19533.0	15910.0	8477.0	17460.0	36796.0	53067.0	72049.0	82723.0	134681.0	175225.0	306535.0	531337.0	1058791.0	1953403.0	4568642.0	25845492.0	9961061.0
	20.0	21.0	22.0	23.0	24.0	25.0	26.0	27.0	28.0	29.0	30.0	31.0	32.0	33.0	34.0	35.0	36.0	37.0	38.0	39.0	40.0
MHW163_trimmed_clipped_R1_paired	5.0	94.0	64.0	17.0	5397.0	1092.0	961.0	2993.0	9334.0	20002.0	38918.0	64305.0	120072.0	180615.0	299230.0	486602.0	904487.0	1656849.0	4021948.0	25750281.0	11897271.0
	20.0	21.0	22.0	23.0	24.0	25.0	26.0	27.0	28.0	29.0	30.0	31.0	32.0	33.0	34.0	35.0	36.0	37.0	38.0	39.0	40.0
MHW163_trimmed_clipped_R2_paired	19.0	1122.0	1654.0	598.0	20945.0	16704.0	8818.0	18454.0	38932.0	55863.0	74666.0	85740.0	139470.0	180229.0	313579.0	540855.0	1078264.0	2009943.0	4769596.0	26501790.0	9603296.0
	20.0	21.0	22.0	23.0	24.0	25.0	26.0	27.0	28.0	29.0	30.0	31.0	32.0	33.0	34.0	35.0	36.0	37.0	38.0	39.0	40.0
MHW164_trimmed_clipped_R1_paired	6.0	88.0	57.0	17.0	4934.0	901.0	903.0	2879.0	8721.0	19063.0	36718.0	60220.0	113275.0	169509.0	282121.0	457919.0	848199.0	1533649.0	3663576.0	23813063.0	11263288.0
	19.0	20.0	21.0	22.0	23.0	24.0	25.0	26.0	27.0	28.0	29.0	30.0	31.0	32.0	33.0	34.0	35.0	36.0	37.0	38.0	39.0	40.0
MHW164_trimmed_clipped_R2_paired	1.0	10.0	969.0	1377.0	530.0	18152.0	14356.0	7974.0	16298.0	34737.0	49991.0	67732.0	78054.0	127572.0	165179.0	285647.0	494548.0	987177.0	1834856.0	4332182.0	24638338.0	9123426.0
	20.0	21.0	22.0	23.0	24.0	25.0	26.0	27.0	28.0	29.0	30.0	31.0	32.0	33.0	34.0	35.0	36.0	37.0	38.0	39.0	40.0
MHW165_trimmed_clipped_R1_paired	6.0	105.0	51.0	21.0	6081.0	1057.0	1057.0	3136.0	9611.0	21323.0	42115.0	69538.0	128849.0	192526.0	315047.0	506832.0	925820.0	1676045.0	4028559.0	26865358.0	12749457.0
	19.0	20.0	21.0	22.0	23.0	24.0	25.0	26.0	27.0	28.0	29.0	30.0	31.0	32.0	33.0	34.0	35.0	36.0	37.0	38.0	39.0	40.0
MHW165_trimmed_clipped_R2_paired	3.0	23.0	1153.0	1622.0	540.0	20888.0	16278.0	9189.0	18909.0	40185.0	58470.0	78888.0	90932.0	147622.0	189449.0	325507.0	555389.0	1096314.0	2014560.0	4757263.0	27814478.0	10304932.0
	20.0	21.0	22.0	23.0	24.0	25.0	26.0	27.0	28.0	29.0	30.0	31.0	32.0	33.0	34.0	35.0	36.0	37.0	38.0	39.0	40.0
MHW166_trimmed_clipped_R1_paired	5.0	92.0	82.0	21.0	6593.0	1244.0	1180.0	3292.0	9815.0	20936.0	41135.0	67053.0	126732.0	194192.0	329394.0	548480.0	1034804.0	1911413.0	4685159.0	29284397.0	12709154.0
	19.0	20.0	21.0	22.0	23.0	24.0	25.0	26.0	27.0	28.0	29.0	30.0	31.0	32.0	33.0	34.0	35.0	36.0	37.0	38.0	39.0	40.0
MHW166_trimmed_clipped_R2_paired	1.0	18.0	1469.0	2073.0	673.0	23622.0	19685.0	9807.0	20293.0	42658.0	61204.0	83004.0	95434.0	158072.0	207384.0	362904.0	631119.0	1265447.0	2366960.0	5657633.0	30057231.0	9908482.0
	20.0	21.0	22.0	23.0	24.0	25.0	26.0	27.0	28.0	29.0	30.0	31.0	32.0	33.0	34.0	35.0	36.0	37.0	38.0	39.0	40.0
MHW167_trimmed_clipped_R1_paired	5.0	142.0	91.0	18.0	5516.0	1153.0	1088.0	3126.0	9391.0	20044.0	38435.0	62738.0	117533.0	178175.0	297355.0	487244.0	902199.0	1635052.0	3952113.0	26043389.0	11973692.0
	19.0	20.0	21.0	22.0	23.0	24.0	25.0	26.0	27.0	28.0	29.0	30.0	31.0	32.0	33.0	34.0	35.0	36.0	37.0	38.0	39.0	40.0
MHW167_trimmed_clipped_R2_paired	1.0	16.0	1023.0	1480.0	518.0	19104.0	15235.0	8333.0	17057.0	36422.0	53022.0	71854.0	83646.0	136524.0	178125.0	306972.0	531014.0	1055109.0	1954604.0	4639588.0	26894827.0	9724025.0
	20.0	21.0	22.0	23.0	24.0	25.0	26.0	27.0	28.0	29.0	30.0	31.0	32.0	33.0	34.0	35.0	36.0	37.0	38.0	39.0	40.0
MHW168_trimmed_clipped_R1_paired	3.0	91.0	78.0	22.0	5315.0	1004.0	985.0	2866.0	8827.0	18805.0	37294.0	60496.0	115082.0	174563.0	293287.0	483907.0	904236.0	1664313.0	4110361.0	25751861.0	10857243.0
	20.0	21.0	22.0	23.0	24.0	25.0	26.0	27.0	28.0	29.0	30.0	31.0	32.0	33.0	34.0	35.0	36.0	37.0	38.0	39.0	40.0
MHW168_trimmed_clipped_R2_paired	22.0	1203.0	1719.0	599.0	20569.0	16940.0	8383.0	17763.0	37626.0	53293.0	72197.0	82428.0	135224.0	177930.0	310858.0	541510.0	1081486.0	2015525.0	4826551.0	26220771.0	8868042.0
	20.0	21.0	22.0	23.0	24.0	25.0	26.0	27.0	28.0	29.0	30.0	31.0	32.0	33.0	34.0	35.0	36.0	37.0	38.0	39.0	40.0
MHW169_trimmed_clipped_R1_paired	4.0	101.0	85.0	14.0	4476.0	940.0	949.0	2735.0	8445.0	17997.0	36110.0	59925.0	113516.0	172626.0	286760.0	464353.0	858161.0	1549558.0	3715274.0	24196233.0	11418816.0
	19.0	20.0	21.0	22.0	23.0	24.0	25.0	26.0	27.0	28.0	29.0	30.0	31.0	32.0	33.0	34.0	35.0	36.0	37.0	38.0	39.0	40.0
MHW169_trimmed_clipped_R2_paired	1.0	8.0	1003.0	1436.0	509.0	18130.0	14319.0	7717.0	16301.0	33995.0	49675.0	67087.0	78494.0	128087.0	168209.0	292756.0	506042.0	1003481.0	1855264.0	4376241.0	24950735.0	9337588.0
	20.0	21.0	22.0	23.0	24.0	25.0	26.0	27.0	28.0	29.0	30.0	31.0	32.0	33.0	34.0	35.0	36.0	37.0	38.0	39.0	40.0
MHW170_trimmed_clipped_R1_paired	6.0	106.0	83.0	19.0	5984.0	1072.0	1071.0	2954.0	9364.0	20264.0	39241.0	65345.0	123231.0	184850.0	306625.0	494450.0	901767.0	1614870.0	3820258.0	25645162.0	13079369.0
	19.0	20.0	21.0	22.0	23.0	24.0	25.0	26.0	27.0	28.0	29.0	30.0	31.0	32.0	33.0	34.0	35.0	36.0	37.0	38.0	39.0	40.0
MHW170_trimmed_clipped_R2_paired	2.0	21.0	901.0	1263.0	467.0	17433.0	13758.0	7725.0	16131.0	34273.0	50694.0	69236.0	81129.0	131800.0	171870.0	295343.0	507271.0	1010029.0	1882695.0	4439629.0	26684484.0	10899937.0
	20.0	21.0	22.0	23.0	24.0	25.0	26.0	27.0	28.0	29.0	30.0	31.0	32.0	33.0	34.0	35.0	36.0	37.0	38.0	39.0	40.0
MHW171_trimmed_clipped_R1_paired	6.0	151.0	92.0	39.0	7718.0	1417.0	1544.0	4503.0	13569.0	28866.0	56674.0	91522.0	168968.0	253281.0	420174.0	684716.0	1272072.0	2330116.0	5701230.0	35328932.0	15047659.0
	19.0	20.0	21.0	22.0	23.0	24.0	25.0	26.0	27.0	28.0	29.0	30.0	31.0	32.0	33.0	34.0	35.0	36.0	37.0	38.0	39.0	40.0
MHW171_trimmed_clipped_R2_paired	2.0	32.0	1717.0	2444.0	909.0	30958.0	25065.0	13186.0	27357.0	57787.0	82939.0	111117.0	125761.0	204724.0	265469.0	457954.0	793943.0	1580011.0	2924429.0	6937065.0	36229967.0	11540413.0
	20.0	21.0	22.0	23.0	24.0	25.0	26.0	27.0	28.0	29.0	30.0	31.0	32.0	33.0	34.0	35.0	36.0	37.0	38.0	39.0	40.0
MHW172_trimmed_clipped_R1_paired	5.0	103.0	71.0	32.0	5595.0	955.0	1178.0	3379.0	9846.0	20993.0	39678.0	64015.0	118643.0	176975.0	294341.0	481818.0	897965.0	1636220.0	3951686.0	24711595.0	10748796.0
	20.0	21.0	22.0	23.0	24.0	25.0	26.0	27.0	28.0	29.0	30.0	31.0	32.0	33.0	34.0	35.0	36.0	37.0	38.0	39.0	40.0
MHW172_trimmed_clipped_R2_paired	23.0	1120.0	1578.0	608.0	19767.0	15804.0	8762.0	18242.0	38916.0	55722.0	74682.0	85467.0	138553.0	180389.0	313309.0	542529.0	1084350.0	2012568.0	4765725.0	25432952.0	8372823.0
	20.0	21.0	22.0	23.0	24.0	25.0	26.0	27.0	28.0	29.0	30.0	31.0	32.0	33.0	34.0	35.0	36.0	37.0	38.0	39.0	40.0
MHW173_trimmed_clipped_R1_paired	5.0	122.0	74.0	28.0	6349.0	1044.0	1095.0	3334.0	9991.0	21270.0	41892.0	67557.0	124532.0	185216.0	306269.0	499660.0	926923.0	1705232.0	4194521.0	26014970.0	10840204.0
	19.0	20.0	21.0	22.0	23.0	24.0	25.0	26.0	27.0	28.0	29.0	30.0	31.0	32.0	33.0	34.0	35.0	36.0	37.0	38.0	39.0	40.0
MHW173_trimmed_clipped_R2_paired	1.0	20.0	1236.0	1813.0	669.0	22266.0	18323.0	9727.0	20219.0	42396.0	60612.0	82568.0	93201.0	151384.0	195249.0	337602.0	582963.0	1158141.0	2143124.0	5108176.0	26593623.0	8326975.0
	20.0	21.0	22.0	23.0	24.0	25.0	26.0	27.0	28.0	29.0	30.0	31.0	32.0	33.0	34.0	35.0	36.0	37.0	38.0	39.0	40.0
MHW174_trimmed_clipped_R1_paired	3.0	131.0	92.0	18.0	6403.0	1178.0	1244.0	3561.0	10401.0	21909.0	41960.0	68059.0	126787.0	192401.0	324003.0	529029.0	984082.0	1794643.0	4379669.0	27782574.0	12060853.0
	19.0	20.0	21.0	22.0	23.0	24.0	25.0	26.0	27.0	28.0	29.0	30.0	31.0	32.0	33.0	34.0	35.0	36.0	37.0	38.0	39.0	40.0
MHW174_trimmed_clipped_R2_paired	2.0	23.0	1222.0	1796.0	647.0	21526.0	17708.0	9333.0	19440.0	41394.0	60188.0	81751.0	93710.0	153110.0	201786.0	350165.0	606107.0	1205671.0	2239607.0	5356504.0	28703562.0	9163748.0
	20.0	21.0	22.0	23.0	24.0	25.0	26.0	27.0	28.0	29.0	30.0	31.0	32.0	33.0	34.0	35.0	36.0	37.0	38.0	39.0	40.0
MHW175_trimmed_clipped_R1_paired	2.0	141.0	86.0	25.0	5223.0	1164.0	1126.0	3160.0	9235.0	19275.0	36874.0	59591.0	113328.0	168815.0	282066.0	457375.0	841588.0	1522485.0	3659649.0	23939849.0	11154814.0
	19.0	20.0	21.0	22.0	23.0	24.0	25.0	26.0	27.0	28.0	29.0	30.0	31.0	32.0	33.0	34.0	35.0	36.0	37.0	38.0	39.0	40.0
MHW175_trimmed_clipped_R2_paired	1.0	18.0	922.0	1345.0	519.0	17238.0	13832.0	7672.0	16101.0	33996.0	50121.0	67932.0	79176.0	128550.0	168526.0	288479.0	499504.0	991366.0	1835599.0	4355982.0	24853588.0	8865404.0
	20.0	21.0	22.0	23.0	24.0	25.0	26.0	27.0	28.0	29.0	30.0	31.0	32.0	33.0	34.0	35.0	36.0	37.0	38.0	39.0	40.0
MHW176_trimmed_clipped_R1_paired	1.0	92.0	70.0	18.0	6045.0	973.0	1058.0	2977.0	8926.0	18867.0	36621.0	59926.0	111346.0	165282.0	275210.0	439093.0	786131.0	1368400.0	3155868.0	19747540.0	12266897.0
	20.0	21.0	22.0	23.0	24.0	25.0	26.0	27.0	28.0	29.0	30.0	31.0	32.0	33.0	34.0	35.0	36.0	37.0	38.0	39.0	40.0
MHW176_trimmed_clipped_R2_paired	16.0	1296.0	1668.0	743.0	25782.0	17755.0	10961.0	22255.0	45664.0	64638.0	83085.0	92457.0	147388.0	173162.0	281135.0	455010.0	878859.0	1569817.0	3635131.0	20916895.0	10027624.0
	20.0	21.0	22.0	23.0	24.0	25.0	26.0	27.0	28.0	29.0	30.0	31.0	32.0	33.0	34.0	35.0	36.0	37.0	38.0	39.0	40.0
MHW177_trimmed_clipped_R1_paired	7.0	118.0	73.0	22.0	5437.0	1113.0	1073.0	2896.0	8843.0	17826.0	33943.0	52707.0	98047.0	144861.0	244444.0	399761.0	736839.0	1317674.0	3139377.0	18814777.0	9458536.0
	19.0	20.0	21.0	22.0	23.0	24.0	25.0	26.0	27.0	28.0	29.0	30.0	31.0	32.0	33.0	34.0	35.0	36.0	37.0	38.0	39.0	40.0
MHW177_trimmed_clipped_R2_paired	1.0	22.0	1696.0	2294.0	930.0	32392.0	22338.0	12028.0	24222.0	49506.0	68588.0	85608.0	91017.0	148118.0	170852.0	281719.0	460298.0	898084.0	1596175.0	3680518.0	19371354.0	7480614.0
	20.0	21.0	22.0	23.0	24.0	25.0	26.0	27.0	28.0	29.0	30.0	31.0	32.0	33.0	34.0	35.0	36.0	37.0	38.0	39.0	40.0
MHW178_trimmed_clipped_R1_paired	10.0	93.0	41.0	30.0	5193.0	1064.0	1630.0	4668.0	13592.0	26280.0	46654.0	65605.0	107902.0	146789.0	236902.0	377632.0	686826.0	1224781.0	2895905.0	17294273.0	8780733.0
	19.0	20.0	21.0	22.0	23.0	24.0	25.0	26.0	27.0	28.0	29.0	30.0	31.0	32.0	33.0	34.0	35.0	36.0	37.0	38.0	39.0	40.0
MHW178_trimmed_clipped_R2_paired	1.0	25.0	1696.0	2018.0	844.0	33769.0	21942.0	12290.0	24744.0	50209.0	69742.0	83283.0	88374.0	143013.0	160034.0	262210.0	421173.0	822974.0	1456187.0	3333683.0	17821120.0	7107272.0
	20.0	21.0	22.0	23.0	24.0	25.0	26.0	27.0	28.0	29.0	30.0	31.0	32.0	33.0	34.0	35.0	36.0	37.0	38.0	39.0	40.0
MHW179_trimmed_clipped_R1_paired	6.0	96.0	60.0	11.0	4596.0	896.0	1030.0	3005.0	8628.0	17926.0	34025.0	53823.0	98174.0	143550.0	240225.0	392357.0	723718.0	1300656.0	3118035.0	18300655.0	9008189.0
	19.0	20.0	21.0	22.0	23.0	24.0	25.0	26.0	27.0	28.0	29.0	30.0	31.0	32.0	33.0	34.0	35.0	36.0	37.0	38.0	39.0	40.0
MHW179_trimmed_clipped_R2_paired	1.0	37.0	1830.0	2421.0	943.0	33233.0	23190.0	12302.0	24562.0	49657.0	69150.0	84546.0	90176.0	147291.0	170398.0	282749.0	460539.0	899471.0	1602200.0	3675503.0	18729340.0	7090122.0
	20.0	21.0	22.0	23.0	24.0	25.0	26.0	27.0	28.0	29.0	30.0	31.0	32.0	33.0	34.0	35.0	36.0	37.0	38.0	39.0	40.0
MHW180_trimmed_clipped_R1_paired	5.0	95.0	62.0	18.0	6644.0	1118.0	1077.0	3046.0	8864.0	18803.0	35280.0	55470.0	103004.0	152470.0	255375.0	420390.0	778946.0	1411693.0	3426919.0	19541057.0	9115911.0
	19.0	20.0	21.0	22.0	23.0	24.0	25.0	26.0	27.0	28.0	29.0	30.0	31.0	32.0	33.0	34.0	35.0	36.0	37.0	38.0	39.0	40.0
MHW180_trimmed_clipped_R2_paired	2.0	23.0	2256.0	2928.0	1084.0	36325.0	26883.0	13246.0	26769.0	54383.0	75227.0	92560.0	97641.0	158725.0	184979.0	307074.0	501460.0	979717.0	1764094.0	4091858.0	19824678.0	7094335.0
	20.0	21.0	22.0	23.0	24.0	25.0	26.0	27.0	28.0	29.0	30.0	31.0	32.0	33.0	34.0	35.0	36.0	37.0	38.0	39.0	40.0
MHW181_trimmed_clipped_R1_paired	5.0	68.0	61.0	9.0	4295.0	796.0	751.0	2230.0	6948.0	14546.0	28570.0	46229.0	86835.0	127413.0	208318.0	334980.0	608316.0	1088367.0	2614421.0	16750903.0	9201632.0
	19.0	20.0	21.0	22.0	23.0	24.0	25.0	26.0	27.0	28.0	29.0	30.0	31.0	32.0	33.0	34.0	35.0	36.0	37.0	38.0	39.0	40.0
MHW181_trimmed_clipped_R2_paired	2.0	16.0	1333.0	1710.0	706.0	22436.0	17590.0	10235.0	20190.0	41335.0	58072.0	72749.0	77973.0	123055.0	141898.0	233564.0	376099.0	730409.0	1313227.0	3061074.0	17142038.0	7679982.0
	19.0	20.0	21.0	22.0	23.0	24.0	25.0	26.0	27.0	28.0	29.0	30.0	31.0	32.0	33.0	34.0	35.0	36.0	37.0	38.0	39.0	40.0
MHW182_trimmed_clipped_R1_paired	1.0	6.0	107.0	69.0	18.0	5751.0	1045.0	1510.0	4123.0	12555.0	25376.0	46851.0	69757.0	120592.0	170723.0	277466.0	448688.0	816892.0	1451530.0	3410925.0	20937179.0	10851601.0
	19.0	20.0	21.0	22.0	23.0	24.0	25.0	26.0	27.0	28.0	29.0	30.0	31.0	32.0	33.0	34.0	35.0	36.0	37.0	38.0	39.0	40.0
MHW182_trimmed_clipped_R2_paired	2.0	21.0	1555.0	2093.0	890.0	30728.0	22273.0	13517.0	27219.0	56558.0	79921.0	100141.0	106999.0	167672.0	193502.0	315846.0	513487.0	995223.0	1768956.0	4027385.0	21480432.0	8748345.0
	20.0	21.0	22.0	23.0	24.0	25.0	26.0	27.0	28.0	29.0	30.0	31.0	32.0	33.0	34.0	35.0	36.0	37.0	38.0	39.0	40.0
MHW183_trimmed_clipped_R1_paired	4.0	89.0	59.0	19.0	6224.0	913.0	1064.0	3087.0	9106.0	19469.0	37426.0	59711.0	108783.0	159126.0	260151.0	418851.0	770855.0	1399741.0	3418748.0	20984284.0	10621703.0
	20.0	21.0	22.0	23.0	24.0	25.0	26.0	27.0	28.0	29.0	30.0	31.0	32.0	33.0	34.0	35.0	36.0	37.0	38.0	39.0	40.0
MHW183_trimmed_clipped_R2_paired	19.0	1977.0	2514.0	1006.0	30224.0	24406.0	13192.0	26882.0	55070.0	76513.0	96104.0	103479.0	161904.0	188330.0	309171.0	501944.0	973318.0	1755421.0	4106969.0	21280830.0	8570140.0
	20.0	21.0	22.0	23.0	24.0	25.0	26.0	27.0	28.0	29.0	30.0	31.0	32.0	33.0	34.0	35.0	36.0	37.0	38.0	39.0	40.0
MHW184_trimmed_clipped_R1_paired	8.0	106.0	62.0	23.0	5933.0	978.0	1004.0	2982.0	8475.0	17964.0	34774.0	56311.0	103041.0	154797.0	258649.0	418911.0	768878.0	1377762.0	3300030.0	20350333.0	10700124.0
	20.0	21.0	22.0	23.0	24.0	25.0	26.0	27.0	28.0	29.0	30.0	31.0	32.0	33.0	34.0	35.0	36.0	37.0	38.0	39.0	40.0
MHW184_trimmed_clipped_R2_paired	26.0	1877.0	2445.0	937.0	31497.0	23788.0	13171.0	26426.0	54717.0	76908.0	95947.0	102309.0	162173.0	186647.0	303889.0	488953.0	947143.0	1693387.0	3943438.0	20811549.0	8593918.0
	20.0	21.0	22.0	23.0	24.0	25.0	26.0	27.0	28.0	29.0	30.0	31.0	32.0	33.0	34.0	35.0	36.0	37.0	38.0	39.0	40.0
MHW185_trimmed_clipped_R1_paired	8.0	101.0	59.0	30.0	4695.0	1019.0	1055.0	3048.0	8944.0	18272.0	33843.0	53091.0	94923.0	137754.0	224604.0	361264.0	654800.0	1155552.0	2700574.0	17338349.0	9537918.0
	19.0	20.0	21.0	22.0	23.0	24.0	25.0	26.0	27.0	28.0	29.0	30.0	31.0	32.0	33.0	34.0	35.0	36.0	37.0	38.0	39.0	40.0
MHW185_trimmed_clipped_R2_paired	1.0	14.0	1387.0	1902.0	759.0	29738.0	19496.0	12271.0	24370.0	49745.0	69692.0	84956.0	90430.0	144025.0	159156.0	255760.0	400331.0	774936.0	1364658.0	3110980.0	17804595.0	7930701.0
	20.0	21.0	22.0	23.0	24.0	25.0	26.0	27.0	28.0	29.0	30.0	31.0	32.0	33.0	34.0	35.0	36.0	37.0	38.0	39.0	40.0
MHW186_trimmed_clipped_R1_paired	9.0	106.0	70.0	26.0	6097.0	1096.0	1223.0	3382.0	10309.0	21814.0	42798.0	69716.0	129838.0	195843.0	326290.0	534532.0	1001173.0	1836209.0	4438366.0	27880968.0	12716090.0
	19.0	20.0	21.0	22.0	23.0	24.0	25.0	26.0	27.0	28.0	29.0	30.0	31.0	32.0	33.0	34.0	35.0	36.0	37.0	38.0	39.0	40.0
MHW186_trimmed_clipped_R2_paired	2.0	26.0	1444.0	2092.0	781.0	24758.0	20431.0	10213.0	21254.0	44901.0	63759.0	83833.0	95904.0	155799.0	202653.0	352557.0	613501.0	1227285.0	2285080.0	5408532.0	28687186.0	9913964.0
	20.0	21.0	22.0	23.0	24.0	25.0	26.0	27.0	28.0	29.0	30.0	31.0	32.0	33.0	34.0	35.0	36.0	37.0	38.0	39.0	40.0
MHW187_trimmed_clipped_R1_paired	4.0	106.0	81.0	17.0	6403.0	1143.0	1328.0	3805.0	10741.0	23477.0	45330.0	73226.0	136365.0	205370.0	344937.0	566172.0	1058517.0	1936115.0	4644280.0	29342199.0	13685898.0
	19.0	20.0	21.0	22.0	23.0	24.0	25.0	26.0	27.0	28.0	29.0	30.0	31.0	32.0	33.0	34.0	35.0	36.0	37.0	38.0	39.0	40.0
MHW187_trimmed_clipped_R2_paired	2.0	19.0	1416.0	1968.0	710.0	24527.0	19833.0	10580.0	21402.0	44836.0	64472.0	85363.0	97583.0	159047.0	207109.0	361354.0	633984.0	1272763.0	2369668.0	5606925.0	30226663.0	10875290.0
	20.0	21.0	22.0	23.0	24.0	25.0	26.0	27.0	28.0	29.0	30.0	31.0	32.0	33.0	34.0	35.0	36.0	37.0	38.0	39.0	40.0
MHW188_trimmed_clipped_R1_paired	5.0	110.0	83.0	23.0	6553.0	1084.0	1205.0	3398.0	10370.0	22430.0	43883.0	71734.0	133265.0	199783.0	333401.0	546877.0	1017037.0	1852897.0	4461749.0	28333994.0	13058270.0
	19.0	20.0	21.0	22.0	23.0	24.0	25.0	26.0	27.0	28.0	29.0	30.0	31.0	32.0	33.0	34.0	35.0	36.0	37.0	38.0	39.0	40.0
MHW188_trimmed_clipped_R2_paired	2.0	26.0	1378.0	1996.0	751.0	24699.0	19759.0	10215.0	21604.0	44758.0	64533.0	85944.0	98175.0	159498.0	207061.0	358367.0	623756.0	1242213.0	2294825.0	5415252.0	29192918.0	10230421.0
	20.0	21.0	22.0	23.0	24.0	25.0	26.0	27.0	28.0	29.0	30.0	31.0	32.0	33.0	34.0	35.0	36.0	37.0	38.0	39.0	40.0
MHW189_trimmed_clipped_R1_paired	7.0	119.0	116.0	24.0	7208.0	1298.0	1398.0	3747.0	11241.0	23439.0	44194.0	73252.0	136275.0	208696.0	356344.0	595345.0	1118949.0	2057631.0	4969740.0	30799496.0	13769741.0
	20.0	21.0	22.0	23.0	24.0	25.0	26.0	27.0	28.0	29.0	30.0	31.0	32.0	33.0	34.0	35.0	36.0	37.0	38.0	39.0	40.0
MHW189_trimmed_clipped_R2_paired	27.0	1559.0	2351.0	805.0	27702.0	22800.0	11051.0	22865.0	47736.0	67765.0	91642.0	103948.0	172109.0	227017.0	399217.0	697993.0	1391494.0	2590629.0	6128341.0	31673493.0	10497716.0
	20.0	21.0	22.0	23.0	24.0	25.0	26.0	27.0	28.0	29.0	30.0	31.0	32.0	33.0	34.0	35.0	36.0	37.0	38.0	39.0	40.0
MHW190_trimmed_clipped_R1_paired	1.0	132.0	77.0	12.0	5242.0	1172.0	1033.0	3009.0	9138.0	19344.0	36974.0	59877.0	112823.0	170119.0	285302.0	462987.0	855805.0	1547447.0	3703874.0	24898152.0	12589122.0
	19.0	20.0	21.0	22.0	23.0	24.0	25.0	26.0	27.0	28.0	29.0	30.0	31.0	32.0	33.0	34.0	35.0	36.0	37.0	38.0	39.0	40.0
MHW190_trimmed_clipped_R2_paired	1.0	32.0	970.0	1417.0	536.0	17752.0	14024.0	7783.0	15880.0	33754.0	49213.0	66973.0	77370.0	126290.0	164147.0	284090.0	491539.0	981772.0	1835500.0	4380447.0	25958383.0	10253769.0
	20.0	21.0	22.0	23.0	24.0	25.0	26.0	27.0	28.0	29.0	30.0	31.0	32.0	33.0	34.0	35.0	36.0	37.0	38.0	39.0	40.0
MHW191_trimmed_clipped_R1_paired	3.0	93.0	80.0	16.0	5834.0	1137.0	1045.0	3227.0	9747.0	20691.0	40195.0	65375.0	123428.0	189032.0	320476.0	533860.0	1004863.0	1844787.0	4456103.0	27198922.0	11723779.0
	19.0	20.0	21.0	22.0	23.0	24.0	25.0	26.0	27.0	28.0	29.0	30.0	31.0	32.0	33.0	34.0	35.0	36.0	37.0	38.0	39.0	40.0
MHW191_trimmed_clipped_R2_paired	1.0	22.0	1369.0	1893.0	739.0	23484.0	19282.0	9616.0	19974.0	41516.0	59442.0	79197.0	90258.0	148429.0	196363.0	347058.0	609932.0	1221264.0	2271379.0	5351183.0	27780031.0	9270261.0
	20.0	21.0	22.0	23.0	24.0	25.0	26.0	27.0	28.0	29.0	30.0	31.0	32.0	33.0	34.0	35.0	36.0	37.0	38.0	39.0	40.0
MHW192_trimmed_clipped_R1_paired	3.0	77.0	55.0	25.0	3742.0	842.0	834.0	2472.0	7358.0	15919.0	31442.0	51710.0	97462.0	147678.0	243249.0	392476.0	716775.0	1280981.0	3009647.0	20119822.0	10593617.0
	20.0	21.0	22.0	23.0	24.0	25.0	26.0	27.0	28.0	29.0	30.0	31.0	32.0	33.0	34.0	35.0	36.0	37.0	38.0	39.0	40.0
MHW192_trimmed_clipped_R2_paired	12.0	736.0	1062.0	416.0	14861.0	11304.0	6383.0	13346.0	28468.0	41417.0	55840.0	64448.0	105047.0	136076.0	235295.0	408977.0	814219.0	1503128.0	3529263.0	20981956.0	8763932.0
	20.0	21.0	22.0	23.0	24.0	25.0	26.0	27.0	28.0	29.0	30.0	31.0	32.0	33.0	34.0	35.0	36.0	37.0	38.0	39.0	40.0
MHW193_trimmed_clipped_R1_paired	5.0	117.0	76.0	17.0	6359.0	1108.0	1189.0	3256.0	9725.0	21064.0	40730.0	65929.0	124556.0	185585.0	309824.0	506154.0	937847.0	1703767.0	4068280.0	26448270.0	12836989.0
	19.0	20.0	21.0	22.0	23.0	24.0	25.0	26.0	27.0	28.0	29.0	30.0	31.0	32.0	33.0	34.0	35.0	36.0	37.0	38.0	39.0	40.0
MHW193_trimmed_clipped_R2_paired	2.0	17.0	1149.0	1584.0	562.0	20547.0	16266.0	8739.0	18139.0	38287.0	55321.0	74782.0	85618.0	139195.0	182486.0	313834.0	545854.0	1093688.0	2043215.0	4858952.0	27440174.0	10332436.0
	20.0	21.0	22.0	23.0	24.0	25.0	26.0	27.0	28.0	29.0	30.0	31.0	32.0	33.0	34.0	35.0	36.0	37.0	38.0	39.0	40.0
MHW194_trimmed_clipped_R1_paired	5.0	102.0	87.0	16.0	5718.0	1055.0	1168.0	3173.0	9798.0	20735.0	40650.0	66195.0	124060.0	185234.0	307195.0	496344.0	919463.0	1680797.0	4120827.0	25693630.0	11025899.0
	19.0	20.0	21.0	22.0	23.0	24.0	25.0	26.0	27.0	28.0	29.0	30.0	31.0	32.0	33.0	34.0	35.0	36.0	37.0	38.0	39.0	40.0
MHW194_trimmed_clipped_R2_paired	1.0	27.0	1191.0	1641.0	647.0	21002.0	16789.0	9233.0	18584.0	39471.0	56813.0	75738.0	86151.0	141034.0	182907.0	317248.0	550580.0	1094291.0	2027547.0	4851524.0	26327279.0	8882453.0
	20.0	21.0	22.0	23.0	24.0	25.0	26.0	27.0	28.0	29.0	30.0	31.0	32.0	33.0	34.0	35.0	36.0	37.0	38.0	39.0	40.0
MHW195_trimmed_clipped_R1_paired	3.0	82.0	80.0	16.0	5976.0	1064.0	1179.0	3575.0	10447.0	22061.0	42412.0	69254.0	128201.0	193961.0	325770.0	534899.0	995706.0	1824191.0	4459950.0	27526161.0	11419860.0
	20.0	21.0	22.0	23.0	24.0	25.0	26.0	27.0	28.0	29.0	30.0	31.0	32.0	33.0	34.0	35.0	36.0	37.0	38.0	39.0	40.0
MHW195_trimmed_clipped_R2_paired	25.0	1118.0	1676.0	638.0	21978.0	17114.0	9472.0	19534.0	40607.0	59044.0	78586.0	90074.0	147099.0	190192.0	334992.0	584743.0	1171606.0	2186973.0	5233456.0	28179713.0	9196208.0
	20.0	21.0	22.0	23.0	24.0	25.0	26.0	27.0	28.0	29.0	30.0	31.0	32.0	33.0	34.0	35.0	36.0	37.0	38.0	39.0	40.0
MHW196_trimmed_clipped_R1_paired	13.0	89.0	61.0	26.0	4759.0	950.0	1578.0	4597.0	14245.0	29839.0	54802.0	77557.0	123328.0	159294.0	234483.0	342703.0	570811.0	927133.0	1995478.0	13415425.0	11521153.0
	20.0	21.0	22.0	23.0	24.0	25.0	26.0	27.0	28.0	29.0	30.0	31.0	32.0	33.0	34.0	35.0	36.0	37.0	38.0	39.0	40.0
MHW196_trimmed_clipped_R2_paired	25.0	1315.0	1575.0	691.0	31765.0	17684.0	12392.0	24230.0	48733.0	67901.0	80014.0	83623.0	133073.0	137368.0	210459.0	300968.0	571396.0	958866.0	2089462.0	13689884.0	11016900.0
	20.0	21.0	22.0	23.0	24.0	25.0	26.0	27.0	28.0	29.0	30.0	31.0	32.0	33.0	34.0	35.0	36.0	37.0	38.0	39.0	40.0
MHW197_trimmed_clipped_R1_paired	5.0	104.0	58.0	15.0	4038.0	992.0	943.0	2654.0	8215.0	17884.0	36463.0	59849.0	111674.0	164276.0	263778.0	406416.0	691362.0	1129624.0	2441923.0	15964742.0	13677922.0
	16.0	17.0	18.0	19.0	20.0	21.0	22.0	23.0	24.0	25.0	26.0	27.0	28.0	29.0	30.0	31.0	32.0	33.0	34.0	35.0	36.0	37.0	38.0	39.0	40.0
MHW197_trimmed_clipped_R2_paired	1.0	0.0	0.0	2.0	12.0	1235.0	1580.0	725.0	28562.0	17377.0	12112.0	23930.0	48585.0	68727.0	84387.0	90629.0	143056.0	155851.0	242700.0	365834.0	692311.0	1173940.0	2568131.0	16147733.0	13115517.0
	20.0	21.0	22.0	23.0	24.0	25.0	26.0	27.0	28.0	29.0	30.0	31.0	32.0	33.0	34.0	35.0	36.0	37.0	38.0	39.0	40.0
MHW198_trimmed_clipped_R1_paired	20.0	77.0	68.0	24.0	5737.0	1116.0	1042.0	2731.0	8492.0	19480.0	39590.0	66607.0	126427.0	191261.0	314325.0	490973.0	819343.0	1264353.0	2473462.0	14630202.0	15319413.0
	20.0	21.0	22.0	23.0	24.0	25.0	26.0	27.0	28.0	29.0	30.0	31.0	32.0	33.0	34.0	35.0	36.0	37.0	38.0	39.0	40.0
MHW198_trimmed_clipped_R2_paired	29.0	1052.0	1383.0	654.0	25689.0	16050.0	12150.0	23191.0	45958.0	64262.0	78089.0	82929.0	132028.0	140591.0	220452.0	337825.0	669454.0	1181198.0	2527316.0	14686381.0	15528062.0
	20.0	21.0	22.0	23.0	24.0	25.0	26.0	27.0	28.0	29.0	30.0	31.0	32.0	33.0	34.0	35.0	36.0	37.0	38.0	39.0	40.0
MHW199_trimmed_clipped_R1_paired	3.0	67.0	50.0	20.0	4518.0	825.0	909.0	2541.0	7965.0	17619.0	34871.0	58316.0	107579.0	158042.0	252099.0	388483.0	674501.0	1134213.0	2535739.0	17840782.0	13843418.0
	19.0	20.0	21.0	22.0	23.0	24.0	25.0	26.0	27.0	28.0	29.0	30.0	31.0	32.0	33.0	34.0	35.0	36.0	37.0	38.0	39.0	40.0
MHW199_trimmed_clipped_R2_paired	3.0	13.0	988.0	1206.0	538.0	18736.0	13128.0	8622.0	17343.0	35955.0	51241.0	65961.0	73991.0	116057.0	133446.0	214818.0	344840.0	670645.0	1197854.0	2729613.0	18344817.0	13022745.0
	20.0	21.0	22.0	23.0	24.0	25.0	26.0	27.0	28.0	29.0	30.0	31.0	32.0	33.0	34.0	35.0	36.0	37.0	38.0	39.0	40.0
MHW200_trimmed_clipped_R1_paired	9.0	94.0	66.0	13.0	5787.0	929.0	1158.0	3353.0	9997.0	20613.0	39004.0	61632.0	110551.0	160150.0	259141.0	416492.0	759298.0	1367291.0	3324368.0	20824493.0	11029940.0
	19.0	20.0	21.0	22.0	23.0	24.0	25.0	26.0	27.0	28.0	29.0	30.0	31.0	32.0	33.0	34.0	35.0	36.0	37.0	38.0	39.0	40.0
MHW200_trimmed_clipped_R2_paired	2.0	21.0	1769.0	2328.0	987.0	26651.0	22117.0	11806.0	24081.0	49326.0	68873.0	88473.0	94495.0	147006.0	171662.0	281402.0	464471.0	907127.0	1661940.0	3937133.0	21306931.0	9125778.0
	20.0	21.0	22.0	23.0	24.0	25.0	26.0	27.0	28.0	29.0	30.0	31.0	32.0	33.0	34.0	35.0	36.0	37.0	38.0	39.0	40.0
MHW201_trimmed_clipped_R1_paired	8.0	81.0	44.0	8.0	5003.0	850.0	973.0	2620.0	8193.0	18157.0	36217.0	59210.0	106805.0	153846.0	242257.0	371489.0	629384.0	1028535.0	2237689.0	15676491.0	13396826.0
	20.0	21.0	22.0	23.0	24.0	25.0	26.0	27.0	28.0	29.0	30.0	31.0	32.0	33.0	34.0	35.0	36.0	37.0	38.0	39.0	40.0
MHW201_trimmed_clipped_R2_paired	10.0	816.0	986.0	447.0	16626.0	11607.0	7549.0	15439.0	32081.0	45618.0	59501.0	66717.0	105097.0	122588.0	194670.0	314642.0	604645.0	1060322.0	2356026.0	15971878.0	12987421.0
	20.0	21.0	22.0	23.0	24.0	25.0	26.0	27.0	28.0	29.0	30.0	31.0	32.0	33.0	34.0	35.0	36.0	37.0	38.0	39.0	40.0
MHW202_trimmed_clipped_R1_paired	3.0	95.0	69.0	18.0	6198.0	1046.0	1136.0	3279.0	9519.0	21084.0	41793.0	69579.0	128487.0	189436.0	301870.0	466350.0	797768.0	1311562.0	2813361.0	18971230.0	17705810.0
	16.0	17.0	18.0	19.0	20.0	21.0	22.0	23.0	24.0	25.0	26.0	27.0	28.0	29.0	30.0	31.0	32.0	33.0	34.0	35.0	36.0	37.0	38.0	39.0	40.0
MHW202_trimmed_clipped_R2_paired	1.0	0.0	0.0	1.0	8.0	1054.0	1322.0	587.0	21803.0	14677.0	10083.0	20400.0	42680.0	60976.0	80080.0	88127.0	137919.0	156861.0	243947.0	383302.0	730891.0	1292700.0	2908982.0	19270264.0	17373028.0
	19.0	20.0	21.0	22.0	23.0	24.0	25.0	26.0	27.0	28.0	29.0	30.0	31.0	32.0	33.0	34.0	35.0	36.0	37.0	38.0	39.0	40.0
MHW203_trimmed_clipped_R1_paired	1.0	5.0	92.0	55.0	12.0	4463.0	955.0	900.0	2477.0	7459.0	16159.0	31694.0	51634.0	94884.0	138307.0	222173.0	345005.0	604162.0	1030932.0	2371790.0	16251103.0	11215029.0
	20.0	21.0	22.0	23.0	24.0	25.0	26.0	27.0	28.0	29.0	30.0	31.0	32.0	33.0	34.0	35.0	36.0	37.0	38.0	39.0	40.0
MHW203_trimmed_clipped_R2_paired	7.0	1014.0	1380.0	586.0	21605.0	14353.0	9056.0	18131.0	37795.0	52580.0	66251.0	72542.0	114087.0	127869.0	202048.0	320377.0	617982.0	1105587.0	2591562.0	16718103.0	10296376.0
	20.0	21.0	22.0	23.0	24.0	25.0	26.0	27.0	28.0	29.0	30.0	31.0	32.0	33.0	34.0	35.0	36.0	37.0	38.0	39.0	40.0
MHW204_trimmed_clipped_R1_paired	4.0	85.0	50.0	23.0	4831.0	962.0	1406.0	4111.0	12959.0	28066.0	52082.0	76118.0	125579.0	165816.0	249101.0	367834.0	619067.0	1011867.0	2184733.0	14562314.0	12424944.0
	19.0	20.0	21.0	22.0	23.0	24.0	25.0	26.0	27.0	28.0	29.0	30.0	31.0	32.0	33.0	34.0	35.0	36.0	37.0	38.0	39.0	40.0
MHW204_trimmed_clipped_R2_paired	1.0	9.0	1144.0	1480.0	622.0	27772.0	16321.0	11262.0	21560.0	43818.0	60777.0	72355.0	75572.0	121254.0	127324.0	196717.0	299306.0	579695.0	1007409.0	2243000.0	14699593.0	12284961.0
	20.0	21.0	22.0	23.0	24.0	25.0	26.0	27.0	28.0	29.0	30.0	31.0	32.0	33.0	34.0	35.0	36.0	37.0	38.0	39.0	40.0
MHW205_trimmed_clipped_R1_paired	5.0	68.0	43.0	17.0	3559.0	835.0	896.0	2388.0	7831.0	17070.0	34387.0	55926.0	99481.0	143439.0	223655.0	337428.0	568348.0	926006.0	1988407.0	13658961.0	12814434.0
	19.0	20.0	21.0	22.0	23.0	24.0	25.0	26.0	27.0	28.0	29.0	30.0	31.0	32.0	33.0	34.0	35.0	36.0	37.0	38.0	39.0	40.0
MHW205_trimmed_clipped_R2_paired	1.0	16.0	861.0	1034.0	450.0	18358.0	11825.0	8033.0	15612.0	32761.0	45707.0	57878.0	63714.0	101477.0	113850.0	178611.0	278696.0	530925.0	916370.0	2020959.0	13552161.0	12933885.0
	20.0	21.0	22.0	23.0	24.0	25.0	26.0	27.0	28.0	29.0	30.0	31.0	32.0	33.0	34.0	35.0	36.0	37.0	38.0	39.0	40.0
MHW206_trimmed_clipped_R1_paired	10.0	61.0	35.0	9.0	3266.0	707.0	657.0	1920.0	5564.0	12274.0	24032.0	39093.0	72293.0	104217.0	170280.0	268795.0	471793.0	759099.0	1480078.0	7910484.0	8220949.0
	20.0	21.0	22.0	23.0	24.0	25.0	26.0	27.0	28.0	29.0	30.0	31.0	32.0	33.0	34.0	35.0	36.0	37.0	38.0	39.0	40.0
MHW206_trimmed_clipped_R2_paired	8.0	693.0	821.0	346.0	13731.0	9023.0	5977.0	11329.0	23661.0	32589.0	40820.0	43964.0	69880.0	77467.0	123984.0	196085.0	390427.0	689107.0	1452305.0	7752343.0	8611056.0
	20.0	21.0	22.0	23.0	24.0	25.0	26.0	27.0	28.0	29.0	30.0	31.0	32.0	33.0	34.0	35.0	36.0	37.0	38.0	39.0	40.0
MHW207_trimmed_clipped_R1_paired	6.0	61.0	38.0	17.0	3990.0	867.0	800.0	2186.0	7095.0	15741.0	32891.0	56988.0	110511.0	173630.0	295250.0	479094.0	819992.0	1272696.0	2378792.0	12759412.0	11658302.0
	20.0	21.0	22.0	23.0	24.0	25.0	26.0	27.0	28.0	29.0	30.0	31.0	32.0	33.0	34.0	35.0	36.0	37.0	38.0	39.0	40.0
MHW207_trimmed_clipped_R2_paired	14.0	748.0	851.0	412.0	14663.0	10590.0	7012.0	13721.0	28102.0	39203.0	50468.0	56138.0	90859.0	110098.0	186774.0	323250.0	661446.0	1212092.0	2536253.0	12944827.0	11780838.0
	20.0	21.0	22.0	23.0	24.0	25.0	26.0	27.0	28.0	29.0	30.0	31.0	32.0	33.0	34.0	35.0	36.0	37.0	38.0	39.0	40.0
MHW208_trimmed_clipped_R1_paired	6.0	85.0	60.0	25.0	5814.0	1090.0	1474.0	4102.0	12504.0	25790.0	48556.0	73840.0	129203.0	182817.0	293604.0	461858.0	828307.0	1453173.0	3394346.0	22104815.0	12932308.0
	19.0	20.0	21.0	22.0	23.0	24.0	25.0	26.0	27.0	28.0	29.0	30.0	31.0	32.0	33.0	34.0	35.0	36.0	37.0	38.0	39.0	40.0
MHW208_trimmed_clipped_R2_paired	1.0	24.0	1495.0	1915.0	787.0	28093.0	20552.0	12119.0	24828.0	51878.0	72852.0	92799.0	101548.0	160045.0	186903.0	306613.0	499838.0	972444.0	1733391.0	3968327.0	22797670.0	10919655.0
	20.0	21.0	22.0	23.0	24.0	25.0	26.0	27.0	28.0	29.0	30.0	31.0	32.0	33.0	34.0	35.0	36.0	37.0	38.0	39.0	40.0
MHW209_trimmed_clipped_R1_paired	4.0	82.0	65.0	15.0	5984.0	930.0	1057.0	3092.0	9115.0	19140.0	36881.0	59237.0	107383.0	156466.0	254722.0	410705.0	750288.0	1356996.0	3298698.0	20410714.0	10264824.0
	20.0	21.0	22.0	23.0	24.0	25.0	26.0	27.0	28.0	29.0	30.0	31.0	32.0	33.0	34.0	35.0	36.0	37.0	38.0	39.0	40.0
MHW209_trimmed_clipped_R2_paired	26.0	1875.0	2504.0	952.0	29060.0	23370.0	12102.0	24409.0	49104.0	69074.0	87216.0	93522.0	149799.0	178209.0	295391.0	489686.0	955272.0	1728014.0	4018475.0	20737614.0	8200724.0
	20.0	21.0	22.0	23.0	24.0	25.0	26.0	27.0	28.0	29.0	30.0	31.0	32.0	33.0	34.0	35.0	36.0	37.0	38.0	39.0	40.0
MHW210_trimmed_clipped_R1_paired	11.0	123.0	96.0	21.0	6345.0	1178.0	1241.0	3408.0	10047.0	21314.0	40394.0	64272.0	117458.0	176519.0	295884.0	483106.0	881956.0	1572683.0	3713887.0	22949302.0	11824863.0
	19.0	20.0	21.0	22.0	23.0	24.0	25.0	26.0	27.0	28.0	29.0	30.0	31.0	32.0	33.0	34.0	35.0	36.0	37.0	38.0	39.0	40.0
MHW210_trimmed_clipped_R2_paired	1.0	24.0	1801.0	2484.0	950.0	34189.0	24718.0	13369.0	27084.0	55707.0	78708.0	98937.0	106862.0	172472.0	203709.0	339409.0	560202.0	1092004.0	1959994.0	4496594.0	23644557.0	9250333.0
	20.0	21.0	22.0	23.0	24.0	25.0	26.0	27.0	28.0	29.0	30.0	31.0	32.0	33.0	34.0	35.0	36.0	37.0	38.0	39.0	40.0
MHW211_trimmed_clipped_R1_paired	2.0	126.0	93.0	18.0	6022.0	1262.0	1156.0	3346.0	9709.0	20307.0	38018.0	60229.0	110363.0	164391.0	275282.0	450588.0	831167.0	1493585.0	3572737.0	21514283.0	10437408.0
	19.0	20.0	21.0	22.0	23.0	24.0	25.0	26.0	27.0	28.0	29.0	30.0	31.0	32.0	33.0	34.0	35.0	36.0	37.0	38.0	39.0	40.0
MHW211_trimmed_clipped_R2_paired	1.0	27.0	2475.0	3193.0	1265.0	45317.0	30360.0	15311.0	30854.0	62904.0	85624.0	103408.0	108331.0	177686.0	202300.0	335569.0	542771.0	1062559.0	1887697.0	4306063.0	21646085.0	8340292.0
	20.0	21.0	22.0	23.0	24.0	25.0	26.0	27.0	28.0	29.0	30.0	31.0	32.0	33.0	34.0	35.0	36.0	37.0	38.0	39.0	40.0
MHW212_trimmed_clipped_R1_paired	7.0	88.0	63.0	23.0	5000.0	982.0	1031.0	2931.0	8931.0	19030.0	35912.0	56767.0	103695.0	152521.0	250857.0	402827.0	731197.0	1307881.0	3149097.0	19439109.0	10256942.0
	20.0	21.0	22.0	23.0	24.0	25.0	26.0	27.0	28.0	29.0	30.0	31.0	32.0	33.0	34.0	35.0	36.0	37.0	38.0	39.0	40.0
MHW212_trimmed_clipped_R2_paired	23.0	2038.0	2591.0	919.0	31389.0	24119.0	12234.0	24342.0	49823.0	68798.0	85305.0	90929.0	147336.0	171872.0	284418.0	462581.0	901370.0	1613340.0	3723311.0	19560407.0	8667746.0
	20.0	21.0	22.0	23.0	24.0	25.0	26.0	27.0	28.0	29.0	30.0	31.0	32.0	33.0	34.0	35.0	36.0	37.0	38.0	39.0	40.0
MHW213_trimmed_clipped_R1_paired	7.0	100.0	60.0	22.0	5075.0	1009.0	1139.0	3106.0	9367.0	19859.0	38965.0	62735.0	116597.0	172778.0	281899.0	449175.0	804937.0	1413720.0	3326225.0	21178602.0	12167070.0
	20.0	21.0	22.0	23.0	24.0	25.0	26.0	27.0	28.0	29.0	30.0	31.0	32.0	33.0	34.0	35.0	36.0	37.0	38.0	39.0	40.0
MHW213_trimmed_clipped_R2_paired	21.0	2005.0	2370.0	938.0	34842.0	24338.0	13332.0	26340.0	54826.0	75984.0	94186.0	101659.0	165255.0	190504.0	313308.0	507355.0	977083.0	1724019.0	3907160.0	21479837.0	10357085.0
	19.0	20.0	21.0	22.0	23.0	24.0	25.0	26.0	27.0	28.0	29.0	30.0	31.0	32.0	33.0	34.0	35.0	36.0	37.0	38.0	39.0	40.0
MHW214_trimmed_clipped_R1_paired	1.0	3.0	106.0	71.0	18.0	5768.0	1078.0	1211.0	3542.0	10788.0	22625.0	43001.0	67844.0	122818.0	180825.0	296852.0	477096.0	862472.0	1513110.0	3460621.0	21487905.0	12469313.0
	19.0	20.0	21.0	22.0	23.0	24.0	25.0	26.0	27.0	28.0	29.0	30.0	31.0	32.0	33.0	34.0	35.0	36.0	37.0	38.0	39.0	40.0
MHW214_trimmed_clipped_R2_paired	2.0	28.0	1514.0	2109.0	769.0	27032.0	21274.0	11920.0	24399.0	50734.0	71148.0	92071.0	100968.0	159965.0	193634.0	323605.0	540490.0	1047766.0	1859102.0	4159610.0	22647468.0	9691460.0
	20.0	21.0	22.0	23.0	24.0	25.0	26.0	27.0	28.0	29.0	30.0	31.0	32.0	33.0	34.0	35.0	36.0	37.0	38.0	39.0	40.0
MHW215_trimmed_clipped_R1_paired	5.0	139.0	85.0	31.0	7747.0	1503.0	2529.0	6675.0	19793.0	39126.0	69902.0	99623.0	164611.0	223131.0	356566.0	570956.0	1042820.0	1863007.0	4382799.0	26348194.0	14198859.0
	19.0	20.0	21.0	22.0	23.0	24.0	25.0	26.0	27.0	28.0	29.0	30.0	31.0	32.0	33.0	34.0	35.0	36.0	37.0	38.0	39.0	40.0
MHW215_trimmed_clipped_R2_paired	2.0	28.0	2195.0	3021.0	1142.0	38174.0	30304.0	16895.0	33998.0	69918.0	98335.0	123670.0	131052.0	205482.0	241580.0	400639.0	669351.0	1306776.0	2352816.0	5368710.0	27459108.0	10844905.0
	20.0	21.0	22.0	23.0	24.0	25.0	26.0	27.0	28.0	29.0	30.0	31.0	32.0	33.0	34.0	35.0	36.0	37.0	38.0	39.0	40.0
MHW216_trimmed_clipped_R1_paired	4.0	100.0	73.0	19.0	6511.0	1068.0	1232.0	3488.0	10388.0	21546.0	41099.0	64460.0	115659.0	167563.0	278158.0	450480.0	822576.0	1478866.0	3532198.0	21285520.0	11206347.0
	16.0	17.0	18.0	19.0	20.0	21.0	22.0	23.0	24.0	25.0	26.0	27.0	28.0	29.0	30.0	31.0	32.0	33.0	34.0	35.0	36.0	37.0	38.0	39.0	40.0
MHW216_trimmed_clipped_R2_paired	1.0	0.0	0.0	3.0	20.0	2031.0	2794.0	1039.0	31579.0	26201.0	13295.0	26762.0	54989.0	75640.0	96671.0	103357.0	163716.0	197032.0	328763.0	548119.0	1064485.0	1910870.0	4383137.0	21989147.0	8467704.0
	20.0	21.0	22.0	23.0	24.0	25.0	26.0	27.0	28.0	29.0	30.0	31.0	32.0	33.0	34.0	35.0	36.0	37.0	38.0	39.0	40.0
MHW217_trimmed_clipped_R1_paired	6.0	142.0	84.0	32.0	8052.0	1417.0	1706.0	4257.0	12684.0	25665.0	47789.0	74789.0	136395.0	201619.0	338301.0	554744.0	1025816.0	1853363.0	4449495.0	26588782.0	13774568.0
	19.0	20.0	21.0	22.0	23.0	24.0	25.0	26.0	27.0	28.0	29.0	30.0	31.0	32.0	33.0	34.0	35.0	36.0	37.0	38.0	39.0	40.0
MHW217_trimmed_clipped_R2_paired	3.0	22.0	2749.0	3780.0	1501.0	39660.0	34417.0	16403.0	33183.0	68609.0	93768.0	120252.0	128773.0	203211.0	246769.0	412176.0	690931.0	1340368.0	2433079.0	5621060.0	27503254.0	10105738.0
	20.0	21.0	22.0	23.0	24.0	25.0	26.0	27.0	28.0	29.0	30.0	31.0	32.0	33.0	34.0	35.0	36.0	37.0	38.0	39.0	40.0
MHW218_trimmed_clipped_R1_paired	4.0	133.0	90.0	25.0	5766.0	1252.0	1245.0	3407.0	10195.0	21070.0	38758.0	60465.0	110457.0	162028.0	271297.0	442749.0	813279.0	1451287.0	3395518.0	20748643.0	11222616.0
	19.0	20.0	21.0	22.0	23.0	24.0	25.0	26.0	27.0	28.0	29.0	30.0	31.0	32.0	33.0	34.0	35.0	36.0	37.0	38.0	39.0	40.0
MHW218_trimmed_clipped_R2_paired	1.0	31.0	1653.0	2278.0	865.0	27564.0	22105.0	11786.0	24014.0	49742.0	69770.0	89773.0	96233.0	153583.0	185960.0	309363.0	518410.0	1009058.0	1812971.0	4145124.0	21663397.0	8566603.0
	20.0	21.0	22.0	23.0	24.0	25.0	26.0	27.0	28.0	29.0	30.0	31.0	32.0	33.0	34.0	35.0	36.0	37.0	38.0	39.0	40.0
MHW219_trimmed_clipped_R1_paired	7.0	114.0	80.0	19.0	7266.0	1188.0	1239.0	3652.0	11131.0	23425.0	45458.0	73588.0	136975.0	206018.0	347473.0	577361.0	1096505.0	2045091.0	5140815.0	29577239.0	10581393.0
	16.0	17.0	18.0	19.0	20.0	21.0	22.0	23.0	24.0	25.0	26.0	27.0	28.0	29.0	30.0	31.0	32.0	33.0	34.0	35.0	36.0	37.0	38.0	39.0	40.0
MHW219_trimmed_clipped_R2_paired	1.0	0.0	0.0	0.0	32.0	1765.0	2443.0	900.0	28872.0	24245.0	11473.0	23971.0	50144.0	71688.0	95589.0	107410.0	176330.0	232413.0	408723.0	712566.0	1410588.0	2602912.0	6211614.0	29658697.0	8043661.0
	20.0	21.0	22.0	23.0	24.0	25.0	26.0	27.0	28.0	29.0	30.0	31.0	32.0	33.0	34.0	35.0	36.0	37.0	38.0	39.0	40.0
MHW220_trimmed_clipped_R1_paired	6.0	100.0	99.0	16.0	6657.0	1283.0	1280.0	3471.0	10287.0	21754.0	41505.0	67881.0	128037.0	196181.0	332785.0	549225.0	1026262.0	1888556.0	4686400.0	28635208.0	11566248.0
	19.0	20.0	21.0	22.0	23.0	24.0	25.0	26.0	27.0	28.0	29.0	30.0	31.0	32.0	33.0	34.0	35.0	36.0	37.0	38.0	39.0	40.0
MHW220_trimmed_clipped_R2_paired	2.0	21.0	1336.0	1915.0	715.0	23473.0	19237.0	9857.0	20078.0	42564.0	61311.0	82782.0	94696.0	156498.0	207469.0	362902.0	632159.0	1253185.0	2333956.0	5612186.0	29257820.0	8989079.0
	20.0	21.0	22.0	23.0	24.0	25.0	26.0	27.0	28.0	29.0	30.0	31.0	32.0	33.0	34.0	35.0	36.0	37.0	38.0	39.0	40.0
MHW221_trimmed_clipped_R1_paired	2.0	125.0	79.0	29.0	6006.0	1281.0	1192.0	3340.0	9824.0	20931.0	39070.0	63428.0	119470.0	180975.0	308054.0	511138.0	959770.0	1774169.0	4426152.0	26703899.0	10166417.0
	20.0	21.0	22.0	23.0	24.0	25.0	26.0	27.0	28.0	29.0	30.0	31.0	32.0	33.0	34.0	35.0	36.0	37.0	38.0	39.0	40.0
MHW221_trimmed_clipped_R2_paired	29.0	1358.0	1804.0	694.0	22482.0	18614.0	9158.0	19197.0	40557.0	57842.0	78554.0	89937.0	147201.0	194280.0	342640.0	599269.0	1188332.0	2202615.0	5273832.0	27072059.0	7934897.0
	20.0	21.0	22.0	23.0	24.0	25.0	26.0	27.0	28.0	29.0	30.0	31.0	32.0	33.0	34.0	35.0	36.0	37.0	38.0	39.0	40.0
MHW222_trimmed_clipped_R1_paired	4.0	106.0	84.0	23.0	6539.0	1227.0	1252.0	3454.0	10622.0	22513.0	43022.0	70173.0	133137.0	203233.0	346295.0	574681.0	1086728.0	2024881.0	5042698.0	29599149.0	11010455.0
	16.0	17.0	18.0	19.0	20.0	21.0	22.0	23.0	24.0	25.0	26.0	27.0	28.0	29.0	30.0	31.0	32.0	33.0	34.0	35.0	36.0	37.0	38.0	39.0	40.0
MHW222_trimmed_clipped_R2_paired	1.0	0.0	0.0	1.0	28.0	1429.0	1987.0	742.0	24961.0	20205.0	10143.0	21359.0	44531.0	63143.0	85202.0	96753.0	160380.0	212287.0	374342.0	659758.0	1321359.0	2462800.0	5902641.0	29900233.0	8815991.0
	20.0	21.0	22.0	23.0	24.0	25.0	26.0	27.0	28.0	29.0	30.0	31.0	32.0	33.0	34.0	35.0	36.0	37.0	38.0	39.0	40.0
MHW223_trimmed_clipped_R1_paired	3.0	102.0	69.0	9.0	4889.0	973.0	974.0	2970.0	8735.0	18617.0	35967.0	59821.0	112497.0	171391.0	290053.0	482702.0	906876.0	1673590.0	4123440.0	24293385.0	9116606.0
	19.0	20.0	21.0	22.0	23.0	24.0	25.0	26.0	27.0	28.0	29.0	30.0	31.0	32.0	33.0	34.0	35.0	36.0	37.0	38.0	39.0	40.0
MHW223_trimmed_clipped_R2_paired	1.0	22.0	1181.0	1653.0	616.0	20873.0	16682.0	8800.0	18031.0	37990.0	54141.0	72562.0	82687.0	136078.0	180429.0	318079.0	560753.0	1111833.0	2055730.0	4880991.0	24596535.0	7148002.0
	20.0	21.0	22.0	23.0	24.0	25.0	26.0	27.0	28.0	29.0	30.0	31.0	32.0	33.0	34.0	35.0	36.0	37.0	38.0	39.0	40.0
MHW224_trimmed_clipped_R1_paired	10.0	154.0	94.0	28.0	7628.0	1357.0	1309.0	3763.0	11173.0	24103.0	45472.0	73172.0	136773.0	206909.0	353898.0	593783.0	1131489.0	2110449.0	5267949.0	30072095.0	10662630.0
	19.0	20.0	21.0	22.0	23.0	24.0	25.0	26.0	27.0	28.0	29.0	30.0	31.0	32.0	33.0	34.0	35.0	36.0	37.0	38.0	39.0	40.0
MHW224_trimmed_clipped_R2_paired	1.0	33.0	1599.0	2341.0	815.0	27107.0	22334.0	10937.0	22850.0	48079.0	68378.0	91842.0	103927.0	170992.0	226385.0	399171.0	703886.0	1408572.0	2629244.0	6292722.0	30228055.0	8244968.0
	20.0	21.0	22.0	23.0	24.0	25.0	26.0	27.0	28.0	29.0	30.0	31.0	32.0	33.0	34.0	35.0	36.0	37.0	38.0	39.0	40.0
MHW225_trimmed_clipped_R1_paired	3.0	140.0	91.0	22.0	7193.0	1345.0	1319.0	3862.0	12174.0	26381.0	50730.0	82475.0	154705.0	231144.0	386165.0	633904.0	1188346.0	2184938.0	5326261.0	33021966.0	14540580.0
	19.0	20.0	21.0	22.0	23.0	24.0	25.0	26.0	27.0	28.0	29.0	30.0	31.0	32.0	33.0	34.0	35.0	36.0	37.0	38.0	39.0	40.0
MHW225_trimmed_clipped_R2_paired	4.0	41.0	1818.0	2510.0	944.0	31079.0	25057.0	12814.0	26237.0	54658.0	78344.0	104324.0	116564.0	192322.0	250329.0	434314.0	751300.0	1487447.0	2742803.0	6485146.0	33953728.0	11101961.0
	20.0	21.0	22.0	23.0	24.0	25.0	26.0	27.0	28.0	29.0	30.0	31.0	32.0	33.0	34.0	35.0	36.0	37.0	38.0	39.0	40.0
MHW226_trimmed_clipped_R1_paired	5.0	109.0	83.0	26.0	7131.0	1267.0	1490.0	4042.0	12198.0	25746.0	49692.0	80355.0	148845.0	223028.0	378021.0	630211.0	1194116.0	2211855.0	5421657.0	32645079.0	13586315.0
	19.0	20.0	21.0	22.0	23.0	24.0	25.0	26.0	27.0	28.0	29.0	30.0	31.0	32.0	33.0	34.0	35.0	36.0	37.0	38.0	39.0	40.0
MHW226_trimmed_clipped_R2_paired	1.0	42.0	1731.0	2642.0	905.0	30315.0	25366.0	12678.0	25916.0	54209.0	77132.0	101623.0	115630.0	189726.0	248525.0	434501.0	758198.0	1510850.0	2803460.0	6638197.0	33335298.0	10254326.0
	20.0	21.0	22.0	23.0	24.0	25.0	26.0	27.0	28.0	29.0	30.0	31.0	32.0	33.0	34.0	35.0	36.0	37.0	38.0	39.0	40.0
MHW227_trimmed_clipped_R1_paired	8.0	125.0	86.0	26.0	7505.0	1270.0	1399.0	4004.0	12065.0	25740.0	50485.0	82393.0	151881.0	227450.0	376194.0	617312.0	1151447.0	2116784.0	5163857.0	32561001.0	14807195.0
	20.0	21.0	22.0	23.0	24.0	25.0	26.0	27.0	28.0	29.0	30.0	31.0	32.0	33.0	34.0	35.0	36.0	37.0	38.0	39.0	40.0
MHW227_trimmed_clipped_R2_paired	27.0	1635.0	2387.0	817.0	28963.0	23232.0	11902.0	25034.0	52663.0	74919.0	100207.0	114219.0	185995.0	240930.0	416977.0	720336.0	1427041.0	2638539.0	6275956.0	33520783.0	11495665.0
	20.0	21.0	22.0	23.0	24.0	25.0	26.0	27.0	28.0	29.0	30.0	31.0	32.0	33.0	34.0	35.0	36.0	37.0	38.0	39.0	40.0
MHW228_trimmed_clipped_R1_paired	4.0	142.0	105.0	25.0	7306.0	1304.0	1341.0	3828.0	11412.0	23981.0	46624.0	75640.0	141816.0	215400.0	364231.0	602055.0	1120746.0	2042176.0	4924273.0	31709381.0	15115183.0
	19.0	20.0	21.0	22.0	23.0	24.0	25.0	26.0	27.0	28.0	29.0	30.0	31.0	32.0	33.0	34.0	35.0	36.0	37.0	38.0	39.0	40.0
MHW228_trimmed_clipped_R2_paired	1.0	42.0	1528.0	2104.0	757.0	25560.0	20775.0	10674.0	22405.0	46726.0	67827.0	91500.0	104961.0	173596.0	228399.0	394962.0	683865.0	1356772.0	2518080.0	5997624.0	33034447.0	11624368.0
	20.0	21.0	22.0	23.0	24.0	25.0	26.0	27.0	28.0	29.0	30.0	31.0	32.0	33.0	34.0	35.0	36.0	37.0	38.0	39.0	40.0
MHW229_trimmed_clipped_R1_paired	5.0	141.0	107.0	18.0	6689.0	1417.0	1309.0	3828.0	11197.0	23842.0	45333.0	73661.0	137908.0	208305.0	350325.0	573974.0	1071587.0	1945416.0	4688342.0	30391095.0	14674115.0
	20.0	21.0	22.0	23.0	24.0	25.0	26.0	27.0	28.0	29.0	30.0	31.0	32.0	33.0	34.0	35.0	36.0	37.0	38.0	39.0	40.0
MHW229_trimmed_clipped_R2_paired	22.0	1415.0	2041.0	724.0	24142.0	19699.0	10237.0	21362.0	44697.0	64573.0	87362.0	100978.0	164962.0	216257.0	374184.0	648624.0	1289015.0	2383174.0	5645059.0	31571450.0	11538637.0
	20.0	21.0	22.0	23.0	24.0	25.0	26.0	27.0	28.0	29.0	30.0	31.0	32.0	33.0	34.0	35.0	36.0	37.0	38.0	39.0	40.0
MHW230_trimmed_clipped_R1_paired	1.0	160.0	82.0	20.0	6725.0	1340.0	1271.0	3807.0	11353.0	24192.0	46669.0	76368.0	142092.0	216328.0	365807.0	606979.0	1148314.0	2119514.0	5175864.0	31527167.0	13575747.0
	19.0	20.0	21.0	22.0	23.0	24.0	25.0	26.0	27.0	28.0	29.0	30.0	31.0	32.0	33.0	34.0	35.0	36.0	37.0	38.0	39.0	40.0
MHW230_trimmed_clipped_R2_paired	2.0	30.0	1608.0	2327.0	837.0	28322.0	22795.0	11533.0	23222.0	49254.0	70059.0	93409.0	106021.0	174892.0	228266.0	401016.0	702786.0	1407162.0	2611529.0	6196321.0	32204086.0	10714323.0
	20.0	21.0	22.0	23.0	24.0	25.0	26.0	27.0	28.0	29.0	30.0	31.0	32.0	33.0	34.0	35.0	36.0	37.0	38.0	39.0	40.0
MHW231_trimmed_clipped_R1_paired	3.0	96.0	69.0	14.0	5052.0	1007.0	1128.0	3127.0	9530.0	20842.0	40978.0	67014.0	125458.0	188231.0	311051.0	506895.0	933182.0	1682925.0	4032289.0	26276998.0	12977216.0
	19.0	20.0	21.0	22.0	23.0	24.0	25.0	26.0	27.0	28.0	29.0	30.0	31.0	32.0	33.0	34.0	35.0	36.0	37.0	38.0	39.0	40.0
MHW231_trimmed_clipped_R2_paired	1.0	40.0	1223.0	1652.0	609.0	21443.0	16988.0	9038.0	18796.0	39766.0	56920.0	76749.0	88425.0	144689.0	187900.0	325202.0	562075.0	1109492.0	2040678.0	4818764.0	27270975.0	10391680.0
	20.0	21.0	22.0	23.0	24.0	25.0	26.0	27.0	28.0	29.0	30.0	31.0	32.0	33.0	34.0	35.0	36.0	37.0	38.0	39.0	40.0
MHW232_trimmed_clipped_R1_paired	7.0	113.0	99.0	15.0	6944.0	1253.0	1241.0	3579.0	11071.0	23808.0	45400.0	74896.0	139423.0	208084.0	347194.0	569750.0	1051613.0	1902896.0	4567506.0	29478516.0	14251861.0
	16.0	17.0	18.0	19.0	20.0	21.0	22.0	23.0	24.0	25.0	26.0	27.0	28.0	29.0	30.0	31.0	32.0	33.0	34.0	35.0	36.0	37.0	38.0	39.0	40.0
MHW232_trimmed_clipped_R2_paired	1.0	0.0	0.0	1.0	32.0	1294.0	1897.0	741.0	23824.0	18848.0	10315.0	20851.0	44071.0	63329.0	86280.0	99166.0	161773.0	211019.0	364698.0	629576.0	1248242.0	2311955.0	5472128.0	30616529.0	11298699.0
	20.0	21.0	22.0	23.0	24.0	25.0	26.0	27.0	28.0	29.0	30.0	31.0	32.0	33.0	34.0	35.0	36.0	37.0	38.0	39.0	40.0
MHW233_trimmed_clipped_R1_paired	9.0	132.0	91.0	18.0	6736.0	1206.0	1246.0	3593.0	11016.0	23862.0	46115.0	74544.0	137047.0	203799.0	340868.0	560036.0	1056960.0	1963553.0	4904369.0	28949267.0	10564360.0
	19.0	20.0	21.0	22.0	23.0	24.0	25.0	26.0	27.0	28.0	29.0	30.0	31.0	32.0	33.0	34.0	35.0	36.0	37.0	38.0	39.0	40.0
MHW233_trimmed_clipped_R2_paired	1.0	32.0	1351.0	1890.0	711.0	25411.0	19654.0	10589.0	22007.0	45817.0	65283.0	86628.0	97809.0	158521.0	204483.0	356534.0	621842.0	1245772.0	2329784.0	5646914.0	29282700.0	8625094.0
	20.0	21.0	22.0	23.0	24.0	25.0	26.0	27.0	28.0	29.0	30.0	31.0	32.0	33.0	34.0	35.0	36.0	37.0	38.0	39.0	40.0
MHW234_trimmed_clipped_R1_paired	9.0	120.0	82.0	19.0	7592.0	1363.0	1407.0	4314.0	13050.0	26632.0	51628.0	82561.0	152220.0	229472.0	386839.0	640988.0	1202038.0	2214002.0	5464594.0	31849869.0	12090734.0
	19.0	20.0	21.0	22.0	23.0	24.0	25.0	26.0	27.0	28.0	29.0	30.0	31.0	32.0	33.0	34.0	35.0	36.0	37.0	38.0	39.0	40.0
MHW234_trimmed_clipped_R2_paired	1.0	33.0	1582.0	2285.0	781.0	27774.0	22286.0	11638.0	24520.0	50949.0	72498.0	97373.0	110309.0	179219.0	234057.0	410327.0	717462.0	1425151.0	2639539.0	6306336.0	32129764.0	9955649.0
	20.0	21.0	22.0	23.0	24.0	25.0	26.0	27.0	28.0	29.0	30.0	31.0	32.0	33.0	34.0	35.0	36.0	37.0	38.0	39.0	40.0
MHW235_trimmed_clipped_R1_paired	9.0	97.0	78.0	31.0	7344.0	1259.0	1319.0	3680.0	11219.0	23800.0	45715.0	73894.0	136016.0	202668.0	339572.0	563097.0	1069263.0	1998664.0	5025968.0	28400151.0	9633054.0
	19.0	20.0	21.0	22.0	23.0	24.0	25.0	26.0	27.0	28.0	29.0	30.0	31.0	32.0	33.0	34.0	35.0	36.0	37.0	38.0	39.0	40.0
MHW235_trimmed_clipped_R2_paired	2.0	28.0	1538.0	2156.0	774.0	26146.0	20886.0	11033.0	22865.0	47729.0	67554.0	89801.0	101516.0	163644.0	212934.0	372401.0	651742.0	1298805.0	2419676.0	5832970.0	28450264.0	7742434.0
	20.0	21.0	22.0	23.0	24.0	25.0	26.0	27.0	28.0	29.0	30.0	31.0	32.0	33.0	34.0	35.0	36.0	37.0	38.0	39.0	40.0
MHW236_trimmed_clipped_R1_paired	11.0	127.0	86.0	30.0	7405.0	1341.0	1458.0	3944.0	11654.0	24424.0	46643.0	75115.0	139867.0	212064.0	356640.0	594140.0	1122640.0	2081451.0	5194418.0	31460649.0	11828493.0
	19.0	20.0	21.0	22.0	23.0	24.0	25.0	26.0	27.0	28.0	29.0	30.0	31.0	32.0	33.0	34.0	35.0	36.0	37.0	38.0	39.0	40.0
MHW236_trimmed_clipped_R2_paired	2.0	31.0	1366.0	1886.0	745.0	24903.0	19285.0	10355.0	21820.0	45657.0	65583.0	88032.0	100113.0	163313.0	213373.0	371121.0	648010.0	1299482.0	2446772.0	5979940.0	32000944.0	9659867.0
	19.0	20.0	21.0	22.0	23.0	24.0	25.0	26.0	27.0	28.0	29.0	30.0	31.0	32.0	33.0	34.0	35.0	36.0	37.0	38.0	39.0	40.0
MHW237_trimmed_clipped_R1_paired	1.0	6.0	178.0	100.0	16.0	7138.0	1482.0	1338.0	3791.0	11466.0	23696.0	44677.0	71634.0	132609.0	197038.0	335635.0	559690.0	1070058.0	1994815.0	5030257.0	29354719.0	10273010.0
	19.0	20.0	21.0	22.0	23.0	24.0	25.0	26.0	27.0	28.0	29.0	30.0	31.0	32.0	33.0	34.0	35.0	36.0	37.0	38.0	39.0	40.0
MHW237_trimmed_clipped_R2_paired	1.0	32.0	1387.0	1955.0	726.0	24512.0	19414.0	10115.0	21015.0	44469.0	63145.0	84633.0	95705.0	157200.0	204009.0	356274.0	624004.0	1254165.0	2362074.0	5765025.0	29557015.0	8466479.0
	20.0	21.0	22.0	23.0	24.0	25.0	26.0	27.0	28.0	29.0	30.0	31.0	32.0	33.0	34.0	35.0	36.0	37.0	38.0	39.0	40.0
MHW238_trimmed_clipped_R1_paired	3.0	114.0	82.0	16.0	6964.0	1275.0	1302.0	3739.0	11302.0	23896.0	45079.0	72853.0	135263.0	203949.0	348786.0	586678.0	1123204.0	2124450.0	5379516.0	30006350.0	9818395.0
	20.0	21.0	22.0	23.0	24.0	25.0	26.0	27.0	28.0	29.0	30.0	31.0	32.0	33.0	34.0	35.0	36.0	37.0	38.0	39.0	40.0
MHW238_trimmed_clipped_R2_paired	30.0	1494.0	2232.0	740.0	26170.0	21260.0	10794.0	22129.0	46876.0	66367.0	88014.0	99383.0	162386.0	212231.0	374167.0	659333.0	1335479.0	2521019.0	6143669.0	30021582.0	8077861.0
	20.0	21.0	22.0	23.0	24.0	25.0	26.0	27.0	28.0	29.0	30.0	31.0	32.0	33.0	34.0	35.0	36.0	37.0	38.0	39.0	40.0
MHW239_trimmed_clipped_R1_paired	3.0	88.0	50.0	12.0	4664.0	923.0	926.0	2675.0	8127.0	17105.0	33147.0	53886.0	100464.0	150982.0	253893.0	419626.0	796360.0	1483681.0	3730117.0	21567395.0	7464988.0
	20.0	21.0	22.0	23.0	24.0	25.0	26.0	27.0	28.0	29.0	30.0	31.0	32.0	33.0	34.0	35.0	36.0	37.0	38.0	39.0	40.0
MHW239_trimmed_clipped_R2_paired	16.0	887.0	1445.0	529.0	18295.0	14685.0	7559.0	15961.0	33210.0	47500.0	62737.0	72093.0	117867.0	152923.0	266810.0	469161.0	940229.0	1760642.0	4277654.0	21719406.0	6109503.0
	20.0	21.0	22.0	23.0	24.0	25.0	26.0	27.0	28.0	29.0	30.0	31.0	32.0	33.0	34.0	35.0	36.0	37.0	38.0	39.0	40.0
MHW240_trimmed_clipped_R1_paired	7.0	145.0	88.0	19.0	7939.0	1424.0	1394.0	3932.0	11547.0	24655.0	46135.0	72188.0	133693.0	199376.0	339469.0	572374.0	1099721.0	2078620.0	5288452.0	29101534.0	9226146.0
	19.0	20.0	21.0	22.0	23.0	24.0	25.0	26.0	27.0	28.0	29.0	30.0	31.0	32.0	33.0	34.0	35.0	36.0	37.0	38.0	39.0	40.0
MHW240_trimmed_clipped_R2_paired	1.0	27.0	1577.0	2332.0	786.0	27431.0	22513.0	10949.0	23039.0	47791.0	68109.0	90518.0	100891.0	165383.0	215285.0	379735.0	666476.0	1345100.0	2532058.0	6161397.0	29009842.0	7337618.0
	20.0	21.0	22.0	23.0	24.0	25.0	26.0	27.0	28.0	29.0	30.0	31.0	32.0	33.0	34.0	35.0	36.0	37.0	38.0	39.0	40.0
MHW241_trimmed_clipped_R1_paired	6.0	124.0	74.0	15.0	6413.0	1185.0	1243.0	3605.0	10715.0	23114.0	44529.0	71381.0	132107.0	196351.0	327022.0	538978.0	1018550.0	1896630.0	4719359.0	27917001.0	10501882.0
	19.0	20.0	21.0	22.0	23.0	24.0	25.0	26.0	27.0	28.0	29.0	30.0	31.0	32.0	33.0	34.0	35.0	36.0	37.0	38.0	39.0	40.0
MHW241_trimmed_clipped_R2_paired	1.0	27.0	1495.0	2008.0	836.0	26030.0	20498.0	10458.0	21762.0	45939.0	64116.0	84900.0	95547.0	154795.0	200937.0	351913.0	614284.0	1229279.0	2296734.0	5539007.0	28220487.0	8429231.0
	20.0	21.0	22.0	23.0	24.0	25.0	26.0	27.0	28.0	29.0	30.0	31.0	32.0	33.0	34.0	35.0	36.0	37.0	38.0	39.0	40.0
MHW258_trimmed_clipped_R1_paired	5.0	104.0	75.0	12.0	5390.0	1192.0	1044.0	3050.0	9074.0	19512.0	36927.0	60767.0	115120.0	174673.0	295474.0	484193.0	902018.0	1636556.0	3961717.0	25464635.0	10437466.0
	19.0	20.0	21.0	22.0	23.0	24.0	25.0	26.0	27.0	28.0	29.0	30.0	31.0	32.0	33.0	34.0	35.0	36.0	37.0	38.0	39.0	40.0
MHW258_trimmed_clipped_R2_paired	1.0	23.0	1004.0	1473.0	537.0	18378.0	14636.0	8021.0	16744.0	35074.0	51204.0	69781.0	80997.0	131882.0	173462.0	303715.0	527567.0	1051234.0	1946007.0	4598110.0	25905779.0	8673375.0
	20.0	21.0	22.0	23.0	24.0	25.0	26.0	27.0	28.0	29.0	30.0	31.0	32.0	33.0	34.0	35.0	36.0	37.0	38.0	39.0	40.0
MHW260_trimmed_clipped_R1_paired	3.0	113.0	68.0	22.0	5970.0	1126.0	1129.0	3308.0	9913.0	21194.0	40529.0	67424.0	127367.0	195644.0	335270.0	556009.0	1046563.0	1919900.0	4658057.0	27950131.0	10851505.0
	20.0	21.0	22.0	23.0	24.0	25.0	26.0	27.0	28.0	29.0	30.0	31.0	32.0	33.0	34.0	35.0	36.0	37.0	38.0	39.0	40.0
MHW260_trimmed_clipped_R2_paired	20.0	1240.0	1790.0	687.0	22140.0	17542.0	9256.0	19359.0	40650.0	58471.0	77489.0	89025.0	147724.0	195551.0	344796.0	608690.0	1224799.0	2283262.0	5338521.0	27974805.0	9335428.0
	20.0	21.0	22.0	23.0	24.0	25.0	26.0	27.0	28.0	29.0	30.0	31.0	32.0	33.0	34.0	35.0	36.0	37.0	38.0	39.0	40.0
MHW263_trimmed_clipped_R1_paired	3.0	93.0	84.0	25.0	5542.0	1002.0	985.0	2987.0	9023.0	19549.0	38184.0	63264.0	120203.0	182524.0	307414.0	504407.0	929237.0	1675111.0	3951809.0	24064191.0	10921934.0
	20.0	21.0	22.0	23.0	24.0	25.0	26.0	27.0	28.0	29.0	30.0	31.0	32.0	33.0	34.0	35.0	36.0	37.0	38.0	39.0	40.0
MHW263_trimmed_clipped_R2_paired	16.0	1143.0	1647.0	569.0	19703.0	15897.0	8245.0	17151.0	36188.0	52154.0	70392.0	81087.0	132989.0	173986.0	305038.0	532178.0	1063593.0	1960023.0	4554639.0	25081464.0	8689469.0
	20.0	21.0	22.0	23.0	24.0	25.0	26.0	27.0	28.0	29.0	30.0	31.0	32.0	33.0	34.0	35.0	36.0	37.0	38.0	39.0	40.0
MHW265_trimmed_clipped_R1_paired	1.0	84.0	73.0	14.0	5380.0	940.0	1092.0	2871.0	9135.0	19092.0	38101.0	62731.0	118916.0	182601.0	309994.0	513785.0	958561.0	1731789.0	4037208.0	23853153.0	11340524.0
	20.0	21.0	22.0	23.0	24.0	25.0	26.0	27.0	28.0	29.0	30.0	31.0	32.0	33.0	34.0	35.0	36.0	37.0	38.0	39.0	40.0
MHW265_trimmed_clipped_R2_paired	28.0	1008.0	1363.0	494.0	18108.0	14200.0	7839.0	15937.0	34119.0	49254.0	66267.0	77008.0	126465.0	168470.0	297654.0	529979.0	1076934.0	2013994.0	4645007.0	24838754.0	9203163.0
	20.0	21.0	22.0	23.0	24.0	25.0	26.0	27.0	28.0	29.0	30.0	31.0	32.0	33.0	34.0	35.0	36.0	37.0	38.0	39.0	40.0
MHW267_trimmed_clipped_R1_paired	4.0	106.0	72.0	23.0	5993.0	957.0	1106.0	3010.0	8956.0	19682.0	37909.0	63380.0	116818.0	176075.0	298159.0	491893.0	914918.0	1664087.0	4028329.0	24044164.0	10296076.0
	20.0	21.0	22.0	23.0	24.0	25.0	26.0	27.0	28.0	29.0	30.0	31.0	32.0	33.0	34.0	35.0	36.0	37.0	38.0	39.0	40.0
MHW267_trimmed_clipped_R2_paired	17.0	1195.0	1548.0	596.0	20137.0	16345.0	8329.0	17646.0	37234.0	53422.0	71076.0	82076.0	133077.0	174387.0	306016.0	536030.0	1070081.0	1987091.0	4697653.0	24819996.0	8137765.0
	20.0	21.0	22.0	23.0	24.0	25.0	26.0	27.0	28.0	29.0	30.0	31.0	32.0	33.0	34.0	35.0	36.0	37.0	38.0	39.0	40.0
MHW268_trimmed_clipped_R1_paired	1.0	131.0	93.0	24.0	7331.0	1310.0	1336.0	3698.0	10517.0	22575.0	43384.0	71038.0	134660.0	208750.0	359213.0	598322.0	1117626.0	2030932.0	4892975.0	29864496.0	12710789.0
	20.0	21.0	22.0	23.0	24.0	25.0	26.0	27.0	28.0	29.0	30.0	31.0	32.0	33.0	34.0	35.0	36.0	37.0	38.0	39.0	40.0
MHW268_trimmed_clipped_R2_paired	24.0	1429.0	1971.0	678.0	23624.0	19457.0	9925.0	20287.0	42860.0	61835.0	84025.0	96410.0	159322.0	212119.0	373749.0	656841.0	1311496.0	2432805.0	5782628.0	31131180.0	9656536.0
	20.0	21.0	22.0	23.0	24.0	25.0	26.0	27.0	28.0	29.0	30.0	31.0	32.0	33.0	34.0	35.0	36.0	37.0	38.0	39.0	40.0
MHW269_trimmed_clipped_R1_paired	3.0	116.0	86.0	12.0	5409.0	1087.0	1025.0	2896.0	8669.0	18182.0	34937.0	57130.0	108655.0	165966.0	282137.0	466330.0	864891.0	1560614.0	3717315.0	22932886.0	10667682.0
	19.0	20.0	21.0	22.0	23.0	24.0	25.0	26.0	27.0	28.0	29.0	30.0	31.0	32.0	33.0	34.0	35.0	36.0	37.0	38.0	39.0	40.0
MHW269_trimmed_clipped_R2_paired	1.0	12.0	980.0	1400.0	463.0	16870.0	13500.0	6931.0	15148.0	32065.0	46268.0	62998.0	72871.0	120179.0	158703.0	277926.0	486743.0	974743.0	1813979.0	4274264.0	23896538.0	8623446.0
	20.0	21.0	22.0	23.0	24.0	25.0	26.0	27.0	28.0	29.0	30.0	31.0	32.0	33.0	34.0	35.0	36.0	37.0	38.0	39.0	40.0
MHW270_trimmed_clipped_R1_paired	2.0	107.0	67.0	20.0	5214.0	998.0	982.0	2833.0	8571.0	18102.0	35477.0	59003.0	113433.0	176292.0	303208.0	503815.0	934617.0	1676603.0	3895833.0	23023322.0	10290430.0
	19.0	20.0	21.0	22.0	23.0	24.0	25.0	26.0	27.0	28.0	29.0	30.0	31.0	32.0	33.0	34.0	35.0	36.0	37.0	38.0	39.0	40.0
MHW270_trimmed_clipped_R2_paired	1.0	21.0	972.0	1355.0	493.0	17756.0	13889.0	7544.0	15576.0	32634.0	46994.0	64076.0	75024.0	123388.0	165041.0	293909.0	517697.0	1040417.0	1925313.0	4419412.0	23916824.0	8370593.0
	20.0	21.0	22.0	23.0	24.0	25.0	26.0	27.0	28.0	29.0	30.0	31.0	32.0	33.0	34.0	35.0	36.0	37.0	38.0	39.0	40.0
MHW271_trimmed_clipped_R1_paired	1.0	77.0	67.0	16.0	4189.0	843.0	830.0	2480.0	7332.0	15837.0	31085.0	52051.0	99179.0	152878.0	256955.0	420074.0	767803.0	1363004.0	3184906.0	20043296.0	9391395.0
	19.0	20.0	21.0	22.0	23.0	24.0	25.0	26.0	27.0	28.0	29.0	30.0	31.0	32.0	33.0	34.0	35.0	36.0	37.0	38.0	39.0	40.0
MHW271_trimmed_clipped_R2_paired	1.0	14.0	810.0	1096.0	374.0	14824.0	11593.0	6382.0	13255.0	27975.0	40873.0	55880.0	64911.0	107481.0	141130.0	247245.0	430700.0	858064.0	1566435.0	3624942.0	20978294.0	7602019.0
	20.0	21.0	22.0	23.0	24.0	25.0	26.0	27.0	28.0	29.0	30.0	31.0	32.0	33.0	34.0	35.0	36.0	37.0	38.0	39.0	40.0
MHW272_trimmed_clipped_R1_paired	8.0	93.0	82.0	27.0	5782.0	1022.0	980.0	2933.0	8360.0	18424.0	35709.0	59360.0	112474.0	172261.0	291193.0	478139.0	881069.0	1572540.0	3667554.0	22692123.0	10667051.0
	19.0	20.0	21.0	22.0	23.0	24.0	25.0	26.0	27.0	28.0	29.0	30.0	31.0	32.0	33.0	34.0	35.0	36.0	37.0	38.0	39.0	40.0
MHW272_trimmed_clipped_R2_paired	2.0	23.0	935.0	1288.0	446.0	16325.0	12834.0	7070.0	14807.0	31467.0	45929.0	62557.0	72496.0	119605.0	158104.0	277222.0	484972.0	971003.0	1799881.0	4176311.0	23779553.0	8634354.0
	20.0	21.0	22.0	23.0	24.0	25.0	26.0	27.0	28.0	29.0	30.0	31.0	32.0	33.0	34.0	35.0	36.0	37.0	38.0	39.0	40.0
MHW273_trimmed_clipped_R1_paired	5.0	115.0	71.0	26.0	6234.0	1110.0	1149.0	3297.0	10289.0	21401.0	41917.0	67944.0	127184.0	190818.0	318961.0	524761.0	988856.0	1826962.0	4539699.0	27569483.0	10888958.0
	20.0	21.0	22.0	23.0	24.0	25.0	26.0	27.0	28.0	29.0	30.0	31.0	32.0	33.0	34.0	35.0	36.0	37.0	38.0	39.0	40.0
MHW273_trimmed_clipped_R2_paired	16.0	1479.0	2063.0	746.0	25008.0	20526.0	10345.0	21398.0	45415.0	64164.0	86490.0	96757.0	157807.0	206482.0	360224.0	626590.0	1240978.0	2306751.0	5511404.0	28144544.0	8200053.0
	20.0	21.0	22.0	23.0	24.0	25.0	26.0	27.0	28.0	29.0	30.0	31.0	32.0	33.0	34.0	35.0	36.0	37.0	38.0	39.0	40.0
MHW274_trimmed_clipped_R1_paired	5.0	102.0	72.0	23.0	5889.0	1073.0	1280.0	3459.0	10549.0	22101.0	42560.0	68845.0	127812.0	191707.0	321406.0	526121.0	981796.0	1789382.0	4368735.0	27421088.0	11412302.0
	20.0	21.0	22.0	23.0	24.0	25.0	26.0	27.0	28.0	29.0	30.0	31.0	32.0	33.0	34.0	35.0	36.0	37.0	38.0	39.0	40.0
MHW274_trimmed_clipped_R2_paired	23.0	1180.0	1684.0	622.0	22142.0	18301.0	9823.0	19845.0	42501.0	61143.0	81978.0	94124.0	152591.0	199234.0	347301.0	601066.0	1194506.0	2207531.0	5266936.0	28244370.0	8729406.0
	20.0	21.0	22.0	23.0	24.0	25.0	26.0	27.0	28.0	29.0	30.0	31.0	32.0	33.0	34.0	35.0	36.0	37.0	38.0	39.0	40.0
MHW275_trimmed_clipped_R1_paired	4.0	85.0	73.0	13.0	6263.0	999.0	1082.0	3252.0	9737.0	20801.0	40939.0	66400.0	123372.0	185522.0	307158.0	504279.0	938247.0	1715915.0	4190171.0	25930340.0	10670594.0
	19.0	20.0	21.0	22.0	23.0	24.0	25.0	26.0	27.0	28.0	29.0	30.0	31.0	32.0	33.0	34.0	35.0	36.0	37.0	38.0	39.0	40.0
MHW275_trimmed_clipped_R2_paired	1.0	20.0	1217.0	1759.0	616.0	22180.0	17841.0	9390.0	19834.0	41926.0	60056.0	80699.0	92818.0	150746.0	196062.0	337427.0	587368.0	1160554.0	2137442.0	5073793.0	26662888.0	8060609.0
	20.0	21.0	22.0	23.0	24.0	25.0	26.0	27.0	28.0	29.0	30.0	31.0	32.0	33.0	34.0	35.0	36.0	37.0	38.0	39.0	40.0
MHW276_trimmed_clipped_R1_paired	8.0	100.0	84.0	17.0	5715.0	1038.0	1099.0	3128.0	8943.0	19364.0	37160.0	60654.0	114419.0	176368.0	300065.0	496406.0	922306.0	1671345.0	3959927.0	24711448.0	11629551.0
	20.0	21.0	22.0	23.0	24.0	25.0	26.0	27.0	28.0	29.0	30.0	31.0	32.0	33.0	34.0	35.0	36.0	37.0	38.0	39.0	40.0
MHW276_trimmed_clipped_R2_paired	24.0	1020.0	1435.0	524.0	18643.0	14447.0	7933.0	16139.0	35066.0	51377.0	69223.0	81563.0	133928.0	176710.0	308884.0	539062.0	1078348.0	2004963.0	4720960.0	25719250.0	9139646.0
	20.0	21.0	22.0	23.0	24.0	25.0	26.0	27.0	28.0	29.0	30.0	31.0	32.0	33.0	34.0	35.0	36.0	37.0	38.0	39.0	40.0
MHW277_trimmed_clipped_R1_paired	5.0	149.0	87.0	28.0	5925.0	1279.0	1194.0	3380.0	10217.0	20881.0	40009.0	64832.0	120483.0	183313.0	310415.0	513335.0	965467.0	1773119.0	4389364.0	27178523.0	10802425.0
	20.0	21.0	22.0	23.0	24.0	25.0	26.0	27.0	28.0	29.0	30.0	31.0	32.0	33.0	34.0	35.0	36.0	37.0	38.0	39.0	40.0
MHW277_trimmed_clipped_R2_paired	23.0	1214.0	1867.0	669.0	21711.0	18377.0	9322.0	19496.0	41311.0	59504.0	79578.0	91730.0	150174.0	196510.0	344406.0	598932.0	1189357.0	2203806.0	5290746.0	27832140.0	8233557.0
	20.0	21.0	22.0	23.0	24.0	25.0	26.0	27.0	28.0	29.0	30.0	31.0	32.0	33.0	34.0	35.0	36.0	37.0	38.0	39.0	40.0
MHW278_trimmed_clipped_R1_paired	4.0	103.0	70.0	24.0	5231.0	1005.0	1037.0	3045.0	8940.0	19394.0	37376.0	61264.0	116032.0	175395.0	295679.0	485410.0	900300.0	1633631.0	3978073.0	25080533.0	10428659.0
	19.0	20.0	21.0	22.0	23.0	24.0	25.0	26.0	27.0	28.0	29.0	30.0	31.0	32.0	33.0	34.0	35.0	36.0	37.0	38.0	39.0	40.0
MHW278_trimmed_clipped_R2_paired	1.0	14.0	1016.0	1562.0	585.0	19272.0	15505.0	8245.0	17384.0	36595.0	52449.0	71612.0	81923.0	133703.0	176274.0	307054.0	535986.0	1065679.0	1966471.0	4690200.0	25815396.0	8234279.0
	20.0	21.0	22.0	23.0	24.0	25.0	26.0	27.0	28.0	29.0	30.0	31.0	32.0	33.0	34.0	35.0	36.0	37.0	38.0	39.0	40.0
MHW279_trimmed_clipped_R1_paired	5.0	94.0	52.0	10.0	4058.0	815.0	827.0	2469.0	7476.0	15812.0	31112.0	51556.0	98027.0	150117.0	250416.0	410935.0	758133.0	1372258.0	3270796.0	20320668.0	9098849.0
	19.0	20.0	21.0	22.0	23.0	24.0	25.0	26.0	27.0	28.0	29.0	30.0	31.0	32.0	33.0	34.0	35.0	36.0	37.0	38.0	39.0	40.0
MHW279_trimmed_clipped_R2_paired	1.0	16.0	869.0	1194.0	461.0	15986.0	12512.0	6962.0	14239.0	30390.0	44008.0	59458.0	68934.0	113728.0	149784.0	261496.0	453832.0	900097.0	1656094.0	3875789.0	20996161.0	7182474.0
	20.0	21.0	22.0	23.0	24.0	25.0	26.0	27.0	28.0	29.0	30.0	31.0	32.0	33.0	34.0	35.0	36.0	37.0	38.0	39.0	40.0
MHW280_trimmed_clipped_R1_paired	3.0	106.0	77.0	23.0	6570.0	1155.0	1188.0	3268.0	9750.0	21056.0	40431.0	65981.0	123192.0	184190.0	310221.0	509432.0	951537.0	1735286.0	4232099.0	26405729.0	10843556.0
	19.0	20.0	21.0	22.0	23.0	24.0	25.0	26.0	27.0	28.0	29.0	30.0	31.0	32.0	33.0	34.0	35.0	36.0	37.0	38.0	39.0	40.0
MHW280_trimmed_clipped_R2_paired	2.0	15.0	1124.0	1567.0	589.0	20725.0	16737.0	8872.0	18767.0	39258.0	57102.0	77124.0	88642.0	144337.0	189416.0	329913.0	571726.0	1140008.0	2117697.0	5054760.0	27192654.0	8373815.0
	19.0	20.0	21.0	22.0	23.0	24.0	25.0	26.0	27.0	28.0	29.0	30.0	31.0	32.0	33.0	34.0	35.0	36.0	37.0	38.0	39.0	40.0
MHW281_trimmed_clipped_R1_paired	1.0	3.0	111.0	86.0	24.0	6524.0	1102.0	1200.0	3533.0	10692.0	22874.0	44166.0	72400.0	135219.0	201528.0	337134.0	548150.0	1016372.0	1855531.0	4546464.0	28270516.0	11846541.0
	19.0	20.0	21.0	22.0	23.0	24.0	25.0	26.0	27.0	28.0	29.0	30.0	31.0	32.0	33.0	34.0	35.0	36.0	37.0	38.0	39.0	40.0
MHW281_trimmed_clipped_R2_paired	2.0	31.0	1420.0	2038.0	730.0	25031.0	20775.0	10587.0	21890.0	45879.0	65491.0	87339.0	98285.0	161584.0	209900.0	366683.0	635964.0	1259992.0	2327767.0	5534217.0	29061302.0	8983264.0
	20.0	21.0	22.0	23.0	24.0	25.0	26.0	27.0	28.0	29.0	30.0	31.0	32.0	33.0	34.0	35.0	36.0	37.0	38.0	39.0	40.0
MHW282_trimmed_clipped_R1_paired	5.0	100.0	68.0	18.0	5803.0	1054.0	1220.0	3451.0	10156.0	22104.0	42732.0	71117.0	133083.0	203637.0	342979.0	556756.0	1019723.0	1825605.0	4294669.0	27279548.0	12680571.0
	20.0	21.0	22.0	23.0	24.0	25.0	26.0	27.0	28.0	29.0	30.0	31.0	32.0	33.0	34.0	35.0	36.0	37.0	38.0	39.0	40.0
MHW282_trimmed_clipped_R2_paired	18.0	1140.0	1667.0	655.0	21670.0	16806.0	9410.0	19133.0	40951.0	59290.0	80050.0	92267.0	152312.0	199343.0	346214.0	601084.0	1197734.0	2210992.0	5145786.0	28473809.0	9824068.0
	20.0	21.0	22.0	23.0	24.0	25.0	26.0	27.0	28.0	29.0	30.0	31.0	32.0	33.0	34.0	35.0	36.0	37.0	38.0	39.0	40.0
MHW283_trimmed_clipped_R1_paired	4.0	103.0	65.0	19.0	6327.0	1040.0	1200.0	3360.0	10250.0	21815.0	43454.0	71285.0	132061.0	198836.0	329304.0	535688.0	983319.0	1777895.0	4297409.0	27273729.0	12048912.0
	19.0	20.0	21.0	22.0	23.0	24.0	25.0	26.0	27.0	28.0	29.0	30.0	31.0	32.0	33.0	34.0	35.0	36.0	37.0	38.0	39.0	40.0
MHW283_trimmed_clipped_R2_paired	2.0	17.0	1255.0	1766.0	640.0	22522.0	17755.0	9646.0	20073.0	42945.0	61134.0	82864.0	95150.0	154447.0	201205.0	349528.0	606523.0	1196660.0	2199508.0	5189145.0	28194502.0	9288788.0
	20.0	21.0	22.0	23.0	24.0	25.0	26.0	27.0	28.0	29.0	30.0	31.0	32.0	33.0	34.0	35.0	36.0	37.0	38.0	39.0	40.0
MHW284_trimmed_clipped_R1_paired	3.0	113.0	75.0	15.0	5908.0	1007.0	1091.0	3171.0	9268.0	20038.0	38357.0	63478.0	120869.0	185465.0	313152.0	507386.0	923917.0	1651658.0	3922687.0	25525139.0	11929967.0
	20.0	21.0	22.0	23.0	24.0	25.0	26.0	27.0	28.0	29.0	30.0	31.0	32.0	33.0	34.0	35.0	36.0	37.0	38.0	39.0	40.0
MHW284_trimmed_clipped_R2_paired	10.0	1044.0	1504.0	585.0	19253.0	15588.0	8213.0	17246.0	36893.0	53516.0	72416.0	84454.0	138479.0	182676.0	317941.0	552154.0	1091745.0	2008640.0	4740501.0	26752416.0	9127490.0
	20.0	21.0	22.0	23.0	24.0	25.0	26.0	27.0	28.0	29.0	30.0	31.0	32.0	33.0	34.0	35.0	36.0	37.0	38.0	39.0	40.0
MHW285_trimmed_clipped_R1_paired	5.0	128.0	85.0	12.0	5669.0	1223.0	1125.0	3262.0	9777.0	20622.0	39334.0	63875.0	119900.0	181445.0	306504.0	501627.0	928720.0	1679288.0	4071420.0	25943730.0	11272971.0
	19.0	20.0	21.0	22.0	23.0	24.0	25.0	26.0	27.0	28.0	29.0	30.0	31.0	32.0	33.0	34.0	35.0	36.0	37.0	38.0	39.0	40.0
MHW285_trimmed_clipped_R2_paired	3.0	14.0	1115.0	1579.0	549.0	20280.0	16266.0	8563.0	17997.0	38438.0	55419.0	74902.0	86253.0	141171.0	185104.0	323863.0	563952.0	1117840.0	2066334.0	4901777.0	26854738.0	8674565.0
	20.0	21.0	22.0	23.0	24.0	25.0	26.0	27.0	28.0	29.0	30.0	31.0	32.0	33.0	34.0	35.0	36.0	37.0	38.0	39.0	40.0
MHW286_trimmed_clipped_R1_paired	3.0	107.0	52.0	27.0	5946.0	1155.0	1171.0	3382.0	9965.0	21077.0	40678.0	67123.0	126405.0	192187.0	328349.0	544939.0	1017719.0	1866485.0	4578945.0	27355124.0	10850552.0
	19.0	20.0	21.0	22.0	23.0	24.0	25.0	26.0	27.0	28.0	29.0	30.0	31.0	32.0	33.0	34.0	35.0	36.0	37.0	38.0	39.0	40.0
MHW286_trimmed_clipped_R2_paired	1.0	20.0	1432.0	1946.0	720.0	24170.0	20085.0	9944.0	20759.0	43430.0	61224.0	82350.0	92362.0	152751.0	202305.0	358475.0	632172.0	1261062.0	2334125.0	5510760.0	27823565.0	8377733.0
	20.0	21.0	22.0	23.0	24.0	25.0	26.0	27.0	28.0	29.0	30.0	31.0	32.0	33.0	34.0	35.0	36.0	37.0	38.0	39.0	40.0
MHW287_trimmed_clipped_R1_paired	3.0	84.0	68.0	11.0	4466.0	925.0	981.0	2707.0	8302.0	17708.0	34983.0	57799.0	110455.0	167925.0	281338.0	455626.0	834465.0	1498639.0	3575800.0	22402848.0	10245886.0
	19.0	20.0	21.0	22.0	23.0	24.0	25.0	26.0	27.0	28.0	29.0	30.0	31.0	32.0	33.0	34.0	35.0	36.0	37.0	38.0	39.0	40.0
MHW287_trimmed_clipped_R2_paired	2.0	13.0	932.0	1436.0	557.0	18361.0	14788.0	7805.0	16087.0	34385.0	49677.0	66558.0	77070.0	127079.0	166906.0	291302.0	507551.0	1007224.0	1843344.0	4303488.0	23208535.0	7957919.0
	20.0	21.0	22.0	23.0	24.0	25.0	26.0	27.0	28.0	29.0	30.0	31.0	32.0	33.0	34.0	35.0	36.0	37.0	38.0	39.0	40.0
MHW288_trimmed_clipped_R1_paired	7.0	110.0	77.0	12.0	6558.0	1183.0	1110.0	3301.0	10132.0	21893.0	42049.0	68417.0	128419.0	194591.0	324180.0	524954.0	960294.0	1730196.0	4142522.0	26275300.0	12348696.0
	19.0	20.0	21.0	22.0	23.0	24.0	25.0	26.0	27.0	28.0	29.0	30.0	31.0	32.0	33.0	34.0	35.0	36.0	37.0	38.0	39.0	40.0
MHW288_trimmed_clipped_R2_paired	1.0	14.0	1246.0	1600.0	583.0	20821.0	16530.0	8880.0	18267.0	39145.0	56411.0	75617.0	87935.0	144270.0	188461.0	327807.0	568081.0	1131408.0	2097646.0	4954754.0	27256235.0	9788289.0
	20.0	21.0	22.0	23.0	24.0	25.0	26.0	27.0	28.0	29.0	30.0	31.0	32.0	33.0	34.0	35.0	36.0	37.0	38.0	39.0	40.0
MHW289_trimmed_clipped_R1_paired	6.0	113.0	75.0	28.0	6347.0	1236.0	1761.0	5002.0	14610.0	29302.0	51785.0	75509.0	128900.0	182300.0	299616.0	489523.0	901616.0	1617659.0	3847895.0	22630179.0	11171275.0
	19.0	20.0	21.0	22.0	23.0	24.0	25.0	26.0	27.0	28.0	29.0	30.0	31.0	32.0	33.0	34.0	35.0	36.0	37.0	38.0	39.0	40.0
MHW289_trimmed_clipped_R2_paired	2.0	29.0	2176.0	3033.0	1154.0	36959.0	29083.0	14511.0	29075.0	59628.0	82760.0	103296.0	109076.0	176027.0	211279.0	355716.0	596210.0	1161290.0	2077451.0	4741521.0	23235242.0	8429219.0
	20.0	21.0	22.0	23.0	24.0	25.0	26.0	27.0	28.0	29.0	30.0	31.0	32.0	33.0	34.0	35.0	36.0	37.0	38.0	39.0	40.0
MHW290_trimmed_clipped_R1_paired	4.0	124.0	65.0	25.0	5718.0	1202.0	1368.0	3778.0	11623.0	23548.0	44543.0	69216.0	125139.0	185034.0	306960.0	500496.0	922242.0	1655878.0	3970522.0	23721665.0	11966743.0
	20.0	21.0	22.0	23.0	24.0	25.0	26.0	27.0	28.0	29.0	30.0	31.0	32.0	33.0	34.0	35.0	36.0	37.0	38.0	39.0	40.0
MHW290_trimmed_clipped_R2_paired	16.0	2306.0	3241.0	1264.0	38283.0	30328.0	14772.0	30558.0	62148.0	85986.0	109305.0	116080.0	185695.0	223245.0	375556.0	624845.0	1212878.0	2164218.0	4948889.0	24407279.0	8879001.0
	16.0	17.0	18.0	19.0	20.0	21.0	22.0	23.0	24.0	25.0	26.0	27.0	28.0	29.0	30.0	31.0	32.0	33.0	34.0	35.0	36.0	37.0	38.0	39.0	40.0
MHW291_trimmed_clipped_R1_paired	1.0	0.0	0.0	0.0	25.0	133.0	92.0	21.0	7424.0	1234.0	1274.0	3459.0	10467.0	21792.0	40412.0	62309.0	114055.0	166632.0	276954.0	454410.0	830586.0	1476262.0	3461585.0	20277581.0	10237186.0
	19.0	20.0	21.0	22.0	23.0	24.0	25.0	26.0	27.0	28.0	29.0	30.0	31.0	32.0	33.0	34.0	35.0	36.0	37.0	38.0	39.0	40.0
MHW291_trimmed_clipped_R2_paired	1.0	34.0	3472.0	4537.0	1644.0	71811.0	40897.0	20397.0	39916.0	79719.0	108365.0	124549.0	124608.0	205396.0	220824.0	359100.0	559177.0	1092605.0	1892755.0	4229128.0	20516333.0	7748626.0
	20.0	21.0	22.0	23.0	24.0	25.0	26.0	27.0	28.0	29.0	30.0	31.0	32.0	33.0	34.0	35.0	36.0	37.0	38.0	39.0	40.0
MHW292_trimmed_clipped_R1_paired	7.0	133.0	96.0	20.0	7303.0	1343.0	1379.0	3806.0	11599.0	24208.0	47094.0	76483.0	141197.0	212657.0	356039.0	584542.0	1072224.0	1916577.0	4524313.0	27471764.0	14232169.0
	16.0	17.0	18.0	19.0	20.0	21.0	22.0	23.0	24.0	25.0	26.0	27.0	28.0	29.0	30.0	31.0	32.0	33.0	34.0	35.0	36.0	37.0	38.0	39.0	40.0
MHW292_trimmed_clipped_R2_paired	1.0	0.0	0.0	0.0	39.0	2434.0	3349.0	1267.0	41832.0	32237.0	16097.0	32881.0	67552.0	93646.0	117718.0	126675.0	202547.0	245405.0	414749.0	693953.0	1348371.0	2406244.0	5479460.0	28508092.0	10850404.0
	20.0	21.0	22.0	23.0	24.0	25.0	26.0	27.0	28.0	29.0	30.0	31.0	32.0	33.0	34.0	35.0	36.0	37.0	38.0	39.0	40.0
MHW293_trimmed_clipped_R1_paired	5.0	117.0	99.0	37.0	7442.0	1390.0	1852.0	5272.0	15364.0	31126.0	57095.0	86058.0	151465.0	216589.0	359312.0	585860.0	1078326.0	1928147.0	4575631.0	27097314.0	13628114.0
	19.0	20.0	21.0	22.0	23.0	24.0	25.0	26.0	27.0	28.0	29.0	30.0	31.0	32.0	33.0	34.0	35.0	36.0	37.0	38.0	39.0	40.0
MHW293_trimmed_clipped_R2_paired	1.0	37.0	2463.0	3316.0	1253.0	42029.0	31729.0	16467.0	33559.0	70023.0	96523.0	123220.0	130558.0	207803.0	247026.0	413739.0	692382.0	1352108.0	2421654.0	5537079.0	28061763.0	10341883.0
	20.0	21.0	22.0	23.0	24.0	25.0	26.0	27.0	28.0	29.0	30.0	31.0	32.0	33.0	34.0	35.0	36.0	37.0	38.0	39.0	40.0
MHW294_trimmed_clipped_R1_paired	14.0	127.0	93.0	34.0	8428.0	1413.0	1535.0	4400.0	13578.0	28617.0	54469.0	86582.0	154432.0	225374.0	371530.0	605146.0	1106728.0	1987101.0	4740131.0	28556570.0	14587602.0
	19.0	20.0	21.0	22.0	23.0	24.0	25.0	26.0	27.0	28.0	29.0	30.0	31.0	32.0	33.0	34.0	35.0	36.0	37.0	38.0	39.0	40.0
MHW294_trimmed_clipped_R2_paired	1.0	29.0	2493.0	3413.0	1332.0	42213.0	33270.0	17041.0	34761.0	70918.0	98995.0	126711.0	135940.0	216166.0	259308.0	434618.0	724160.0	1405965.0	2512824.0	5754753.0	29522592.0	11136401.0
	20.0	21.0	22.0	23.0	24.0	25.0	26.0	27.0	28.0	29.0	30.0	31.0	32.0	33.0	34.0	35.0	36.0	37.0	38.0	39.0	40.0
MHW295_trimmed_clipped_R1_paired	2.0	155.0	112.0	25.0	8619.0	1539.0	1650.0	4564.0	13452.0	27731.0	52084.0	82974.0	152285.0	228732.0	386270.0	638925.0	1180812.0	2123804.0	5040030.0	30088313.0	15380833.0
	19.0	20.0	21.0	22.0	23.0	24.0	25.0	26.0	27.0	28.0	29.0	30.0	31.0	32.0	33.0	34.0	35.0	36.0	37.0	38.0	39.0	40.0
MHW295_trimmed_clipped_R2_paired	4.0	33.0	2572.0	3509.0	1340.0	42443.0	34532.0	17251.0	35144.0	72879.0	100738.0	130217.0	140133.0	223959.0	271192.0	455191.0	764071.0	1486625.0	2675704.0	6164722.0	31260069.0	11530583.0
	20.0	21.0	22.0	23.0	24.0	25.0	26.0	27.0	28.0	29.0	30.0	31.0	32.0	33.0	34.0	35.0	36.0	37.0	38.0	39.0	40.0
MHW296_trimmed_clipped_R1_paired	7.0	190.0	136.0	28.0	9370.0	1924.0	1774.0	4852.0	14341.0	30051.0	56325.0	89241.0	165528.0	244426.0	412798.0	679592.0	1265717.0	2304407.0	5600554.0	33595410.0	16489951.0
	19.0	20.0	21.0	22.0	23.0	24.0	25.0	26.0	27.0	28.0	29.0	30.0	31.0	32.0	33.0	34.0	35.0	36.0	37.0	38.0	39.0	40.0
MHW296_trimmed_clipped_R2_paired	4.0	28.0	3471.0	4873.0	1795.0	47155.0	42886.0	19154.0	39479.0	81088.0	111335.0	142980.0	152059.0	242810.0	296198.0	497223.0	839349.0	1635393.0	2969901.0	6910629.0	34424665.0	12504147.0
	20.0	21.0	22.0	23.0	24.0	25.0	26.0	27.0	28.0	29.0	30.0	31.0	32.0	33.0	34.0	35.0	36.0	37.0	38.0	39.0	40.0
MHW297_trimmed_clipped_R1_paired	6.0	131.0	102.0	32.0	8029.0	1729.0	2424.0	6509.0	19805.0	38611.0	69384.0	100237.0	170651.0	239407.0	392277.0	637275.0	1173904.0	2105131.0	4975772.0	29230402.0	14518934.0
	19.0	20.0	21.0	22.0	23.0	24.0	25.0	26.0	27.0	28.0	29.0	30.0	31.0	32.0	33.0	34.0	35.0	36.0	37.0	38.0	39.0	40.0
MHW297_trimmed_clipped_R2_paired	2.0	46.0	2502.0	3486.0	1342.0	44373.0	33978.0	17381.0	35070.0	72305.0	100450.0	127331.0	135548.0	217581.0	261931.0	441285.0	740870.0	1448938.0	2598301.0	5926501.0	30153159.0	11328372.0
	20.0	21.0	22.0	23.0	24.0	25.0	26.0	27.0	28.0	29.0	30.0	31.0	32.0	33.0	34.0	35.0	36.0	37.0	38.0	39.0	40.0
MHW298_trimmed_clipped_R1_paired	3.0	155.0	82.0	29.0	6751.0	1426.0	1687.0	4808.0	13845.0	28794.0	54457.0	85545.0	154727.0	227325.0	380840.0	619704.0	1135686.0	2023505.0	4752740.0	28637923.0	14924255.0
	16.0	17.0	18.0	19.0	20.0	21.0	22.0	23.0	24.0	25.0	26.0	27.0	28.0	29.0	30.0	31.0	32.0	33.0	34.0	35.0	36.0	37.0	38.0	39.0	40.0
MHW298_trimmed_clipped_R2_paired	1.0	0.0	0.0	2.0	42.0	2191.0	3005.0	1198.0	39272.0	30217.0	16141.0	32594.0	67206.0	94453.0	121484.0	130641.0	209609.0	255329.0	431371.0	725354.0	1411127.0	2511869.0	5694675.0	29743072.0	11533434.0
	20.0	21.0	22.0	23.0	24.0	25.0	26.0	27.0	28.0	29.0	30.0	31.0	32.0	33.0	34.0	35.0	36.0	37.0	38.0	39.0	40.0
MHW299_trimmed_clipped_R1_paired	16.0	150.0	102.0	37.0	8812.0	1507.0	1477.0	4201.0	12747.0	26237.0	49699.0	78718.0	144249.0	211593.0	353791.0	576746.0	1059776.0	1893050.0	4468638.0	26373120.0	13283505.0
	19.0	20.0	21.0	22.0	23.0	24.0	25.0	26.0	27.0	28.0	29.0	30.0	31.0	32.0	33.0	34.0	35.0	36.0	37.0	38.0	39.0	40.0
MHW299_trimmed_clipped_R2_paired	3.0	41.0	3458.0	4618.0	1708.0	69685.0	42368.0	21607.0	42684.0	86433.0	117512.0	139104.0	142938.0	235148.0	260613.0	430727.0	685774.0	1342279.0	2366800.0	5361407.0	26893508.0	10299756.0
	20.0	21.0	22.0	23.0	24.0	25.0	26.0	27.0	28.0	29.0	30.0	31.0	32.0	33.0	34.0	35.0	36.0	37.0	38.0	39.0	40.0
MHW300_trimmed_clipped_R1_paired	5.0	146.0	97.0	31.0	8126.0	1482.0	1376.0	4101.0	12682.0	26708.0	51820.0	84722.0	157904.0	235185.0	392973.0	641825.0	1176098.0	2115900.0	5129820.0	31298447.0	15776919.0
	16.0	17.0	18.0	19.0	20.0	21.0	22.0	23.0	24.0	25.0	26.0	27.0	28.0	29.0	30.0	31.0	32.0	33.0	34.0	35.0	36.0	37.0	38.0	39.0	40.0
MHW300_trimmed_clipped_R2_paired	2.0	0.0	0.0	3.0	28.0	3124.0	4357.0	1679.0	48602.0	40039.0	18644.0	37874.0	76631.0	105546.0	133891.0	141917.0	228929.0	277228.0	468671.0	784462.0	1527221.0	2735157.0	6300304.0	32059215.0	12122843.0
	20.0	21.0	22.0	23.0	24.0	25.0	26.0	27.0	28.0	29.0	30.0	31.0	32.0	33.0	34.0	35.0	36.0	37.0	38.0	39.0	40.0
MHW301_trimmed_clipped_R1_paired	9.0	143.0	90.0	28.0	8409.0	1604.0	2248.0	6201.0	18446.0	37188.0	67870.0	100676.0	173843.0	246605.0	403545.0	652057.0	1192361.0	2123219.0	5033599.0	30250244.0	15390977.0
	19.0	20.0	21.0	22.0	23.0	24.0	25.0	26.0	27.0	28.0	29.0	30.0	31.0	32.0	33.0	34.0	35.0	36.0	37.0	38.0	39.0	40.0
MHW301_trimmed_clipped_R2_paired	2.0	28.0	2709.0	3618.0	1498.0	47717.0	35470.0	18602.0	37654.0	78256.0	109167.0	138336.0	146448.0	233823.0	276615.0	462035.0	768260.0	1499872.0	2676839.0	6105184.0	31183313.0	11883916.0
	20.0	21.0	22.0	23.0	24.0	25.0	26.0	27.0	28.0	29.0	30.0	31.0	32.0	33.0	34.0	35.0	36.0	37.0	38.0	39.0	40.0
MHW302_trimmed_clipped_R1_paired	9.0	126.0	91.0	25.0	8309.0	1391.0	1828.0	4927.0	15603.0	32342.0	60771.0	92560.0	161014.0	231318.0	375189.0	600795.0	1085053.0	1910332.0	4471706.0	27805436.0	14950749.0
	19.0	20.0	21.0	22.0	23.0	24.0	25.0	26.0	27.0	28.0	29.0	30.0	31.0	32.0	33.0	34.0	35.0	36.0	37.0	38.0	39.0	40.0
MHW302_trimmed_clipped_R2_paired	1.0	31.0	2149.0	2894.0	1190.0	40005.0	29060.0	16085.0	32544.0	67515.0	94846.0	120768.0	131287.0	208577.0	250550.0	418528.0	696854.0	1344230.0	2371981.0	5362470.0	28950332.0	11667677.0
	20.0	21.0	22.0	23.0	24.0	25.0	26.0	27.0	28.0	29.0	30.0	31.0	32.0	33.0	34.0	35.0	36.0	37.0	38.0	39.0	40.0
MHW303_trimmed_clipped_R1_paired	4.0	143.0	131.0	40.0	8368.0	1552.0	1621.0	4615.0	13581.0	27942.0	53725.0	84974.0	157397.0	233905.0	393665.0	637867.0	1157259.0	2041850.0	4752303.0	29576596.0	16282850.0
	19.0	20.0	21.0	22.0	23.0	24.0	25.0	26.0	27.0	28.0	29.0	30.0	31.0	32.0	33.0	34.0	35.0	36.0	37.0	38.0	39.0	40.0
MHW303_trimmed_clipped_R2_paired	3.0	37.0	2080.0	2907.0	1154.0	37905.0	29320.0	15628.0	32654.0	67406.0	95677.0	123803.0	134881.0	214193.0	260877.0	436205.0	728458.0	1410391.0	2509443.0	5716068.0	31029803.0	12581495.0
	20.0	21.0	22.0	23.0	24.0	25.0	26.0	27.0	28.0	29.0	30.0	31.0	32.0	33.0	34.0	35.0	36.0	37.0	38.0	39.0	40.0
MHW304_trimmed_clipped_R1_paired	8.0	178.0	102.0	27.0	7713.0	1693.0	1669.0	4708.0	14096.0	28770.0	53725.0	83536.0	153376.0	226070.0	377516.0	614861.0	1121443.0	1983198.0	4616728.0	28925170.0	16008258.0
	20.0	21.0	22.0	23.0	24.0	25.0	26.0	27.0	28.0	29.0	30.0	31.0	32.0	33.0	34.0	35.0	36.0	37.0	38.0	39.0	40.0
MHW304_trimmed_clipped_R2_paired	44.0	2099.0	2960.0	1088.0	38483.0	29683.0	15645.0	31782.0	65902.0	93184.0	120792.0	131370.0	209392.0	252424.0	420992.0	702567.0	1358905.0	2418582.0	5456236.0	30214349.0	12656366.0
	20.0	21.0	22.0	23.0	24.0	25.0	26.0	27.0	28.0	29.0	30.0	31.0	32.0	33.0	34.0	35.0	36.0	37.0	38.0	39.0	40.0
MHW305_trimmed_clipped_R1_paired	9.0	113.0	85.0	31.0	7840.0	1661.0	2692.0	7513.0	23145.0	44940.0	80235.0	111579.0	180756.0	242920.0	386894.0	612843.0	1101773.0	1929218.0	4499528.0	27769349.0	14778384.0
	19.0	20.0	21.0	22.0	23.0	24.0	25.0	26.0	27.0	28.0	29.0	30.0	31.0	32.0	33.0	34.0	35.0	36.0	37.0	38.0	39.0	40.0
MHW305_trimmed_clipped_R2_paired	1.0	37.0	2037.0	2855.0	1113.0	38623.0	28417.0	15299.0	31163.0	64762.0	90240.0	115328.0	124546.0	201098.0	241710.0	408101.0	684521.0	1327411.0	2355863.0	5334844.0	28881494.0	11832045.0
	20.0	21.0	22.0	23.0	24.0	25.0	26.0	27.0	28.0	29.0	30.0	31.0	32.0	33.0	34.0	35.0	36.0	37.0	38.0	39.0	40.0
MHW306_trimmed_clipped_R1_paired	12.0	134.0	88.0	25.0	6456.0	1402.0	1856.0	5101.0	15667.0	32306.0	59797.0	90889.0	158383.0	228196.0	372163.0	597466.0	1082912.0	1913294.0	4475507.0	27470588.0	14551028.0
	16.0	17.0	18.0	19.0	20.0	21.0	22.0	23.0	24.0	25.0	26.0	27.0	28.0	29.0	30.0	31.0	32.0	33.0	34.0	35.0	36.0	37.0	38.0	39.0	40.0
MHW306_trimmed_clipped_R2_paired	1.0	0.0	0.0	1.0	43.0	2034.0	2714.0	1080.0	37014.0	28346.0	15141.0	31177.0	63882.0	89579.0	115732.0	125926.0	201193.0	244518.0	412749.0	693408.0	1340933.0	2376025.0	5366633.0	28502047.0	11413094.0
	20.0	21.0	22.0	23.0	24.0	25.0	26.0	27.0	28.0	29.0	30.0	31.0	32.0	33.0	34.0	35.0	36.0	37.0	38.0	39.0	40.0
MHW307_trimmed_clipped_R1_paired	23.0	166.0	115.0	47.0	10325.0	1762.0	1990.0	5506.0	16561.0	34225.0	64281.0	99729.0	179009.0	261517.0	430797.0	692472.0	1243238.0	2176943.0	5027989.0	31395425.0	17263060.0
	16.0	17.0	18.0	19.0	20.0	21.0	22.0	23.0	24.0	25.0	26.0	27.0	28.0	29.0	30.0	31.0	32.0	33.0	34.0	35.0	36.0	37.0	38.0	39.0	40.0
MHW307_trimmed_clipped_R2_paired	1.0	0.0	0.0	0.0	42.0	3093.0	4042.0	1509.0	66950.0	40352.0	22231.0	44500.0	90705.0	125858.0	152455.0	161270.0	261213.0	295292.0	486553.0	780055.0	1515428.0	2645829.0	5933279.0	32527978.0	13746545.0
	20.0	21.0	22.0	23.0	24.0	25.0	26.0	27.0	28.0	29.0	30.0	31.0	32.0	33.0	34.0	35.0	36.0	37.0	38.0	39.0	40.0
MHW308_trimmed_clipped_R1_paired	7.0	112.0	84.0	14.0	6374.0	1082.0	1189.0	3334.0	9980.0	21553.0	41273.0	67608.0	124999.0	186617.0	312083.0	509640.0	932335.0	1659948.0	3910448.0	23825413.0	12664958.0
	19.0	20.0	21.0	22.0	23.0	24.0	25.0	26.0	27.0	28.0	29.0	30.0	31.0	32.0	33.0	34.0	35.0	36.0	37.0	38.0	39.0	40.0
MHW308_trimmed_clipped_R2_paired	2.0	30.0	2025.0	2924.0	1111.0	35805.0	28357.0	14258.0	28241.0	58036.0	80370.0	102213.0	109050.0	174715.0	210587.0	354107.0	590639.0	1153391.0	2059069.0	4670062.0	24565586.0	10038473.0
	20.0	21.0	22.0	23.0	24.0	25.0	26.0	27.0	28.0	29.0	30.0	31.0	32.0	33.0	34.0	35.0	36.0	37.0	38.0	39.0	40.0
MHW309_trimmed_clipped_R1_paired	5.0	113.0	98.0	34.0	7470.0	1360.0	2041.0	5591.0	16646.0	33692.0	61121.0	89192.0	151894.0	213984.0	349519.0	565734.0	1041197.0	1860117.0	4379771.0	26130605.0	13465446.0
	19.0	20.0	21.0	22.0	23.0	24.0	25.0	26.0	27.0	28.0	29.0	30.0	31.0	32.0	33.0	34.0	35.0	36.0	37.0	38.0	39.0	40.0
MHW309_trimmed_clipped_R2_paired	1.0	20.0	2267.0	3375.0	1270.0	41210.0	31169.0	16255.0	32707.0	68188.0	94281.0	119378.0	125739.0	200501.0	236054.0	394735.0	657835.0	1285959.0	2302067.0	5244282.0	26929029.0	10589308.0
	20.0	21.0	22.0	23.0	24.0	25.0	26.0	27.0	28.0	29.0	30.0	31.0	32.0	33.0	34.0	35.0	36.0	37.0	38.0	39.0	40.0
MHW310_trimmed_clipped_R1_paired	9.0	110.0	86.0	24.0	7862.0	1381.0	1666.0	5120.0	15858.0	32291.0	60108.0	89805.0	152475.0	214965.0	348201.0	558612.0	1016248.0	1797949.0	4188173.0	25690933.0	13781585.0
	19.0	20.0	21.0	22.0	23.0	24.0	25.0	26.0	27.0	28.0	29.0	30.0	31.0	32.0	33.0	34.0	35.0	36.0	37.0	38.0	39.0	40.0
MHW310_trimmed_clipped_R2_paired	2.0	24.0	1975.0	2687.0	1062.0	36845.0	27456.0	14997.0	30447.0	62235.0	87388.0	110998.0	119897.0	191439.0	229558.0	385344.0	641694.0	1242103.0	2203231.0	4970131.0	26697650.0	10906298.0
	20.0	21.0	22.0	23.0	24.0	25.0	26.0	27.0	28.0	29.0	30.0	31.0	32.0	33.0	34.0	35.0	36.0	37.0	38.0	39.0	40.0
MHW311_trimmed_clipped_R1_paired	18.0	87.0	72.0	17.0	4970.0	1350.0	930.0	2863.0	8801.0	19287.0	39481.0	68359.0	137168.0	221042.0	384768.0	626889.0	1094172.0	1802843.0	3879360.0	21725413.0	8716788.0
	20.0	21.0	22.0	23.0	24.0	25.0	26.0	27.0	28.0	29.0	30.0	31.0	32.0	33.0	34.0	35.0	36.0	37.0	38.0	39.0	40.0
MHW311_trimmed_clipped_R2_paired	39.0	933.0	1335.0	532.0	18887.0	14810.0	8419.0	17308.0	36016.0	51305.0	69845.0	82610.0	139036.0	187750.0	337493.0	599628.0	1191997.0	2109400.0	4506834.0	22056145.0	7304356.0
	20.0	21.0	22.0	23.0	24.0	25.0	26.0	27.0	28.0	29.0	30.0	31.0	32.0	33.0	34.0	35.0	36.0	37.0	38.0	39.0	40.0
MHW312_trimmed_clipped_R1_paired	8.0	145.0	104.0	35.0	8836.0	1589.0	1658.0	4705.0	14250.0	29439.0	56321.0	89954.0	165063.0	251000.0	429270.0	728478.0	1399602.0	2625566.0	6569331.0	36086990.0	11976940.0
	20.0	21.0	22.0	23.0	24.0	25.0	26.0	27.0	28.0	29.0	30.0	31.0	32.0	33.0	34.0	35.0	36.0	37.0	38.0	39.0	40.0
MHW312_trimmed_clipped_R2_paired	41.0	2319.0	3242.0	1167.0	37955.0	32026.0	14650.0	30640.0	64367.0	90165.0	119785.0	132497.0	217780.0	287408.0	511428.0	896518.0	1784824.0	3310781.0	7871494.0	35938542.0	9091655.0
	20.0	21.0	22.0	23.0	24.0	25.0	26.0	27.0	28.0	29.0	30.0	31.0	32.0	33.0	34.0	35.0	36.0	37.0	38.0	39.0	40.0
MHW313_trimmed_clipped_R1_paired	5.0	102.0	83.0	21.0	7371.0	1320.0	1360.0	3656.0	11283.0	24004.0	46346.0	74397.0	137640.0	205783.0	349913.0	581003.0	1105413.0	2063524.0	5168474.0	29158311.0	9969692.0
	19.0	20.0	21.0	22.0	23.0	24.0	25.0	26.0	27.0	28.0	29.0	30.0	31.0	32.0	33.0	34.0	35.0	36.0	37.0	38.0	39.0	40.0
MHW313_trimmed_clipped_R2_paired	1.0	34.0	1763.0	2573.0	947.0	29710.0	24720.0	11827.0	24738.0	51273.0	72001.0	95927.0	106612.0	175585.0	230198.0	407002.0	709234.0	1403011.0	2595989.0	6191265.0	29131151.0	7644140.0
	20.0	21.0	22.0	23.0	24.0	25.0	26.0	27.0	28.0	29.0	30.0	31.0	32.0	33.0	34.0	35.0	36.0	37.0	38.0	39.0	40.0
MHW314_trimmed_clipped_R1_paired	5.0	121.0	89.0	22.0	7209.0	1316.0	1313.0	3691.0	10891.0	22381.0	42790.0	68076.0	127983.0	195397.0	336938.0	570962.0	1087394.0	2033470.0	5087496.0	29013302.0	10006379.0
	20.0	21.0	22.0	23.0	24.0	25.0	26.0	27.0	28.0	29.0	30.0	31.0	32.0	33.0	34.0	35.0	36.0	37.0	38.0	39.0	40.0
MHW314_trimmed_clipped_R2_paired	32.0	1572.0	2369.0	808.0	27991.0	23212.0	10778.0	22617.0	47487.0	67252.0	89639.0	99719.0	166725.0	220740.0	391925.0	687445.0	1366432.0	2546115.0	6115347.0	29160149.0	7568871.0
	20.0	21.0	22.0	23.0	24.0	25.0	26.0	27.0	28.0	29.0	30.0	31.0	32.0	33.0	34.0	35.0	36.0	37.0	38.0	39.0	40.0
MHW315_trimmed_clipped_R1_paired	4.0	134.0	129.0	28.0	6217.0	1318.0	1189.0	3369.0	10336.0	21526.0	40148.0	64736.0	121330.0	185223.0	317571.0	530976.0	1002104.0	1843654.0	4532783.0	26868335.0	9756048.0
	20.0	21.0	22.0	23.0	24.0	25.0	26.0	27.0	28.0	29.0	30.0	31.0	32.0	33.0	34.0	35.0	36.0	37.0	38.0	39.0	40.0
MHW315_trimmed_clipped_R2_paired	32.0	1241.0	1828.0	624.0	22735.0	18463.0	9427.0	20101.0	41193.0	58865.0	79974.0	90550.0	148714.0	196239.0	346376.0	607463.0	1209036.0	2228910.0	5331542.0	27241082.0	7652763.0
	20.0	21.0	22.0	23.0	24.0	25.0	26.0	27.0	28.0	29.0	30.0	31.0	32.0	33.0	34.0	35.0	36.0	37.0	38.0	39.0	40.0
MHW316_trimmed_clipped_R1_paired	7.0	104.0	58.0	30.0	6177.0	1207.0	1180.0	3306.0	9665.0	20635.0	39445.0	63319.0	118091.0	178718.0	305608.0	515186.0	983205.0	1841514.0	4638603.0	26205459.0	8854923.0
	19.0	20.0	21.0	22.0	23.0	24.0	25.0	26.0	27.0	28.0	29.0	30.0	31.0	32.0	33.0	34.0	35.0	36.0	37.0	38.0	39.0	40.0
MHW316_trimmed_clipped_R2_paired	1.0	34.0	1447.0	2228.0	770.0	25703.0	21143.0	10244.0	20671.0	43433.0	60920.0	80627.0	90200.0	148916.0	196831.0	347463.0	610759.0	1213273.0	2252831.0	5417467.0	26215675.0	7025804.0
	20.0	21.0	22.0	23.0	24.0	25.0	26.0	27.0	28.0	29.0	30.0	31.0	32.0	33.0	34.0	35.0	36.0	37.0	38.0	39.0	40.0
MHW317_trimmed_clipped_R1_paired	3.0	114.0	74.0	20.0	5416.0	1114.0	1130.0	3182.0	9514.0	19855.0	38888.0	62885.0	117964.0	178888.0	305616.0	509511.0	962570.0	1787867.0	4440191.0	25149191.0	8851054.0
	20.0	21.0	22.0	23.0	24.0	25.0	26.0	27.0	28.0	29.0	30.0	31.0	32.0	33.0	34.0	35.0	36.0	37.0	38.0	39.0	40.0
MHW317_trimmed_clipped_R2_paired	23.0	1430.0	2009.0	742.0	24245.0	19838.0	9525.0	20216.0	42056.0	59089.0	79048.0	88761.0	146531.0	194584.0	345093.0	607233.0	1201006.0	2215021.0	5246330.0	25202590.0	6939677.0
	20.0	21.0	22.0	23.0	24.0	25.0	26.0	27.0	28.0	29.0	30.0	31.0	32.0	33.0	34.0	35.0	36.0	37.0	38.0	39.0	40.0
MHW318_trimmed_clipped_R1_paired	6.0	126.0	91.0	18.0	7054.0	1253.0	1234.0	3455.0	10369.0	22294.0	41577.0	66972.0	125802.0	188269.0	320234.0	534044.0	1008776.0	1871451.0	4655968.0	27111916.0	9524489.0
	19.0	20.0	21.0	22.0	23.0	24.0	25.0	26.0	27.0	28.0	29.0	30.0	31.0	32.0	33.0	34.0	35.0	36.0	37.0	38.0	39.0	40.0
MHW318_trimmed_clipped_R2_paired	1.0	39.0	1388.0	2096.0	706.0	25051.0	20555.0	10148.0	21033.0	44461.0	62679.0	83389.0	93626.0	154494.0	202512.0	356333.0	620130.0	1232458.0	2286559.0	5492808.0	27369579.0	7415353.0
	20.0	21.0	22.0	23.0	24.0	25.0	26.0	27.0	28.0	29.0	30.0	31.0	32.0	33.0	34.0	35.0	36.0	37.0	38.0	39.0	40.0
MHW319_trimmed_clipped_R1_paired	6.0	94.0	72.0	24.0	6269.0	1127.0	1155.0	3335.0	10178.0	22331.0	43552.0	71285.0	134229.0	203177.0	342566.0	562818.0	1050211.0	1915872.0	4672228.0	30103847.0	13183272.0
	19.0	20.0	21.0	22.0	23.0	24.0	25.0	26.0	27.0	28.0	29.0	30.0	31.0	32.0	33.0	34.0	35.0	36.0	37.0	38.0	39.0	40.0
MHW319_trimmed_clipped_R2_paired	1.0	18.0	1371.0	1991.0	706.0	25745.0	21365.0	10475.0	22256.0	46390.0	66969.0	89674.0	101530.0	166316.0	217638.0	378302.0	655622.0	1297491.0	2387309.0	5673393.0	31014533.0	10148553.0
	19.0	20.0	21.0	22.0	23.0	24.0	25.0	26.0	27.0	28.0	29.0	30.0	31.0	32.0	33.0	34.0	35.0	36.0	37.0	38.0	39.0	40.0
MHW320_trimmed_clipped_R1_paired	1.0	9.0	110.0	81.0	24.0	7564.0	1385.0	1471.0	4164.0	11991.0	25988.0	50422.0	81711.0	152518.0	232461.0	398895.0	672655.0	1281123.0	2380534.0	5869635.0	35093501.0	13794937.0
	19.0	20.0	21.0	22.0	23.0	24.0	25.0	26.0	27.0	28.0	29.0	30.0	31.0	32.0	33.0	34.0	35.0	36.0	37.0	38.0	39.0	40.0
MHW320_trimmed_clipped_R2_paired	1.0	33.0	2058.0	2911.0	1060.0	34494.0	28934.0	13491.0	28362.0	59159.0	83459.0	110590.0	124496.0	205357.0	270222.0	477756.0	834388.0	1658203.0	3067306.0	7240715.0	35500837.0	10317348.0
	20.0	21.0	22.0	23.0	24.0	25.0	26.0	27.0	28.0	29.0	30.0	31.0	32.0	33.0	34.0	35.0	36.0	37.0	38.0	39.0	40.0
MHW321_trimmed_clipped_R1_paired	14.0	185.0	155.0	37.0	12435.0	2004.0	2184.0	6058.0	18706.0	40211.0	78191.0	127205.0	237063.0	360825.0	612348.0	1032391.0	1958217.0	3638372.0	8983217.0	53923122.0	20919184.0
	19.0	20.0	21.0	22.0	23.0	24.0	25.0	26.0	27.0	28.0	29.0	30.0	31.0	32.0	33.0	34.0	35.0	36.0	37.0	38.0	39.0	40.0
MHW321_trimmed_clipped_R2_paired	2.0	67.0	3074.0	4346.0	1523.0	51830.0	43133.0	20892.0	43129.0	91267.0	129806.0	173048.0	195092.0	319171.0	419897.0	739155.0	1289782.0	2559993.0	4719022.0	11136199.0	54464519.0	15547177.0
	20.0	21.0	22.0	23.0	24.0	25.0	26.0	27.0	28.0	29.0	30.0	31.0	32.0	33.0	34.0	35.0	36.0	37.0	38.0	39.0	40.0
MHW322_trimmed_clipped_R1_paired	6.0	118.0	86.0	21.0	6660.0	1182.0	1310.0	3447.0	10221.0	21867.0	42080.0	69819.0	132380.0	204293.0	351445.0	585879.0	1093899.0	1997641.0	4807697.0	30504198.0	13761305.0
	19.0	20.0	21.0	22.0	23.0	24.0	25.0	26.0	27.0	28.0	29.0	30.0	31.0	32.0	33.0	34.0	35.0	36.0	37.0	38.0	39.0	40.0
MHW322_trimmed_clipped_R2_paired	1.0	24.0	1398.0	1895.0	757.0	23784.0	19550.0	9745.0	20818.0	43852.0	62690.0	85561.0	98333.0	163585.0	217602.0	382118.0	666510.0	1323417.0	2460796.0	5822206.0	31502267.0	10688645.0
	20.0	21.0	22.0	23.0	24.0	25.0	26.0	27.0	28.0	29.0	30.0	31.0	32.0	33.0	34.0	35.0	36.0	37.0	38.0	39.0	40.0
MHW323_trimmed_clipped_R1_paired	4.0	157.0	110.0	33.0	7179.0	1583.0	1317.0	3939.0	11422.0	24090.0	46671.0	75119.0	143320.0	220672.0	380799.0	639082.0	1213421.0	2227866.0	5454418.0	33776756.0	13864637.0
	19.0	20.0	21.0	22.0	23.0	24.0	25.0	26.0	27.0	28.0	29.0	30.0	31.0	32.0	33.0	34.0	35.0	36.0	37.0	38.0	39.0	40.0
MHW323_trimmed_clipped_R2_paired	3.0	36.0	1644.0	2455.0	895.0	28549.0	24186.0	11473.0	24063.0	51143.0	72503.0	97835.0	111872.0	184838.0	246350.0	434336.0	762181.0	1516400.0	2806676.0	6638612.0	34440338.0	10636207.0
	20.0	21.0	22.0	23.0	24.0	25.0	26.0	27.0	28.0	29.0	30.0	31.0	32.0	33.0	34.0	35.0	36.0	37.0	38.0	39.0	40.0
MHW324_trimmed_clipped_R1_paired	4.0	110.0	79.0	24.0	7057.0	1310.0	1244.0	3668.0	10904.0	23217.0	44578.0	73300.0	139315.0	214640.0	374215.0	637233.0	1221772.0	2278312.0	5641578.0	32467247.0	12037277.0
	19.0	20.0	21.0	22.0	23.0	24.0	25.0	26.0	27.0	28.0	29.0	30.0	31.0	32.0	33.0	34.0	35.0	36.0	37.0	38.0	39.0	40.0
MHW324_trimmed_clipped_R2_paired	1.0	38.0	1950.0	2779.0	926.0	31904.0	26963.0	12534.0	25851.0	53661.0	75433.0	100697.0	112118.0	188280.0	250721.0	445797.0	786757.0	1568068.0	2905153.0	6844958.0	32518712.0	9223783.0
	20.0	21.0	22.0	23.0	24.0	25.0	26.0	27.0	28.0	29.0	30.0	31.0	32.0	33.0	34.0	35.0	36.0	37.0	38.0	39.0	40.0
MHW325_trimmed_clipped_R1_paired	4.0	112.0	80.0	23.0	6028.0	1217.0	1230.0	3609.0	10599.0	22256.0	43177.0	71680.0	134607.0	206021.0	352306.0	593186.0	1125451.0	2081261.0	5126397.0	30935728.0	12377662.0
	19.0	20.0	21.0	22.0	23.0	24.0	25.0	26.0	27.0	28.0	29.0	30.0	31.0	32.0	33.0	34.0	35.0	36.0	37.0	38.0	39.0	40.0
MHW325_trimmed_clipped_R2_paired	2.0	51.0	1708.0	2608.0	937.0	30428.0	25083.0	11867.0	24546.0	51372.0	72550.0	97545.0	110181.0	181448.0	240930.0	425583.0	744875.0	1475983.0	2718106.0	6410202.0	31366649.0	9099980.0
	20.0	21.0	22.0	23.0	24.0	25.0	26.0	27.0	28.0	29.0	30.0	31.0	32.0	33.0	34.0	35.0	36.0	37.0	38.0	39.0	40.0
MHW326_trimmed_clipped_R1_paired	5.0	111.0	73.0	11.0	5938.0	1152.0	1190.0	3433.0	10409.0	21783.0	41241.0	67161.0	124032.0	186389.0	313023.0	520053.0	976911.0	1802006.0	4402296.0	26680495.0	11418877.0
	19.0	20.0	21.0	22.0	23.0	24.0	25.0	26.0	27.0	28.0	29.0	30.0	31.0	32.0	33.0	34.0	35.0	36.0	37.0	38.0	39.0	40.0
MHW326_trimmed_clipped_R2_paired	2.0	30.0	2180.0	3159.0	1111.0	33138.0	28977.0	12772.0	26070.0	52951.0	73464.0	95191.0	104428.0	170584.0	220550.0	388333.0	668089.0	1315245.0	2401737.0	5573159.0	26940853.0	8464566.0
	20.0	21.0	22.0	23.0	24.0	25.0	26.0	27.0	28.0	29.0	30.0	31.0	32.0	33.0	34.0	35.0	36.0	37.0	38.0	39.0	40.0
MHW327_trimmed_clipped_R1_paired	7.0	96.0	79.0	22.0	5803.0	1138.0	1314.0	3730.0	11115.0	22439.0	42226.0	66539.0	123869.0	185972.0	314915.0	522191.0	982175.0	1805048.0	4356703.0	26666895.0	11915886.0
	19.0	20.0	21.0	22.0	23.0	24.0	25.0	26.0	27.0	28.0	29.0	30.0	31.0	32.0	33.0	34.0	35.0	36.0	37.0	38.0	39.0	40.0
MHW327_trimmed_clipped_R2_paired	1.0	24.0	1797.0	2626.0	915.0	27881.0	24243.0	11219.0	23210.0	48514.0	67490.0	88169.0	97370.0	158922.0	208173.0	362711.0	633835.0	1265577.0	2339197.0	5440394.0	27102977.0	9122917.0
	20.0	21.0	22.0	23.0	24.0	25.0	26.0	27.0	28.0	29.0	30.0	31.0	32.0	33.0	34.0	35.0	36.0	37.0	38.0	39.0	40.0
MHW328_trimmed_clipped_R1_paired	6.0	100.0	69.0	22.0	6415.0	1112.0	1243.0	3481.0	10631.0	22254.0	43207.0	69178.0	128002.0	191235.0	320434.0	523931.0	978206.0	1793970.0	4387746.0	27517428.0	12350682.0
	20.0	21.0	22.0	23.0	24.0	25.0	26.0	27.0	28.0	29.0	30.0	31.0	32.0	33.0	34.0	35.0	36.0	37.0	38.0	39.0	40.0
MHW328_trimmed_clipped_R2_paired	25.0	1902.0	2847.0	1017.0	29647.0	25932.0	11982.0	24467.0	51420.0	70643.0	93272.0	103313.0	167907.0	215545.0	376638.0	647026.0	1280398.0	2360750.0	5536917.0	27956272.0	9391432.0
	20.0	21.0	22.0	23.0	24.0	25.0	26.0	27.0	28.0	29.0	30.0	31.0	32.0	33.0	34.0	35.0	36.0	37.0	38.0	39.0	40.0
MHW329_trimmed_clipped_R1_paired	2.0	128.0	111.0	27.0	7052.0	1392.0	1504.0	4168.0	12020.0	24524.0	46354.0	73919.0	138134.0	210153.0	356692.0	591255.0	1110652.0	2035124.0	4912582.0	31116065.0	14499288.0
	20.0	21.0	22.0	23.0	24.0	25.0	26.0	27.0	28.0	29.0	30.0	31.0	32.0	33.0	34.0	35.0	36.0	37.0	38.0	39.0	40.0
MHW329_trimmed_clipped_R2_paired	18.0	1923.0	2833.0	950.0	30374.0	26432.0	12229.0	25516.0	52735.0	74153.0	98023.0	108507.0	178934.0	233419.0	405458.0	704772.0	1408710.0	2620592.0	6166156.0	31970978.0	11018434.0
	20.0	21.0	22.0	23.0	24.0	25.0	26.0	27.0	28.0	29.0	30.0	31.0	32.0	33.0	34.0	35.0	36.0	37.0	38.0	39.0	40.0
MHW330_trimmed_clipped_R1_paired	4.0	130.0	70.0	21.0	5875.0	1326.0	1226.0	3577.0	10381.0	21974.0	40953.0	64981.0	121281.0	183797.0	311314.0	516240.0	968356.0	1777347.0	4282058.0	27126524.0	12541074.0
	20.0	21.0	22.0	23.0	24.0	25.0	26.0	27.0	28.0	29.0	30.0	31.0	32.0	33.0	34.0	35.0	36.0	37.0	38.0	39.0	40.0
MHW330_trimmed_clipped_R2_paired	21.0	1516.0	2139.0	778.0	24594.0	21188.0	10226.0	21191.0	43931.0	61617.0	81749.0	91537.0	151046.0	195048.0	341490.0	595326.0	1195854.0	2232760.0	5270720.0	27826848.0	9808930.0
	20.0	21.0	22.0	23.0	24.0	25.0	26.0	27.0	28.0	29.0	30.0	31.0	32.0	33.0	34.0	35.0	36.0	37.0	38.0	39.0	40.0
MHW331_trimmed_clipped_R1_paired	4.0	96.0	68.0	20.0	5460.0	1088.0	1222.0	3308.0	9916.0	20561.0	39875.0	64787.0	120644.0	182752.0	308720.0	502797.0	927858.0	1675899.0	3974627.0	25548841.0	12606546.0
	20.0	21.0	22.0	23.0	24.0	25.0	26.0	27.0	28.0	29.0	30.0	31.0	32.0	33.0	34.0	35.0	36.0	37.0	38.0	39.0	40.0
MHW331_trimmed_clipped_R2_paired	16.0	1282.0	1889.0	723.0	22120.0	18190.0	9288.0	19344.0	40089.0	56827.0	74935.0	83975.0	138687.0	179739.0	311945.0	544657.0	1092568.0	2033071.0	4751961.0	26234975.0	10378808.0
	20.0	21.0	22.0	23.0	24.0	25.0	26.0	27.0	28.0	29.0	30.0	31.0	32.0	33.0	34.0	35.0	36.0	37.0	38.0	39.0	40.0
MHW332_trimmed_clipped_R1_paired	4.0	95.0	70.0	18.0	5647.0	1142.0	1243.0	3400.0	9989.0	20814.0	39945.0	64285.0	120219.0	183099.0	315427.0	531873.0	1014192.0	1886692.0	4620162.0	26683577.0	10756488.0
	19.0	20.0	21.0	22.0	23.0	24.0	25.0	26.0	27.0	28.0	29.0	30.0	31.0	32.0	33.0	34.0	35.0	36.0	37.0	38.0	39.0	40.0
MHW332_trimmed_clipped_R2_paired	1.0	32.0	2196.0	3204.0	1079.0	33040.0	29356.0	12496.0	25516.0	52576.0	72593.0	94714.0	103679.0	172856.0	227973.0	403568.0	706925.0	1399752.0	2565828.0	5900171.0	26584057.0	7866769.0
	20.0	21.0	22.0	23.0	24.0	25.0	26.0	27.0	28.0	29.0	30.0	31.0	32.0	33.0	34.0	35.0	36.0	37.0	38.0	39.0	40.0
MHW333_trimmed_clipped_R1_paired	3.0	114.0	87.0	25.0	6082.0	1099.0	1132.0	3178.0	9826.0	20341.0	39084.0	62474.0	117425.0	177010.0	300918.0	496411.0	927596.0	1684355.0	4032113.0	25148283.0	11371124.0
	19.0	20.0	21.0	22.0	23.0	24.0	25.0	26.0	27.0	28.0	29.0	30.0	31.0	32.0	33.0	34.0	35.0	36.0	37.0	38.0	39.0	40.0
MHW333_trimmed_clipped_R2_paired	1.0	20.0	1572.0	2215.0	812.0	25832.0	21994.0	10394.0	21415.0	44049.0	62278.0	81948.0	91350.0	149149.0	194772.0	339958.0	591230.0	1174094.0	2154572.0	5009431.0	25737192.0	8684402.0
	20.0	21.0	22.0	23.0	24.0	25.0	26.0	27.0	28.0	29.0	30.0	31.0	32.0	33.0	34.0	35.0	36.0	37.0	38.0	39.0	40.0
MHW334_trimmed_clipped_R1_paired	7.0	125.0	85.0	29.0	6097.0	1162.0	1229.0	3506.0	10484.0	22273.0	43955.0	71291.0	133286.0	202314.0	338488.0	557479.0	1047671.0	1921618.0	4669178.0	28434871.0	12063355.0
	19.0	20.0	21.0	22.0	23.0	24.0	25.0	26.0	27.0	28.0	29.0	30.0	31.0	32.0	33.0	34.0	35.0	36.0	37.0	38.0	39.0	40.0
MHW334_trimmed_clipped_R2_paired	1.0	29.0	1811.0	2673.0	908.0	30065.0	26209.0	12030.0	24456.0	51138.0	71622.0	94575.0	105007.0	174035.0	228140.0	401283.0	694523.0	1368102.0	2501026.0	5805929.0	28719439.0	9215502.0
	20.0	21.0	22.0	23.0	24.0	25.0	26.0	27.0	28.0	29.0	30.0	31.0	32.0	33.0	34.0	35.0	36.0	37.0	38.0	39.0	40.0
MHW335_trimmed_clipped_R1_paired	7.0	106.0	80.0	23.0	7280.0	1205.0	1407.0	4138.0	11912.0	24883.0	46780.0	73358.0	131339.0	190701.0	313303.0	505639.0	925826.0	1666271.0	4030446.0	25205287.0	12871888.0
	19.0	20.0	21.0	22.0	23.0	24.0	25.0	26.0	27.0	28.0	29.0	30.0	31.0	32.0	33.0	34.0	35.0	36.0	37.0	38.0	39.0	40.0
MHW335_trimmed_clipped_R2_paired	1.0	22.0	2020.0	2695.0	1086.0	35197.0	27135.0	14411.0	29067.0	59218.0	82529.0	105070.0	112195.0	178792.0	211260.0	351343.0	578542.0	1125135.0	2022468.0	4737152.0	25911703.0	10424838.0
	19.0	20.0	21.0	22.0	23.0	24.0	25.0	26.0	27.0	28.0	29.0	30.0	31.0	32.0	33.0	34.0	35.0	36.0	37.0	38.0	39.0	40.0
MHW336_trimmed_clipped_R1_paired	1.0	6.0	145.0	121.0	27.0	8094.0	1423.0	1483.0	4145.0	12385.0	25089.0	46800.0	73138.0	132998.0	199774.0	337023.0	557404.0	1031191.0	1861801.0	4475238.0	27098733.0	13235303.0
	19.0	20.0	21.0	22.0	23.0	24.0	25.0	26.0	27.0	28.0	29.0	30.0	31.0	32.0	33.0	34.0	35.0	36.0	37.0	38.0	39.0	40.0
MHW336_trimmed_clipped_R2_paired	3.0	17.0	2240.0	3100.0	1176.0	37490.0	29763.0	15118.0	30881.0	64509.0	89067.0	114360.0	121820.0	194090.0	232922.0	388771.0	650603.0	1271565.0	2296301.0	5359273.0	27948772.0	10250481.0
	20.0	21.0	22.0	23.0	24.0	25.0	26.0	27.0	28.0	29.0	30.0	31.0	32.0	33.0	34.0	35.0	36.0	37.0	38.0	39.0	40.0
MHW337_trimmed_clipped_R1_paired	5.0	154.0	86.0	28.0	6193.0	1367.0	1234.0	3481.0	10392.0	21081.0	39715.0	61827.0	113825.0	169999.0	287582.0	474729.0	880145.0	1583639.0	3788815.0	22988626.0	11190563.0
	19.0	20.0	21.0	22.0	23.0	24.0	25.0	26.0	27.0	28.0	29.0	30.0	31.0	32.0	33.0	34.0	35.0	36.0	37.0	38.0	39.0	40.0
MHW337_trimmed_clipped_R2_paired	2.0	30.0	1707.0	2485.0	939.0	29974.0	23633.0	12322.0	24896.0	52337.0	73163.0	93665.0	100755.0	160197.0	193010.0	324670.0	543848.0	1066918.0	1921980.0	4456650.0	23625856.0	8914449.0
	20.0	21.0	22.0	23.0	24.0	25.0	26.0	27.0	28.0	29.0	30.0	31.0	32.0	33.0	34.0	35.0	36.0	37.0	38.0	39.0	40.0
MHW338_trimmed_clipped_R1_paired	8.0	126.0	81.0	32.0	7280.0	1472.0	1931.0	5367.0	16126.0	31940.0	57771.0	84158.0	145592.0	207119.0	344294.0	563353.0	1039963.0	1863723.0	4431051.0	26256037.0	12520663.0
	19.0	20.0	21.0	22.0	23.0	24.0	25.0	26.0	27.0	28.0	29.0	30.0	31.0	32.0	33.0	34.0	35.0	36.0	37.0	38.0	39.0	40.0
MHW338_trimmed_clipped_R2_paired	2.0	9.0	2265.0	3036.0	1132.0	39858.0	29792.0	15533.0	30900.0	63897.0	89096.0	111281.0	118030.0	189710.0	227181.0	383037.0	641731.0	1256418.0	2249457.0	5164779.0	26803234.0	10157709.0
	20.0	21.0	22.0	23.0	24.0	25.0	26.0	27.0	28.0	29.0	30.0	31.0	32.0	33.0	34.0	35.0	36.0	37.0	38.0	39.0	40.0
MHW339_trimmed_clipped_R1_paired	4.0	111.0	65.0	31.0	5995.0	1321.0	1646.0	4691.0	13979.0	28183.0	52443.0	79597.0	139416.0	199496.0	325759.0	520911.0	946419.0	1675114.0	3934187.0	24392180.0	12821348.0
	20.0	21.0	22.0	23.0	24.0	25.0	26.0	27.0	28.0	29.0	30.0	31.0	32.0	33.0	34.0	35.0	36.0	37.0	38.0	39.0	40.0
MHW339_trimmed_clipped_R2_paired	13.0	1699.0	2219.0	899.0	30881.0	23486.0	13359.0	27198.0	55885.0	78791.0	101108.0	109210.0	173877.0	206175.0	343698.0	571771.0	1111057.0	1982242.0	4528999.0	25159719.0	10620610.0
	19.0	20.0	21.0	22.0	23.0	24.0	25.0	26.0	27.0	28.0	29.0	30.0	31.0	32.0	33.0	34.0	35.0	36.0	37.0	38.0	39.0	40.0
MHW340_trimmed_clipped_R1_paired	1.0	14.0	148.0	105.0	32.0	8519.0	1439.0	1532.0	4172.0	11989.0	25261.0	47215.0	74712.0	136918.0	200793.0	332760.0	543078.0	1005681.0	1829793.0	4473369.0	27041219.0	13101036.0
	19.0	20.0	21.0	22.0	23.0	24.0	25.0	26.0	27.0	28.0	29.0	30.0	31.0	32.0	33.0	34.0	35.0	36.0	37.0	38.0	39.0	40.0
MHW340_trimmed_clipped_R2_paired	2.0	27.0	2889.0	4077.0	1430.0	47694.0	35822.0	17443.0	34843.0	70739.0	97532.0	120895.0	126264.0	202974.0	235345.0	390021.0	640759.0	1250769.0	2258935.0	5293963.0	27405307.0	10602056.0
	20.0	21.0	22.0	23.0	24.0	25.0	26.0	27.0	28.0	29.0	30.0	31.0	32.0	33.0	34.0	35.0	36.0	37.0	38.0	39.0	40.0
MHW341_trimmed_clipped_R1_paired	5.0	122.0	80.0	19.0	7477.0	1269.0	1400.0	3696.0	11362.0	24510.0	47576.0	76722.0	142304.0	211640.0	353108.0	577855.0	1065291.0	1934420.0	4716796.0	28657147.0	13270323.0
	19.0	20.0	21.0	22.0	23.0	24.0	25.0	26.0	27.0	28.0	29.0	30.0	31.0	32.0	33.0	34.0	35.0	36.0	37.0	38.0	39.0	40.0
MHW341_trimmed_clipped_R2_paired	4.0	21.0	2256.0	3076.0	1207.0	38717.0	29578.0	15241.0	31439.0	64569.0	90343.0	113874.0	123475.0	198250.0	239258.0	405169.0	678962.0	1327664.0	2386863.0	5560843.0	29113255.0	10679058.0
	20.0	21.0	22.0	23.0	24.0	25.0	26.0	27.0	28.0	29.0	30.0	31.0	32.0	33.0	34.0	35.0	36.0	37.0	38.0	39.0	40.0
MHW342_trimmed_clipped_R1_paired	5.0	148.0	97.0	31.0	8511.0	1493.0	2094.0	5758.0	17043.0	34328.0	62262.0	93202.0	161315.0	231988.0	385655.0	632999.0	1174323.0	2139009.0	5183034.0	30340543.0	13520917.0
	20.0	21.0	22.0	23.0	24.0	25.0	26.0	27.0	28.0	29.0	30.0	31.0	32.0	33.0	34.0	35.0	36.0	37.0	38.0	39.0	40.0
MHW342_trimmed_clipped_R2_paired	31.0	2390.0	3277.0	1283.0	43847.0	32382.0	17099.0	34662.0	72240.0	101960.0	129327.0	138327.0	221102.0	263946.0	445852.0	746692.0	1464353.0	2643008.0	6114756.0	30732379.0	10785842.0
	20.0	21.0	22.0	23.0	24.0	25.0	26.0	27.0	28.0	29.0	30.0	31.0	32.0	33.0	34.0	35.0	36.0	37.0	38.0	39.0	40.0
MHW343_trimmed_clipped_R1_paired	6.0	125.0	87.0	28.0	8767.0	1354.0	1394.0	4138.0	12429.0	26014.0	50735.0	80948.0	148473.0	215684.0	356707.0	580757.0	1072850.0	1964127.0	4902435.0	29429654.0	13536330.0
	20.0	21.0	22.0	23.0	24.0	25.0	26.0	27.0	28.0	29.0	30.0	31.0	32.0	33.0	34.0	35.0	36.0	37.0	38.0	39.0	40.0
MHW343_trimmed_clipped_R2_paired	28.0	2553.0	3528.0	1258.0	39605.0	31590.0	16005.0	32800.0	67049.0	92951.0	117815.0	127916.0	204048.0	246370.0	413514.0	689629.0	1347236.0	2448216.0	5788758.0	29663354.0	11058819.0
	20.0	21.0	22.0	23.0	24.0	25.0	26.0	27.0	28.0	29.0	30.0	31.0	32.0	33.0	34.0	35.0	36.0	37.0	38.0	39.0	40.0
MHW344_trimmed_clipped_R1_paired	3.0	151.0	114.0	39.0	8977.0	1550.0	1651.0	4529.0	13413.0	27669.0	52248.0	83910.0	155293.0	232079.0	390658.0	640812.0	1182301.0	2130192.0	5156935.0	31718653.0	15298817.0
	20.0	21.0	22.0	23.0	24.0	25.0	26.0	27.0	28.0	29.0	30.0	31.0	32.0	33.0	34.0	35.0	36.0	37.0	38.0	39.0	40.0
MHW344_trimmed_clipped_R2_paired	21.0	2210.0	2893.0	1154.0	37261.0	29198.0	15979.0	31872.0	67584.0	94767.0	123548.0	134565.0	216154.0	262740.0	438264.0	734692.0	1430970.0	2595413.0	6083780.0	32565662.0	12231267.0
	20.0	21.0	22.0	23.0	24.0	25.0	26.0	27.0	28.0	29.0	30.0	31.0	32.0	33.0	34.0	35.0	36.0	37.0	38.0	39.0	40.0
MHW345_trimmed_clipped_R1_paired	3.0	118.0	80.0	17.0	6683.0	1340.0	1291.0	3816.0	11244.0	23776.0	44956.0	72740.0	136101.0	204463.0	346623.0	578323.0	1091279.0	2032215.0	5066033.0	29879620.0	11240664.0
	20.0	21.0	22.0	23.0	24.0	25.0	26.0	27.0	28.0	29.0	30.0	31.0	32.0	33.0	34.0	35.0	36.0	37.0	38.0	39.0	40.0
MHW345_trimmed_clipped_R2_paired	25.0	1569.0	2368.0	821.0	26942.0	22744.0	11073.0	23338.0	49298.0	70027.0	92721.0	104071.0	171376.0	225240.0	396117.0	695758.0	1384235.0	2575977.0	6142260.0	30132377.0	8613048.0
	20.0	21.0	22.0	23.0	24.0	25.0	26.0	27.0	28.0	29.0	30.0	31.0	32.0	33.0	34.0	35.0	36.0	37.0	38.0	39.0	40.0
MHW347_trimmed_clipped_R1_paired	3.0	95.0	75.0	17.0	6372.0	1159.0	1173.0	3357.0	9942.0	21162.0	40442.0	65772.0	120947.0	180327.0	299518.0	489222.0	904530.0	1647067.0	4038628.0	25659718.0	10928858.0
	20.0	21.0	22.0	23.0	24.0	25.0	26.0	27.0	28.0	29.0	30.0	31.0	32.0	33.0	34.0	35.0	36.0	37.0	38.0	39.0	40.0
MHW347_trimmed_clipped_R2_paired	36.0	1127.0	1654.0	616.0	20351.0	16901.0	8965.0	18663.0	39635.0	56911.0	76193.0	87262.0	142102.0	184102.0	318975.0	551817.0	1096608.0	2033314.0	4882335.0	26345554.0	8535263.0
	20.0	21.0	22.0	23.0	24.0	25.0	26.0	27.0	28.0	29.0	30.0	31.0	32.0	33.0	34.0	35.0	36.0	37.0	38.0	39.0	40.0
MHW348_trimmed_clipped_R1_paired	3.0	118.0	55.0	22.0	5714.0	1068.0	1063.0	3087.0	9550.0	20596.0	39368.0	64627.0	119689.0	178340.0	299356.0	495460.0	934286.0	1725934.0	4271355.0	25905913.0	10209989.0
	19.0	20.0	21.0	22.0	23.0	24.0	25.0	26.0	27.0	28.0	29.0	30.0	31.0	32.0	33.0	34.0	35.0	36.0	37.0	38.0	39.0	40.0
MHW348_trimmed_clipped_R2_paired	1.0	24.0	1341.0	1979.0	708.0	24406.0	20286.0	9957.0	21036.0	43730.0	61186.0	81763.0	92214.0	150324.0	196224.0	343514.0	595316.0	1182849.0	2185856.0	5186796.0	26289589.0	7796494.0
	20.0	21.0	22.0	23.0	24.0	25.0	26.0	27.0	28.0	29.0	30.0	31.0	32.0	33.0	34.0	35.0	36.0	37.0	38.0	39.0	40.0
MHW349_trimmed_clipped_R1_paired	1.0	94.0	62.0	13.0	5016.0	970.0	1030.0	2963.0	8732.0	18554.0	35289.0	57501.0	105400.0	157579.0	263960.0	433192.0	811176.0	1493724.0	3688762.0	23065819.0	9582032.0
	19.0	20.0	21.0	22.0	23.0	24.0	25.0	26.0	27.0	28.0	29.0	30.0	31.0	32.0	33.0	34.0	35.0	36.0	37.0	38.0	39.0	40.0
MHW349_trimmed_clipped_R2_paired	1.0	21.0	1111.0	1623.0	594.0	19430.0	16051.0	8254.0	17348.0	36450.0	52230.0	69126.0	79383.0	128739.0	167602.0	291162.0	505370.0	998775.0	1854327.0	4443554.0	23559197.0	7481521.0
	20.0	21.0	22.0	23.0	24.0	25.0	26.0	27.0	28.0	29.0	30.0	31.0	32.0	33.0	34.0	35.0	36.0	37.0	38.0	39.0	40.0
MHW350_trimmed_clipped_R1_paired	8.0	97.0	62.0	33.0	5441.0	941.0	993.0	2870.0	9079.0	19361.0	38224.0	62432.0	115907.0	171193.0	279701.0	447951.0	821705.0	1484786.0	3624887.0	24121171.0	11131546.0
	19.0	20.0	21.0	22.0	23.0	24.0	25.0	26.0	27.0	28.0	29.0	30.0	31.0	32.0	33.0	34.0	35.0	36.0	37.0	38.0	39.0	40.0
MHW350_trimmed_clipped_R2_paired	1.0	12.0	1085.0	1567.0	545.0	19096.0	15595.0	8404.0	17593.0	37359.0	53162.0	72359.0	82928.0	133350.0	172479.0	294531.0	503213.0	987485.0	1808406.0	4327992.0	24899716.0	8901510.0
	20.0	21.0	22.0	23.0	24.0	25.0	26.0	27.0	28.0	29.0	30.0	31.0	32.0	33.0	34.0	35.0	36.0	37.0	38.0	39.0	40.0
MHW351_trimmed_clipped_R1_paired	5.0	99.0	92.0	28.0	6150.0	1111.0	1113.0	3230.0	9501.0	19924.0	38365.0	61635.0	115701.0	175779.0	297804.0	495573.0	937843.0	1739272.0	4322640.0	26844513.0	10924758.0
	20.0	21.0	22.0	23.0	24.0	25.0	26.0	27.0	28.0	29.0	30.0	31.0	32.0	33.0	34.0	35.0	36.0	37.0	38.0	39.0	40.0
MHW351_trimmed_clipped_R2_paired	21.0	1380.0	2045.0	695.0	23279.0	19372.0	9471.0	19610.0	41553.0	58767.0	79352.0	89769.0	148512.0	196178.0	342214.0	594669.0	1182087.0	2198942.0	5299219.0	27399339.0	8288662.0
	20.0	21.0	22.0	23.0	24.0	25.0	26.0	27.0	28.0	29.0	30.0	31.0	32.0	33.0	34.0	35.0	36.0	37.0	38.0	39.0	40.0
MHW352_trimmed_clipped_R1_paired	6.0	133.0	87.0	18.0	5923.0	1279.0	1126.0	3382.0	10021.0	21141.0	39881.0	63591.0	118157.0	178797.0	300983.0	497028.0	936534.0	1727940.0	4275427.0	26801311.0	10975270.0
	19.0	20.0	21.0	22.0	23.0	24.0	25.0	26.0	27.0	28.0	29.0	30.0	31.0	32.0	33.0	34.0	35.0	36.0	37.0	38.0	39.0	40.0
MHW352_trimmed_clipped_R2_paired	2.0	24.0	1313.0	1824.0	655.0	22641.0	18618.0	9382.0	19595.0	41086.0	58590.0	79253.0	90382.0	148297.0	192543.0	335850.0	582596.0	1156979.0	2149285.0	5152077.0	27329312.0	8567731.0
	20.0	21.0	22.0	23.0	24.0	25.0	26.0	27.0	28.0	29.0	30.0	31.0	32.0	33.0	34.0	35.0	36.0	37.0	38.0	39.0	40.0
MHW353_trimmed_clipped_R1_paired	5.0	79.0	42.0	14.0	5032.0	1018.0	926.0	2765.0	8695.0	18145.0	34932.0	56813.0	107310.0	161290.0	272131.0	448710.0	844885.0	1565194.0	3884190.0	23876067.0	9591126.0
	19.0	20.0	21.0	22.0	23.0	24.0	25.0	26.0	27.0	28.0	29.0	30.0	31.0	32.0	33.0	34.0	35.0	36.0	37.0	38.0	39.0	40.0
MHW353_trimmed_clipped_R2_paired	1.0	16.0	1179.0	1737.0	606.0	20595.0	16789.0	8521.0	17599.0	36723.0	52249.0	70109.0	78674.0	129365.0	170817.0	298660.0	521190.0	1033319.0	1922759.0	4606225.0	24228013.0	7664223.0
	20.0	21.0	22.0	23.0	24.0	25.0	26.0	27.0	28.0	29.0	30.0	31.0	32.0	33.0	34.0	35.0	36.0	37.0	38.0	39.0	40.0
MHW407_trimmed_clipped_R1_paired	6.0	120.0	86.0	20.0	5728.0	1202.0	1171.0	3507.0	10113.0	21711.0	41971.0	67969.0	127095.0	190198.0	318039.0	523117.0	980419.0	1803147.0	4480157.0	27410390.0	10753142.0
	19.0	20.0	21.0	22.0	23.0	24.0	25.0	26.0	27.0	28.0	29.0	30.0	31.0	32.0	33.0	34.0	35.0	36.0	37.0	38.0	39.0	40.0
MHW407_trimmed_clipped_R2_paired	1.0	25.0	1428.0	2061.0	774.0	24862.0	20411.0	10286.0	21711.0	45581.0	64410.0	86922.0	97767.0	159402.0	208274.0	365339.0	635770.0	1253891.0	2309190.0	5508893.0	27824835.0	8097475.0
	20.0	21.0	22.0	23.0	24.0	25.0	26.0	27.0	28.0	29.0	30.0	31.0	32.0	33.0	34.0	35.0	36.0	37.0	38.0	39.0	40.0
MHW410_trimmed_clipped_R1_paired	5.0	133.0	90.0	22.0	7061.0	1215.0	1261.0	3459.0	10411.0	21944.0	42113.0	67858.0	126983.0	191213.0	323864.0	537087.0	1013554.0	1877401.0	4671897.0	28160956.0	10316918.0
	20.0	21.0	22.0	23.0	24.0	25.0	26.0	27.0	28.0	29.0	30.0	31.0	32.0	33.0	34.0	35.0	36.0	37.0	38.0	39.0	40.0
MHW410_trimmed_clipped_R2_paired	34.0	1424.0	1960.0	740.0	24528.0	20645.0	10052.0	21073.0	44701.0	62916.0	84706.0	95698.0	156408.0	203599.0	359470.0	629174.0	1254749.0	2322098.0	5549683.0	28206658.0	8325129.0
	20.0	21.0	22.0	23.0	24.0	25.0	26.0	27.0	28.0	29.0	30.0	31.0	32.0	33.0	34.0	35.0	36.0	37.0	38.0	39.0	40.0
MHW419_trimmed_clipped_R1_paired	6.0	100.0	67.0	21.0	5762.0	1094.0	1134.0	3219.0	9701.0	20649.0	40386.0	66073.0	123212.0	185636.0	309201.0	508445.0	940185.0	1706786.0	4122989.0	26245387.0	11948801.0
	20.0	21.0	22.0	23.0	24.0	25.0	26.0	27.0	28.0	29.0	30.0	31.0	32.0	33.0	34.0	35.0	36.0	37.0	38.0	39.0	40.0
MHW419_trimmed_clipped_R2_paired	31.0	1389.0	1997.0	780.0	23710.0	19599.0	9855.0	20664.0	43293.0	60970.0	81651.0	92458.0	151226.0	196811.0	341591.0	592652.0	1169055.0	2148488.0	5064627.0	27129280.0	9088727.0
	20.0	21.0	22.0	23.0	24.0	25.0	26.0	27.0	28.0	29.0	30.0	31.0	32.0	33.0	34.0	35.0	36.0	37.0	38.0	39.0	40.0
MHW420_trimmed_clipped_R1_paired	1.0	75.0	56.0	21.0	4692.0	861.0	963.0	2774.0	8235.0	17561.0	33838.0	55039.0	102717.0	155194.0	259930.0	427778.0	793232.0	1443189.0	3439603.0	22082932.0	10546464.0
	16.0	17.0	18.0	19.0	20.0	21.0	22.0	23.0	24.0	25.0	26.0	27.0	28.0	29.0	30.0	31.0	32.0	33.0	34.0	35.0	36.0	37.0	38.0	39.0	40.0
MHW420_trimmed_clipped_R2_paired	1.0	0.0	0.0	0.0	10.0	1055.0	1443.0	492.0	17688.0	14430.0	7641.0	15622.0	32852.0	47941.0	64412.0	73797.0	119583.0	157337.0	273535.0	476554.0	952529.0	1771057.0	4167400.0	22953253.0	8226523.0
	20.0	21.0	22.0	23.0	24.0	25.0	26.0	27.0	28.0	29.0	30.0	31.0	32.0	33.0	34.0	35.0	36.0	37.0	38.0	39.0	40.0
MHW421_trimmed_clipped_R1_paired	5.0	91.0	50.0	22.0	5098.0	918.0	902.0	2644.0	8061.0	17068.0	33450.0	55325.0	104174.0	156442.0	264197.0	432243.0	801628.0	1445917.0	3444371.0	21756643.0	9988051.0
	19.0	20.0	21.0	22.0	23.0	24.0	25.0	26.0	27.0	28.0	29.0	30.0	31.0	32.0	33.0	34.0	35.0	36.0	37.0	38.0	39.0	40.0
MHW421_trimmed_clipped_R2_paired	2.0	13.0	1112.0	1559.0	548.0	18626.0	15143.0	7800.0	16493.0	34378.0	49693.0	66934.0	76891.0	125687.0	163746.0	285436.0	497010.0	987157.0	1804145.0	4213717.0	22506182.0	7645028.0
	20.0	21.0	22.0	23.0	24.0	25.0	26.0	27.0	28.0	29.0	30.0	31.0	32.0	33.0	34.0	35.0	36.0	37.0	38.0	39.0	40.0
MHW422_trimmed_clipped_R1_paired	5.0	94.0	64.0	22.0	5549.0	999.0	1076.0	2887.0	8693.0	17937.0	35445.0	57523.0	108041.0	165669.0	280149.0	463927.0	862761.0	1564394.0	3730977.0	24016522.0	11320024.0
	19.0	20.0	21.0	22.0	23.0	24.0	25.0	26.0	27.0	28.0	29.0	30.0	31.0	32.0	33.0	34.0	35.0	36.0	37.0	38.0	39.0	40.0
MHW422_trimmed_clipped_R2_paired	2.0	23.0	1095.0	1527.0	539.0	19511.0	15824.0	8132.0	17146.0	35745.0	51158.0	68963.0	79029.0	129827.0	169294.0	293292.0	510758.0	1016651.0	1887009.0	4458756.0	24976851.0	8901626.0
	20.0	21.0	22.0	23.0	24.0	25.0	26.0	27.0	28.0	29.0	30.0	31.0	32.0	33.0	34.0	35.0	36.0	37.0	38.0	39.0	40.0
MHW424_trimmed_clipped_R1_paired	2.0	109.0	69.0	18.0	4338.0	989.0	908.0	2436.0	7346.0	15499.0	29363.0	47994.0	90425.0	137919.0	234329.0	384838.0	715080.0	1295184.0	3107767.0	20284521.0	9508984.0
	19.0	20.0	21.0	22.0	23.0	24.0	25.0	26.0	27.0	28.0	29.0	30.0	31.0	32.0	33.0	34.0	35.0	36.0	37.0	38.0	39.0	40.0
MHW424_trimmed_clipped_R2_paired	1.0	18.0	864.0	1246.0	483.0	15487.0	12915.0	6610.0	14031.0	28810.0	41967.0	56975.0	65301.0	107930.0	141657.0	245971.0	429075.0	852955.0	1579681.0	3753196.0	21096723.0	7416222.0
	20.0	21.0	22.0	23.0	24.0	25.0	26.0	27.0	28.0	29.0	30.0	31.0	32.0	33.0	34.0	35.0	36.0	37.0	38.0	39.0	40.0
MHW425_trimmed_clipped_R1_paired	7.0	66.0	54.0	18.0	4588.0	863.0	882.0	2610.0	7590.0	16335.0	31615.0	51526.0	96967.0	147632.0	249957.0	412945.0	770456.0	1401274.0	3377697.0	21292845.0	9406561.0
	19.0	20.0	21.0	22.0	23.0	24.0	25.0	26.0	27.0	28.0	29.0	30.0	31.0	32.0	33.0	34.0	35.0	36.0	37.0	38.0	39.0	40.0
MHW425_trimmed_clipped_R2_paired	2.0	30.0	949.0	1435.0	467.0	17151.0	14222.0	7302.0	15059.0	31833.0	45575.0	61084.0	69851.0	114194.0	149829.0	263134.0	459811.0	922785.0	1707394.0	4039778.0	21958420.0	7392183.0
	20.0	21.0	22.0	23.0	24.0	25.0	26.0	27.0	28.0	29.0	30.0	31.0	32.0	33.0	34.0	35.0	36.0	37.0	38.0	39.0	40.0
MHW426_trimmed_clipped_R1_paired	5.0	92.0	60.0	14.0	4379.0	819.0	900.0	2614.0	7695.0	16551.0	31955.0	53015.0	98985.0	151190.0	255054.0	419414.0	785975.0	1439218.0	3490346.0	21731886.0	9423735.0
	20.0	21.0	22.0	23.0	24.0	25.0	26.0	27.0	28.0	29.0	30.0	31.0	32.0	33.0	34.0	35.0	36.0	37.0	38.0	39.0	40.0
MHW426_trimmed_clipped_R2_paired	15.0	1132.0	1616.0	549.0	18837.0	15229.0	7828.0	16150.0	34066.0	48579.0	64352.0	74019.0	121201.0	159579.0	279367.0	488346.0	975115.0	1804032.0	4271823.0	22328224.0	7203843.0
	20.0	21.0	22.0	23.0	24.0	25.0	26.0	27.0	28.0	29.0	30.0	31.0	32.0	33.0	34.0	35.0	36.0	37.0	38.0	39.0	40.0
MHW427_trimmed_clipped_R1_paired	7.0	96.0	59.0	21.0	5423.0	943.0	990.0	2665.0	8205.0	17528.0	33570.0	54708.0	101758.0	153019.0	256063.0	418307.0	773753.0	1401976.0	3360629.0	21975276.0	10407146.0
	20.0	21.0	22.0	23.0	24.0	25.0	26.0	27.0	28.0	29.0	30.0	31.0	32.0	33.0	34.0	35.0	36.0	37.0	38.0	39.0	40.0
MHW427_trimmed_clipped_R2_paired	23.0	936.0	1367.0	495.0	16510.0	13172.0	7297.0	15007.0	31815.0	46073.0	61579.0	71771.0	115701.0	150196.0	260787.0	452025.0	908895.0	1691517.0	4038153.0	22904463.0	8184360.0
	20.0	21.0	22.0	23.0	24.0	25.0	26.0	27.0	28.0	29.0	30.0	31.0	32.0	33.0	34.0	35.0	36.0	37.0	38.0	39.0	40.0
MHW429_trimmed_clipped_R1_paired	4.0	114.0	66.0	17.0	5971.0	1116.0	1191.0	3355.0	10283.0	21533.0	42388.0	69239.0	128646.0	192112.0	320739.0	525397.0	974691.0	1768856.0	4290948.0	27248912.0	12057222.0
	19.0	20.0	21.0	22.0	23.0	24.0	25.0	26.0	27.0	28.0	29.0	30.0	31.0	32.0	33.0	34.0	35.0	36.0	37.0	38.0	39.0	40.0
MHW429_trimmed_clipped_R2_paired	1.0	20.0	1311.0	1793.0	692.0	23069.0	18424.0	9747.0	20386.0	42932.0	61541.0	82190.0	93816.0	151184.0	197435.0	342942.0	595878.0	1181465.0	2181008.0	5209728.0	28256407.0	9190831.0
	20.0	21.0	22.0	23.0	24.0	25.0	26.0	27.0	28.0	29.0	30.0	31.0	32.0	33.0	34.0	35.0	36.0	37.0	38.0	39.0	40.0
MHW431_trimmed_clipped_R1_paired	5.0	81.0	70.0	19.0	5289.0	953.0	1056.0	2956.0	9081.0	19364.0	36482.0	59051.0	110261.0	166126.0	278847.0	457673.0	853377.0	1560483.0	3764368.0	23552999.0	10441580.0
	19.0	20.0	21.0	22.0	23.0	24.0	25.0	26.0	27.0	28.0	29.0	30.0	31.0	32.0	33.0	34.0	35.0	36.0	37.0	38.0	39.0	40.0
MHW431_trimmed_clipped_R2_paired	1.0	14.0	1070.0	1418.0	535.0	19043.0	15110.0	8127.0	16985.0	36075.0	51106.0	69099.0	78677.0	128289.0	166113.0	289849.0	509287.0	1018862.0	1903561.0	4550343.0	24430895.0	8025662.0
	20.0	21.0	22.0	23.0	24.0	25.0	26.0	27.0	28.0	29.0	30.0	31.0	32.0	33.0	34.0	35.0	36.0	37.0	38.0	39.0	40.0
MHW432_trimmed_clipped_R1_paired	2.0	105.0	68.0	23.0	6150.0	1019.0	1051.0	3085.0	9491.0	20621.0	39848.0	64373.0	119734.0	180658.0	299864.0	494914.0	918344.0	1679080.0	4096415.0	25776359.0	11129286.0
	19.0	20.0	21.0	22.0	23.0	24.0	25.0	26.0	27.0	28.0	29.0	30.0	31.0	32.0	33.0	34.0	35.0	36.0	37.0	38.0	39.0	40.0
MHW432_trimmed_clipped_R2_paired	2.0	22.0	1231.0	1688.0	613.0	21419.0	17445.0	9113.0	19094.0	40086.0	58180.0	78007.0	88977.0	144623.0	188281.0	326409.0	567093.0	1123989.0	2085118.0	5001517.0	26653969.0	8413614.0

