Sample	1	2	3	4	5	6	7	8	9	12	17	22	27	32	37	42	47	52	57	62	67	72	77	82	87	92	97	102	107	112	117	122	127	132	137	142	147	150
EXP001_trimmed_clipped_R1_paired	0.0012250018142205231	0.16272452621882333	0.00027236826626578356	0.0965898348997542	0.0020469759470467756	1.4341740551280373e-05	0.0	0.0	0.0	0.0026551000081271176	1.1845636155405744e-05	0.00031710396440575155	0.01232523060851195	0.0030487139199330505	0.0040292078248250485	3.480502350910751e-05	0.000999632526943594	0.00025676931039881506	0.0004958325221743297	0.00010836056487410654	0.000990765783908425	0.0004031116701531653	1.3661807544499857e-05	2.592786984396019e-06	3.084423273755877e-05	0.0	1.1976949626854953e-05	0.0	3.0934277735203744e-05	0.0	3.8048581692317666e-07	0.00011162359849786746	0.0	0.0	0.0010085640676620244	1.679680827205464e-05	3.9287408751653747e-07	2.952726843239732e-05
EXP001_trimmed_clipped_R2_paired	0.09768135811581254	0.08958494189963143	1.7982344287014616e-06	0.00015303736315398986	0.0005641112325702471	0.0	0.0	0.0	3.6179626781824008e-06	1.087346268402126e-05	0.0	3.642312871004168e-07	3.6543286348558135e-07	1.8326866197661147e-06	9.88473654909854e-05	1.6945038032401123e-05	4.948844276822247e-05	0.00013776964783778148	9.807392689273782e-05	0.0042550514833647685	2.6183293641018707e-05	7.84730664178237e-05	0.002393532631851462	9.086773989191238e-06	0.010780086878075315	4.5861733020415675e-06	0.0002385264440095163	7.722338381207133e-07	3.882222183822731e-06	0.0019483342671281698	3.1423984166585643e-06	0.0	0.0	0.0	7.263031228746428e-06	0.000226085229024093	0.0	0.0
EXP002_trimmed_clipped_R1_paired	0.001106778162444677	0.16072033821813272	0.00032062169559264977	0.09586623867412723	0.002061650916877569	1.688462358908128e-05	0.0	0.0	0.0	0.0027723679359321525	1.0565299475780267e-05	0.00030864696283059334	0.012143241443909065	0.0031069285641329852	0.003949056893490239	3.201844781720038e-05	0.0009961426387427403	0.00025906251503602696	0.0004828953500458727	0.0001095125578373436	0.000929546923524376	0.0003724650199845044	1.2612295640038125e-05	8.725516886750234e-07	2.3636987246939295e-05	0.0	8.37681942368567e-06	0.0	2.3999881173921656e-05	0.0	1.7932779156659056e-06	0.00011532351003770651	0.0	4.5512554929557673e-07	0.00103395285127397	1.9347173840852083e-05	9.268375822518536e-07	4.412530341371462e-05
EXP002_trimmed_clipped_R2_paired	0.0951154612060551	0.08889314789576082	1.904481814939005e-05	0.00010804249476560595	0.0005492030713556225	0.0	0.0	0.0	4.255628723289466e-06	1.0657213065035578e-05	1.7092951706407528e-06	4.283013588665817e-07	8.594100139082191e-07	8.619795351404705e-07	8.900430529378857e-05	1.3426352605626697e-05	3.864409490267194e-05	0.00014237547462192431	9.127592444245357e-05	0.004262426244263147	1.9786514936048666e-05	7.326402309592718e-05	0.002319285568939472	1.2460172005821447e-05	0.010589594089996263	7.635402248575659e-06	0.00024600631986173237	2.2687485477740543e-06	6.843366245834163e-06	0.002006081519637035	2.7697236266362326e-06	0.0	0.0	0.0	9.01331411656813e-06	0.00019316924848842673	0.0	0.0
EXP157_trimmed_clipped_R1_paired	0.0012482634186505145	0.16407563124712324	0.0002946604021865162	0.09604162074094574	0.0020156655988551563	1.8141176174993777e-05	0.0	0.0	0.0	0.0029899397242130065	6.8110185770667916e-06	0.00028666289652713305	0.012234239490260115	0.0032637784212882722	0.004259991187346475	4.1332379375894025e-05	0.0009868103472355832	0.00026736193205872467	0.0004993250126332007	0.00011199965669549213	0.000978395821744321	0.00038991724373950654	1.7857286940609384e-05	9.438988258257289e-07	2.8920079705825708e-05	0.0	1.0060367426367967e-05	0.0	2.085960815235788e-05	0.0	1.4767000579560472e-06	0.00011570653778885145	0.0	0.0	0.0011073039606221014	2.539487133263464e-05	0.0	3.9622246782145264e-05
EXP157_trimmed_clipped_R2_paired	0.09850180298171393	0.09001541892753862	9.08612483317875e-06	0.0001204909118024713	0.0005983515573851109	0.0	0.0	0.0	4.5628254292649125e-06	9.139927853431093e-06	9.161513544335817e-07	9.182255715050878e-07	0.0	1.385985819674162e-06	9.819957199068061e-05	2.1363258540054324e-05	4.5638205149795507e-05	0.0001480748293954919	8.718136692705756e-05	0.0044795144595889715	1.7478664479244873e-05	8.493567448887691e-05	0.0025206750420207064	1.1502747718861342e-05	0.010727915736207868	4.850061888729725e-06	0.0002353400253229773	1.4756320468992852e-06	4.4617765404092645e-06	0.0022238278811828015	1.0095095649592729e-06	5.099613452360079e-07	0.0	0.0	7.397491011995582e-06	0.00021070075016329577	0.0	0.0
EXP158_trimmed_clipped_R1_paired	0.0012063090382285104	0.16520498392852326	0.00031485907065427054	0.0960214928589296	0.002076962465316302	2.2749955466962173e-05	0.0	0.0	0.0	0.002856175735074826	8.409823215949827e-06	0.00029344308165355957	0.011737272859023234	0.003277907278243254	0.0041485498683317005	3.401683911491444e-05	0.0010296886150945638	0.000262047614136939	0.0005154475673705499	0.00010844802606875798	0.0009809049568562252	0.00036895758212744705	1.047051244280135e-05	2.173285271129562e-06	4.252299822740519e-05	0.0	8.056240232220685e-06	1.1031730415426909e-06	2.4007957226891538e-05	0.0	7.458326340530862e-07	0.00011698874787599335	0.0	0.0	0.0010497380073122406	1.8467528830688436e-05	7.750217556357024e-07	2.1375432519731904e-05
EXP158_trimmed_clipped_R2_paired	0.09870929653249265	0.09057697422203036	1.9292715712468242e-05	0.00013342313178253638	0.0005376496833849538	0.0	0.0	0.0	7.049957212928431e-06	9.180119307655174e-06	1.7697103964146686e-06	1.4190208456042422e-06	0.0	3.21300246405159e-06	0.00010843655470411069	1.1837995651990291e-05	4.3152824003692186e-05	0.00013989732041465712	9.329672774745575e-05	0.00445607837366895	2.0018449221185326e-05	8.730348360259761e-05	0.00251077148285038	1.4360503419303985e-05	0.01034029719074859	5.945811803610728e-06	0.00023117992519577828	1.1263962117523203e-06	3.398228510274051e-06	0.002020831306487648	3.0583222083358677e-06	0.0	0.0	0.0	1.063392928826934e-05	0.0002074251438319525	0.0	0.0
EXP159_trimmed_clipped_R1_paired	0.0012072567605074752	0.1640971706913947	0.00031889645899691176	0.09638850459219779	0.0020241839131357143	2.1269513449245092e-05	0.0	0.0	0.0	0.00286756486047631	1.2776395094361401e-05	0.0002978702667150898	0.012073100398656089	0.0031255470339971916	0.004044664999040592	3.208530797861519e-05	0.0009911039031366034	0.0002696945644975121	0.0005041046037469208	0.0001086760363641241	0.0009253127273678633	0.0003755628838140898	1.5146931453311083e-05	1.9992969272425657e-06	3.2495447187259885e-05	0.0	1.0101822532434376e-05	4.0565924832460904e-07	1.833016446202379e-05	0.0	4.109367546185151e-07	0.00011810315220988485	0.0	0.0	0.0010824868176589572	1.563576979674184e-05	4.253493097199587e-07	6.183121017750248e-05
EXP159_trimmed_clipped_R2_paired	0.09945670934683101	0.08905759894914007	1.7439703484735665e-05	0.00014546885747421026	0.0005765284886408552	0.0	0.0	0.0	7.788628007279329e-06	1.209184531958564e-05	0.0	1.56744322610914e-06	7.862556938032873e-07	2.3657250070448333e-06	9.762664989680607e-05	1.4659022770747534e-05	4.567422457389493e-05	0.00013898221073100844	8.826787217521241e-05	0.004349269333970644	2.3719422453290135e-05	7.867806518969135e-05	0.002426093152718218	1.586089897249111e-05	0.010623874468201256	8.206919586283439e-06	0.0002490469110781715	1.2432803855167135e-06	4.583031292475195e-06	0.0020954097328409155	1.2644808824842426e-06	4.2416366938832557e-07	0.0	0.0	7.796095749031967e-06	0.00018295766550001098	0.0	0.0
EXP160_trimmed_clipped_R1_paired	0.001094007289117491	0.16290417698596774	0.00033494647276243193	0.09558897851919018	0.00207212713582909	2.3935841413242287e-05	0.0	0.0	0.0	0.0027852579271995534	8.786809978951635e-06	0.00030209669853982637	0.012210649066842896	0.0032569240133798836	0.004113571380401023	3.189339229105461e-05	0.000993431037417493	0.0002482343470143786	0.0005204915172183372	0.00010926596280006865	0.0009603432804087702	0.0003948398927924819	1.5627158115676288e-05	2.4752950291768803e-06	3.063024320690434e-05	0.0	8.756312681204334e-06	8.373053038572784e-07	2.4806107788449765e-05	0.0	8.486518024681119e-07	0.00011474130123375051	0.0	0.0	0.001070448169084138	2.011308362648517e-05	0.0	5.2985033273497044e-05
EXP160_trimmed_clipped_R2_paired	0.09792062692157448	0.08948588304227639	3.198864275227723e-05	0.00010606681360722747	0.0006089013566782909	0.0	0.0	0.0	4.018585798574977e-06	8.0505467424163e-06	1.614008535296777e-06	8.088286428740231e-07	0.0	3.2554154792776076e-06	9.74918094540614e-05	1.3084125875636724e-05	5.1644638261033546e-05	0.00013520917973834632	8.820524020654847e-05	0.004362189005487559	1.8669294816592268e-05	7.744651866115088e-05	0.0024711751752964813	1.4270792732840563e-05	0.0105743312949588	6.776993494674997e-06	0.000256248813545646	8.557971344873857e-07	5.593473160323566e-06	0.0020562844838550873	1.3065292584619425e-06	0.0	0.0	0.0	8.517367724180951e-06	0.000190823774840824	0.0	0.0
MHW001_trimmed_clipped_R1_paired	0.0	0.07936300064726381	0.01831294694527802	0.07598932552922788	0.002295357528057534	0.0	0.009355948339743273	0.0	0.0	0.0	0.02246608298437717	0.027690980404089467	0.05237194538389695	0.025122962212841438	0.02213834332790869	0.022521345342768822	0.0009185298911629392	0.009735360993761457	0.027537181902357304	0.0002484058145883292	0.01388286022189326	0.006222627634285008	1.9884552673324995e-06	1.6510054695541075e-05	0.006181523606861732	0.007035510859363009	0.012693416107013807	0.003391177212039912	0.009459451502143803	0.012734163341367337	0.016166507996558287	0.012767745725207435	0.008554223769254318	0.010357858714478984	0.01874469031624111	0.0	0.012949547209565242	0.0
MHW001_trimmed_clipped_R2_paired	0.07275340804326016	0.10464767202232826	0.14201506032550168	7.73135566400834e-05	0.0	0.0	0.0	0.050429556219043374	0.0	0.005813283955211862	6.927996346728966e-06	0.010155115925108068	0.008142026608393641	0.0	0.00953095288496712	0.005467126987771012	0.006161102894354693	0.009387175846816018	0.018292403832272104	0.006834035377376168	0.003261629583206299	0.018344234751759617	0.008731501785804785	0.016182426760955302	0.013390010580596884	0.005980202932201707	0.006338246975732474	0.006363033371151689	0.0068906221058237325	0.016146872847278212	0.0	0.002952403590553774	0.0030623807350883396	0.019203831729248565	0.006007014508464784	0.006472306886588463	0.0	0.013457551590508328
MHW002_trimmed_clipped_R1_paired	0.0	0.0801901876227184	0.01700763248699458	0.07422523470117741	0.002095879455000384	0.0	0.009057862652039643	0.0	0.0	0.0	0.022636223138394664	0.02754360721621142	0.05237450753246807	0.025072238711955755	0.02177511341741568	0.02232937519521865	0.0008356488843383119	0.00981504887491916	0.02831412023649452	0.0002522938292742115	0.014017164956646122	0.0063454933700190005	0.0	2.8676432563847996e-05	0.005987695071243879	0.006850354829514867	0.012476416203580233	0.003310713889734183	0.009398263101023345	0.012691534843686602	0.01599705312555888	0.012538834189594538	0.008335881929735856	0.010078446737283638	0.018543437352490772	0.0	0.01226732578903282	0.0
MHW002_trimmed_clipped_R2_paired	0.07116582082474002	0.10638538776522619	0.1422570833257535	0.00011216980344023469	0.0	0.0	0.0	0.04793846692371744	6.6375424578700245e-06	0.00577117832823934	0.0	0.009957310871337449	0.007988814478588051	0.0	0.009671874110432957	0.005485370223995107	0.006322391775726455	0.009426353890824593	0.01845467316865598	0.006628288116274745	0.0030782104100096183	0.018572324790718218	0.00868669791442152	0.016264358825999838	0.013348529416639632	0.006039966308033513	0.006227609782288851	0.006271318554973436	0.007021609074593032	0.016517051319439598	0.0	0.0030321766236442796	0.002943953904943974	0.019519841677460372	0.005787983634293531	0.006459700869474277	4.036991436975984e-06	0.014565793690098174
MHW003_trimmed_clipped_R1_paired	0.0	0.07926249501924906	0.018105009052504527	0.07727618136579753	0.0022335545556078635	0.0	0.009246855060372138	0.0	0.0	0.0	0.023410666950487696	0.027367457344868378	0.054820339685455674	0.02646675764091063	0.02167087953834359	0.022412347946197245	0.0007992949647485943	0.009494319143916328	0.028534183118663042	0.00019021446885378782	0.014254017290211456	0.006688688621493095	0.0	2.1877269671775017e-05	0.006255387960643436	0.007144066337891827	0.012333638571360071	0.003382912196093713	0.009722130102863356	0.013544991162383845	0.016109136778260216	0.01226987569065145	0.009264903998471236	0.01042670576069613	0.01768142001765319	0.0	0.01182500007472911	0.0
MHW003_trimmed_clipped_R2_paired	0.07305953945004828	0.10935062661353165	0.14306282103075954	9.392768660041126e-05	0.0	0.0	0.0	0.04521843082970694	0.0	0.006275743650512521	2.3698479084341483e-06	0.010660976821177401	0.008642963465547207	0.0	0.009608668344304214	0.0054514442392551345	0.0065443983433295504	0.009370709912391202	0.018202301066095994	0.006434487882337632	0.003226027925176113	0.01807500659281227	0.008533035829571937	0.016959919910062543	0.0137403510110553	0.006294040209469646	0.006140899114838447	0.006202677018182407	0.007379727439698824	0.016642066180003072	0.0	0.003146789806017299	0.002815954434130643	0.019546157631286188	0.005984186940518324	0.006278301683682123	0.0	0.013492717910011144
MHW004_trimmed_clipped_R1_paired	0.0	0.08109686773923355	0.017861261892195876	0.07710349460681892	0.002233773127917064	3.0562400429609553e-06	0.009148765871832606	0.0	0.0	0.0	0.022984456094409755	0.02740019444572301	0.05442590604863791	0.026108070465311484	0.021671910217895784	0.022299995297124193	0.0008475384161202078	0.009442768851809533	0.02828115717710728	0.0002505817804180049	0.014022290022531764	0.006453394115256051	1.2723846496156773e-06	1.9214879264651183e-05	0.006357299152581964	0.0070691516270085745	0.012338080962348978	0.0032699493699949777	0.009532221675460492	0.013543208682353723	0.01595869635836347	0.012347217350695694	0.00907311345954111	0.010324124133591208	0.017604891751642964	0.0	0.011925978445144174	0.0
MHW004_trimmed_clipped_R2_paired	0.07273912797497584	0.10868292604645675	0.14281106092653623	8.900394609736878e-05	0.0	0.0	0.0	0.045324611652306994	0.0	0.005939969647403772	3.096357263249706e-06	0.010326159578202723	0.00834167827980799	0.0	0.009555952337582455	0.005535685295087564	0.0065416444014974	0.00931367968371683	0.018157073006061206	0.006487461544192398	0.003187871270635851	0.018092109373353024	0.008724459849975148	0.016883851628051626	0.01367711017480132	0.006175915617224972	0.006131824487906923	0.006210187685272495	0.007243184290770688	0.016653526327897725	0.0	0.003087862172236312	0.0028318982285842685	0.019761043242472517	0.006028064790664124	0.0062262646782566015	0.0	0.013680654060742713
MHW005_trimmed_clipped_R1_paired	0.0	0.07972714313574669	0.01788716047425367	0.0758349047815728	0.0020212330532241194	0.0	0.009105323377686594	0.0	0.0	0.0	0.022937538076183567	0.02767973602785176	0.052868027956032425	0.025555356246017506	0.021750794572959795	0.022401830833945972	0.0008576773685575578	0.009906576788622432	0.02813858969221107	0.00021351507190746528	0.013802949857321316	0.006610596500248631	2.6453782847298422e-06	2.014989155059702e-05	0.0061954653024258455	0.007352155914561381	0.012553250488852544	0.0033837477343081276	0.009725220099572359	0.01331657857578362	0.016187285157214615	0.012687543237869034	0.008984379518699463	0.010285607931128876	0.018330807658860485	0.0	0.012764953154288989	0.0
MHW005_trimmed_clipped_R2_paired	0.0724424723172862	0.1062362139982765	0.1432812450236684	0.0001547730395765806	0.0	0.0	0.0	0.048111805893637165	0.0	0.005953106133507446	1.2501610363684973e-06	0.010242195024548382	0.008241977624061626	0.0	0.009580233093302927	0.005512785513869071	0.006328354245148256	0.0093435290989771	0.018618766600915927	0.0068432232928892335	0.003181944708246419	0.018522319037682942	0.008774539128320559	0.01656800670078376	0.013599633622785377	0.00615061762096499	0.006138483815231812	0.006378862392145361	0.0073112963378932595	0.01661473056791166	0.0	0.0030128248819116794	0.003032888731739209	0.01987854803507013	0.0059551774070865215	0.006307486707448572	2.4467629045395207e-06	0.013969776924922043
MHW006_trimmed_clipped_R1_paired	0.0	0.07966373991683025	0.017027953865022212	0.07388051235599752	0.0019550527119781558	0.0	0.008784950808452152	0.0	0.0	0.0	0.021879115465039112	0.02713290621458423	0.0524472488187064	0.025410680734639143	0.021786815934813894	0.022229194326599547	0.0008460508443695526	0.009774848348902132	0.02786761655076227	0.00023691518561603104	0.01382450944003259	0.006321671354089472	0.0	2.1978478268323137e-05	0.006177707338951158	0.0068289024993856565	0.012435139813353079	0.003479874889554117	0.009560765207077356	0.013045538451149589	0.01586361693527264	0.012626211429535522	0.008171524922493904	0.010017086605727376	0.018057836701079875	0.0	0.01233460830500067	0.0
MHW006_trimmed_clipped_R2_paired	0.0715598455335575	0.1067055136432271	0.14339308384316762	0.00016874776013715254	0.0	0.0	0.0	0.04854909329409888	0.0	0.00573614159312628	2.8612270134565366e-06	0.009834321451904502	0.007998184407816862	0.0	0.00970850788908013	0.005525537524697654	0.0064349898225210264	0.009323618506924198	0.018631737823017913	0.006649944585572908	0.003230992365216525	0.01835134811444108	0.008559500037798526	0.01612391430637198	0.013251090993679325	0.006190544858390163	0.006152412653832747	0.006240183536578909	0.006596928785897889	0.01572440577532576	0.0	0.002949659013568849	0.003058433138332203	0.01898925760975874	0.005357764253353358	0.006072452354055882	4.469936192554838e-06	0.013342164688926596
MHW007_trimmed_clipped_R1_paired	0.0	0.0809566144048985	0.018408616183053377	0.07715264561431817	0.0022082411776892423	3.602957278510543e-06	0.009383493994437721	0.0	0.0	0.0	0.02302512585558184	0.0274524883634708	0.054509503603065154	0.0261702113745047	0.021795260549875965	0.022184687321072455	0.0007527645295654822	0.00957211324732231	0.028520852152192213	0.00022408352555891147	0.014193136630102793	0.006536236090398859	2.9976072424529116e-06	2.0347021925468528e-05	0.0063521505928270635	0.007095120230766781	0.012188552858606799	0.0033392873319441382	0.009525800278208152	0.013694349158119198	0.015988077850163207	0.012474614028697805	0.009104506010572354	0.010329948819931316	0.017488195358760526	0.0	0.011951806562025763	0.0
MHW007_trimmed_clipped_R2_paired	0.0711637563262571	0.10796672596324114	0.14272384352311734	0.00011259487752873567	3.638073927990584e-06	0.0	0.0	0.04606804133136822	0.0	0.006221355840816243	7.357644821424332e-07	0.010534901315923656	0.008516089507662363	0.0	0.009629477889693925	0.005468485838674412	0.006333370488707883	0.009294015455112882	0.01837622075191886	0.006506799987495582	0.0031588460767909485	0.018475048199010725	0.008456747044262608	0.016795050116888036	0.013758373827706888	0.0061699691946957465	0.006047136466695457	0.006325042273099777	0.007297090952794892	0.016593908381167043	0.0	0.0029838937003218158	0.0028984309006616954	0.0196527485971954	0.0060532671185460196	0.006275429435387498	0.0	0.013817964869159507
MHW008_trimmed_clipped_R1_paired	0.0	0.08052867535180608	0.017882976453030767	0.07750104971977045	0.002079533535267874	0.0	0.009175996593139465	0.0	0.0	0.0	0.02286941529756547	0.026852462655260156	0.054568969106855866	0.0262513272701754	0.021514428177506078	0.022477495712135448	0.0007901925978469056	0.009432146591643866	0.02798454045548251	0.00021277702527124456	0.014191610163296446	0.006544179219693438	0.0	2.3501183587834724e-05	0.0062743966857452625	0.007085950348473785	0.012172649825141437	0.0034485050476073054	0.009477710863596701	0.013561964126496245	0.0160574460376193	0.012302146966886194	0.009027525069832142	0.010422776233771315	0.01718294319994533	0.0	0.01197905194212417	0.0
MHW008_trimmed_clipped_R2_paired	0.07148795040973564	0.10740853427443807	0.14123738559023705	0.00013604527704480832	0.0	0.0	0.0	0.045929618486660294	0.0	0.0061272066824472485	0.0	0.01034132929928732	0.008309508247925416	0.0	0.009697122017994287	0.005569696727040064	0.006556764042229137	0.009229100082888707	0.018336757155916598	0.006369817229014632	0.003190047028458011	0.017970279178317283	0.008421446522047217	0.01663791391751126	0.01356035698525724	0.006245531685927222	0.006036814176032239	0.006172172860165175	0.007377119422942082	0.016433959630796455	0.0	0.003131273300502073	0.0028424968208810983	0.019502831844866567	0.005904166000575685	0.006140106368203724	0.0	0.01319741752933786
MHW009_trimmed_clipped_R1_paired	0.0	0.07825873619412875	0.023156303066527863	0.0730420678909925	0.0020838032924339503	0.0	0.011481376281833279	0.0	0.0	0.0	0.021840059727091445	0.025559941546728113	0.05833820437779656	0.02818653829501313	0.02105524258091307	0.021004507705071555	0.0007646136712562711	0.008869915842554872	0.02615345491761232	0.00019340722978560682	0.01426138801447547	0.006162770896051072	5.141777839616226e-07	2.5834703511280325e-05	0.005900099686646423	0.007989299804157905	0.011452465452430447	0.0030614000268545166	0.008979370522054025	0.014175762682357495	0.01474370113455245	0.01151432591965654	0.01057693810870578	0.010989491354569801	0.01643438017417697	0.0	0.011432997264150311	0.0
MHW009_trimmed_clipped_R2_paired	0.06903050038446569	0.114778975253646	0.13338191193692311	8.941253283551084e-05	2.4860087427955466e-06	0.0	0.0	0.04176058540489598	0.0	0.008067534392243902	1.502814606448271e-06	0.013915974852845932	0.01115515118886627	0.0	0.00876326966817413	0.005829584509101106	0.005931102155054755	0.00885383871041973	0.01891726037914279	0.005997972380223248	0.0029652853762427395	0.017195601249712894	0.008030167044667516	0.01861892253388185	0.014469991011285016	0.005827557036723649	0.005670905209945447	0.0058621244389618484	0.008199662009105713	0.016299066953072504	0.0	0.00292394082096488	0.00269283958882529	0.01801229619115989	0.005566736394434798	0.005892269726151442	0.0	0.012837668646244376
MHW010_trimmed_clipped_R1_paired	0.0	0.07770169637469516	0.022970288374289775	0.07246642773525634	0.0018874744749629905	0.0	0.010988573400421735	0.0	0.0	0.0	0.021940690844510485	0.025550326410125397	0.05882078129324121	0.028444838343138604	0.020976858879011694	0.02104738048388896	0.0007214941606735807	0.00894514851875451	0.026017748237915982	0.00019086330043493986	0.014264417568537042	0.0060329274819050155	4.712180109589005e-07	2.369278932370312e-05	0.006018721135554238	0.007939398395445857	0.011442907417164415	0.003037671717215157	0.008810224162010298	0.014323347860821404	0.014773874188794535	0.011611501692594799	0.01067233664971307	0.01118088834811634	0.016472305314534523	0.0	0.011265914613219023	0.0
MHW010_trimmed_clipped_R2_paired	0.06908558703212452	0.11392391204636057	0.13210398795268277	7.043010460756243e-05	4.548398392941687e-06	0.0	0.0	0.04104408227479905	0.0	0.007951217013349223	1.3753096354921976e-06	0.013770985469997618	0.010904432869810486	0.0	0.00865201307189694	0.00588958146881795	0.005990182719891622	0.008736223427287344	0.01880269926172376	0.005985862800503517	0.0029665769667016847	0.017186502600896752	0.008019750277233482	0.018635494342945265	0.014189048677875002	0.0057696461028304185	0.005623482267771646	0.005830912882099468	0.008156447070904167	0.016249293546959608	0.0	0.0028923606281691014	0.0026277845989840275	0.017842600199112595	0.005532097986501313	0.006130799510110338	0.0	0.012757892233516597
MHW011_trimmed_clipped_R1_paired	0.0	0.07839400889440466	0.023859025470617922	0.07226417366023336	0.002103849302703291	0.0	0.011793732885256909	0.0	0.0	0.0	0.02183943156315883	0.025630248663767133	0.058668809652852476	0.027854397547704857	0.021117375751715056	0.02126127758881304	0.0007012986866171237	0.00888206465000132	0.026033182315238046	0.00019044540855519068	0.014558429383824241	0.006152267058181956	5.150703374129462e-07	2.4884008379109195e-05	0.005888614663486894	0.008189259231937564	0.01158248644846963	0.003078157206886576	0.008922347596218358	0.014233086479225119	0.014399364714506748	0.011558026783434613	0.010818702813539222	0.011237462570879283	0.016494741096393366	0.0	0.011199234871699718	0.0
MHW011_trimmed_clipped_R2_paired	0.06943313786957425	0.11578923940292567	0.13098145106311695	0.00010880558398170128	2.475234719701574e-06	0.0	0.0	0.042372228298975044	2.4835875223072727e-06	0.008257091823797224	9.976910535716298e-07	0.014116222270141218	0.011288579626306881	0.0	0.00867525230865878	0.005860683167056178	0.005843585236590834	0.008831766460057441	0.01933924609815099	0.0060831596377205425	0.003082949747965507	0.017133635076260728	0.00811581531603885	0.018671931745438727	0.014413252242116668	0.00573149335967846	0.005726695357838446	0.005852475710590727	0.00818253436084452	0.016424744609527715	0.0	0.0028635516437841273	0.0026635612938142733	0.017899696096478013	0.00563398207193827	0.005899248874492696	0.0	0.012849274768453496
MHW012_trimmed_clipped_R1_paired	0.0	0.07909509606077783	0.02300826857204668	0.07340675850450223	0.0021439149499044383	0.0	0.011073492854318365	0.0	0.0	0.0	0.021931020083490405	0.025449095710809628	0.058107625646942905	0.027931537614385504	0.020884369103459557	0.020882622221281195	0.0007417339307014931	0.008808380401135801	0.02584161950098185	0.00020206477856347062	0.014279227784489373	0.006023132685971819	4.3371698868317006e-07	2.6683057237616118e-05	0.005846664068855742	0.007960062753880065	0.01137716925671248	0.0030816670680795287	0.008899292709611581	0.014236514155375603	0.014696534942003995	0.011574273631913223	0.01056897177000032	0.010998794384898302	0.016300815289789654	0.0	0.010895150435805476	0.0
MHW012_trimmed_clipped_R2_paired	0.0700530624194762	0.11574429189214541	0.13259141883844514	0.00010562488114612025	2.073329389446169e-06	0.0	0.0	0.0419470867818932	2.081124609770926e-06	0.007894596412714906	0.0	0.013866974515204446	0.01100928988895066	4.2148882370751557e-07	0.008769770220571656	0.005899383464691443	0.005902609588359845	0.008637163390117605	0.019025717481739576	0.006038918285238266	0.0029912352906632813	0.017118219500499007	0.008094937133900228	0.01874368195550897	0.014086523363760699	0.0056931364334140465	0.005580931642021487	0.005817553019061684	0.008337060347610892	0.016150990674190166	0.0	0.002806162710912963	0.0026709847586932206	0.017811101043434703	0.005461719988090814	0.005822980461006692	0.0	0.012622223837224885
MHW013_trimmed_clipped_R1_paired	0.0	0.07790254899808707	0.023132584966062825	0.07349593238591619	0.0019896374895715272	2.174898225093832e-06	0.010869726942540061	0.0	0.0	0.0	0.02214623631507951	0.02599711276530135	0.0587599447670406	0.028483042264831726	0.021383159387394653	0.021567699388316496	0.0007108848760662622	0.009066759124469345	0.026413638736296305	0.00018303746640661273	0.014332008974460018	0.0061572782961070004	4.5061860020198533e-07	1.5388751546795834e-05	0.005946620783396889	0.007895066763646917	0.01156263122715292	0.0031505434169395307	0.009380030582000149	0.014351501810086506	0.014926876642255366	0.011890026355405986	0.010598178841292284	0.011272598821022049	0.016636613469177917	0.0	0.011273752457838423	0.0
MHW013_trimmed_clipped_R2_paired	0.06961080595350295	0.1141234066579816	0.1334182584730358	8.519627178493245e-05	0.0	0.0	0.0	0.04262086719149547	0.0	0.007940283961430148	3.0873391076777565e-06	0.013824167455163012	0.010938953141563425	0.0	0.00882361273505734	0.0058190499868682605	0.005945356455845709	0.008827748017955522	0.018806819088630376	0.006084831943615229	0.0031083852111793418	0.01746666116486296	0.008107080165782115	0.018485242823242973	0.014324617417626261	0.005854476114524695	0.0056541898871532	0.005770515793649604	0.00814304443784038	0.016292088789561943	0.0	0.0029210690614021773	0.00266364674008143	0.017911931637293006	0.00570024710092234	0.0060422190579541134	0.0	0.012842605872960268
MHW014_trimmed_clipped_R1_paired	0.0	0.07850386898064654	0.023503733045184893	0.07273176154702754	0.002045143865153452	0.0	0.011210254143575052	0.0	0.0	0.0	0.021974067660317283	0.02564618331819865	0.05850194300271694	0.02795024535095396	0.020999787933176046	0.020900987688505627	0.0007622923727907452	0.008946753542383954	0.026304538021306043	0.00018891955463855065	0.014575369999621203	0.006099153984164328	0.0	2.7733688768288586e-05	0.00584764464681958	0.00797994552049679	0.01166312700288231	0.003155339367576942	0.0088517292164776	0.014373103731967507	0.014731574218378028	0.011463006003795406	0.010604994037118086	0.011137451502295644	0.016225228534721022	0.0	0.01101065026971517	0.0
MHW014_trimmed_clipped_R2_paired	0.06879757939742763	0.11469197033551909	0.13299257637100217	0.00010398587232721117	0.0	0.0	0.0	0.04228228623744332	0.0	0.008079216523754321	1.0250743225012158e-06	0.013843789445470477	0.01111592507998436	0.0	0.008872739250981773	0.005980562409224024	0.005871180028719643	0.008567319277140637	0.018962747113883044	0.0062258647284226315	0.002992966047223627	0.017114063712802406	0.008060681880637894	0.01884060660731486	0.014455465188052498	0.005847666168186153	0.005786484401458131	0.005837566826648209	0.008364667844418002	0.016192967704322568	0.0	0.0028852020081029887	0.0026565593830364187	0.0179749812218958	0.0056925863186985046	0.005914516678647106	0.0	0.012218586314224485
MHW015_trimmed_clipped_R1_paired	0.0	0.0799891941345646	0.01771383635987651	0.07752398218570296	0.0024048213023443363	2.699364755792655e-06	0.008668826269000347	0.0	0.0	0.0	0.023280240668832823	0.026899512941086647	0.0549850664547737	0.026718331826592393	0.021544797897229472	0.022278972938254045	0.0008260219247814898	0.00911925685051178	0.028367284830380975	0.00019060192476825336	0.01381370636492862	0.0065476003089864395	0.0	2.965839387785502e-05	0.006189582864199057	0.00700837384099757	0.012025280983940366	0.0033379630561443134	0.009627038362329844	0.013475246347394769	0.016455228096557358	0.011870117371610771	0.00919357834450021	0.010567567996427036	0.01742837864070105	0.0	0.0116881030788318	0.0
MHW015_trimmed_clipped_R2_paired	0.07247670497571794	0.1082015206282263	0.14323117269839217	0.0001273426682011729	2.711943172641028e-06	0.0	0.0	0.04321069582598709	0.0	0.006126545487348318	2.187033796156706e-06	0.010517489880266252	0.008534006257303045	0.0	0.009346373428074392	0.005448034521001161	0.0064839077649691355	0.009245971059602901	0.017895517629249194	0.006285079133606634	0.0032609825503274663	0.01802516172708977	0.008567386823369426	0.01691862664069676	0.01329946289468589	0.006189961475205098	0.005977085036569556	0.00599343615697465	0.007330865968639314	0.016185735275916824	0.0	0.0030401943104956973	0.0026884807116437717	0.019081000174074957	0.0060475371697150315	0.006256651014383537	0.0	0.013219667522862135
MHW016_trimmed_clipped_R1_paired	0.0	0.07779710752291308	0.023112936042679617	0.07214768600797898	0.0019691715354617258	2.2129307162595064e-06	0.011531091463400193	0.0	0.0	0.0	0.021916639118711972	0.025244420241491414	0.058410704704089336	0.027912929607251526	0.02080930393584917	0.02055036691502727	0.0007724662229370234	0.008739503363221643	0.02593916917221542	0.0001879918959508993	0.01443594748534148	0.005940820616623845	4.5992939007627556e-07	2.541994981880059e-05	0.005794255575022922	0.008065316508844712	0.01139404278797079	0.0030924920400548363	0.008870056296732683	0.014174032564477364	0.014829610686509958	0.011540327975372904	0.010583684571867829	0.010822883121068261	0.016385274760377287	0.0	0.011125542165764857	0.0
MHW016_trimmed_clipped_R2_paired	0.0679880463415154	0.11419761358656691	0.13213046894728037	0.00011819186692327235	0.0	0.0	0.0	0.04078495458033031	0.0	0.007857850180075471	9.030336630270105e-07	0.0137590583975554	0.011001993310066684	0.0	0.00876443208522259	0.005843385590395199	0.00594443326058263	0.00866446091486529	0.018913633213631032	0.006007710610763406	0.0029966706551347367	0.01694560180182447	0.007852974338483075	0.018636117645285253	0.014298336061708068	0.00573606587773952	0.0055948462376215055	0.005818504670857887	0.008357987006679583	0.01607258611067937	0.0	0.002897536813187457	0.0025787174979868036	0.017700854340571868	0.00553993746170032	0.005855874147786098	0.0	0.012638318560552505
MHW017_trimmed_clipped_R1_paired	0.0	0.07903411172344074	0.022723427428417643	0.07377588252658372	0.002110726861168472	0.0	0.0111341921266812	0.0	0.0	0.0	0.022165388987830083	0.025518093888318154	0.05770527372400232	0.02794180789934315	0.02120432243213668	0.0212266733032172	0.0007629380820458303	0.008971107990718371	0.026284975546901092	0.00020156909077407594	0.014380435262369234	0.006078337453100805	4.915811541176182e-07	2.5784969725941422e-05	0.006033982156180831	0.007949711012224647	0.011643804227828843	0.0031135001142264056	0.009072563779944944	0.014141449128841322	0.01475124935121219	0.011528208925976162	0.010437230788872747	0.011007531838664516	0.01647441958143417	0.0	0.01125801175883317	0.0
MHW017_trimmed_clipped_R2_paired	0.07021099890277217	0.11466136120103382	0.13331680287441855	7.773424555334204e-05	2.3595418420976193e-06	0.0	0.0	0.042381271004459105	2.3725350784056412e-06	0.007811331201508299	1.430651452718536e-06	0.01338060036626024	0.010657280663097518	4.809864817258253e-07	0.009024332868528615	0.005699023308512788	0.0059965725205264695	0.008823000051169906	0.01898910419188718	0.006089781123562409	0.00303904663728971	0.017262703641874568	0.0079777000975626	0.01830965928509343	0.01415322477394503	0.00597484979318148	0.005811926467904262	0.005722977813218823	0.00810864322768878	0.016290612816075935	0.0	0.0029260835814502663	0.0026864882253020152	0.018028588314458336	0.005504348326860443	0.005869952397120318	0.0	0.012928405887542908
MHW018_trimmed_clipped_R1_paired	0.0	0.07654435381250033	0.018189345332377673	0.07052514814779094	0.0019996321757678845	0.0	0.009297608527477798	0.0	0.0	0.0	0.020828250645129498	0.026757233304354602	0.05053976641442233	0.025008906058135584	0.021961966099735226	0.02201694351093196	0.0008156663035041348	0.009679078160055527	0.0266856986000549	0.0002243753489364398	0.013467606873587053	0.0061156461909901	1.3938515230051082e-06	2.052088183681944e-05	0.00568388597278153	0.00682359551715716	0.012022966868303463	0.003126712145372369	0.008739320592010555	0.012413058381086623	0.014681338011280425	0.011684591814357524	0.008377936418459573	0.00956086154376896	0.01686068871820514	0.0	0.012067638889586623	0.0
MHW018_trimmed_clipped_R2_paired	0.06997842286992854	0.10433722955739022	0.14107994762059067	0.00012450343429190513	2.7086295501895376e-06	0.0	0.0	0.049651939550779595	0.0	0.006108279795587707	3.82193850577383e-06	0.010398336463187002	0.008267376663048685	0.0	0.009509722217610777	0.005460619503671905	0.006130503405040251	0.009116461658842242	0.018948265202822733	0.006769794128701647	0.003104736796602284	0.01748480989779653	0.007829831277970212	0.015141383982267493	0.01283798136742562	0.005515620874255967	0.005868657629940751	0.005756835890424575	0.00634190758615494	0.014440282527936074	0.0	0.002912171867253258	0.0028145347742229467	0.017335458818049005	0.005324269957396853	0.006115908851632095	2.328989356728249e-06	0.01277219798525532
MHW019_trimmed_clipped_R1_paired	0.0	0.08180739580355291	0.018831688936419334	0.07462436568706995	0.0021594222597172753	0.0	0.009865774868076882	0.0	0.0	0.0	0.022622995006477464	0.02761636166599702	0.05279965832530725	0.025399315385218602	0.021870734374578517	0.022196100800798577	0.0008825907346929193	0.009749088388971372	0.027691519746951797	0.0002467429143018396	0.013941383990281355	0.006337502588508458	2.6833324029623597e-06	1.620631052759072e-05	0.005905500711876911	0.007045467685897852	0.012383576525409017	0.0034613659385319398	0.009225016841172426	0.012707061898961305	0.015895989513987047	0.012575053782948677	0.008520701211564308	0.00990500829704511	0.01771672959921075	0.0	0.012409614215343255	0.0
MHW019_trimmed_clipped_R2_paired	0.07161027047635256	0.10623811400962066	0.14285150230980412	0.00015671131371994547	3.3365572261438076e-06	0.0	0.0	0.049386302466593354	0.0	0.0060645252888425405	2.687795390393276e-06	0.01009063370021309	0.008100308491364902	0.0	0.009755220220171957	0.005507113367256916	0.006392719189530829	0.009201404234321081	0.019071856380113696	0.006775134210892979	0.0030949783577701928	0.01826060384601081	0.008707381344983537	0.016221232563968305	0.013171402798264578	0.005832695970184979	0.006041493515346521	0.006249415967798651	0.007083283591442177	0.01609704878632404	0.0	0.0028006300883518663	0.0029560758937404704	0.018614108762740837	0.00574641430865446	0.006029625386132098	0.0	0.013891991414367751
MHW020_trimmed_clipped_R1_paired	0.0	0.07785115190301642	0.017887468503493632	0.07155624743117141	0.0019104885468615752	6.412503869545303e-06	0.008764813312202425	0.0	0.0	0.0	0.021338083498466286	0.02676741696278592	0.05136011559522967	0.025087121133466173	0.021888010541265875	0.022253317884824785	0.000874208497658654	0.00953109643930746	0.026785467986130417	0.0002608962804656817	0.013417289060361184	0.006125639782841165	8.380531368597089e-07	1.856633665887367e-05	0.005836488149415669	0.006966919722496398	0.012100037048348524	0.0032602806251159472	0.009093737692888076	0.012562116498893649	0.015435326193311621	0.012336200933646504	0.008664997274198026	0.010342715162532616	0.017918726230130504	0.0	0.012266711014944013	0.0
MHW020_trimmed_clipped_R2_paired	0.07067093012196089	0.1044418144048688	0.1407044041316306	0.00014777211689211337	6.429611395251713e-06	0.0	0.0	0.04944661838781983	3.2246192716210638e-06	0.006166505720910425	3.886608583244694e-06	0.010256140870026112	0.00829376171703972	0.0	0.009615138098627019	0.0053687905031651285	0.006220732471748754	0.009153553211862571	0.01844171643905078	0.006628184900648699	0.0031018985063370344	0.01756525128753156	0.007941309520845331	0.015303766068497362	0.012875623675767002	0.005589951295308396	0.005874908866479956	0.005971193317337017	0.00660303405210139	0.015306408353783264	0.0	0.0030352468395116634	0.0029510343127064193	0.018734712178514933	0.005402187525533541	0.006377963259802146	0.0	0.012306727404164778
MHW021_trimmed_clipped_R1_paired	0.0	0.07960733770272461	0.018285581444690367	0.07260709840527435	0.002062942142058195	0.0	0.009712712321113762	0.0	0.0	0.0	0.02163016272947386	0.027416493569254723	0.05195955270077715	0.02506829320864259	0.021876662743076203	0.022129795642739085	0.0008752221469541291	0.009769592513362482	0.02727754870171945	0.00024265079068853167	0.013696867708436151	0.0061435883242305245	0.0	2.483086913320825e-05	0.005855581382807184	0.006956157930386376	0.012244583033810688	0.0032586502365603105	0.00902507135257311	0.012331914693260972	0.015157016310015495	0.012053358120836332	0.008359634725779493	0.009854553764931957	0.01759685183260005	0.0	0.012399116122165852	0.0
MHW021_trimmed_clipped_R2_paired	0.07157154059896909	0.10500574962640932	0.13983018612051032	0.00011458519633743698	3.185427865237416e-06	0.0	0.0	0.049568600222070394	3.1956008081035328e-06	0.00601950802108248	4.493161325018897e-06	0.010196131123970052	0.0082590350428998	0.0	0.009543739796807076	0.005441518177707173	0.006221256482336408	0.009183128765963543	0.018787812092737714	0.006695913665839934	0.003104746860604705	0.01812461110944775	0.008326657531079182	0.01581826251859309	0.013087456868372142	0.0057395174613826495	0.00604407739631175	0.006084696622261908	0.006625790503267961	0.015477798633156108	0.0	0.0029387301368578767	0.002972713393171936	0.01815734066200897	0.005603960277816569	0.006110059043299477	0.0	0.012912984928701876
MHW022_trimmed_clipped_R1_paired	0.0	0.078836400229085	0.018170213101586088	0.07234381994908762	0.0019839880364783857	0.0	0.008940133354467913	0.0	0.0	0.0	0.02129481559980868	0.027284551814357932	0.05134699493720947	0.024724274597141868	0.021942086749142317	0.02232307151172894	0.0008313452853680682	0.009696841277609341	0.027132528845100645	0.00022645576031757032	0.013607877980261468	0.006108971669717922	0.0	1.67054078176238e-05	0.005816848877821883	0.0068362885282663415	0.012451457141203125	0.003211009028309495	0.00915190164641786	0.012658491186402339	0.015100524022050569	0.012289527613768694	0.008450014847093925	0.009707543478708149	0.017714657883437995	0.0	0.012230438784128427	0.0
MHW022_trimmed_clipped_R2_paired	0.07188475077332267	0.10542555907991193	0.1406736343602797	9.614594540345095e-05	0.0	0.0	0.0	0.05032838333030123	0.0	0.006104398873750318	3.7329834283533158e-06	0.010311386894410628	0.008319896222519893	0.0	0.009599185360292023	0.005379591608192842	0.006330771640897683	0.009216658847034797	0.018814257225038586	0.006774798927081172	0.0031652695465964054	0.017622218308570678	0.008052548469107771	0.01527099753491103	0.012677432112183584	0.005643387607649396	0.005982773798691727	0.006045250336206199	0.00636970019153698	0.014971785002545335	0.0	0.0028258880365868927	0.0027828688716032457	0.017834210686207635	0.0057012618436061025	0.006306633064205297	0.0	0.012975995230089856
MHW023_trimmed_clipped_R1_paired	0.0	0.08132256564386203	0.018413870569491078	0.07451476420955316	0.002150637485434712	0.0	0.009378466618018512	0.0	0.0	0.0	0.021994946327935205	0.02744914446378331	0.05225996982869802	0.025059034602206584	0.02198228292753077	0.022369885898771057	0.0008797899304238178	0.009662659254976589	0.02766994011987656	0.00024956466563638057	0.01376004033087763	0.006142539741127351	5.213358522196369e-06	2.3334391936914205e-05	0.005911656762432494	0.0069798364946170805	0.012372213714509448	0.003270867359584359	0.009029660292607863	0.012613508366514386	0.01556956602235519	0.012227024506921477	0.008468581987098768	0.010071331619531892	0.01737198423588296	0.0	0.011912671444568968	0.0
MHW023_trimmed_clipped_R2_paired	0.07191555739467202	0.10560958950323171	0.1422355519927574	0.00016987685009402684	7.73078141269671e-06	0.0	0.0	0.04964159566970752	3.88303219771468e-06	0.005938419176935725	3.902815887907631e-06	0.01002942716393556	0.008148540671442892	0.0	0.009553419263363797	0.005603699446796988	0.006201583481055694	0.009565620553879722	0.018968973992479064	0.006814261570883939	0.0031702145824006266	0.0183093198467281	0.008595347253981828	0.016228805279494787	0.0130580762110042	0.006058573633642232	0.006096684513649389	0.00612520806657004	0.0067764707516089154	0.01602981996203406	0.0	0.0028817301748120133	0.002710292597832164	0.01811527511443238	0.005472187991929115	0.00613132618675774	0.0	0.014404188588603298
MHW024_trimmed_clipped_R1_paired	0.0	0.07668099052967807	0.017448780503900942	0.07101507193197039	0.001967626785531699	0.0	0.008482092225256511	0.0	0.0	0.0	0.02105399883730361	0.025994134320001857	0.050507032355715374	0.024925729907699555	0.021450977352590897	0.02170413235687118	0.0008332699944303298	0.00949502591563009	0.026513968374285497	0.00022955716252989357	0.013325681412502352	0.005981870080820923	2.8085408175628615e-06	2.01114021579819e-05	0.005684077544290461	0.0065998071330173255	0.01155555754873884	0.00310420587291701	0.00869841211435939	0.012070319092484915	0.014655584815337241	0.01166440173265854	0.008240497672107579	0.0095606531350274	0.01663874398742536	0.0	0.011953876630208377	0.0
MHW024_trimmed_clipped_R2_paired	0.07053038594013172	0.10361769203061404	0.14129722770207667	0.0001266445886714185	5.6746032676786775e-06	0.0	0.0	0.04825243353011657	1.8968322067541036e-06	0.00607717808682826	4.190025247987502e-06	0.010069796914425975	0.008080060256024505	0.0	0.009593018811314306	0.005280994815547583	0.006272661581787901	0.009049253857873479	0.01839728110381336	0.006513394593588097	0.0031554925518033953	0.01724342555076141	0.007505285911366886	0.014728147861400046	0.012374640761456161	0.0054533673995063444	0.005619881568526502	0.005550515455320578	0.006307307896025002	0.014114249589445245	0.0	0.0028029844370820014	0.0027490213556443715	0.01785995491248188	0.005383456714522805	0.006057612277065275	0.0	0.01230717066623057
MHW025_trimmed_clipped_R1_paired	0.0	0.07905475143985029	0.017692741459308877	0.07367894719031133	0.0021960683874594896	0.0	0.009255091789428984	0.0	0.0	0.0	0.02190711806292276	0.027095184000355658	0.0518202235670327	0.025127202851454963	0.021849011250160394	0.02206417019256699	0.0008467875237862967	0.00952710679186533	0.02707808374177689	0.00023681865296584607	0.013436830646102675	0.006078204312815915	9.261283278418709e-07	2.5131239926178724e-05	0.005821526125766813	0.006615346383842663	0.011635851868575225	0.0032146160143267637	0.008880211236787797	0.012373374061741578	0.015029568125319533	0.011960532999812982	0.008129728520204037	0.009874635822293806	0.016998748046765173	0.0	0.012046154935452288	0.0
MHW025_trimmed_clipped_R2_paired	0.07214174328167627	0.10481501208674295	0.14282926943045457	0.0001288364462239705	5.688173315000478e-06	0.0	0.0	0.04870023364100538	1.9019423205560214e-06	0.006076325963683136	6.1133377670315485e-06	0.010045278071446291	0.008067592711864056	7.716962526842827e-07	0.009664776416839669	0.005452955536489406	0.006275151291481866	0.009251258570202299	0.01855336263859588	0.006592159784983133	0.0031250700986364555	0.017592078926514744	0.007959047499286703	0.0151936405451519	0.012589043658622418	0.0056786243430255335	0.005748290889281839	0.005888031959054086	0.006706067181791535	0.015006042503241869	0.0	0.0028575865745217467	0.0028633667645661088	0.01832843401455983	0.005632843267357809	0.006302230161732254	0.0	0.01329679768671103
MHW026_trimmed_clipped_R1_paired	0.0	0.07857975144597008	0.018309802291764782	0.07279054116847238	0.0021350232937356545	0.0	0.009100338141349367	0.0	0.0	0.0	0.02141674265153356	0.027140426592573125	0.051384282171958034	0.024856967786478463	0.021984629554243816	0.022394227199546295	0.0008362574619568994	0.009678239918124418	0.027257384258406847	0.00023663596484566572	0.013487625571524631	0.006132569802467382	1.8463775248489487e-06	2.3230775589449472e-05	0.006041768200522748	0.0069700630160290065	0.011992386512539806	0.0032243242046081787	0.009015962058506743	0.012449662453417002	0.015002911942429704	0.012215208114408729	0.008633753461297633	0.010034072017286623	0.017608267098964868	0.0	0.012583617959697996	0.0
MHW026_trimmed_clipped_R2_paired	0.07111193868173869	0.10456844115163168	0.14122163646998054	0.00014359371254242404	2.4354883581586316e-06	0.0	0.0	0.049878392739330556	2.442293071895955e-06	0.006092505658259883	2.9432760074735665e-06	0.010060185107799286	0.007989900386849772	9.911396329160743e-07	0.00951772141211459	0.005482180873025284	0.006166115203882149	0.009132108447925336	0.018534410684364063	0.006591406640344639	0.003110219578956161	0.01754599218521772	0.007804629303371233	0.015000453321898215	0.012714097457028894	0.005762762473635969	0.0058411034825469246	0.005956509700289946	0.00662886777294842	0.015116733533867619	0.0	0.0028873262515668185	0.002853228422937264	0.018414511264900926	0.005669213749116513	0.006221089536604543	0.0	0.01356491917833027
MHW027_trimmed_clipped_R1_paired	0.0	0.0794149372644813	0.018344742506388734	0.07323806767148656	0.0020847549816754222	0.0	0.00931204641375044	0.0	0.0	0.0	0.021725039247367836	0.027209506976914412	0.05191942338653283	0.02516501461218263	0.021816033565356087	0.02235067706132752	0.0008126148426228175	0.009635303927146023	0.0271685005688815	0.000219001662841788	0.013693614295126215	0.006203173445956942	4.2662864279159776e-07	2.0063582652655487e-05	0.00586322311662144	0.006921653501404722	0.012120623279851498	0.0032556594752895253	0.00917713695991678	0.012719476616905671	0.01546677065557898	0.012130314523434377	0.00851501965009383	0.00986279123905555	0.017490399965383333	0.0	0.012431111390090198	0.0
MHW027_trimmed_clipped_R2_paired	0.07197523675787529	0.10543589162562643	0.14188181958890772	0.0001379936743350334	5.243718601923941e-06	0.0	0.0	0.04877946513249051	1.7524615469191875e-06	0.006073774234111708	2.462642140889924e-06	0.010097833097921057	0.008109225388294944	3.548425145048975e-07	0.009684245473550492	0.005431556268464278	0.0062961629677387295	0.009310256334491201	0.01880874714981973	0.006697217740979755	0.003146991749496116	0.01803909481507977	0.008312833974632665	0.01588070061415779	0.013024657656654346	0.005785688678462097	0.00600660233200913	0.0060962446399618056	0.0068632105872164185	0.015730642384587917	0.0	0.002921434604020847	0.0028799242219533245	0.018820069521268336	0.0057459272971390005	0.00628662393707353	0.0	0.013930394543752885
MHW028_trimmed_clipped_R1_paired	0.0	0.07833349724368971	0.01794636179790228	0.07296431154858911	0.0020678779042170234	8.058585270227734e-06	0.008947135727645964	0.0	0.0	0.0	0.021432880448514897	0.027099257915111124	0.050933457118638815	0.024765850352252712	0.02181784977371798	0.022139902198623912	0.0008663801386369768	0.009809733958168912	0.027009001981812303	0.00022976973467779497	0.013442663537871945	0.006245970179827449	1.2907368238922872e-06	2.2849433650241314e-05	0.006090068962030702	0.0068581306545045006	0.01230299182768903	0.003230917049944844	0.008984464990225371	0.012486132961317885	0.015049355801642354	0.01229186723881512	0.008492521495741534	0.009805806568034712	0.01759256237381806	0.0	0.012421782596845773	0.0
MHW028_trimmed_clipped_R2_paired	0.07257078568436448	0.1046415402460796	0.14042848816677778	0.00012919537764777853	2.6935153402701767e-06	0.0	0.0	0.050084865947868436	2.7013681538247633e-06	0.005884370750819403	3.2556791279919567e-06	0.010029527180334053	0.008132811236583277	2.1915913963688422e-06	0.00954153501558612	0.0054086995649318655	0.006127725922395075	0.009352282110320595	0.01871197418972561	0.00685881794931238	0.0031555122896436056	0.017733457180044224	0.008061322811661897	0.01518257708900956	0.012769655050581854	0.005750902976932738	0.00614206823964168	0.006009182101627318	0.006658548995702798	0.015195678138997906	0.0	0.0030093681817548613	0.0029574027431908687	0.018724167750344578	0.005654267159107755	0.006300873610983624	0.0	0.01349487528570391
MHW029_trimmed_clipped_R1_paired	0.0	0.07849405466414311	0.017294891362576517	0.07269649209314367	0.0019422914819665152	2.0957347564322396e-06	0.00866599482497143	0.0	0.0	0.0	0.021601746224841786	0.026476726665383754	0.05138375299238575	0.024938214872142612	0.021690666333205027	0.022020930302291835	0.0008563730010438429	0.009562953568289543	0.027136287859456452	0.0002114678465080504	0.013327342391689749	0.006061362528488706	4.99690998581842e-07	2.181552293091426e-05	0.00584742497177159	0.006607634627535749	0.011913978300249513	0.0032699661308291926	0.00896973950170353	0.012726202508415869	0.015219988631879988	0.011823268173152105	0.008190808680683212	0.009800316182463305	0.017253898373433614	0.0	0.012266212268948888	0.0
MHW029_trimmed_clipped_R2_paired	0.07233543755961254	0.1051774727001772	0.14287707234561123	0.00013232141198624478	0.0	0.0	0.0	0.04816673667061985	4.216521232524575e-06	0.0058411382956899	1.6929630884569868e-06	0.009825093076571126	0.007963131149451883	1.7070795340944647e-06	0.00964224918376473	0.005449369098444585	0.006399378061979703	0.009070411127836908	0.0185239154564301	0.006584715851997009	0.00307754716523066	0.017556699632684886	0.007997642285993837	0.015394963260479278	0.012860386776401526	0.005760798165486518	0.0059265977435518265	0.006001999797488699	0.006722784108997566	0.015268296911253879	0.0	0.00297326125350562	0.0029968853314205537	0.018869219086927416	0.005620547595647444	0.006252966050813622	1.3958266124281944e-06	0.013362390947360001
MHW030_trimmed_clipped_R1_paired	0.0	0.07922219303455565	0.017641534627812254	0.07113836959083032	0.0020216397736966705	0.0	0.008621541248321277	0.0	0.0	0.0	0.02149600388214406	0.02706263335513073	0.050525161672354754	0.02481495828230927	0.021787945232645926	0.022416645199571296	0.000790818328280166	0.009844000157740762	0.026959485246029806	0.00024919986397728503	0.013379185403558222	0.006058257444433584	1.0458106259086657e-06	2.6022849232654484e-05	0.005957086850292363	0.006892772648569193	0.012379860300270464	0.003232180995392153	0.009019760523818884	0.012173337024378363	0.015117890737246356	0.012346728359385222	0.008387356213161197	0.009890362573794104	0.018155936092461394	0.0	0.012656190926407563	0.0
MHW030_trimmed_clipped_R2_paired	0.07178330666126378	0.10445491183950507	0.13945995004721545	0.00011541951442122441	0.0	0.0	0.0	0.05137258893781969	4.460888667906377e-06	0.00604958286758132	2.689817483420929e-06	0.009910762516525578	0.007995825926176777	1.8121115410466548e-06	0.009494848764910326	0.0054688551982701	0.0061975808201669425	0.009162040785057488	0.018525120195313837	0.0067667081517339325	0.0031657417842340108	0.01748921628577186	0.008058741367173772	0.015193282893734497	0.012801261647208515	0.00587034426219922	0.006133665171686824	0.006043450406564064	0.00635462043322118	0.015047360090117817	0.0	0.0029347054857876576	0.0030092890161665517	0.018523304342781995	0.005631156495679085	0.006288074415138935	0.0	0.013871890815522975
MHW031_trimmed_clipped_R1_paired	0.0	0.0764646570254451	0.017884527777884067	0.07066500398443455	0.002005036816866707	0.0	0.008708155893476056	0.0	0.0	0.0	0.021001252563244036	0.02659602558068304	0.05084418463488453	0.024997787074318076	0.021709229190842075	0.022074959769991194	0.0008293807532390371	0.009402244166987574	0.026594272273364097	0.0002271960192036429	0.013385159128225684	0.006066966240620199	1.6181891712334122e-06	1.9261331232972027e-05	0.005618966784698664	0.0066368065372480935	0.0116306650168646	0.003125785899869887	0.008908809011717983	0.012402068489463923	0.014505625569754843	0.011932364552425846	0.0083542917360284	0.00993560710335097	0.016979230199554787	0.0	0.012266490287710067	0.0
MHW031_trimmed_clipped_R2_paired	0.07021339489626288	0.10441341107222395	0.1407042326231314	0.00012374900610008784	4.346116645902733e-06	0.0	0.0	0.04915900405775329	4.361688861629303e-06	0.0060339366040454145	3.0669541278957113e-06	0.010174150186651087	0.008230312507311877	4.429157080826545e-07	0.009630056709503574	0.005401536851899117	0.0062864976790525644	0.00920448913110627	0.018545454653514763	0.0066061413607495885	0.0032157826925845634	0.01758947008475611	0.007573844105732628	0.014818993771142347	0.012530309768762866	0.005694069790379737	0.005676033718362572	0.005866673963042638	0.006394232207095846	0.014680172237874684	0.0	0.0029210164371650305	0.002783146300106128	0.018051049850911747	0.005499670178221689	0.006075475405950516	0.0	0.013668015412581815
MHW032_trimmed_clipped_R1_paired	0.0	0.07958185631770924	0.017371620381568902	0.07707079327301121	0.0020972153285977626	0.0	0.009000042487980359	0.0	0.0	0.0	0.0234100724784133	0.02643465607438641	0.055212795476316745	0.02699772521499063	0.02132296233320796	0.022131547355060777	0.000735554415827192	0.009217296551287796	0.028487396506505024	0.00019844894953345647	0.0140621898421851	0.00639616745305522	1.4337737537419883e-06	2.2537439266036737e-05	0.006238598273450722	0.006857090152456052	0.01182386919085212	0.0033631709877822388	0.009455503252151474	0.01348784260091477	0.016235828027179763	0.011862561489869305	0.009021327110189346	0.010493181462495258	0.016898988556795065	0.0	0.011401666251679743	0.0
MHW032_trimmed_clipped_R2_paired	0.07177523605874625	0.10859742951438714	0.14317212857657322	8.840160888136534e-05	0.0	0.0	0.0	0.04262382181686406	2.3383953122282714e-06	0.006168440758434136	2.3496569200140694e-06	0.010573736023057622	0.008583420302221496	0.0	0.009444640357059527	0.0054443808567580295	0.006642848062246009	0.009063605188208406	0.01752672009344253	0.006225997332098217	0.0030577593377915592	0.01802728277973701	0.008151100100772099	0.016580741207039593	0.013440479381227109	0.0060951049287529015	0.005815964005669269	0.005963832376771158	0.007187166714188892	0.01597100070636757	0.0	0.00306157871279481	0.002618268832771856	0.01892574758791008	0.005812584635864401	0.00625092811200517	0.0	0.012698540902987852
MHW033_trimmed_clipped_R1_paired	0.0	0.07940290735916049	0.017008201187616968	0.07791047266165328	0.0022305157093522195	2.393602627831007e-06	0.009030023895808464	0.0	0.0	0.0	0.023639872581892166	0.026695615401665783	0.0551719305603046	0.02687657560660782	0.021498087844195036	0.022220608771041758	0.0007542177145667581	0.009089056902254774	0.02846910173133263	0.0002172658972096011	0.01401165091673082	0.006484556452983343	9.89853531125536e-07	1.9863041251797462e-05	0.006390039329092318	0.0067953699018401545	0.011900341820873609	0.0033042758192535077	0.009447816710467573	0.013455306393824043	0.01654791249058003	0.01188213759126619	0.008763122950489846	0.010482234932900309	0.01733996303012195	0.0	0.011442643819283083	0.0
MHW033_trimmed_clipped_R2_paired	0.07213201356497932	0.10844062510613094	0.14208586351452088	9.377348394605167e-05	0.0	0.0	0.0	0.04258778443280314	0.0	0.0060049932722381644	1.4568584796163717e-06	0.010562462032252454	0.008536467340838426	4.90370049225209e-07	0.009500959286122643	0.00559024064443261	0.006610513663294406	0.009178167930384508	0.017475583954068164	0.0062595221822303315	0.0030456906061433007	0.017825586434957172	0.00820952713456401	0.016624185617904155	0.013723872003318911	0.006130840507824736	0.00587723454893124	0.006127759627244066	0.007204317450103455	0.016226412117796518	0.0	0.0030509771466135606	0.0026694776834035663	0.019171639392919913	0.005850673882902476	0.006201480222531874	0.0	0.012994803771718836
MHW034_trimmed_clipped_R1_paired	0.0	0.08010082576437254	0.017976405134377354	0.07699932786476586	0.0022007026109869344	2.3666537352706572e-06	0.009190915191001679	0.0	0.0	0.0	0.02344868932428302	0.02635672852146648	0.05490253753824342	0.026621307134745892	0.02135360818241921	0.02221159036185208	0.0007557344292523514	0.009140045699457713	0.02826834589308491	0.0002182078147996376	0.014116878685523766	0.006435527746236579	9.802022282662798e-07	2.362073624673528e-05	0.0062443195067583696	0.0069057212574314	0.011905394601150027	0.0032736902972603245	0.009427100364411179	0.013292500473796386	0.016247277255701024	0.011813874305055745	0.009019051560534674	0.010304706940542096	0.017234741934906733	5.49435301111506e-07	0.011470770181186647	0.0
MHW034_trimmed_clipped_R2_paired	0.07222198749301299	0.1081572752825751	0.14229848950286328	8.7930521199609e-05	0.0	0.0	0.0	0.04286742004980427	0.0	0.006156694624334335	9.595421341284075e-07	0.010566246343920055	0.008546388614760304	0.0	0.009692772142884484	0.005530380984651068	0.006532456452074944	0.009157981311310522	0.017605231223842777	0.006181024266335884	0.0030604384541031817	0.017988093832847434	0.008303187094416787	0.016722130738809644	0.013580453420694654	0.00614907427698613	0.005873571446029223	0.006057597716507581	0.007353416533453631	0.01631439962688028	0.0	0.003069186755450322	0.0027708239609915554	0.019271364477566517	0.005856697522950025	0.006246132958064789	0.0	0.013283653016262545
MHW035_trimmed_clipped_R1_paired	0.0	0.07933315554421284	0.017353113404627474	0.07752709049727828	0.0021833480111245257	2.162054269810709e-06	0.008513271058658234	0.0	0.0	0.0	0.02371477346827945	0.026355900580966905	0.0552229039999761	0.027009082161482498	0.020997801616948582	0.02171528291783649	0.0007634303112002418	0.008986528340690584	0.02828983984693659	0.00019728584660056692	0.014024493396295497	0.00630598489923195	8.933686961420118e-07	1.7932373004548293e-05	0.00607476587981923	0.006801706627122559	0.01168540127289616	0.0032655307423008883	0.009490431517880126	0.013400088873575088	0.0164870293709773	0.011700392323407825	0.008892264478591138	0.010459292076423474	0.016671528913211393	0.0	0.011460306022065884	0.0
MHW035_trimmed_clipped_R2_paired	0.07165988104161677	0.108556484499527	0.14138862038539463	7.601757561099017e-05	0.0	0.0	0.0	0.04252570869911349	2.1825569178105813e-06	0.0060857023561181126	8.771916705159665e-07	0.01061484544608732	0.008325238689385301	0.0	0.009378318977031114	0.005489955868105613	0.006618367200419389	0.008900127104297361	0.01742278628428023	0.006152786618438962	0.00314277946620923	0.017724801791171474	0.008120529794658764	0.016551760813363382	0.013446302069252064	0.006003737125311573	0.005760961515772985	0.005937226723128596	0.007421974793957872	0.015813148299492805	0.0	0.002991575280134286	0.002539497828059911	0.019061878046963167	0.005911968356652731	0.0062548280391286955	0.0	0.012509092522220691
MHW036_trimmed_clipped_R1_paired	0.0	0.07940024491914366	0.016902423036743504	0.07798726873401025	0.0021828541884892443	2.3860624746078215e-06	0.008605513318034165	0.0	0.0	0.0	0.02354600020450269	0.026846154525360183	0.055169518514746684	0.026735786252102923	0.021186700313098022	0.022146816573269303	0.0008047518589017872	0.009151360874506626	0.02825831946629322	0.0002044441902418671	0.013800989342182187	0.006507037267299976	1.969292768626488e-06	1.975792842941352e-05	0.0061935418371793	0.006762866993964744	0.011878978148178114	0.003360506533789868	0.009587719674702412	0.013487426358707926	0.016459167291942137	0.011933164575278715	0.008887249980460463	0.010367125497537112	0.017046035443647207	0.0	0.01167039277030835	0.0
MHW036_trimmed_clipped_R2_paired	0.07233468206333216	0.10780738149955243	0.14197649667787923	0.00010305558861589491	4.798436976333077e-06	0.0	0.0	0.042395400274735096	0.0	0.006251066567421111	2.419586412642161e-06	0.010777162177620642	0.00839609360974031	0.0	0.009316054357355491	0.005424639552163119	0.006640967825005308	0.009326210191431353	0.017506187065994504	0.006224207670371361	0.0031017888454405555	0.01797337638655232	0.008421521152156797	0.01674609961201637	0.013585623418156006	0.006136656663221461	0.0058577679459002495	0.006033543137882571	0.007267871471689344	0.016408935513550292	0.0	0.0029969427423947445	0.002635779536342321	0.019056036802416153	0.0058916891052806135	0.006190187726541137	0.0	0.01316913958869537
MHW037_trimmed_clipped_R1_paired	0.0	0.07833743395470151	0.01690224309891972	0.07814068242619336	0.002251060839798522	0.0	0.008490910356313214	0.0	0.0	0.0	0.023513874024132304	0.026437574449267115	0.05500838775091271	0.02708735525113271	0.021094167910767164	0.021916288762207307	0.0007533795077194854	0.009001072565031187	0.028257263348899594	0.00020496423578551082	0.01384350701524008	0.006346031023358635	0.0	2.476163878003327e-05	0.006249553281738643	0.006765387833614398	0.011793123069592694	0.0033250514873650354	0.009479808703327366	0.013473717249795231	0.016600672487931404	0.011616055482612683	0.008809909968973654	0.010361181753885647	0.016918715534778115	0.0	0.011484007532211186	0.0
MHW037_trimmed_clipped_R2_paired	0.07235757890082176	0.10842242939051769	0.14319290912483856	8.79990726853274e-05	2.446976407060985e-06	0.0	0.0	0.04217970024803489	0.0	0.005972616064750423	9.870659809190275e-07	0.010370515418079217	0.008502881228561578	0.0	0.009384829612705183	0.0054061722809548894	0.0065498510548616905	0.0091062438718616	0.017603646121520544	0.006201840305234633	0.0030455271091772845	0.017953931999862564	0.008124874449357033	0.016710679808224035	0.013517158416950881	0.006275610285172888	0.0058770550395976905	0.006001600717832042	0.007304608396745835	0.016127472550337998	0.0	0.0030258305027717138	0.002681670576969928	0.01907289696731173	0.005919873168178237	0.006047518404356001	0.0	0.013018561911026986
MHW038_trimmed_clipped_R1_paired	0.0	0.07987494241606849	0.017516813761825265	0.07793297763923027	0.002257774718649194	2.2671979890497965e-06	0.008686855590243268	0.0	0.0	0.0	0.023528644068501522	0.026304132982095482	0.055262294620635526	0.026675342359299564	0.020931891396462156	0.021860688303033053	0.0007837922730112609	0.009181679556402597	0.028416290627352046	0.000210319746464142	0.013996731975014385	0.006420519582428175	1.4067440397145974e-06	2.5887795469471053e-05	0.006261287078339337	0.006733077857847749	0.01166599902556618	0.0032697187962624588	0.009524417791879137	0.013399241065272953	0.016368847818500912	0.011895608785292769	0.008756116564879651	0.010175737290487642	0.01679964134176541	0.0	0.011595380456011169	0.0
MHW038_trimmed_clipped_R2_paired	0.07262207384887795	0.10814189110572658	0.14284167129033742	9.114039279777629e-05	0.0	0.0	0.0	0.043356775022982734	0.0	0.006110179526502305	9.205844731902879e-07	0.01026354332887194	0.008442606659761544	0.0	0.00943063048283505	0.0053368857288299786	0.006448000544668381	0.00916468959399984	0.017537963756751193	0.00613221823734548	0.0030546303456505004	0.01768090937928654	0.008072138259006803	0.016502845723022887	0.013386344221580151	0.006173318231439296	0.00574589152885756	0.005764381099558055	0.007320317565929158	0.016060642860415288	0.0	0.0030282410022209705	0.002724405888142099	0.019086916639960327	0.005833558644006388	0.006251569235106334	0.0	0.013040902190904837
MHW039_trimmed_clipped_R1_paired	0.0012129278371666992	0.16418796075145803	0.00031196441644733313	0.09395062193813368	0.0020112452442323002	2.400790628369735e-05	0.0	0.0	0.0	0.002893522302064241	6.523951720449851e-06	0.0002926926587847625	0.0123116684510862	0.0031738695067938367	0.0040755181674221	3.123866253485141e-05	0.0009640168717633725	0.00026884744931104514	0.0005054892761970717	0.00010269743721629855	0.0009398432717500619	0.00035284899656231315	1.732492862624404e-05	2.4830312834557425e-06	2.9899123560584114e-05	0.0	9.684816124475626e-06	1.0807730159827343e-06	2.8231743713996855e-05	0.0	7.314344964659553e-07	0.00012032495287944216	0.0	3.7290898975244235e-07	0.001014543530356046	1.970985269875699e-05	7.64657014472541e-07	4.4143418743107504e-05
MHW039_trimmed_clipped_R2_paired	0.09807926366919992	0.08923211300603241	1.0311686182392074e-05	0.00011526072664490819	0.0005268606924716032	0.0	0.0	0.0	5.181544120528658e-06	9.688122788430795e-06	3.468218645493035e-07	0.0	3.486663400918259e-07	2.4474738631031996e-06	8.866026921498008e-05	1.8262782588639575e-05	4.2592560586245414e-05	0.00013797551129463476	8.528165134095825e-05	0.004492150719096218	1.4600243672369235e-05	7.468799136278051e-05	0.0024514134446733706	1.4406789303188009e-05	0.010769699159301099	7.269512614945169e-06	0.00024111216537202462	7.346102171410833e-07	4.433453830298139e-06	0.00203738730627105	1.4972633469723043e-06	3.7706662676799e-07	0.0	0.0	8.121716153275842e-06	0.00019923408869005466	0.0	0.0
MHW040_trimmed_clipped_R1_paired	0.0011955563059827105	0.16455098985246167	0.0003095161906957579	0.09448904828959291	0.0018610843604527898	2.4490931069452312e-05	0.0	0.0	0.0	0.00293032312336987	7.705739172890055e-06	0.00030347251934562846	0.012062720584329436	0.0032089164132746224	0.00417479043966069	2.7603628862231183e-05	0.001011194802525395	0.00025525164619892115	0.0005247523902195096	0.00013015260997799896	0.0009559892708086553	0.0003869796948658267	1.3731150044341677e-05	1.0885578336970502e-06	3.535790652673747e-05	0.0	1.2158595481494527e-05	0.0	2.3151077558129938e-05	0.0	7.592388789678513e-07	0.00011125512426236365	0.0	0.0	0.001059887547959464	1.5742526347630594e-05	0.0	3.1006045724160875e-05
MHW040_trimmed_clipped_R2_paired	0.0977157533420518	0.08953660905410885	2.102462272409554e-05	0.00014553164630360402	0.0005825194101345289	0.0	0.0	0.0	7.036151641592227e-06	9.16026136565066e-06	1.0592414649703497e-06	7.07586332378448e-07	1.0644641663555384e-06	3.55754745325388e-06	8.912948589460108e-05	1.357572150547692e-05	4.5468585873956505e-05	0.0001464344519177578	9.143675461698103e-05	0.004502957195326664	2.1388331845696307e-05	8.917611119030799e-05	0.00248795196010087	1.653375663473475e-05	0.011050466760958466	8.54816844229841e-06	0.00024169122891193987	2.6383415026499896e-06	3.799900001831552e-06	0.002077561291221598	1.5492618839986601e-06	7.832289687259414e-07	0.0	0.0	7.743781706608522e-06	0.00019385561136171667	0.0	0.0
MHW041_trimmed_clipped_R1_paired	0.0012621551503920472	0.16453059818586283	0.00028834883383976005	0.09501353940947689	0.001925494655200797	2.3872685535677102e-05	0.0	0.0	0.0	0.0029645179214902494	5.974831000511023e-06	0.0002905191004452654	0.012032718722361158	0.003286637560855025	0.004190171663966532	2.6977338013345825e-05	0.0010130091727657722	0.000255273140034794	0.0005334422123369769	0.00011554517811582137	0.0009366228267054896	0.0003595120994964067	1.2327351639357376e-05	2.062414911979184e-06	3.313498359385487e-05	0.0	1.1708694782657876e-05	0.0	2.0731187546266245e-05	0.0	0.0	0.0001389853583904162	0.0	0.0	0.0010216526964888636	2.1712335760428695e-05	4.5848136913503696e-07	5.310322306087347e-05
MHW041_trimmed_clipped_R2_paired	0.09711439132756698	0.08913116061090331	1.7933076627319106e-05	0.0001236377266244631	0.0005248310857092866	0.0	0.0	0.0	0.0	1.2423634175014646e-05	1.2049642502771477e-06	0.0	0.0	2.8335229682072774e-06	0.00010344872197156778	1.5855062869775893e-05	4.278001712154068e-05	0.00013845674195806792	8.6837129946182e-05	0.004512182842310715	1.7317978163819058e-05	8.153768113275094e-05	0.0025069175776411845	1.5446873284823027e-05	0.011089743809465069	8.436829823059516e-06	0.0002210821390205312	8.542361611809179e-07	6.452807574632473e-06	0.0021138115876783766	2.18698633431846e-06	4.416054727706971e-07	0.0	0.0	1.1885833225549398e-05	0.00019474499908984534	0.0	0.0
MHW042_trimmed_clipped_R1_paired	0.001150770022476876	0.16393601254364282	0.0002824307392579627	0.09546849750087431	0.0019379854725585937	1.4397476496704516e-05	0.0	0.0	0.0	0.0029127824509781	3.6034131745794407e-06	0.000287684827903421	0.012098719759084157	0.0031644519035096456	0.004032374304729072	3.1299125296447296e-05	0.0010260545038985255	0.00024823042870232223	0.0004940407507240941	0.0001054649175232926	0.0009735712979389436	0.0003795596057485178	1.4087589916545045e-05	1.8598186052704737e-06	3.7702770774011123e-05	0.0	1.392561775799895e-05	7.563200685873392e-07	2.5849255429303484e-05	0.0	3.8473760539429827e-07	0.00011397079691381657	0.0	0.0	0.0010613033200469915	1.6105067398257608e-05	8.148922869263449e-07	3.895063224666263e-05
MHW042_trimmed_clipped_R2_paired	0.09711599950624773	0.08973799445191846	1.9831557600641865e-05	0.0001136764148883841	0.0006175465896016675	0.0	0.0	0.0	5.431869080077483e-06	1.5594334183818097e-05	7.268965781180033e-07	3.64189631253883e-07	7.304841054036553e-07	3.29583109665418e-06	0.0001016597570144636	2.0963719932513448e-05	4.607416795452567e-05	0.00015074945590808048	9.633007711367167e-05	0.004417215506405572	1.4166127459120433e-05	8.005595058012994e-05	0.0024460335033967477	1.5836182803060763e-05	0.011050173670122468	8.3726776237869e-06	0.00024791364693274674	2.308740706847287e-06	5.420942160521919e-06	0.002068076517006356	1.964446241816716e-06	3.9621087846968653e-07	0.0	0.0	1.0212030510475387e-05	0.0001919424217741866	0.0	0.0
MHW043_trimmed_clipped_R1_paired	0.0011789071949790994	0.16424933175530793	0.00032924796905561154	0.094494145466702	0.00206127640895029	1.6290374698166508e-05	0.0	0.0	0.0	0.0029288630143634994	1.123494488844564e-05	0.00028027633128782734	0.012077471908687904	0.003190031177344909	0.004120476253863718	3.404466861862202e-05	0.0009836620809546336	0.00027911876857741804	0.0005231611535257329	0.00011349209810712407	0.000982064200780694	0.0003755642504257216	1.4175051576484703e-05	1.4972141691542912e-06	3.418575346816911e-05	0.0	1.2122427256789759e-05	3.8065645499896516e-07	2.7552457458594307e-05	0.0	3.873233378555399e-07	0.00012252834094183602	0.0	0.0	0.0010630844524499442	1.781015419145039e-05	4.0935548558906175e-07	5.146698509221721e-05
MHW043_trimmed_clipped_R2_paired	0.09756361108386846	0.08891031965799487	1.4504778136817371e-05	0.00014154206926992655	0.000582933705946011	0.0	0.0	0.0	1.0926344401544178e-05	1.0577863619451157e-05	1.4622184698934316e-06	3.663065398402557e-07	3.6737977113077883e-07	2.578525162068134e-06	0.0001022610203240603	2.0717869210659207e-05	4.820137031601515e-05	0.00014755874902918796	8.758894666852161e-05	0.004457788666751975	2.0253748259921723e-05	8.167915448720375e-05	0.002541381606505402	1.2521010825301712e-05	0.011026743873006974	7.277611978030038e-06	0.0002356689508802715	1.5493110779135062e-06	3.508026477617197e-06	0.0020916542973908898	7.909953750935465e-07	0.0	0.0	0.0	1.3557124261815612e-05	0.00020292480849095948	0.0	0.0
MHW044_trimmed_clipped_R1_paired	0.001204744820109827	0.16744339464031135	0.0002734899865743766	0.09433019640492539	0.0019286887368974472	2.9315246269371076e-05	0.0	0.0	0.0	0.002871675982736354	1.0565404118744358e-05	0.0003061534837929197	0.012177869363585567	0.003200029815007901	0.004080694207304086	3.0049966926848244e-05	0.0009962964956495332	0.0002717270301444473	0.0004925087996997513	0.000113543242458133	0.0009617933239602153	0.00039396378199913417	1.7799991951976366e-05	1.625764154369119e-06	3.3908471948374994e-05	0.0	1.2818596922693193e-05	0.0	1.8470286273275736e-05	0.0	0.0	0.00011292933640614779	0.0	0.0	0.0010468518618300885	2.0136099069863704e-05	4.6548486080778436e-07	3.523697736456444e-05
MHW044_trimmed_clipped_R2_paired	0.09862115295641352	0.09023826582338952	1.1742363618024198e-05	0.00011554985997021673	0.0005800803807192961	0.0	0.0	0.0	5.8933345345258746e-06	1.4163711670517569e-05	1.971296177149695e-06	0.0	0.0	2.779895484507746e-06	0.00010386709945951301	1.5551733763505455e-05	4.914993214372356e-05	0.00015062087889157583	9.604285128223394e-05	0.00457194400930478	2.2671696155741855e-05	7.156407003716928e-05	0.0025698669293078838	1.1090148539724407e-05	0.010972393683089332	5.406842703815968e-06	0.0002387956364697393	2.1116519586729105e-06	3.4089536115472983e-06	0.0021075654403373014	8.702573103278435e-07	0.0	0.0	0.0	1.1039221299953034e-05	0.0002134541139095632	0.0	0.0
MHW045_trimmed_clipped_R1_paired	0.0012934134962275772	0.1637803845446767	0.0003201649347448279	0.0952902210089587	0.0019749296031005325	2.4467815558136342e-05	0.0	0.0	0.0	0.0030578161314905273	8.462080209394976e-06	0.000306122241642542	0.012065602311558262	0.0032971312414020277	0.0041808641283016396	3.060983028577662e-05	0.0010025191112537236	0.0002618700634214016	0.0005239976282642415	0.00012245321607735343	0.0009955468444927456	0.00036972000159337396	1.4742310697524183e-05	3.7032670953710618e-06	3.257536735881644e-05	0.0	1.1308996028327716e-05	0.0	2.4890422547376023e-05	0.0	9.762513961371217e-07	0.00011815275085236703	0.0	0.0	0.0010805340231459784	1.8392183872568693e-05	0.0	2.704679531042107e-05
MHW045_trimmed_clipped_R2_paired	0.09812163691656356	0.09031129286431286	2.2274361552759107e-05	0.00013597197729000495	0.0005442441132917283	0.0	0.0	0.0	4.4719146209539205e-06	8.508823374422099e-06	8.975765683974708e-07	0.0	4.509750380220437e-07	1.3564391713806093e-06	8.337134092303428e-05	1.8161511630559402e-05	5.186869839391533e-05	0.00014322632336709687	0.00010387443354628767	0.004482137485810831	1.9825743517712656e-05	8.104480142266137e-05	0.0025395418935409797	1.0293949627231286e-05	0.010870407131770395	6.161142054314904e-06	0.00023587927801688592	4.814843507715571e-07	3.4018429017381713e-06	0.0021793458434659655	2.980763212398123e-06	5.032075632620094e-07	0.0	0.0	6.3272673364409565e-06	0.00018808220342277903	0.0	0.0
MHW046_trimmed_clipped_R1_paired	0.001120611467240987	0.16379071394074274	0.00029360552131054937	0.09450092006712447	0.0019493971021386062	3.304503801859162e-05	0.0	0.0	0.0	0.0029444574686657865	6.616467381609785e-06	0.00029346981018140995	0.012195546754752921	0.00325590563771168	0.004114349706740582	3.0087646763687093e-05	0.000989236997222437	0.00025862353783422955	0.0004909015586723148	0.00010355166490273033	0.0009557180891712671	0.0003736363180177366	1.2115869986310543e-05	1.5197009529425396e-06	3.088756987864625e-05	0.0	9.998564898288945e-06	3.864325494949669e-07	2.097870523891183e-05	0.0	3.9323392584169694e-07	0.00011409959656323934	0.0	0.0	0.0010712565446393213	2.09736391828935e-05	0.0	2.720362037498433e-05
MHW046_trimmed_clipped_R2_paired	0.09778848152267586	0.08863740645148419	1.8386590982800244e-05	0.00011040752891021145	0.0005468979542922945	0.0	0.0	1.8452385510559517e-06	7.385145433545793e-06	6.656313929041727e-06	7.412006557476322e-07	0.0	0.0	3.3611233250598167e-06	9.881186924131024e-05	2.0255203105935846e-05	4.92478629528966e-05	0.00013717835002739835	9.334515836350019e-05	0.004474084263969774	2.1677129462795667e-05	7.442219239550374e-05	0.0025071102666249703	1.461949286156517e-05	0.010891854015116014	5.049040985543594e-06	0.00022998634876784734	1.1782606572733842e-06	3.162096105760858e-06	0.002097245012143164	2.0053887281808243e-06	0.0	0.0	0.0	1.0419656891118233e-05	0.00020761452255483242	0.0	0.0
MHW047_trimmed_clipped_R1_paired	0.0	0.0809428647102647	0.016289888875116138	0.0773016379855952	0.0023947049929199035	7.621700696766351e-06	0.008360332901709946	0.0	0.0	0.0	0.023882623994028164	0.026257756760272963	0.05487062986039056	0.02647929618062216	0.020770792384630563	0.021937291386231045	0.0007888104794782374	0.00902432257230599	0.028289547107212626	0.000188812496765757	0.01374630693762887	0.006369473872932461	3.9435763817822357e-07	2.7719922339865576e-05	0.006118821838916978	0.00650530055216428	0.01161665299362298	0.0032786146612236748	0.00935662194495174	0.013327162509121056	0.016610521670141713	0.01153501976439958	0.00857229356216098	0.010063072255916362	0.016824742439840622	0.0	0.011443163785009577	0.0
MHW047_trimmed_clipped_R2_paired	0.0736205254588392	0.10847226025650178	0.1452139423412971	0.00012233552275689216	0.0	0.0	0.0	0.04213228282562037	0.0	0.0056908421731312435	1.1561840781173768e-06	0.010048463385912502	0.007989801261433123	7.77228504348644e-07	0.009452879600150945	0.005365076805942947	0.0067211986805932504	0.009073705736804558	0.01722275137456441	0.006105217024398857	0.0030496337057894785	0.01779877624939572	0.008227335989925073	0.01646607559009571	0.013064671861427127	0.006209701430513878	0.0056970084406110155	0.0059853279879617215	0.007242152629027301	0.015967412981092964	0.0	0.00305669068657693	0.0026329115337798185	0.019306498596696718	0.005781987123441933	0.0063132848072081854	0.0	0.013172060306844185
MHW048_trimmed_clipped_R1_paired	0.0	0.0801774879226994	0.01626914723247472	0.07801128746684613	0.002494022159785198	4.085842321420345e-06	0.008463219678885994	0.0	0.0	0.0	0.023386608331847008	0.02618459002133434	0.05465262000828435	0.026358690548371082	0.020680653491612546	0.021630195349637796	0.0007538835596362459	0.008883620097585448	0.028182201748477374	0.00019817702413761306	0.013867233931881455	0.006384524386441393	1.697391972087068e-06	1.7894584993769746e-05	0.005985890681767357	0.006452519826197279	0.011423611928536269	0.003329824771692958	0.0094642235775635	0.013332015446795286	0.016647080915288028	0.011723737706260947	0.008462770114146829	0.010160291873605298	0.01648570580280997	0.0	0.011350436822035487	0.0
MHW048_trimmed_clipped_R2_paired	0.07336334627305569	0.10739652356309556	0.1451501606070931	8.814850702873644e-05	0.0	0.0	0.0	0.04239674076418135	2.0584440431439167e-06	0.005669754352696357	1.2402437414644618e-06	0.009923533895329134	0.008111959270017106	4.1689205588257907e-07	0.009589743605602677	0.005353671146701998	0.006653555513454799	0.009006932371382016	0.01727881649383271	0.0061601730261304005	0.0030730684966698914	0.01762401172624746	0.008257382607301161	0.016606228677388885	0.013288174220609753	0.006190043660693657	0.005706966303534514	0.006104108842988116	0.007288759818651208	0.016104004102527165	0.0	0.0030207314025443746	0.002665525137528849	0.01928173030623315	0.0057971544902480025	0.006095804672353707	0.0	0.013091859528936794
MHW049_trimmed_clipped_R1_paired	0.0	0.08094005123385838	0.01667046415098762	0.07701591868106768	0.002234946227730685	0.0	0.008776818332638594	0.0	0.0	0.0	0.02327738511408197	0.026329409427544463	0.054900465176578615	0.026553381740053526	0.020965768426893384	0.02193722367278323	0.0007705669326416712	0.008993448272705387	0.028160835903103747	0.00019499970559632682	0.013808373227935985	0.006158658364680645	4.634454482950922e-07	2.000270110893626e-05	0.006107261133654988	0.006528507101885332	0.011727228706595849	0.0032952153089556738	0.00924136449448383	0.013327619252803758	0.016537612259722886	0.011719168663183172	0.008597605282458367	0.01009542714955818	0.01691946430483003	0.0	0.01146137885740759	0.0
MHW049_trimmed_clipped_R2_paired	0.07261843662397793	0.10888819832480624	0.14513776704823161	0.00010551402605805818	2.24693859671809e-06	0.0	0.0	0.04313304626773235	0.0	0.00569270962099221	1.8107999686459983e-06	0.009907087785662757	0.007997480827679588	0.0	0.009460988273963251	0.005337340836058042	0.00649701334627507	0.008916421135513422	0.017363574967033824	0.006168236117147493	0.0030619465577556306	0.01765405900767958	0.008207054889463309	0.016563287555121216	0.01319790641575017	0.0061357524617160104	0.005845435350864021	0.0060390361484297045	0.0073106809218227205	0.015941638039772225	0.0	0.003005607778977026	0.0026672285574134294	0.01924249588400125	0.005779561201162786	0.006118402213004438	0.0	0.013177161406716436
MHW050_trimmed_clipped_R1_paired	0.0	0.07998329508636216	0.01621422145996314	0.07747427226969415	0.00215439084449898	4.584473835811838e-06	0.00855817572981603	0.0	0.0	0.0	0.02367437327224404	0.026052760659533117	0.054414253951208524	0.026487521512852646	0.02103521002291691	0.021687291328555982	0.0007375183230118405	0.009062351175254904	0.02824100273677575	0.00020253680020821722	0.0138079064479684	0.006416617764634297	4.746641506681985e-07	1.762787591113071e-05	0.006123060904943531	0.0065196587412257295	0.011758836278227828	0.003365242428355052	0.009336906372763215	0.013269965705284804	0.016382632360752845	0.011694945027046927	0.008600326095360197	0.010088958313362399	0.01679417057574266	0.0	0.011423388102878318	0.0
MHW050_trimmed_clipped_R2_paired	0.07183108918233871	0.10772882064059915	0.1441351266985565	0.00010379665322223216	4.619273901878493e-06	0.0	0.0	0.04190767034845605	2.320352400272298e-06	0.005834939821497443	2.7981960850643777e-06	0.0100091487574498	0.008176232026141797	0.0	0.009502771952490954	0.0053304810766266345	0.006518459711389246	0.009127476897511855	0.017223527595157797	0.006179825066282951	0.0030782923636248453	0.01759039189100808	0.008247455236294526	0.01662616704767449	0.013225284482513838	0.006141799374653512	0.0057805187671526774	0.006026539049642912	0.0072205755728013445	0.01616162631338188	0.0	0.003071900770504236	0.0026382114569541777	0.019310106103632037	0.005714222289281769	0.006101882678297874	0.0	0.01345556758859346
MHW051_trimmed_clipped_R1_paired	0.0	0.0797760385833635	0.01876056353111712	0.07760899564662582	0.0021945758331921982	5.781069510192334e-06	0.008944461083210661	0.0	0.0	0.0	0.023319773524107575	0.027440965881845674	0.05524750543023255	0.02671292154261896	0.02196219541657078	0.022565330989584402	0.000784971258650881	0.009435013078619197	0.02837922344504785	0.00019421137675718663	0.014181312077428104	0.006685649299885721	7.978037738591695e-07	2.1626035584239866e-05	0.006473069390865468	0.007208506605195783	0.012521066892071329	0.00336274166002784	0.009690913842195628	0.013713768836409517	0.01636690703376257	0.012293697276295852	0.009338203095917149	0.010679228025633569	0.017635197031081584	0.0	0.012010869580744737	0.0
MHW051_trimmed_clipped_R2_paired	0.0715439477705117	0.10936021111114413	0.1438060827296499	0.00010833442876851708	0.0	0.0	0.0	0.045560905193547045	1.943356936504563e-06	0.006328347936993033	7.808227374581695e-07	0.010816562037109637	0.008684539113350846	0.0	0.009661291880089296	0.005507301755340147	0.006472545559760375	0.009409303834063078	0.01832656165218464	0.006601809051751315	0.00326348241183408	0.0186477371594027	0.008611575101474369	0.016947408525172302	0.013736086119690294	0.006264987986541137	0.006258297845339667	0.006337173731147783	0.00725668857635189	0.016665247808865722	0.0	0.0030841763073273703	0.002852646636365657	0.019647384702581188	0.005894783571956863	0.006428788720478583	0.0	0.013225637798660615
MHW052_trimmed_clipped_R1_paired	0.0	0.07963256246069736	0.017397321099908946	0.07791680862661485	0.0021944008364634922	2.0246580676469035e-06	0.008478598949087077	0.0	0.0	0.0	0.023537957653698195	0.02715892470656844	0.055448366281043084	0.026936259154384266	0.02208712962660642	0.022739858333554182	0.000803106600840645	0.009345465754907665	0.028529260572962855	0.00019237002000241035	0.014159792942432272	0.006597311778569532	1.6775765480904956e-06	1.9779137398488103e-05	0.006297948917703814	0.006976341765677366	0.012356382190679808	0.0033624281897383936	0.009683529500617433	0.013733995324086706	0.016331087334907304	0.012261340109735085	0.009128475800992953	0.010784051888720163	0.017619131233234078	0.0	0.011908790095332517	0.0
MHW052_trimmed_clipped_R2_paired	0.07318075281883028	0.10903366970188991	0.14306663430166483	0.00010982090752133906	0.0	0.0	0.0	0.044097691619794835	6.130760539237174e-06	0.006172816881009915	1.231978272765476e-06	0.010630203312970536	0.00850044463196777	0.0	0.009652811726307012	0.005459603617946213	0.0065369709362806385	0.009341099059155025	0.018016940811622393	0.006476896805477989	0.0031775977784305703	0.018293557911702462	0.008492439580002162	0.01686759590769779	0.013656862933897354	0.006136285250256785	0.00608334331414631	0.006245973365777401	0.007384486485662314	0.01675352085358903	0.0	0.0031406781083304974	0.00285791992922179	0.019690917721049177	0.0060626164991897935	0.006389994603532796	0.0	0.013668600218639738
MHW053_trimmed_clipped_R1_paired	0.0	0.0805973074249983	0.018125531993737915	0.07701819845676754	0.00236415439185071	0.0	0.009465283523258315	0.0	0.0	0.0	0.02337443873614513	0.027711358132238628	0.05508731555605639	0.026556625445167247	0.02204350496586452	0.022814313439366615	0.0007980588516091278	0.009654749869753801	0.0283753822034696	0.0002103720311907069	0.014266535612024933	0.006630463801478492	8.26718325980046e-07	2.074300033261816e-05	0.00646030837099778	0.006990085030807786	0.012522339080808026	0.003348884591158358	0.009694579934259427	0.013782234366253768	0.016297764005300284	0.012424555583923365	0.0090519230013009	0.010687163615630072	0.01780714503036781	4.5654172682497975e-07	0.011977406398300146	0.0
MHW053_trimmed_clipped_R2_paired	0.07309770741509364	0.11027381989095995	0.14514289359318477	6.814698623460942e-05	2.0064378565063864e-06	0.0	0.0	0.045489234757775915	4.027974443629988e-06	0.0063313457664476635	1.6186621254129542e-06	0.010645605838690318	0.008581343873459862	4.0840687083625876e-07	0.009590079364468419	0.005615607792851535	0.006446505073614636	0.009620281528248599	0.01847629786105464	0.006683862199878857	0.0031497559855464437	0.018512329793262467	0.008646779256302676	0.016897969697176312	0.01381589107341513	0.006364724575678427	0.006091066049746413	0.006318644370466218	0.007164104831346729	0.01699286806340804	0.0	0.003222941694361683	0.0028916091584370645	0.019819963131158972	0.006113992464206214	0.006416470259131983	0.0	0.014147971813206144
MHW054_trimmed_clipped_R1_paired	0.0	0.08054605368380761	0.01812866145482583	0.07818147320689717	0.0023601590366278944	7.469982621832428e-06	0.009107314346388446	0.0	0.0	0.0	0.0234074410395978	0.027488669834189447	0.055574939380729715	0.027028877046779094	0.022200391977191557	0.022704454898263227	0.0008017673788595072	0.009615571211591813	0.02856056865560661	0.00020809034689192528	0.014100830330767084	0.006558781574708023	1.1584675884961404e-06	2.0922709546525183e-05	0.00645503560243778	0.007114652085490737	0.012409389037200132	0.003324682477761298	0.00974007478307064	0.01376603531252238	0.016228504516590185	0.01231115205626359	0.009246117919679954	0.01061582251987662	0.01772328656287315	0.0	0.01211951975809946	0.0
MHW054_trimmed_clipped_R2_paired	0.07325382837727266	0.11078233927246178	0.1436521252393211	0.00011434286108032184	0.0	0.0	0.0	0.044782609628125615	0.0	0.006314595065151691	7.564886718922988e-07	0.010684261127193909	0.008804549104296365	0.0	0.009469656953141167	0.00549276261764808	0.006508045709488462	0.009424478330462187	0.018016794559849444	0.006553620700409858	0.003192771223228158	0.01841236644569338	0.00858887034525634	0.016932680680253144	0.013900351450287023	0.006281838998224468	0.005983549388649589	0.006254255734824702	0.007372027665573962	0.016808741786539003	0.0	0.003147497694687366	0.0028564985586193355	0.01949681478381048	0.006083777354229721	0.00636225984276186	0.0	0.013715517945027568
MHW055_trimmed_clipped_R1_paired	0.0	0.08190634791184113	0.01819773531229317	0.07821301442571355	0.0022475827153460204	2.0989663912871737e-06	0.0088653463059752	0.0	0.0	0.0	0.02312473204467898	0.027654899125901796	0.05456833538523912	0.026515634232142687	0.021879634328230705	0.022636290298261117	0.0008101306993104876	0.009568476741193651	0.028298362080395413	0.00023002291406579544	0.014191819034356132	0.006655724312691665	1.3018231551613467e-06	2.9171755051634723e-05	0.00641877381703635	0.007090830849348863	0.012640709853761157	0.0033793706207559384	0.009699897715146033	0.013679884069149361	0.016132031097349574	0.012607976418285214	0.009099873032331854	0.010510143191471198	0.01780245209202841	0.0	0.01213031719907488	0.0
MHW055_trimmed_clipped_R2_paired	0.07287276704628773	0.10999693284450757	0.1438115817763754	0.0001284210418171754	0.0	0.0	0.0	0.046053474496399426	4.227085902564951e-06	0.006164004212339135	8.490258462103705e-07	0.010437672812929849	0.008471988810878524	0.0	0.009689840481113782	0.005421483834780282	0.006465455141323588	0.009534146948750646	0.018224844951158205	0.006566889806827979	0.003178155776153483	0.01857844283232869	0.008712766268701194	0.01671246875094226	0.013842767074655002	0.006291095269668072	0.006249696941163814	0.0063028393886379016	0.007205383904878716	0.016956761580507723	0.0	0.0031134644028434394	0.00299192431867972	0.019688212748613758	0.006012258905227291	0.0063491093928437665	0.0	0.01415824314342604
MHW056_trimmed_clipped_R1_paired	0.0	0.08015801336111356	0.017722257377952157	0.07753825284253044	0.002198419626645751	3.7714297825963072e-06	0.008869921293452172	0.0	0.0	0.0	0.023380573149525605	0.027239662502542915	0.05541652564310033	0.026880189013629194	0.021852116053400393	0.022633044275987474	0.0007695314094457918	0.009401118288808004	0.028571950563805935	0.0002181154958831435	0.014123263666182844	0.0064952433813697625	1.5617317377942681e-06	2.272385399823508e-05	0.006428517521921993	0.006735625817940433	0.012169905299178928	0.003380258200954931	0.00961657215658946	0.013597464295563778	0.01637291868297443	0.012239755465970567	0.00875158162200861	0.01056400389167524	0.01761237356588921	0.0	0.01170490709114177	0.0
MHW056_trimmed_clipped_R2_paired	0.07270676392171962	0.10922433770841013	0.14544821023720106	0.00011365105002110407	0.0	0.0	0.0	0.04425776470730538	0.0	0.0060107422823512755	2.6770838372784306e-06	0.010552174754072744	0.00843910042975011	0.0	0.009532982532991046	0.0054842193730571046	0.006557512861731778	0.009227509659453476	0.017936903792558263	0.006360436915105101	0.0032027007572153626	0.01819030350862359	0.008447644464100878	0.01674719173453734	0.013694435379593608	0.006312683641797326	0.006042163427416153	0.0061001527750005205	0.007444183740261177	0.016484222751403828	0.0	0.0031093926094208396	0.0027597278778851006	0.01943159714901906	0.005987834614968681	0.00631590978817839	0.0	0.013354804210830962
MHW057_trimmed_clipped_R1_paired	0.0	0.08036755626128751	0.018154068921924685	0.0776226764331236	0.0021267220929602785	0.0	0.009058569109558054	0.0	0.0	0.0	0.0233287373803071	0.027543854894567087	0.05500763265857078	0.02652119748593882	0.02179039041898462	0.02266868481990901	0.0008097745777360068	0.009578893281455822	0.02839631322042118	0.00019858334051536157	0.014214096222375433	0.0065093781705467275	8.388718765439305e-07	2.1466039046826042e-05	0.006403920865822945	0.006967912421795682	0.01243644463753853	0.0034028213546749564	0.009519928945643784	0.013676159871849098	0.016172367729687692	0.012332210302092018	0.0090821724192572	0.010622625079572177	0.01777018840883101	0.0	0.012012916667138872	0.0
MHW057_trimmed_clipped_R2_paired	0.07215641366878935	0.10857821911670694	0.14338844444444443	0.00015050446350477263	0.0	0.0	0.0	0.04552598631301162	0.0	0.00619614859749628	2.052293160341876e-06	0.01055086317909698	0.008558314882292698	0.0	0.00950460743362973	0.005425002958127428	0.006466956246815789	0.00943621693699143	0.018243645571442427	0.006503231221447303	0.0031365814574006406	0.018402027295448636	0.008816323497663316	0.017093735394131535	0.01374241645383305	0.006194178280240299	0.006242178649712686	0.006178001712909665	0.007223500588748893	0.016505093841127815	0.0	0.003133569979278442	0.002918914624024028	0.01954452827449572	0.0059272803621407575	0.006362273495123157	0.0	0.01352675292485621
MHW058_trimmed_clipped_R1_paired	0.0	0.08037538878980365	0.01792747531075083	0.07826393142949607	0.0021676449468907176	1.9816816911497162e-06	0.009166597710728933	0.0	0.0	0.0	0.02333206241308044	0.027481869696913797	0.05541803797369346	0.02643059345925137	0.02213863790938126	0.022663177618423805	0.0007995992780250311	0.00958755197995478	0.02866545882646492	0.00021725204587469838	0.014056965579039798	0.006572418541715976	4.1002410531715156e-07	2.5510922468537586e-05	0.006560998776568885	0.006964711641029405	0.012406400844578508	0.003424920078568839	0.009611775451649257	0.013589591573119975	0.01618560087155164	0.012142790825903721	0.009063824525780523	0.01072186346390311	0.017553875324707216	0.0	0.012153067862300365	0.0
MHW058_trimmed_clipped_R2_paired	0.0728320066183849	0.10904718766861501	0.14333677984323145	9.973518513114348e-05	3.994933385784145e-06	0.0	0.0	0.04544379628323639	0.0	0.006173336151437483	2.0172584936618447e-06	0.010563200718249115	0.008598520973201722	8.146309046469271e-07	0.00959731205998315	0.0054944043245767895	0.006541504002559681	0.009434239234237475	0.018183315042110952	0.006567496802567981	0.0031835329115859168	0.018451538514102434	0.00871444027720344	0.01708156753548712	0.013688461620711743	0.006235341228104217	0.006139920024330249	0.006136849766423213	0.007323805665638164	0.016518652684855157	0.0	0.0031041702417460132	0.002915418920811198	0.01960222189633771	0.006010901328857365	0.006472354587825098	0.0	0.013448353461712479
MHW059_trimmed_clipped_R1_paired	0.0	0.07968115126273213	0.01812970763911196	0.07718569978315883	0.002152648732975947	1.8935376985651208e-06	0.008887488841637505	0.0	0.0	0.0	0.023248059482999982	0.027508017028854106	0.05526718592404066	0.026460550113013355	0.021933748917282912	0.02259150724033941	0.00077786467691137	0.009472776226859974	0.028322078428500753	0.00020706515458642996	0.014353167196833253	0.006627689911518485	1.9584495423434398e-06	1.769484740199532e-05	0.006398724847771865	0.007106290191433278	0.012573493733303987	0.0033981980538695727	0.009700190793538635	0.01360151283252796	0.016235483199699734	0.012434180633947647	0.00925160447821469	0.010620301699426188	0.018027277583851496	0.0	0.012118069431642108	0.0
MHW059_trimmed_clipped_R2_paired	0.07272831554301543	0.1093317416418224	0.14476364557882063	0.00011406988754020892	1.903101819981945e-06	0.0	0.0	0.04573865581713026	3.819916602052777e-06	0.006207509558799306	1.5349637339490953e-06	0.010550179168984155	0.008595054247126097	0.0	0.00964378776316241	0.00555448966621113	0.006479333333354136	0.0094978156119122	0.01838743450699834	0.006570379087494858	0.0031921215674605434	0.018486886330295077	0.008617146505981301	0.01682739390549461	0.013723418573589457	0.006279155486269122	0.006091214858199378	0.0062669177852026055	0.007220929651340633	0.016591019818837725	0.0	0.003150965828316667	0.0029065719826038465	0.019294378292560095	0.005833852967460522	0.006416574351696358	0.0	0.013406745091817877
MHW060_trimmed_clipped_R1_paired	0.0	0.07985101647695271	0.01793187466799184	0.07853461691085951	0.0022504005078717703	3.844102278337915e-06	0.008779336743888753	0.0	0.0	0.0	0.023404035077388013	0.027422409526810857	0.05508739306189952	0.02665039380523404	0.021746632400381515	0.022733447905109443	0.0007833773132296912	0.009491493044648707	0.028568224644742735	0.00021837358100334632	0.013983490545260921	0.00656574493377424	7.956220989480037e-07	1.796046979623915e-05	0.006475030931330102	0.007024089837646621	0.012417584912090857	0.0033520337797715836	0.00961766905833538	0.013757068534842603	0.016265355485476595	0.01232641378099713	0.009092229119360399	0.010414764427192634	0.017694556973503393	0.0	0.011973539903074105	0.0
MHW060_trimmed_clipped_R2_paired	0.07321395254019293	0.10906451239475468	0.14421199726655134	9.26584437188173e-05	1.932408150418341e-06	0.0	0.0	0.04487171859205482	0.0	0.006069923930007697	1.559161561026474e-06	0.010351920759586838	0.008399362076804914	0.0	0.009538862519396523	0.005532596309528791	0.006585401135011575	0.009381258422661163	0.017897454042684068	0.0065435338223536945	0.0031805467207593357	0.01840319166262324	0.008662516411513981	0.016882640870543156	0.01378475937730714	0.006261437946363899	0.006137582828495147	0.0062470588959554025	0.007327326253265206	0.016522870595188782	0.0	0.003165468432659866	0.0028523218352831175	0.019281551007840916	0.006042372119023104	0.006394859825569203	0.0	0.013530600870342288
MHW061_trimmed_clipped_R1_paired	0.0	0.07971537124302924	0.01826305068359651	0.07768584426388478	0.0022471566185424253	1.9424808499068554e-06	0.00893471416598251	0.0	0.0	0.0	0.023369493174671078	0.02754594426088006	0.05514603860456797	0.026751211261385865	0.022102772633357512	0.022830226592064528	0.0007923994777562857	0.009642627723634459	0.02857488308365255	0.00020576861854559365	0.014195019135445594	0.0066159742674653165	1.2056633092131816e-06	2.137630173258112e-05	0.006419316429646245	0.007182971116584363	0.01240889464503301	0.003357685178749443	0.009803488173475828	0.013587547198875493	0.016315056832956643	0.012374029944088868	0.009283762911299417	0.010704265924770702	0.017806582032554214	0.0	0.012245101011567214	0.0
MHW061_trimmed_clipped_R2_paired	0.0730691813761904	0.10994988444477771	0.14430996951833955	8.782044411540184e-05	0.0	0.0	0.0	0.0454832399257955	5.883839014320459e-06	0.006182774972864237	2.3647084945212244e-06	0.010660673205610621	0.008488815894844797	0.0	0.009592515823891255	0.005625373238795926	0.00644286715203948	0.009549531199041042	0.018192726678651232	0.006495242055198135	0.0033414281470126247	0.018622017796457432	0.008544776340663437	0.016717701604790018	0.013976676869080499	0.006234378172024776	0.0062031305688855145	0.006259005195175918	0.00718041858330891	0.01674579480425745	0.0	0.003224072500887878	0.0028824487755441785	0.019304488872615586	0.006029187288462266	0.006490119433754832	0.0	0.013371087027730407
MHW062_trimmed_clipped_R1_paired	0.0	0.0796294205900992	0.018019860711366586	0.07821632667687625	0.0022275137037552246	3.6373027217936266e-06	0.00885268059059148	0.0	0.0	0.0	0.023526803847515397	0.02764780535105498	0.05516835747290125	0.02645913125553239	0.021849215275151407	0.022377022916438838	0.0008079867907810626	0.009561397860089907	0.028374230231833514	0.00020809358287821487	0.014214254561333788	0.006543547512891444	1.8794218355656773e-06	2.90464239336739e-05	0.00625332153272917	0.006968156377171991	0.012593990841141638	0.003354433875492829	0.009642443955924491	0.01365885595983176	0.01622389918166344	0.012449918860655912	0.00901322731639723	0.010496513848256754	0.01796831057783431	0.0	0.01215337884055486	0.0
MHW062_trimmed_clipped_R2_paired	0.07263501513547435	0.10931824175760128	0.14360060814404416	0.00013689853378202223	1.827006725723319e-06	0.0	0.0	0.04545502256292138	1.8331532810180718e-06	0.006121142512186528	1.4731273435798768e-06	0.010631219424862103	0.00840874958789292	0.0	0.009677303441642233	0.00554544787361357	0.006358947446951487	0.009337125045444535	0.018096632538721243	0.006660716245494478	0.0031580243740718917	0.018329310572141277	0.008566625352385485	0.01671605078243576	0.013758758580397495	0.006261180523786993	0.006245195080140845	0.006145786477020804	0.0071762560149047	0.016434337069112227	0.0	0.0031666310265528524	0.00280675069551225	0.019256025221010366	0.006027608528148877	0.006339773759816306	0.0	0.013247639952801798
MHW063_trimmed_clipped_R1_paired	0.0	0.08025671132266192	0.017849042783104913	0.07861620522653222	0.0022458440665390255	0.0	0.00877381452691655	0.0	0.0	0.0	0.023351778718081254	0.02750888521569947	0.05485198861495403	0.02669537043150162	0.022111007409560606	0.022694774920438896	0.000805216113294674	0.00964639193142233	0.028569367844817953	0.00021759619078364967	0.01406626466552295	0.006645390415348822	1.627028549705881e-06	2.244884425737564e-05	0.006494976905141948	0.007109410311744906	0.012640538397525639	0.0033559038313631215	0.009909570515198621	0.013716337894230872	0.016176913352019488	0.012667029995616535	0.009089764642086561	0.010717920849101097	0.017784287500317485	0.0	0.012098803543485259	0.0
MHW063_trimmed_clipped_R2_paired	0.07344700514728787	0.10982271034506626	0.14472212032091616	0.00010277404541094915	0.0	0.0	0.0	0.04598775031556068	0.0	0.006241159170078915	1.5955725223950867e-06	0.010718983237746137	0.008534784372404541	4.025683603748163e-07	0.009567514634456742	0.005492881905187477	0.006448309810758431	0.009488184814679914	0.018309564800407	0.006635556724825546	0.0032678616015852126	0.018676568750467724	0.008629654023173717	0.01677800137686178	0.013841711148138876	0.006370595633403584	0.006195821185664253	0.006291276689067103	0.007194520562924782	0.01682065064192355	0.0	0.003179338960719525	0.0028847590096591374	0.019427863717129804	0.005912136185993668	0.00649860548517587	0.0	0.013703976771618095
MHW064_trimmed_clipped_R1_paired	0.0	0.07997364551148992	0.017328130389333535	0.07771893590959825	0.002353228169571545	5.879081750924588e-06	0.008669147823944916	0.0	0.0	0.0	0.023111923956894844	0.02730876228696929	0.054981030886450157	0.026668315579820225	0.021965178651018505	0.02279700471298842	0.0007752552985451156	0.009499597148490024	0.02869730210757107	0.00020352125067138886	0.014122776399602306	0.006486900011839625	1.2181661512362048e-06	2.200268110003431e-05	0.006405653641436808	0.007034091787325808	0.012356208184406692	0.003414258936568945	0.009658249838315442	0.01359730098478023	0.01641378936478066	0.012159101931699553	0.009017883581529619	0.010556551342863648	0.017506448233266914	0.0	0.011804913633650715	0.0
MHW064_trimmed_clipped_R2_paired	0.07307265012545756	0.10826616094428052	0.14550847824905533	0.0001298572284701585	0.0	0.0	0.0	0.04443114097439939	0.0	0.0060373442614492295	3.971113469361258e-07	0.010393582945922821	0.00846684909201103	4.0076449032645696e-07	0.009600510432763621	0.005541854445873482	0.006618558404659742	0.009411953873653567	0.017940189062186068	0.006536235142570498	0.003235479991530114	0.018331126586954072	0.00854334053999688	0.016787112700520045	0.013724350220364513	0.006271950731137118	0.006120358703662591	0.0063085452588828245	0.0073060356160946525	0.016464073212740498	0.0	0.0031407271109876655	0.0027893759136888453	0.019420698977826976	0.006014472114000074	0.006324484525572177	0.0	0.01356846494274587
MHW065_trimmed_clipped_R1_paired	0.0	0.07987401156903406	0.017987055453074108	0.07684027838466655	0.0021565090010967148	0.0	0.008685986254551524	0.0	0.0	0.0	0.023576822897470463	0.027446240689446066	0.054858605807049765	0.026603863660263787	0.021849631103993884	0.02274276502809921	0.0007990318227527833	0.00956802039024932	0.02835419242329209	0.00020492390787043828	0.01398544588863244	0.006516754088510569	7.644257974152616e-07	2.8374775491778476e-05	0.006448368121533536	0.0070722267152806065	0.012425569612565846	0.0034137938391125473	0.009603851611067245	0.013722849645005582	0.016190643212283484	0.012303108968230428	0.0091563063698181	0.010650999718489294	0.017656432831333762	0.0	0.012006679913190436	0.0
MHW065_trimmed_clipped_R2_paired	0.07261662234348976	0.10909353942042514	0.144527838778029	0.00012061131156711093	0.0	0.0	0.0	0.04572055902751768	1.8639357820441735e-06	0.006114633066550671	7.490639004615724e-07	0.010455205735993114	0.008580923582681501	0.0	0.009496026620445821	0.0054971787350033665	0.006481230898974956	0.00932164575728298	0.01814998364991815	0.006478243833087043	0.0032355500951854635	0.018528936052129956	0.008491940705949086	0.016753840928386422	0.0137652172634429	0.0062983481970372715	0.006116434005434814	0.006163666815110067	0.007259395894181006	0.016397830663461052	0.0	0.003089448755324557	0.002876309788819069	0.01941953352948388	0.005895922182926457	0.006296157971216607	0.0	0.013183482327453085
MHW066_trimmed_clipped_R1_paired	0.0	0.0793279492018288	0.018099986660272505	0.0773356057377097	0.0021913175047886184	3.9311897132401525e-06	0.008742283268929028	0.0	0.0	0.0	0.023421431642035313	0.027643026817859545	0.055277926968542446	0.026767388648067186	0.022088124062223147	0.022766113614347314	0.0008101004699372873	0.009461144048197083	0.02839202148391174	0.00020977772105681682	0.014240043206686308	0.006623586061195346	8.129221090430062e-07	2.3655177563083658e-05	0.006394033327158983	0.007052696792814493	0.012402197204066098	0.0033082923348944394	0.009772132390553441	0.013659813984931646	0.01622962892907618	0.012313082597730963	0.009021645386326774	0.010597242480351168	0.017651788203291434	0.0	0.012223519037279487	0.0
MHW066_trimmed_clipped_R2_paired	0.07223986359932563	0.10937227794445825	0.1446868227835595	0.00011868037862838556	0.0	0.0	0.0	0.04526044586519078	1.9899964470603434e-06	0.0062449523525213374	1.2001473973027472e-06	0.010634129284581193	0.008403756684168219	0.0	0.00964247524077434	0.005572867169370801	0.006588678824995954	0.009416331748655672	0.018074869995295652	0.006480259661029911	0.0032546655556517563	0.01856707699517718	0.008616208345146278	0.01681904619278366	0.013846139434247078	0.0062750346331129905	0.006086398848847376	0.006308970661155449	0.007331494811880049	0.016642796884358862	0.0	0.0031447715872755556	0.002932091973733299	0.019365696246947256	0.006108505889321262	0.006365013038979365	0.0	0.013417307752444126
MHW067_trimmed_clipped_R1_paired	0.0	0.07886572950039693	0.018256808252908256	0.07751564894017217	0.0022322130537248694	2.142531523976888e-06	0.008541222422924521	0.0	0.0	0.0	0.023479015952336577	0.027485540311399624	0.055533496121615344	0.02702492789569008	0.02204503904888174	0.0227922577878643	0.000740259408717732	0.009507758260574279	0.02886929583562735	0.0001784401436940334	0.01407721153949797	0.006479818532613619	2.212525754352912e-06	2.2644675164576837e-05	0.006499196143377721	0.0070645260945289435	0.012294678255257716	0.003342322448533324	0.00979322615602305	0.0135909977057359	0.016047118966721497	0.012205396623196427	0.009208587892781103	0.010540771652523335	0.017467016309879943	4.808459280065071e-07	0.01188160983021515	0.0
MHW067_trimmed_clipped_R2_paired	0.07259678931564989	0.10940027144660641	0.14517907902156074	0.00012265371248364537	0.0	0.0	0.0	0.044844794338272875	4.324820205871389e-06	0.00625785869430086	8.689603416536561e-07	0.010858848891814273	0.00868312366257093	0.0	0.009549988104709221	0.005470768578669963	0.006497332563737625	0.00951820403109375	0.018048432795158855	0.006410522370549713	0.0031948677901232226	0.018524825670705628	0.008593881253816113	0.01702174835970825	0.013697977839882403	0.0062055392172185395	0.006067777515338345	0.0062090808936363946	0.007305161426236462	0.0167218823568094	0.0	0.0030743464664771828	0.0028962358506571372	0.019476578948979036	0.0059507066012313235	0.006493271929908424	0.0	0.013592880785040912
MHW068_trimmed_clipped_R1_paired	0.0	0.08010688299640782	0.017408111890078824	0.07770163854324791	0.00238279961589446	0.0	0.008623697463278485	0.0	0.0	0.0	0.023466615584411283	0.027204349086524703	0.0553513207842356	0.026689867824009762	0.021648905878791737	0.022539037883724702	0.0007918121794699501	0.009511557122149619	0.02847266221059076	0.00019790817728683046	0.014231447970757377	0.006653193066095354	0.0	2.4200731791773505e-05	0.006283148218389491	0.006951681913379678	0.012158471702241906	0.0033726074179060857	0.009707824535509623	0.01362489798340621	0.016324771221739663	0.012052050557428523	0.009173067920589065	0.010476750937053657	0.01720718356848283	0.0	0.011784380887240688	0.0
MHW068_trimmed_clipped_R2_paired	0.07232389296784224	0.10832617812429855	0.14420564031392127	0.0001214705060445822	0.0	0.0	0.0	0.04386132688996049	0.0	0.006089059356061646	1.7841374188670756e-06	0.01059219646997995	0.00847905691343891	4.503323153015936e-07	0.009596969371628756	0.0054017377952659176	0.00665104903499626	0.009375647308174273	0.017913147395073273	0.0063922854037731965	0.0031341924337645144	0.018333173320251646	0.008456558558211586	0.01681919539323954	0.013557924989708009	0.006165511718696826	0.006030118988606869	0.00611640499746027	0.007337606523952265	0.016435114522358962	0.0	0.0031464654540141876	0.002796242207775848	0.01926602403593607	0.005944279337071718	0.006382988895411334	0.0	0.01338782480890929
MHW069_trimmed_clipped_R1_paired	0.0	0.08109861358162176	0.018463417704925763	0.07747361879405568	0.0021102457465073145	0.0	0.008922016438789855	0.0	0.0	0.0	0.023318134484468647	0.028095190892413805	0.05530352185693196	0.026734605906242777	0.022246196887294796	0.023148006838328464	0.0007388935107859025	0.00976168219110614	0.028561057788862015	0.00022071177517361598	0.014159546408274952	0.006691387839721761	1.0508281421591204e-06	2.0560942689488027e-05	0.006432707859511777	0.007255101784014972	0.012790766768555967	0.003404036860663276	0.009955128086107896	0.013817663023011597	0.01614447577593851	0.012591273253008696	0.009411663335396933	0.010681243418875747	0.018182204143050947	0.0	0.012415635587248583	0.0
MHW069_trimmed_clipped_R2_paired	0.07264293562500852	0.10988561521362336	0.1445086298959055	0.00010237032079659465	2.5627349835774816e-06	0.0	0.0	0.046905269541446526	0.0	0.006277857282049688	2.587742226322724e-06	0.010880891514040801	0.008787192988007444	0.0	0.009661323698876617	0.00557995953647295	0.0065805158692897785	0.009731466608368974	0.018574565441482	0.006789753481034779	0.003172485157164595	0.01883865924958918	0.008842621480632893	0.017108671961739718	0.014176490499271006	0.006290916160341525	0.006275749689595237	0.006221321360995503	0.007080331895916473	0.01716094617646643	0.0	0.003147602864972183	0.002943517440781963	0.01978800543241944	0.0059119817471317195	0.006486225726904068	0.0	0.013867934220446196
MHW070_trimmed_clipped_R1_paired	0.0	0.08115316978006958	0.017523094563031777	0.07838626568084466	0.0022603110110581155	0.0	0.009024798764954217	0.0	0.0	0.0	0.02319379562092282	0.02757924317432148	0.055281974621184796	0.026545923770803566	0.022135216226656564	0.022847938435576583	0.0007452150994539287	0.009760085081204111	0.02883288609403548	0.00021274263119802611	0.014019557296659583	0.006563198573196842	5.731253433952136e-07	2.3011869539567412e-05	0.006481276585509145	0.007248695524939018	0.012443602843835257	0.0033631529376475545	0.009729326182863367	0.013654467184015168	0.016118186669547858	0.012515727221771912	0.009162187285317458	0.010712179983029394	0.01774893466711071	0.0	0.012104765521877222	0.0
MHW070_trimmed_clipped_R2_paired	0.07274286281400037	0.10883633523902723	0.14539662083689017	7.807864733874368e-05	0.0	0.0	0.0	0.04485333266127239	0.0	0.006148573020838046	1.1303221671368507e-06	0.010617529607674547	0.008436087863902698	0.0	0.009507193984683067	0.005601988625089541	0.006536368237311665	0.00946163744136363	0.018370760410987605	0.006560694992924231	0.0032589924123772925	0.01861696785849701	0.00871479857179713	0.0169717075971221	0.013851062269176997	0.006390664884846143	0.006165594486332596	0.006367541776824878	0.007235524032022721	0.01679264746855787	0.0	0.00307502301130771	0.002829962799851642	0.01961255842117785	0.005945963800133809	0.0064598834470379115	0.0	0.01373718132066808
MHW071_trimmed_clipped_R1_paired	0.0	0.0802739344314888	0.018389374303758303	0.07766982560364064	0.0022062625731742633	2.690987886948585e-06	0.00902692591509856	0.0	0.0	0.0	0.02319089602798579	0.02804360737539055	0.055235509283683246	0.026608898935293647	0.02217841428471772	0.022845822004586177	0.0008136610229887728	0.00981771356184213	0.028430354529817306	0.00021314550494959758	0.014095928729725362	0.006615848585875572	0.0	2.6896098153903372e-05	0.006414503265042942	0.007240777616537329	0.012731083275833947	0.0033656860380412096	0.009619587999087397	0.013801597422587379	0.01629591899027286	0.012582360343366187	0.009473937954410623	0.010678222930820304	0.01810695814409619	0.0	0.01244652372130153	0.0
MHW071_trimmed_clipped_R2_paired	0.07221300117378052	0.10933439859294015	0.1429234551922034	9.224037353010555e-05	0.0	0.0	0.0	0.04612947633971269	0.0	0.006299369769965367	1.6483688565979534e-06	0.010821112781050886	0.008704307543158337	0.0	0.009429470707092345	0.005493607682638722	0.006505257490346535	0.009759251023813566	0.018482702197076532	0.006730327916676811	0.003313949085725361	0.018580589293494217	0.008768623280129922	0.016983674651938334	0.014096076165663317	0.006241755942365065	0.00623263815248172	0.006185912744393806	0.007403387516288879	0.017008452469724527	0.0	0.0031431842575695155	0.00287702756669532	0.01937824360658872	0.006046053593498654	0.006325867368083091	0.0	0.014143599807045704
MHW072_trimmed_clipped_R1_paired	0.0	0.0798166408128384	0.018572481498378885	0.07887855149580963	0.0022703307551541364	0.0	0.008798794481886633	0.0	0.0	0.0	0.023348077776223483	0.027815138229757726	0.055911813813345895	0.02691762162463003	0.022395167950335162	0.022873426509762068	0.0007903446582488272	0.009604037621179248	0.02856306455286569	0.0002065845445931771	0.01428563923214969	0.0065456761183135355	1.0429207299575315e-06	2.3548315921778313e-05	0.006576024960214366	0.007246993958615935	0.01255077193367006	0.0034852773891330254	0.009940494482972037	0.013811978751110048	0.016240741109759083	0.01260964109975626	0.009318109146045014	0.010810818565521815	0.017817499769250983	0.0	0.01221650542453124	0.0
MHW072_trimmed_clipped_R2_paired	0.07197240582295523	0.11142972771952339	0.1444603296021855	0.00010160690817240112	2.543843654147971e-06	0.0	0.0	0.04575821804009255	2.556593717247638e-06	0.006505876954162113	1.5418537907539325e-06	0.010723056271772738	0.008762762479489428	0.0	0.009517453010541186	0.0055306471325419744	0.006449912968250941	0.009562116435438155	0.018383505535804857	0.006572942716263646	0.003327089333370122	0.01866160342577348	0.008613809639768464	0.01695265377615929	0.014108273693188783	0.006204511699302571	0.006149114626225627	0.006282794369793204	0.00732143868599954	0.01726466282626669	0.0	0.003137535315958183	0.002887000428254534	0.019667084197371194	0.006201957304390182	0.006455193289299037	0.0	0.014161712360592337
MHW073_trimmed_clipped_R1_paired	0.0	0.08011095651619658	0.01843721430172571	0.07926249145555712	0.002237140108656438	0.0	0.009088062381374707	0.0	0.0	0.0	0.02324278369617402	0.027626135505908388	0.055652186929429415	0.026592615895280503	0.022018932066377544	0.02277558536438164	0.0007979923418038799	0.009538221176577297	0.028511994797909824	0.0002144219161413813	0.014108986163300459	0.00647780483065884	1.1836192446499433e-06	2.6136236498963207e-05	0.0064356224722990915	0.0069474472875465775	0.012265146637538159	0.0033737014010099767	0.009622987780710157	0.013785842117750323	0.016334816460231823	0.01229850929819208	0.009032720823838929	0.010768367637188948	0.017455103041980658	0.0	0.012029969141748793	0.0
MHW073_trimmed_clipped_R2_paired	0.07296076211494228	0.10941456864271853	0.143321966873414	0.00011191749419370605	0.0	0.0	0.0	0.0455339178134823	0.0	0.006204010776837018	2.896492552590486e-06	0.01057755285002253	0.008564590933536158	0.0	0.009522186324923793	0.00548153637690452	0.006336838771510278	0.00955472992808528	0.018375025785666462	0.0065302926362957705	0.0031608573165518477	0.018430694362046647	0.008768685624682769	0.01715388784107189	0.013997602646003521	0.006226415128841688	0.006035094275485063	0.006283383985150442	0.0072380749641407305	0.017066993976548657	0.0	0.00309088780099574	0.0028380867457159418	0.019325804824841288	0.005980791518600291	0.006431451599126174	0.0	0.014055820370877083
MHW074_trimmed_clipped_R1_paired	0.0	0.08105960427963722	0.0180808680961093	0.07751243397211137	0.002218366672549493	0.0	0.009037213455587365	0.0	0.0	0.0	0.023397641066013795	0.02730110374984035	0.056199036771066795	0.027245894981165805	0.021646805044683845	0.02259453606249451	0.0007962555165577506	0.00929834458076766	0.02805225402453527	0.00019739231111204697	0.014287502183631909	0.0064551631809893805	1.7327157928471908e-06	2.303747759893272e-05	0.006338690485879496	0.0070658924212490745	0.012045346627233207	0.003330681093204867	0.009491804123327879	0.013827253285592898	0.01626925973037339	0.012178062146343966	0.009214042579362387	0.01071547343421874	0.017409958175464715	0.0	0.011897335673733876	0.0
MHW074_trimmed_clipped_R2_paired	0.07273225210495589	0.10931374886817649	0.1429620870093912	0.00011993462679111056	4.212664841838553e-06	0.0	0.0	0.04439290937819698	4.228206181624754e-06	0.00616732880653037	1.6991413643986214e-06	0.010785691653425328	0.008729589334058867	8.57463492141317e-07	0.009525008636834573	0.005495106085661754	0.006519189879643828	0.009282375936389921	0.017983045932303564	0.006274043695896554	0.0031450901537448716	0.01818943216799105	0.008640060736694414	0.01714405222563009	0.013786546228246828	0.006261768990354243	0.0059590567754406	0.006178453278641897	0.007332570939093322	0.016500539062574128	0.0	0.0030771232761662194	0.002766545885998537	0.018962445487944377	0.005941317119495691	0.006470575613613988	0.0	0.013443912221655776
MHW075_trimmed_clipped_R1_paired	0.0	0.08012361866867664	0.018324999828056975	0.07795895621781765	0.0022290494735879513	0.0	0.008745203901159211	0.0	0.0	0.0	0.02364353290621679	0.027344353240778753	0.05529186738707409	0.026628251150909877	0.021820722850415957	0.022561362038294622	0.0008349033299937573	0.009385144918947314	0.028289915931591667	0.00019865223376169092	0.014208226346783571	0.006382494404668546	1.1394573472258175e-06	2.4580998305225912e-05	0.006375719772032993	0.00720600528009943	0.012270006354098039	0.00325191985138337	0.009585101717067893	0.013702928585389108	0.01620410676584258	0.012238801661515307	0.009271634155602398	0.010402434132122442	0.017406559305172365	0.0	0.01208231349531546	0.0
MHW075_trimmed_clipped_R2_paired	0.07298681807581901	0.11031075787686592	0.14285603001614716	0.00010509463965896678	0.0	0.0	0.0	0.04504030102929739	0.0	0.006370935068941601	2.2342784258460613e-06	0.010861334084597071	0.008683155787121862	0.0	0.009411540557770324	0.0055204215510163464	0.0064471676786491735	0.009417612057440634	0.01802848890737654	0.006545633651283072	0.0031498247213662695	0.01829941981076124	0.008517608456886394	0.01695937800911186	0.013619839711379967	0.0063166840281086165	0.006055355290510123	0.006198828969326898	0.007365009488423159	0.016571185332352942	0.0	0.003168085478640383	0.0028764010764872616	0.019442928078150738	0.006045648302821184	0.006341036547175883	0.0	0.013857592933839372
MHW076_trimmed_clipped_R1_paired	0.0	0.08061506794876457	0.018161000500302785	0.0779783543500364	0.0022822827424896623	0.0	0.009124743591413496	0.0	0.0	0.0	0.02328064806650814	0.027577113211699054	0.055275329262156836	0.026718495527318642	0.021718454977046362	0.02230551839410512	0.0007659764979797907	0.009422650133655132	0.028430229374572024	0.00020908028449274894	0.013961454783685136	0.006587356517352396	0.0	2.295666173017033e-05	0.006374000214797628	0.007065641742452069	0.012284141956544006	0.0033548153258468713	0.00970341870847937	0.013674384261371601	0.01605529298134458	0.012113493308752126	0.00894137933762363	0.010361296527757115	0.017393402418520186	0.0	0.012135188874234445	0.0
MHW076_trimmed_clipped_R2_paired	0.07160211805866573	0.11021527645183732	0.14342574008501352	0.00012769075153857897	2.3676527680003583e-06	0.0	0.0	0.04527702556955692	2.378162626322945e-06	0.006085819405415921	2.8677866472842527e-06	0.010592774182449473	0.008617412085795188	0.0	0.00960972598882361	0.005421694796098025	0.006527721937103259	0.009465834777586111	0.018192080296660952	0.006548780478656132	0.003201465292851282	0.018400631985883292	0.008613449837938582	0.017126114619727822	0.01391132772064104	0.0062328519854506015	0.006087700716513016	0.0061491924053855415	0.00730181063182153	0.01696484891459832	0.0	0.0030740784847058844	0.0027951910065228125	0.01929395886171375	0.00608422230868499	0.006375936760778961	0.0	0.014049519540719563
MHW077_trimmed_clipped_R1_paired	0.0	0.0813655984786332	0.01838677644548878	0.07818945159114743	0.0021574862345861406	2.773614120713567e-06	0.008940757922168968	0.0	0.0	0.0	0.023244008421920564	0.02768721146048148	0.054562055695772896	0.02626974750210463	0.02209083699488326	0.02248021409659217	0.0008055513325137215	0.00956101571431233	0.028536510402692093	0.00020353750572825894	0.014120569242199291	0.006580617676080359	1.1479866226037257e-06	2.4766855050085866e-05	0.0063622926587791504	0.007067733992993149	0.012334298604634803	0.0033577473182007296	0.00969525529130882	0.013717819819401806	0.016160227501847372	0.012369204318329498	0.009184228144856268	0.010518888321317399	0.017517108427397128	0.0	0.012181063281058623	0.0
MHW077_trimmed_clipped_R2_paired	0.07174134195817902	0.10976665691982886	0.14435758188279899	0.00011154906202437397	0.0	0.0	0.0	0.04541915008869089	2.8041999624517623e-06	0.006127101063294826	1.6906683145347736e-06	0.01047801555412236	0.008554562663503821	0.0	0.009587777736117133	0.00545269178874571	0.006456243022015777	0.009627160678896827	0.01834900397633554	0.006516693703916598	0.0031885864625822943	0.018400746193537598	0.008772755502416595	0.01690919815117814	0.013340505034952741	0.0062995414381137775	0.006135829129558862	0.006277889310930472	0.00737323836342323	0.016648975211395835	0.0	0.003124944678473211	0.0029106578060542703	0.019741051767956052	0.006055069427461621	0.006388714595452112	0.0	0.014035455425647677
MHW078_trimmed_clipped_R1_paired	0.0	0.08084519139649954	0.01784186037879577	0.07762196975690777	0.002258964163376165	0.0	0.008850452815337483	0.0	0.0	0.0	0.023221662849189518	0.02734579765512084	0.054964737310222195	0.02654774882253528	0.021597858374208745	0.022423920911889484	0.0007988088062083007	0.009311235221004379	0.0283875179427514	0.00019585617699149544	0.014072498266925762	0.006419237502262264	5.852257089443258e-07	2.8191213838197642e-05	0.00629724945329457	0.006763745318582677	0.012006480668629419	0.0033946790891521378	0.009568360703922037	0.013614306773714144	0.016266059638913307	0.012179499108288862	0.008817066987579876	0.01055278831408061	0.01733919703283527	0.0	0.011869124135498102	0.0
MHW078_trimmed_clipped_R2_paired	0.07247723356571913	0.1091022391047785	0.14509835198589768	0.00012189339101971135	2.8392195133197298e-06	0.0	0.0	0.043772777768812096	0.0	0.005926316422453497	2.869969488780371e-06	0.01022866368711954	0.008418901381485976	0.0	0.009702912721547613	0.005550103777331328	0.006526762326084857	0.009455259201159352	0.017974057369514372	0.006218816632859568	0.003203775042048809	0.01845651113614603	0.008667836065348088	0.016964220813904207	0.013598202874771093	0.0064603812561823196	0.005937136772914975	0.006263106664747609	0.007354862746570284	0.01659440984256081	0.0	0.0030658123311562814	0.0028833825635038346	0.01937597467670516	0.0059094057010723716	0.006291244366531992	0.0	0.013629536918620544
MHW079_trimmed_clipped_R1_paired	0.0	0.08042731895088148	0.019000157378839446	0.07690628190519963	0.00214419106548028	0.0	0.008685067596071593	0.0	0.0	0.0	0.023539675359760648	0.02709742140666515	0.055727665221331504	0.02671885445381286	0.02191607513778593	0.022547992701724924	0.0008134537769403574	0.009563657217960979	0.028438257937601987	0.000210968161503892	0.014350490744117084	0.0064750320862609605	1.945115483621576e-06	3.0742045642080804e-05	0.006434243025708661	0.007090565243029935	0.012437784583489767	0.00331696841439293	0.009690968322503166	0.013814824586778265	0.016142566520760907	0.012419801798046632	0.009078221510085494	0.010579831059152374	0.017673861357113584	0.0	0.011845954087630308	0.0
MHW079_trimmed_clipped_R2_paired	0.07183722402491992	0.10913017842832536	0.1436868357171847	0.00010175960580505894	0.0	0.0	0.0	0.04488049663880332	0.0	0.006411166863821303	4.786332676819203e-07	0.010942427062469375	0.008662020473055736	4.831766888198185e-07	0.009635527617488291	0.005502368582248407	0.006343993707030789	0.00939558831772994	0.018378823703406873	0.006539144045830233	0.003219587895902402	0.018414669355656093	0.00854000434268306	0.017154790050227756	0.013914355093530653	0.006274360458656252	0.006069399008150696	0.006255016312596924	0.007380840692202968	0.01667342869410839	0.0	0.0030703735119874337	0.002787668834884748	0.019341587833618883	0.005824276659064299	0.006331937736114299	0.0	0.013563263206270404
MHW080_trimmed_clipped_R1_paired	0.0	0.08052214841512588	0.017969202640074514	0.07724490097000225	0.0022270253808487667	0.0	0.009121887845058383	0.0	0.0	0.0	0.023317177933292525	0.02745754479434861	0.0559077289074183	0.026650091463268685	0.02180415969136422	0.0224723824821169	0.0007526138582906541	0.00935943633365923	0.028449410920744364	0.00019739448058713014	0.013913341270792204	0.0065172953163284515	1.1363678008933611e-06	1.653928414191308e-05	0.006303662915473761	0.0070055952036286485	0.012496078899337001	0.003237898502527728	0.009564803487096823	0.013550398974000878	0.016293380124469407	0.012172603474888405	0.009095278106526952	0.01056671013219437	0.01761375152698667	0.0	0.011936163620165792	0.0
MHW080_trimmed_clipped_R2_paired	0.07199851136583746	0.10897062940595167	0.1425003000987805	9.410523168071446e-05	5.545812179757076e-06	0.0	0.0	0.04515368175113367	0.0	0.006277590369119013	5.611831721122357e-07	0.010708294731071126	0.008544000518074298	1.7006155831600737e-06	0.009496526798937723	0.0053724857654055234	0.006488489730505663	0.00940131573747609	0.01810226448826355	0.0064549744805117585	0.003134955276721079	0.018393662973544233	0.008620859946793945	0.01690917013604612	0.01369617198147179	0.006228998997374496	0.006146170854271835	0.006278534375997558	0.007245549212419061	0.016674286008149835	0.0	0.0031280636119645827	0.002865310369248277	0.01936186565305904	0.006004111795559878	0.006399600607544111	0.0	0.013686287823535322
MHW081_trimmed_clipped_R1_paired	0.0	0.08127686381332698	0.01730616330180813	0.07764730785580626	0.002239313622176039	0.0	0.00848401258620412	0.0	0.0	0.0	0.023463910845222348	0.027290398928207435	0.055167931962297405	0.026383071276495557	0.021761654859383174	0.022774616126430183	0.0008271682641957029	0.009506425852067296	0.028481920095138467	0.00020224318968577407	0.014122768640503951	0.006505534117674823	2.29107226586629e-06	2.4732265177092568e-05	0.006409171591574582	0.006909707110484718	0.01212975050671992	0.003317114637101576	0.009697245325428865	0.013623151274645836	0.016169774947658363	0.012126297446769359	0.008984944161091612	0.01043398940899606	0.017532937351458684	0.0	0.011896875792495407	0.0
MHW081_trimmed_clipped_R2_paired	0.07336695545807362	0.10845104745770534	0.14427477192704094	0.00010825800681076104	0.0	0.0	0.0	0.04439682975317603	0.0	0.00609961599852675	1.680597061012194e-06	0.01036451660714879	0.008415418644850193	0.0	0.009460061695443622	0.0055503098739422135	0.006482035503231185	0.009341104248144001	0.01787246738844162	0.006299696509005002	0.0031858648606975398	0.018171405769522937	0.008553020696960865	0.01681911904459549	0.01376937129767473	0.0061293116663604175	0.006018832359491572	0.006154314971500159	0.007189568193881887	0.016553710460438853	0.0	0.0030631241718630563	0.002866804969625325	0.01947420876208633	0.005947190017310796	0.006268370220174423	0.0	0.013321217401349051
MHW082_trimmed_clipped_R1_paired	0.0	0.08084218963423817	0.017894369853126188	0.07860429462387716	0.0022444280178824296	0.0	0.009109055032749114	0.0	0.0	0.0	0.023392697054200808	0.027555847949358423	0.055545249278382905	0.02673328065176177	0.02203342806808746	0.02277999328550345	0.0007812856047958029	0.009525328648654638	0.028547395640801335	0.00018626645139576927	0.014178654482279373	0.006641918760056327	5.222451932931037e-07	2.2533352387815596e-05	0.00641327782992814	0.007111389874542724	0.012167963583683362	0.003353843473166304	0.009852705932502334	0.013866749073296195	0.016221786136819863	0.012543396221703437	0.009199604056202624	0.010724443586201256	0.017780458904344397	0.0	0.012032505563040965	0.0
MHW082_trimmed_clipped_R2_paired	0.07357935278757784	0.11091549804021432	0.1445376087080981	9.899163315101866e-05	0.0	0.0	0.0	0.044942490658405956	0.0	0.006309070022179649	5.123727017067734e-07	0.010707216805876578	0.008585642820650267	5.17154131841723e-07	0.009658625104256816	0.005681005049822108	0.00636359370230267	0.00959110755617248	0.018220262539675954	0.0063568304763390576	0.0031176919211134326	0.018513084819973148	0.008571987656996504	0.01672329854401405	0.013766971203202735	0.006205898204795018	0.005949996912630163	0.00617807890773134	0.007263187750365137	0.016672256130407806	0.0	0.0032120357193212335	0.0028067348531186477	0.01924653974439743	0.005991549722506286	0.006474494276957061	0.0	0.013756874399495226
MHW083_trimmed_clipped_R1_paired	0.0	0.08075436061942169	0.017777119683694952	0.07803225955923572	0.0022691842108597655	2.524449036473341e-06	0.00901853951165568	0.0	0.0	0.0	0.023510433589002813	0.02722108442481909	0.055145872247828	0.026744881205384576	0.021653367141434107	0.022550650744282422	0.0008266897095617643	0.009405825382298392	0.02851257553914944	0.0002202708420283654	0.01401605067850373	0.0064956997250169395	1.5661459469795175e-06	2.619530444662202e-05	0.006254073286715005	0.006946198931921815	0.012333156875462693	0.003345161118804982	0.009592713847650189	0.0135205806182728	0.016416473436989078	0.01230080662053379	0.009156309856380709	0.010621957761545274	0.01787000749960183	0.0	0.0120104714466526	0.0
MHW083_trimmed_clipped_R2_paired	0.07352474230022962	0.1090283495458345	0.14447714665877512	0.00011660525794401204	0.0	0.0	0.0	0.044556643835818616	0.0	0.0061360701127935215	3.069863964094871e-06	0.010636728573503972	0.008428526113993962	0.0	0.009569448134491839	0.005375971458976863	0.0066006587274376124	0.009520547709191125	0.01796309014485334	0.006399531248628901	0.003124329760605759	0.018335674739912773	0.008640946979043248	0.01689861387309768	0.013658824476499996	0.006299933868986242	0.006045663250540499	0.006201173618112422	0.007257273224917595	0.016763058859331856	0.0	0.0030821638246437528	0.0028329278255034783	0.019423615299885153	0.005968187145817295	0.006405967961977817	0.0	0.013973943431931762
MHW084_trimmed_clipped_R1_paired	0.0	0.08013344307280536	0.017804807194644622	0.07833394700130039	0.002160559438352241	4.697576705731793e-06	0.008821028749952635	0.0	0.0	0.0	0.023493870517382442	0.0274528599274247	0.055300238003693054	0.026974943772751846	0.021774266938664553	0.022714801035084206	0.0007737556712860262	0.009506289834280337	0.02852095980754179	0.00019612156529851175	0.014282253950319243	0.0066008070015136765	2.4271120650308757e-06	2.0461262627978802e-05	0.006428576843477799	0.006957544761244365	0.012376029343187043	0.003306228706696589	0.009591455286912218	0.013692830206300105	0.016286665122946072	0.01240353083404728	0.00921320850974253	0.010465488756799871	0.017678340608512293	0.0	0.012001150135430785	0.0
MHW084_trimmed_clipped_R2_paired	0.07368096674046183	0.10918313282629749	0.14463225006241956	0.00011571902975592046	2.3645258509709818e-06	0.0	0.0	0.04413444705336078	0.0	0.006109246083863563	1.4316779515658768e-06	0.01068197027693216	0.008476967246553094	0.0	0.00961341728816079	0.005467919127496482	0.006450152317174287	0.009561255632649847	0.018117081600816667	0.006470725400622089	0.003236648103252739	0.01837845440566525	0.00859834992688605	0.017001011436840602	0.013851651540358367	0.00617421167103316	0.006083758637008939	0.006102203181500478	0.007338015833473177	0.016645766134637374	0.0	0.003071246496008419	0.002903346651691752	0.019297323204359923	0.005968460271149452	0.006308020428157795	0.0	0.013693961095724481
MHW085_trimmed_clipped_R1_paired	0.0	0.08079620826043318	0.018024176114994697	0.07852413913060809	0.0022964423322838225	5.664300688269176e-06	0.008934069737864083	0.0	0.0	0.0	0.023390990842077145	0.027602029377922613	0.054713257491904636	0.026343893637179934	0.022088444111999953	0.02270005419901024	0.0008117667219072389	0.009653145226459443	0.02852752272769261	0.00020010422936297097	0.014327048012065068	0.006629218759701536	5.855251050622335e-07	2.7028280935994543e-05	0.006436837799178329	0.006995629271809785	0.012661239772649243	0.003365668618696636	0.009653643250242502	0.013713173188297442	0.016209928133299797	0.012413142815016605	0.009089004196570757	0.010530095876611169	0.018079826811896314	0.0	0.012183076020520048	0.0
MHW085_trimmed_clipped_R2_paired	0.0729095761139708	0.10902988729678574	0.14509930976882782	0.00011103312536639152	2.8504622694428537e-06	0.0	0.0	0.045259268891505104	0.0	0.0060929271728380205	2.876195350382863e-06	0.01049482164361696	0.008369256673557778	5.80530796723368e-07	0.009742225701852774	0.005368244916671094	0.0063096503075558375	0.009393807160327363	0.018302824696557373	0.006617574196616939	0.0032768242486793165	0.018470026066670583	0.008736886851895704	0.01683406480426403	0.013912034594428283	0.006359466296225185	0.006198742845584701	0.006351971339474632	0.007180422088816573	0.016743143996098876	0.0	0.0030779769452312796	0.002939065222241558	0.019516822687983115	0.0060508387654260995	0.0063978795645129715	0.0	0.013620854569717133
MHW086_trimmed_clipped_R1_paired	0.0	0.07989745313527233	0.01789396488777086	0.0784403811081945	0.002365773855333537	0.0	0.008688632796035087	0.0	0.0	0.0	0.023148189819921814	0.027139369959846903	0.05532765466908964	0.026725909490193097	0.02178694271419765	0.02234777242711085	0.00075559471162752	0.009324009474636788	0.028564863160255576	0.0001918201452702728	0.0141396700857441	0.006560583754307306	1.641370817099834e-06	1.2628194360100156e-05	0.006350390681854929	0.006760634860529847	0.012509058420282892	0.003387762130329875	0.009691142393045084	0.013755075692172112	0.016274747467389328	0.012219750854349613	0.008818433548586876	0.01052387413888631	0.017743647554731002	0.0	0.011830091830950873	0.0
MHW086_trimmed_clipped_R2_paired	0.0724217948007949	0.10917937415099337	0.14534636317601352	7.725273915570001e-05	5.336335484525788e-06	0.0	0.0	0.044431414944962735	2.6825679998126494e-06	0.006000697291996313	1.6181132983406264e-06	0.010021781667088937	0.00847562083949787	5.44533246684299e-07	0.009633623603411894	0.005466282846674187	0.006553296286366893	0.00942187767695099	0.0177990889339542	0.006504775731533851	0.0030705888736473667	0.018136202260296178	0.008561250537764216	0.016792021032271887	0.013657848326426887	0.006308042316999102	0.006246235647345009	0.006224338166805833	0.007330637385398912	0.016731856637102433	0.0	0.0031379489257055944	0.0027664214137960563	0.01938734794572951	0.006063246841410303	0.00627358008971232	6.324207739776661e-07	0.013916264223852903
MHW087_trimmed_clipped_R1_paired	0.0	0.08041566018595227	0.018091502268252176	0.07798623409391955	0.0022539820203136738	2.188673553079952e-06	0.008981369928814927	0.0	0.0	0.0	0.023365380692244045	0.0270535262151081	0.05516312962250961	0.02663543469813549	0.021704534322046422	0.022407781395715896	0.0007614806074324585	0.0094888378507421	0.028272942810711434	0.00019008926914872322	0.014002508953792073	0.0066894416727922975	0.0	1.3642328248305545e-05	0.006291446404578814	0.00701440841903751	0.012223908947395787	0.0033673799510141327	0.009683016687278662	0.013698639414598621	0.016242468749416632	0.012103388802313644	0.009122191581986816	0.010461235957003934	0.01748196779478581	0.0	0.011927681563348502	0.0
MHW087_trimmed_clipped_R2_paired	0.07215339612166367	0.1090707403446543	0.14342189040452252	8.367041685548475e-05	0.0	0.0	0.0	0.043827154975988436	0.0	0.0061774719963666016	8.903172743542062e-07	0.010415282619965681	0.008587999927462193	0.0	0.009516411724361596	0.005496572897634348	0.006584137631373909	0.009419555100738313	0.018225912877424106	0.006447144714905288	0.0032000339381428027	0.01842827626979659	0.00847948979787553	0.01688320483532015	0.013723529613409734	0.006147009662139848	0.006027825071458582	0.006336379682032898	0.007259392520599784	0.01654313139510644	0.0	0.0030395520952313858	0.002842206556910182	0.019258923689485567	0.005888394137667364	0.006320939970006522	0.0	0.013567244846616217
MHW088_trimmed_clipped_R1_paired	0.0	0.07880215645887627	0.017798110353801095	0.0787573387436958	0.002288121309793897	0.0	0.008644577194926301	0.0	0.0	0.0	0.023432090557107148	0.02680964937554788	0.05528581878654663	0.026765637869922178	0.021760988837008256	0.022660717956337784	0.0007505979515958951	0.009383726179859888	0.028712041774413846	0.00019294208168121053	0.013980085581974708	0.006667334490289372	0.0	2.2802253908549543e-05	0.006330290537391352	0.006887617033408555	0.012143473195061932	0.003388725560391007	0.009634796423078584	0.01366062975221129	0.016426663653157047	0.012082309396412123	0.0089807871657811	0.010619707653300097	0.017303881379802617	0.0	0.011663717083266164	0.0
MHW088_trimmed_clipped_R2_paired	0.07216396003024153	0.10893315311252684	0.14368597852259568	0.00012535035115917738	0.0	0.0	0.0	0.04347154922372833	4.946300121755651e-06	0.0061095340058893435	2.9826056081366557e-06	0.010573341248040864	0.008754949372185857	0.0	0.009539930128614045	0.005464717862601273	0.0065622779556085324	0.00930004737056485	0.017962557815791997	0.006460692561668322	0.0031188190009281136	0.018376103950738028	0.008367367851404791	0.016827370281023508	0.013684908679790012	0.006273660132939722	0.005988479733842163	0.006227978578169444	0.0074654917830304065	0.016539115685790726	0.0	0.003015285924733892	0.0027640990160243796	0.01929502808646169	0.00594187820215539	0.006511086049324914	0.0	0.013444079523955448
MHW089_trimmed_clipped_R1_paired	0.0	0.07888699876418033	0.01757605681632841	0.07738835703314907	0.002343411748137386	0.0	0.008738899435749289	0.0	0.0	0.0	0.023393347993563	0.026803552199056807	0.05533253890282305	0.02700529158896632	0.02153283692548719	0.02230515596812017	0.0008043978671818641	0.009356901712894319	0.02825552879395339	0.00021572526918271515	0.014162397964348416	0.006500875971805279	1.5689765882648021e-06	3.256101904771823e-05	0.006227101270113931	0.0069253049965831625	0.011883609601707016	0.003305142823692148	0.009586798507539825	0.013424987164739548	0.01633418813152811	0.011890118353768294	0.009159239884523045	0.01045235925881276	0.017348709543282784	0.0	0.011616618730389654	0.0
MHW089_trimmed_clipped_R2_paired	0.07251064568369704	0.10887574479969096	0.14358809523694813	8.631140688507108e-05	0.0	0.0	0.0	0.04273539560096328	0.0	0.00609529568625326	1.0246806056462842e-06	0.010633038944098254	0.008719254065933844	0.0	0.009494565103686299	0.005362447170835075	0.006547023382785326	0.009194680034393643	0.017690688520801814	0.006123806285117456	0.003128484749253687	0.01813188288153821	0.008372099727664744	0.016777466044554417	0.0136834956715814	0.00621170245381873	0.0057956985881482325	0.006074620211543456	0.007345747532501646	0.016466398570236074	0.0	0.0031622829672987482	0.002689137993797492	0.019052365886117386	0.005923143455978218	0.006251153467022758	0.0	0.01325764931031957
MHW090_trimmed_clipped_R1_paired	0.0	0.0791828918788611	0.016504004584204063	0.07785413186047531	0.0022787521976919338	2.7895481989156522e-06	0.008598581579991318	0.0	0.0	0.0	0.02368230591330839	0.026025119270292413	0.05544393396732444	0.027147622569540907	0.021092230825921363	0.02179287673564969	0.0007908543252499064	0.00894554926455142	0.028220030282598143	0.00022102656180709673	0.014048507068639571	0.00638792136969559	0.0	1.9740455395468525e-05	0.006159984405209131	0.006600593919680735	0.011771723197065917	0.0033246650633138673	0.009479562504248135	0.013343395924901311	0.016658466109174774	0.011761373595636351	0.008841953276538457	0.010392929885687767	0.01678273098747214	0.0	0.011384003434312	0.0
MHW090_trimmed_clipped_R2_paired	0.07207904371196595	0.10999219199336198	0.14192036747378892	0.00012323362799240658	2.803595465397408e-06	0.0	0.0	0.04186176502977232	0.0	0.005956504427575273	2.261006127038326e-06	0.010455396541253522	0.008410192165811894	0.0	0.009477242628168398	0.0054273888161862046	0.006632994975160269	0.009092326817303988	0.01721977754814222	0.006205294808613934	0.0029717461973081827	0.017669275321608554	0.008056974320086984	0.0166409509033695	0.013466996836326536	0.0061310497025279355	0.005817777781931372	0.0059312014534396405	0.007243243913561325	0.016113276388667042	0.0	0.0030635519742360016	0.002610616485739547	0.018749655491911266	0.005791069442112204	0.006188796850542623	0.0	0.013152124462766982
MHW091_trimmed_clipped_R1_paired	0.0013175201635481696	0.16733815580082548	0.00031097310245282745	0.09650686632001389	0.0020689863989970924	1.7125140939909936e-05	0.0	0.0	0.0	0.003198764911171155	8.000808904639714e-06	0.00032534246310992416	0.012135719454029937	0.0034629795102044335	0.004458516435601771	2.8314996570447167e-05	0.0010467203846425742	0.0002741544902721362	0.0005323208672065484	0.00012004692323864184	0.000950851665951547	0.0003815778113532071	2.2614159057056697e-05	5.992129780950326e-07	3.80334806919413e-05	0.0	1.229788132285038e-05	0.0	2.2675616556155474e-05	0.0	1.2998971956804338e-06	0.00010965251192073992	0.0	0.0	0.0011332562526963465	1.4203008671168526e-05	0.0	3.597019365872663e-05
MHW091_trimmed_clipped_R2_paired	0.09942714394395441	0.09097949940604656	1.714190846066605e-05	0.00010577314393575121	0.0005091354779473545	0.0	0.0	0.0	2.866330675384898e-06	1.2628760473899288e-05	5.75236416270914e-07	5.763783738661146e-07	0.0	4.056838980033021e-06	9.931851756994815e-05	2.0371168866297947e-05	4.958165449851201e-05	0.00014916589240794042	8.104397893800886e-05	0.0048034846750373	1.7195988341950053e-05	7.276635010083567e-05	0.0026138020381856787	1.2702514064646988e-05	0.011042997885516258	3.694496198178687e-06	0.00022338967839129366	1.8900539132208585e-06	1.2772698061566805e-06	0.002264759304982618	1.3214056301750746e-06	0.0	0.0	0.0	1.3938107729923428e-05	0.00021338435536170908	0.0	0.0
MHW092_trimmed_clipped_R1_paired	0.0012805122676717838	0.16764929000681245	0.00032519421734035926	0.09611833448047649	0.0019040693944961176	2.2436591388163128e-05	0.0	0.0	0.0	0.003350833439835954	1.516155793947532e-05	0.0003039424350781346	0.012151498174262877	0.0035181202111572475	0.004444617215157803	3.4068417740942295e-05	0.001040601640346817	0.0002769049293513613	0.0005109169798613557	0.00011354134022330618	0.0009771939111777681	0.00037392241728184244	1.3511865415240771e-05	4.146215900972538e-06	3.2868673478067766e-05	0.0	6.7181681436559335e-06	6.189385989080746e-07	3.454708377450483e-05	0.0	0.0	0.00010610184291494034	0.0	0.0	0.0011715835140240149	1.2859828594521799e-05	7.90185060788107e-07	3.6466835297416826e-05
MHW092_trimmed_clipped_R2_paired	0.1005748519383173	0.0897196934937611	1.9649550270918175e-05	0.0001657188065875304	0.0005901687331752731	0.0	0.0	0.0	1.12645527813434e-05	4.511747612297158e-06	5.651268611753828e-07	5.662342971409263e-07	1.1357043341861791e-06	2.846776783105113e-06	0.00010841733841574034	2.11589745988054e-05	5.674390442506105e-05	0.00015523503060838092	8.894065414638297e-05	0.004890508465404545	2.9202829966820388e-05	7.998154731607479e-05	0.002681580290762951	1.9134417320398023e-05	0.011278244130019583	5.495305836483731e-06	0.0002534652533015518	1.2544179345235988e-06	5.734349273976905e-06	0.00234835989934666	1.986699970822e-06	0.0	0.0	0.0	7.413652503528547e-06	0.0002052817766350597	0.0	0.0
MHW093_trimmed_clipped_R1_paired	0.001230591396292118	0.16770884100661035	0.0002912723567137654	0.09611734448411709	0.001868119572384247	2.2038354327518594e-05	0.0	0.0	0.0	0.003386351293957419	5.883679278230235e-06	0.00031445256616718497	0.012085855680377003	0.003640918614817545	0.004590273530525388	3.8702651975675856e-05	0.0010593205000842606	0.0003000878083890311	0.000561526828614252	0.00011281047929019404	0.001021933252633583	0.000377824546691488	1.3003436496183467e-05	1.5796494061868832e-06	2.988149426253966e-05	0.0	1.2128025131208556e-05	5.623687371615786e-07	2.3566744056980157e-05	0.0	0.0	0.00010725669305285854	0.0	0.0	0.00115349771124889	2.1522688342299685e-05	1.5693105749507477e-06	3.239246057382029e-05
MHW093_trimmed_clipped_R2_paired	0.09922285339844818	0.09096915523728721	1.960870534356339e-05	0.00019130410981562258	0.0005521492039664927	0.0	0.0	0.0	0.0	8.865236438072113e-06	1.9741791580220653e-06	0.0	0.0	2.9837603620713635e-06	0.00011364314121724384	2.3980193918535893e-05	6.109915109139961e-05	0.00016136531180262288	0.00010267130504939501	0.0049343169499794625	1.6442590553777974e-05	6.694440082246956e-05	0.0027292619814797774	1.27610515012856e-05	0.011149966127521515	6.580851197127029e-06	0.0002290188487316316	1.7118582503764446e-06	4.671687387498103e-06	0.002325755648892631	6.173309630375987e-07	6.3828645108712e-07	0.0	0.0	8.643707874079328e-06	0.0002322649134663288	0.0	0.0
MHW094_trimmed_clipped_R1_paired	0.0012467062262136073	0.1677880311342	0.0002682508784012578	0.09653340556178988	0.001981445324011489	2.0642550769722876e-05	0.0	0.0	0.0	0.0033436176813165398	7.3481744535240735e-06	0.0003372747440662517	0.012206776287146965	0.0035580916022990216	0.004551074453909987	3.29896608312061e-05	0.0010553483966448253	0.0002884121702157584	0.0005310854977638272	0.00012557304444495986	0.0009905643992342073	0.0003982480832554017	1.5413960601377213e-05	2.4296153669595567e-06	4.170262639167e-05	0.0	9.046104193711586e-06	5.102449819332201e-07	3.165894780864159e-05	0.0	1.082826433404485e-06	0.00011763779603593187	0.0	0.0	0.0011426613568778726	1.4220730441743011e-05	0.0	6.99750692823161e-05
MHW094_trimmed_clipped_R2_paired	0.10016963684112234	0.08995256014315499	1.8368357198421426e-05	0.00015622914671155222	0.0006229686423561621	0.0	0.0	0.0	6.911025317642818e-06	8.765954082566872e-06	1.3870451334592174e-06	9.265904757571848e-07	0.0	2.7956897620834464e-06	0.00010836108984745287	2.01331225473438e-05	5.351596385191928e-05	0.00017993379369033325	8.613660619244297e-05	0.0049654980934305416	2.0116453285938588e-05	8.588621046951458e-05	0.002739007856724844	1.9649952310793863e-05	0.011047531779565764	1.2067268566268264e-05	0.0002575087078864204	2.0739229834078953e-06	6.865413631506909e-06	0.002341631404399668	1.6589226865385845e-06	0.0	0.0	0.0	1.2025657969160173e-05	0.0002136698441385322	0.0	0.0
MHW095_trimmed_clipped_R1_paired	0.0012296581967703609	0.16676720972086836	0.000317256616757636	0.09637929682947016	0.002020461914121693	1.5982902860482958e-05	0.0	0.0	0.0	0.003345314151844536	7.77186432875882e-06	0.0003371093606917202	0.012022866057152654	0.0036896436596242552	0.004529067981739373	2.6825014666576765e-05	0.0010679296411597351	0.00025860950580449034	0.0005518252629838702	0.0001094623137391266	0.0009698361027085168	0.0003969236381076428	1.3908438237968544e-05	1.4518888183034319e-06	4.154396250048399e-05	0.0	5.008302964987475e-06	0.0	2.3793240587591872e-05	0.0	0.0	0.00010994993735019253	0.0	0.0	0.001194347307410143	2.125161393128042e-05	0.0	5.230296583619087e-05
MHW095_trimmed_clipped_R2_paired	0.09906162935095104	0.08954917277846756	1.5998802009705512e-05	0.0001395036770196233	0.0006040913597567928	0.0	0.0	0.0	6.879077128694303e-06	9.184420223669012e-06	4.601822901698759e-07	0.0	9.248982440825334e-07	1.8547835433291438e-06	0.00010131429881184771	2.0028283009718276e-05	4.761984372857326e-05	0.00016532665354953443	9.599375521095512e-05	0.004973466838345126	2.428749120483272e-05	9.787584843967089e-05	0.0027802747868403183	1.4656455182128294e-05	0.011099963688467912	7.50099076836564e-06	0.0002560795270031627	2.062149781558278e-06	2.0998468350720033e-06	0.0023878234922375978	2.196418984844138e-06	0.0	0.0	0.0	9.412936132864373e-06	0.00021573672747366378	0.0	0.0
MHW096_trimmed_clipped_R1_paired	0.001252554589866776	0.16713214363429196	0.0003424489480838786	0.09583866041401429	0.002089710426606346	2.1052958353095203e-05	0.0	0.0	0.0	0.003340819713744303	6.897782436523004e-06	0.00035195856391060287	0.012052284654269982	0.0034664924203193425	0.004439791531929824	3.0595748762536546e-05	0.0010862416006067362	0.0002849511427325218	0.0005642850597585889	0.00012600307277923353	0.0010149360281640212	0.0004184896900661786	1.596460710463331e-05	2.009870191126797e-06	3.605544911613368e-05	0.0	7.4335420894958325e-06	0.0	2.6261107627866974e-05	0.0	1.7511611402282999e-06	0.00011379560162168767	0.0	0.0	0.0011395485904807292	2.620865588943552e-05	0.0	4.026558752028781e-05
MHW096_trimmed_clipped_R2_paired	0.09955992307211291	0.09009295661807516	5.747191615659702e-06	0.0001360995744357997	0.0006751177989456616	0.0	0.0	0.0	3.8438365301656895e-06	1.1161652656643643e-05	1.5426546161070048e-06	3.864049746703811e-07	0.0	1.5538458494716572e-06	0.00010082801562550832	2.4186954358889433e-05	4.808799963187268e-05	0.0001701550717263613	9.52573960135134e-05	0.004887236392907435	1.828630242771853e-05	8.478728936787629e-05	0.0026714315073286346	1.9072252513896355e-05	0.01104736162977987	9.095027710317017e-06	0.00027463638435322696	8.470259417830515e-07	3.437099747049222e-06	0.0022944255247433322	8.905938853631737e-07	4.553399067780788e-07	0.0	0.0	1.0405404210190057e-05	0.0002119226706931151	0.0	0.0
MHW097_trimmed_clipped_R1_paired	0.0	0.08121574941567306	0.018963630457714716	0.074901325235724	0.0021564349919536412	0.0	0.009585994744531954	0.0	0.0	0.0	0.022492840979786186	0.028114271798641132	0.05351862522569084	0.025660121263044663	0.021854543959935066	0.0223415359018604	0.0008775323901140968	0.009759314366447266	0.027741573006752205	0.0002166668134987221	0.01404975083346041	0.00635953801322285	2.480938376734549e-06	2.3351008279497585e-05	0.006233653143560974	0.007222970860480301	0.012497077345409134	0.0033248799767019123	0.009248848066471936	0.013588014204201465	0.015486770713134378	0.012644057765351793	0.00907894167285913	0.010249155345479622	0.018034868238927814	0.0	0.012522066755927132	0.0
MHW097_trimmed_clipped_R2_paired	0.07264438102832506	0.10599625608056001	0.14088894081493852	0.0001522716167085519	0.0	0.0	0.0	0.048697345994643294	0.0	0.006113897618829548	1.1623053135694007e-06	0.010476216305988016	0.008328561810202148	0.0	0.009580212050229015	0.005483913510306643	0.006270873563419994	0.009301962323071391	0.01903515766616461	0.006784723523547067	0.003252954123084386	0.018364513027632017	0.008815890311770075	0.017052173783712467	0.013514693079360563	0.006094217779615494	0.0062036747911734915	0.006308690256624518	0.007089977708118854	0.016136552703739274	0.0	0.003057381646057033	0.003012668533231993	0.018882359137245435	0.006025375497480382	0.006189511155372908	0.0	0.013223338629572796
MHW098_trimmed_clipped_R1_paired	0.0	0.08138955693805836	0.018997187775141467	0.07689833276060064	0.0020953469202400483	3.1752463888002202e-06	0.009511276022628898	0.0	0.0	0.0	0.02284108778523148	0.027889676105277397	0.05360423552889956	0.025940388209388678	0.02196855626857885	0.02240579633662976	0.0008104320937205113	0.00971389683963507	0.02805173878903436	0.0002505552790889969	0.014100465603497888	0.006418503617782354	1.3723748356409588e-06	2.2309121362435888e-05	0.006231617163644813	0.007101284760825044	0.012619754233183796	0.0032935067821812554	0.009668967619601712	0.013489503276385435	0.015640605579204558	0.012258174466812865	0.009049756396082954	0.010267534612100502	0.01783055186637714	1.0349699475258853e-06	0.012440089520486539	0.0
MHW098_trimmed_clipped_R2_paired	0.07137117852740862	0.10709116501396891	0.1411638486087542	0.00010243227682015513	0.0	0.0	0.0	0.047303239999637786	6.454065031546502e-06	0.006018698270501812	4.544677907217634e-06	0.010370086506664003	0.008408382983299772	6.56063060571442e-07	0.009599662807731616	0.005465411737766286	0.006373552440138958	0.009303305636574251	0.018754000461759686	0.006721445806366589	0.003208521130236491	0.018445324660431996	0.008723038227163893	0.01671155369858874	0.013717432847118594	0.006149187002309965	0.006256661958557784	0.006339084611442688	0.007194388595882868	0.016462827824721738	0.0	0.002984386090725927	0.002935085226606086	0.01927680482952056	0.005757098265350899	0.006227032613626477	0.0	0.013444578541754381
MHW099_trimmed_clipped_R1_paired	0.0	0.08177221525064145	0.018324394866280805	0.07685852704606923	0.002205817585247492	5.946440529083357e-06	0.009500573156643488	0.0	0.0	0.0	0.0227764596611663	0.02755883335821035	0.05422283241721962	0.025683598762582346	0.02153890516204722	0.02216391663395526	0.0008380040428166777	0.009535268852397428	0.027917939360479233	0.00022416212646499267	0.013899873630281086	0.00649521472606537	1.27020909820165e-06	2.252957410524392e-05	0.006291470035373733	0.007068422589608308	0.012524754888233826	0.003336620781163798	0.00959918031913094	0.013390076223915111	0.01578880879770512	0.012401322863781122	0.008985438654991464	0.010379221454674575	0.017454296241316974	9.322135770288779e-07	0.012050072116345342	0.0
MHW099_trimmed_clipped_R2_paired	0.07258049640425795	0.1089426687457608	0.14294528945281948	0.0001311435734507585	0.0	0.0	0.0	0.04679622240446494	2.9910608557054218e-06	0.005989832277685316	1.2014683168329382e-06	0.01018689030302567	0.008324709759184529	0.0	0.00960395934598027	0.005529016270691919	0.006389162671889131	0.00933876959783987	0.01863201974387251	0.006645545531750608	0.0031505734768755285	0.018370709802751288	0.00866479682844021	0.016547650065189698	0.01362434795860684	0.006199457217004026	0.0062124148728427515	0.006270568778553314	0.00713763210996793	0.016603564028089733	0.0	0.003134624922536613	0.0029959740670991017	0.019606580103168188	0.005982855271976184	0.00625831140245162	0.0	0.013639851989314927
MHW100_trimmed_clipped_R1_paired	0.0	0.08184447990930772	0.018024425883496998	0.07821802550162192	0.002288075659035125	0.0	0.009130005620599024	0.0	0.0	0.0	0.023065012045061846	0.027573454660906962	0.053868383317000876	0.025753787902858632	0.021485168515226177	0.022255510792887647	0.0008106201872282169	0.009557552027015198	0.02805076284835042	0.00021499989538983585	0.013854246691334877	0.0065104533878671735	1.2041522130520479e-06	3.002913635174282e-05	0.006219065372400764	0.006905034330929676	0.012327634271515803	0.00339179467956805	0.009410318856436442	0.013166842640796702	0.01608337206070831	0.012407187567255	0.008807645032662403	0.01010517762869267	0.01773396270841202	0.0	0.012072508232869057	0.0
MHW100_trimmed_clipped_R2_paired	0.07331749891140543	0.1078786184772554	0.14460856139052586	9.180409740047518e-05	2.784254882719945e-06	0.0	0.0	0.04617145734261675	0.0	0.005856574794571336	2.8057004830787756e-06	0.010133314189691614	0.008114199658047588	5.663044224920939e-07	0.00965507390429873	0.005434034669266398	0.006370972462087637	0.009364548924386007	0.018233144714222625	0.006492224115623512	0.0032373669482599534	0.018492896867797214	0.008628770296296705	0.016533121641001753	0.01353562971830011	0.00627144798014514	0.006124196071872431	0.006140666710944719	0.007212390963997745	0.01642497872501225	0.0	0.003072292634814055	0.002774212550659704	0.019361917613024318	0.005824357915415515	0.006283468590634988	0.0	0.013741288526763875
MHW101_trimmed_clipped_R1_paired	0.0	0.08198599346337403	0.018703244019192003	0.0768688264936679	0.0022264163792227757	0.0	0.009851041906752674	0.0	0.0	0.0	0.023174525923204306	0.027725066449961967	0.054114019841731205	0.02608117635057795	0.02190239686706866	0.0224138910669701	0.0008372675773191219	0.009667295211778542	0.02790943246650357	0.00023062904478958794	0.014231185537519545	0.006517589991714333	6.113258107736076e-07	2.3589108714827367e-05	0.006317873383005682	0.007285179638252391	0.012698419017368128	0.0033637591348213403	0.009459387056651508	0.013612517109850657	0.01613859218011181	0.012573016069778365	0.008958640868766143	0.010501002896650452	0.017908712009359933	0.0	0.01215292078215761	0.0
MHW101_trimmed_clipped_R2_paired	0.07247434731304216	0.10749876373010135	0.14373118273450083	0.00010822765425046739	5.7008130642112505e-06	0.0	0.0	0.04712311039727119	0.0	0.006061019390032687	2.8710946709933374e-06	0.0103544746667752	0.00829050306157012	5.792248384585367e-07	0.00976085804875303	0.005468959812339842	0.006433501847029161	0.009467392707461221	0.018831090953655618	0.006823193337729549	0.0032488279562266583	0.018593941621398793	0.008840759757272696	0.016766003654563384	0.013582528722981874	0.006317468981856827	0.0063621906048670004	0.006404317896194858	0.007256680842346521	0.016678402961742157	0.0	0.003164988495048888	0.0029863999709806546	0.019540337896090387	0.0060553879933022865	0.00628209952693327	0.0	0.013558517506073219
MHW102_trimmed_clipped_R1_paired	0.0	0.08204850930089386	0.018392067831258418	0.07807717386982727	0.002253604151431123	5.1284278860727945e-06	0.00905301326597276	0.0	0.0	0.0	0.023104665732842825	0.02765027006131606	0.053851250662381354	0.02601874995516682	0.021681584785840674	0.02235391563638266	0.0008335383446940182	0.009724888801564305	0.027956888181637583	0.0002304962890124085	0.014157306997159823	0.006463265020276276	2.7564782710980172e-06	3.18945293350605e-05	0.00619315401342218	0.007155862261898146	0.012520121909021876	0.003318551431849372	0.009524695458533905	0.013556662606897767	0.016034905322386193	0.012443006790348793	0.008944835790649872	0.010271191078340456	0.01799558074347729	0.0	0.011965045844031269	0.0
MHW102_trimmed_clipped_R2_paired	0.07312146126928291	0.10805371356677515	0.14339328602267026	8.753370691346367e-05	0.0	0.0	0.0	0.04710986923069527	0.0	0.006027237399977526	3.63900354912536e-06	0.010449678905295098	0.008411073532863828	0.0	0.009529542037962947	0.005539815912344305	0.006259364604521358	0.009399837943163226	0.01840520988407655	0.006595984115292833	0.0031683231120783325	0.01846323620965493	0.008699304471042795	0.01670018950614088	0.01357567540635984	0.006234857333799648	0.006205638215294131	0.006254842690243567	0.0071775673669739115	0.0165834234719738	0.0	0.003079272927069876	0.0029451577780082905	0.019447550629721522	0.005970469729780744	0.006125584158813876	0.0	0.013447316941977394
MHW103_trimmed_clipped_R1_paired	0.0	0.08210739665038691	0.01817820441193304	0.07739401772170197	0.002383349463885448	0.0	0.008942017300357822	0.0	0.0	0.0	0.023089778810615604	0.02779585119636695	0.05458728730899324	0.026438884335479588	0.02194173358657837	0.022466006491883194	0.0008718804487513397	0.009671990606273655	0.028080720992696734	0.00020743797190065735	0.014275441855966927	0.0065571067773837624	6.156654080639252e-07	3.0423045360003158e-05	0.006304754307220327	0.006999275096322928	0.012458047002197686	0.003461405465034774	0.009659303050976545	0.013619286736842599	0.016155230864867337	0.012477153909875551	0.009030984019051377	0.010662542067139371	0.01782116190116377	0.0	0.01199537099518823	0.0
MHW103_trimmed_clipped_R2_paired	0.0732926519867428	0.10880393385663933	0.14417446634234532	0.000158709258745468	0.0	0.0	0.0	0.046552142692170596	2.9523035289238357e-06	0.006074825918436153	2.3725262973187323e-06	0.01053785043569309	0.008520478172599572	5.98408660227578e-07	0.009681229356074189	0.005561709782252118	0.006348462548414934	0.009365894206558254	0.01828613490682753	0.0065605372937024556	0.0032460472499338195	0.0184118771826561	0.008820186285533965	0.01696833770620945	0.013694189959244167	0.006298658853685934	0.0061685471790919825	0.006314153677392603	0.007268778281899916	0.016589149622763158	0.0	0.0030983308997070075	0.00294270334496534	0.019494196745468505	0.006081520900935571	0.006431091892179408	0.0	0.013046600950697288
MHW104_trimmed_clipped_R1_paired	0.0	0.08216319610485588	0.017517764673628932	0.07674183465297739	0.0021568315906651237	3.042603353660865e-06	0.009184291295288173	0.0	0.0	0.0	0.022997058133464907	0.027207550584240955	0.05376690491342365	0.025844323381722243	0.021530436481194286	0.02214941784776462	0.000841033714414157	0.009502792330677919	0.027902488250624236	0.0002266111964539678	0.013804314374923004	0.0063297426707132325	3.2317215445302144e-06	2.873461637618571e-05	0.006171671369310741	0.007017034248801792	0.012431621751570823	0.003284378703842536	0.009287757450506424	0.013510165865067574	0.015929845545450124	0.012271392648688768	0.008805266061047794	0.010147289063414125	0.01755101291493768	0.0	0.012078609604895226	0.0
MHW104_trimmed_clipped_R2_paired	0.07214998882846725	0.10871102895149243	0.1444716452216441	8.885644028721588e-05	0.0	0.0	0.0	0.04586137813672442	0.0	0.005831126878230715	4.964233565898575e-06	0.009973453642514046	0.008152525808302015	6.26540000077315e-07	0.009549459443490975	0.0054456897513598685	0.006488193970779318	0.00925280941656286	0.018421031130829383	0.006620307974496489	0.003166843043575696	0.018220062855602667	0.008451881167786744	0.016612175309567993	0.013592498313978298	0.006305307667876871	0.006103775208204878	0.006143519225532316	0.007268804031289971	0.016607169780822183	0.0	0.0030374265910753325	0.0028315047901209317	0.019372539279342894	0.005779799544563535	0.006129699932362451	0.0	0.013404012756750301
MHW105_trimmed_clipped_R1_paired	0.0	0.08127552408417332	0.01817678607493623	0.07754349750524486	0.0021412497870622062	0.0	0.009584101803256384	0.0	0.0	0.0	0.023090921402488876	0.027438980203685646	0.05405617510818499	0.02614466872024374	0.021810210262003544	0.022455184507107033	0.0008482907302324033	0.00963082834446955	0.02804604083724998	0.00023633076371527327	0.014090615107702738	0.0064242025668096794	6.041986270117896e-07	2.0085590544390534e-05	0.006304128589398643	0.007136415370321112	0.012551154640810712	0.003406633566737485	0.009506246654089391	0.013584189025450007	0.0159180738089981	0.012446912469021597	0.008943022159524834	0.010268918806976245	0.01785092933231282	0.0	0.012263633433131131	0.0
MHW105_trimmed_clipped_R2_paired	0.07231518169937054	0.1073981009681271	0.14345543987837517	9.839211654580933e-05	2.897469338689711e-06	0.0	0.0	0.04704436460059985	0.0	0.006010965400824822	1.1698301779757408e-06	0.010225664365506204	0.008349219986376808	0.0	0.009677179277721167	0.005568984505344651	0.006345926659198652	0.009384997371133243	0.018590267158242284	0.006682991420338905	0.00321744722206563	0.018340545539514894	0.008833147690861074	0.016868455902751673	0.013752096644167747	0.0063275741712167065	0.006299850524917283	0.006284900764804731	0.007275237051692725	0.01656309885114802	0.0	0.0031379032875164777	0.0030004658572760053	0.01962931795853438	0.005812109187626162	0.006241117449795386	0.0	0.013783531044400237
MHW106_trimmed_clipped_R1_paired	0.0	0.08025620502801939	0.018208950276306247	0.07698693662931322	0.002358348984194774	0.0	0.009015678874614524	0.0	0.0	0.0	0.023182400446910285	0.02742650551452339	0.054971597682501115	0.026575718804796044	0.021945752718702423	0.02266905791154202	0.0008134468874243931	0.009567831508397939	0.028441368799487002	0.00020736304829367322	0.014218138331283652	0.006623366172745409	5.974705010889498e-07	2.0455607259175202e-05	0.0062662842174634695	0.007020744181280932	0.012463202593234208	0.0033184681619491466	0.009757622398345343	0.01371265840968629	0.016251194713451756	0.012177202663695439	0.009132170237731604	0.010635720779885042	0.017587909022925785	0.0	0.01192326983575171	0.0
MHW106_trimmed_clipped_R2_paired	0.072436640287921	0.1091158125027625	0.14387148387954687	0.00010349031434148078	0.0	0.0	0.0	0.04545183395434566	0.0	0.006307892364336282	2.324807572335327e-06	0.010572700776225704	0.008473006716837197	5.866392832835459e-07	0.009665053040757189	0.005558534888081455	0.006474810659336313	0.009345844941070023	0.01819535047783187	0.006659823037774896	0.0032010016754333765	0.018290024857614	0.008492737533837785	0.01674981029096608	0.01392012511540879	0.006237678874435675	0.006116702045073313	0.006172040978473039	0.007251861636184783	0.016562008702126752	0.0	0.003125191223483547	0.002758068058919942	0.019265932307930007	0.005836748037426787	0.006398524747491363	0.0	0.013330096355785302
MHW107_trimmed_clipped_R1_paired	0.0	0.0808071052373441	0.01884630724554928	0.07684789853740477	0.0021977422675083748	0.0	0.009453259635709583	0.0	0.0	0.0	0.023230899715286267	0.027569670007727302	0.0544927210924891	0.02606915156607884	0.021973597741616748	0.02234309575433953	0.0007739742097978653	0.009548335258347758	0.028082757932347362	0.0002264140483285864	0.014184125885548913	0.006424711674997279	6.067152002828457e-07	2.4422722102020706e-05	0.006373394500708441	0.007190128774673569	0.012304170541526575	0.0032730896618182316	0.009363175814266473	0.013587191481302803	0.01595689518916399	0.012509508286199364	0.009051802208790613	0.010447417259274991	0.01771407069422909	0.0	0.012229954517453253	0.0
MHW107_trimmed_clipped_R2_paired	0.07207145658935048	0.1087756940307177	0.1431379050407292	9.037144441933154e-05	2.9174652012044465e-06	0.0	0.0	0.04689305856421981	2.925627449079308e-06	0.0060413371992343165	5.874880853010141e-07	0.010541086541407984	0.008399770585031087	0.0	0.00972856496256824	0.00547476643793119	0.006413988706621264	0.009406026949591792	0.01871929972709241	0.006460091569144483	0.0031976310862833414	0.01827471467115196	0.008702989185786209	0.01699611065201142	0.013567135236425002	0.006254816988893822	0.006055806102919768	0.006243999211633466	0.00740464603900283	0.016683702598277183	0.0	0.0030982620283881023	0.0028524956436625616	0.019562433647181948	0.005917531684535557	0.006304140419752873	0.0	0.013750979433907799
MHW108_trimmed_clipped_R1_paired	0.0	0.0828345366210707	0.018176955912175122	0.07712079677868519	0.002114170994693539	2.7177975707727396e-06	0.009301641103598672	0.0	0.0	0.0	0.023261402308015735	0.027475352782527673	0.05418043451283469	0.025732478613759706	0.021317968004271787	0.02203874979235756	0.0008773546391628375	0.009535710373655382	0.027953766344461773	0.0002574075514315743	0.01387718100326754	0.006297895839702577	0.0	2.6908329673508013e-05	0.0063042122631113	0.006957632312492756	0.01228658677513423	0.003293970899783817	0.009377317476358284	0.013323090067909939	0.01640994903462111	0.012065546759896557	0.008821828950875488	0.01015817870652564	0.017624107168884958	0.0	0.011883960487621621	0.0
MHW108_trimmed_clipped_R2_paired	0.07257930148783087	0.10929927576135716	0.1437066036653953	0.00011447489846212786	0.0	0.0	0.0	0.04613338327425632	5.471477638467574e-06	0.005921586401108619	2.1978119068174344e-06	0.010036379632339557	0.008137929197861186	0.0	0.009531288299819404	0.005422736346948576	0.006470960512804982	0.009309608746791058	0.01842534458429845	0.006552594042463298	0.0031610697387734255	0.018191860564522776	0.00865735826351313	0.01674289714455877	0.013501351027619957	0.006282258785169185	0.00602956121118362	0.006238227958510974	0.0072023778060970765	0.016523946017565464	0.0	0.0029887152651599785	0.0028535769095568582	0.019446105132842693	0.005894486514384255	0.006194532179582848	0.0	0.013417428556378811
MHW109_trimmed_clipped_R1_paired	0.0	0.08147680200932744	0.018770820460182785	0.07681334136336095	0.0020388875173114654	5.760276087728774e-06	0.009508594346312512	0.0	0.0	0.0	0.022878341385998504	0.027602407856066196	0.05420934797310287	0.025745551752390208	0.021826876751199504	0.022593905617451004	0.0008333399949814674	0.00967972785512376	0.027888841671966882	0.00022761271870633108	0.014238939882802082	0.00639203048320205	4.255383639339896e-06	2.8235413471844978e-05	0.006286445849674309	0.007124280748935526	0.01232713017235774	0.003299892954313957	0.00937687574451113	0.01360983729483028	0.015854574171569935	0.012542298136635906	0.008997384232423493	0.010418135785328077	0.017643127010798707	0.0	0.012107314398038237	0.0
MHW109_trimmed_clipped_R2_paired	0.07241251300885833	0.10899831625920871	0.14263306703875392	0.00010401389024604544	2.8917275886195943e-06	0.0	0.0	0.047150105692066506	0.0	0.006168760396634963	2.330320250610563e-06	0.010431169951929565	0.008358098868049923	5.875663291143153e-07	0.009729486122447192	0.005491257798927601	0.006359748219289727	0.009246187839793692	0.01859436695839957	0.006472212672632054	0.0032409387544234	0.018468656324536255	0.008719552914985306	0.016841898105546392	0.0137525771147307	0.006329774444832722	0.006163696976142596	0.006246875207592826	0.007138539102887653	0.016729316813161435	0.0	0.003153719776932919	0.002948087260128614	0.019353989226901267	0.005989861688091836	0.006216704453695307	0.0	0.013264983185609792
MHW110_trimmed_clipped_R1_paired	0.0	0.08213870412718319	0.018359533375292208	0.07677822836783839	0.0021860511487951507	0.0	0.009507695279807224	0.0	0.0	0.0	0.023052041615118132	0.027658117747711583	0.05403391670824345	0.025786138820896476	0.02151737888926815	0.022160660449257276	0.000853282396809326	0.009642050380363055	0.027708154466504657	0.00023920371814490848	0.013997658272991778	0.006339672176794811	5.394773065876885e-07	2.4600024780424964e-05	0.006152598382219343	0.007044729850118579	0.012184373563885029	0.0032254021069296414	0.009310698943636092	0.013558420497771128	0.015918004817964185	0.01236137745027907	0.008947619947261495	0.010117907780440737	0.01770056260501381	0.0	0.012039532628032725	0.0
MHW110_trimmed_clipped_R2_paired	0.07214925228860246	0.10842372083295167	0.1426572764211194	0.00010912740886383065	2.5404192774026327e-06	0.0	0.0	0.04667360979073739	5.099418518405765e-06	0.006084680211964936	2.049070232333009e-06	0.010200655121518513	0.008118111416408842	0.0	0.009491685962481029	0.005474926868560465	0.006419890866229277	0.009253164978426716	0.018613747251709424	0.006515257321361247	0.003178695781121006	0.018318650414670266	0.008703228299290442	0.01686034540709882	0.013519334367278807	0.006251731801568021	0.006080528968137869	0.00621535140417393	0.007132810462085759	0.016487722087156417	0.0	0.003053720162104718	0.002986530132664857	0.019198131102222068	0.005864738106770571	0.006151982753969294	0.0	0.013513377142484939
MHW111_trimmed_clipped_R1_paired	0.0	0.08130192426638212	0.017944752884153686	0.07734622109268603	0.0021683975960934665	2.687455749361427e-06	0.009458617138885237	0.0	0.0	0.0	0.02325206546744025	0.02750121377268238	0.05435328612494733	0.026097103961784412	0.021613015143658293	0.022177321402544106	0.000826813621408952	0.009484458435699172	0.027821538745484747	0.00022716165890535595	0.014050049516696396	0.006473961776313494	3.907154139887683e-06	2.5799931792832493e-05	0.006245030116680291	0.00704125128951813	0.012199341743756573	0.003366078739106722	0.00942215474878021	0.013523489837703354	0.01601882972683435	0.012339455391466891	0.008921095599811758	0.010452912506108377	0.017451674532358876	6.531363719614773e-07	0.01206888187977415	0.0
MHW111_trimmed_clipped_R2_paired	0.07230906453922938	0.10982350985938863	0.14368822043014173	0.0001188018830098457	2.703024800982366e-06	0.0	0.0	0.04563343400741452	2.7135829970796963e-06	0.006095719434643501	1.6355543610920327e-06	0.01025285314981156	0.008240107194534144	0.0	0.009663990525672456	0.005420098076202247	0.00650936459098385	0.009295022618665733	0.01844538459275871	0.006462508685149266	0.003143428571059634	0.018339666253155144	0.00867988755504373	0.0167743043988466	0.013580595934439178	0.006281517535886763	0.006031059257134979	0.006181202799161267	0.007197953435224759	0.01657318371763872	0.0	0.0030602576934056222	0.0029128788985472334	0.019520109016829983	0.005996619040985588	0.006261771542935023	0.0	0.013502736904972399
MHW112_trimmed_clipped_R1_paired	0.0	0.08070825878614113	0.017860040094500537	0.0770492954182184	0.0022274835543452096	3.2667324978599638e-06	0.008874388390940726	0.0	0.0	0.0	0.02303241657955827	0.026969292884994046	0.054097352110604464	0.02567387591121805	0.02139487502011563	0.02218892238659375	0.0008273712344107712	0.009418097401716015	0.028063619697626756	0.00024520002443306174	0.014057574948686776	0.006298591096153732	6.925041823790095e-07	2.583522489074493e-05	0.006080571875318825	0.0070117840625430914	0.012305006817142368	0.003358933329008652	0.009273340380132325	0.013755788271027795	0.015983870920721406	0.012057484893637865	0.008819615765786791	0.010203910663729185	0.017481872203318684	0.0	0.011853199880902414	0.0
MHW112_trimmed_clipped_R2_paired	0.07179691033810257	0.10714664377690282	0.14585807576584187	8.218187756793713e-05	0.0	0.0	0.0	0.04600769932453189	0.0	0.00589688668525036	1.9953322925635755e-06	0.01016185863367897	0.008185558946305712	6.712887267389478e-07	0.009782045868520554	0.0054906634334423825	0.006471957991927857	0.009231440050381182	0.01836558979269233	0.00650840717554323	0.0032258588039327358	0.018293261912693055	0.008445010684330397	0.016467544019444932	0.013585015802428314	0.0063780560018563736	0.006116159817141289	0.006284176143951012	0.007229492956492919	0.016459355931550887	0.0	0.0030705528184952952	0.002860630848346451	0.01940499476822994	0.005746068038756543	0.006136590690219175	0.0	0.013833611974497265
MHW113_trimmed_clipped_R1_paired	0.0	0.08244886207483217	0.018649232998622634	0.07474593228765723	0.0022683331434066286	0.0	0.009445040758603132	0.0	0.0	0.0	0.022882023932186125	0.027477807094740837	0.05387571684857008	0.02562935429579555	0.021707435163961918	0.022069636334186918	0.0008263605292658271	0.009450304100046958	0.027719678747274712	0.00022248508192469361	0.01404336496430829	0.0062172791688552284	1.2748224097487404e-06	2.9654550339575867e-05	0.006316065500079708	0.00707646675770621	0.012228378646232345	0.0032628238764756826	0.009320082472096603	0.01356958893263895	0.01591445917473977	0.012241204510553112	0.008860759635110373	0.010103719545892441	0.01744334251734634	0.0	0.01191014427328567	0.0
MHW113_trimmed_clipped_R2_paired	0.07214135178151206	0.10714576654370286	0.14264202554022204	0.0001264634417224393	0.0	0.0	0.0	0.04791960223494582	0.0	0.006017445679527377	1.2163094520885337e-06	0.010102057848249	0.008308616173826404	0.0	0.009628690559424521	0.005572321208034339	0.006283100934751926	0.009112886555464836	0.018870474446055736	0.006503184983998257	0.003206822396275437	0.018125894671782324	0.008809815714896084	0.0168097108575491	0.013482477406912888	0.006113075688467646	0.006039634893206081	0.006291262075555908	0.007198678929522683	0.016262095541232893	0.0	0.002993651500282293	0.002993386919399286	0.019136777428585855	0.005796398709128569	0.0062807584609762285	0.0	0.013322313938836079
MHW114_trimmed_clipped_R1_paired	0.0	0.08159142192395999	0.01853756988776029	0.07763369445139259	0.0021919018205202004	2.915168112351978e-06	0.009428918071885967	0.0	0.0	0.0	0.02304656325210983	0.027380182365822636	0.05476133096804794	0.02638311103991859	0.02171501251736612	0.022370492332065242	0.0007975441655327962	0.009441895507878346	0.028336105582564063	0.00022760332440321197	0.014085581617762941	0.006576109433989271	1.8808569532864664e-06	2.7350544602772012e-05	0.0063188928659157146	0.0069750782240841575	0.012175145594031728	0.0033423266109298784	0.00955033302674105	0.013511374644511244	0.01628092405991884	0.011989312829365115	0.008893902608244637	0.010460253782276286	0.017321990938568357	0.0	0.011799693702237471	0.0
MHW114_trimmed_clipped_R2_paired	0.0715041367213609	0.10832533246228657	0.14345284428082333	0.00010849836300895519	2.936472845657431e-06	0.0	0.0	0.04632795606375378	0.0	0.006069413506202407	2.9661701531169068e-06	0.010485708583413597	0.008443500218304326	0.0	0.009525177469483176	0.005468273510461255	0.0064568595175910235	0.0094259673175477	0.018367993033667176	0.0064648069425966	0.0031411032630397186	0.018351925785069945	0.008653174760078574	0.01675177702617804	0.013470222825763883	0.006260719016797413	0.00598225988397529	0.005985932728997094	0.007218522354805509	0.016298338484139894	0.0	0.003129324160533109	0.002858886589534309	0.019297105173994078	0.0059785342722055565	0.006147984723168257	0.0	0.013530355005113827
MHW115_trimmed_clipped_R1_paired	0.0	0.08206950526440424	0.01616771079279079	0.07793619063268918	0.0023048800960325595	1.9274407230061448e-06	0.008429927294431318	0.0	0.0	0.0	0.023463556438262163	0.026454416372978785	0.05386246190385381	0.025866732481101867	0.020680978414775078	0.021695544569727578	0.0008249426253774387	0.008980894331486985	0.028033471352593334	0.00022710495677376202	0.013816606131224438	0.006120008262351667	8.060343276317555e-07	2.354083628057839e-05	0.0060618807702788	0.006486689872170473	0.011796881170710392	0.0033034682803643484	0.00910922847542939	0.013108026674756062	0.016356931626512663	0.011731576208952361	0.008237166672917852	0.01008058739597082	0.016874768672949833	0.0	0.011467505204264797	0.0
MHW115_trimmed_clipped_R2_paired	0.07317908323321107	0.10820645618994675	0.14364066875789872	0.0001043428075507634	0.0	0.0	0.0	0.042928015442613286	0.0	0.005696661717388321	1.1682149961072156e-06	0.009778101904687775	0.007927260643447606	3.927336930519994e-07	0.009607874686855221	0.0054179981423408815	0.006533690870186613	0.009039744727128601	0.017228727998734737	0.006186401560381558	0.003043128589099885	0.017803477257534814	0.008257565014198632	0.016361698968273553	0.01283512417493982	0.006133990573858536	0.005856342014231329	0.006050314623861185	0.007297211465381786	0.015705711596593088	0.0	0.0029442788537482304	0.0027482224278292736	0.019503067677728546	0.00572909676688627	0.005965788028709648	0.0	0.01317752186477151
MHW116_trimmed_clipped_R1_paired	0.0	0.08256443633454852	0.01913508184026286	0.07713027373403833	0.0021081606737096215	2.71010083851604e-06	0.0092155496462801	0.0	0.0	0.0	0.02299556118156503	0.028000256478960907	0.054305083480932444	0.02597907793058075	0.022230423374839107	0.02284844818384298	0.0008379420559324561	0.009867068625056428	0.028309293315194665	0.0002364871177454224	0.014084986702153293	0.0065007027106414985	5.638555181807684e-07	2.9479958787017618e-05	0.006517127403772463	0.007261961390818886	0.012708834586383486	0.0033253616926532527	0.009633663003613303	0.013756949065082638	0.015764583351678848	0.012898122611048637	0.009207701424030223	0.010547368333963648	0.018089308292021457	0.0	0.012381568831871848	0.0
MHW116_trimmed_clipped_R2_paired	0.0723803518994414	0.10913486753634405	0.14358959154252554	0.00012771559703903072	0.0	0.0	0.0	0.04805591461436212	2.7273423240900336e-06	0.006122762168264487	2.190911732252358e-06	0.010354776807737144	0.008537312757172297	0.0	0.009568201782389879	0.005541560270300285	0.006457034508628183	0.00963678891820913	0.01881275096152988	0.006735731460076102	0.0032433861142849322	0.018641126931866783	0.008937055291866476	0.016966580109942155	0.013896235475339073	0.006387269631592693	0.006249719930720208	0.006357887780173486	0.007258716680360018	0.016940251268867362	0.0	0.0032166098548598687	0.002971537685604099	0.019786881369113465	0.00603974906654688	0.006343972439969169	0.0	0.013932836206197126
MHW117_trimmed_clipped_R1_paired	0.0	0.08190601748103561	0.01822234392731616	0.07794409695934788	0.0022943652570813705	5.0158322236222524e-06	0.00932611401472879	0.0	0.0	0.0	0.023022450472021286	0.02790287981514756	0.05417922944142571	0.025809404825046737	0.022104659028003074	0.022549147696106015	0.0007928248704319942	0.00976618995570704	0.02830748578434625	0.00024100265438250398	0.01427478698219652	0.0065723332367616984	1.5810465322231828e-06	1.963774777430676e-05	0.006383249121839199	0.007217919589039696	0.012795758066861613	0.003371056176791255	0.009611033013931965	0.013625716588822423	0.015844024675021755	0.012590104676635504	0.009009323309440565	0.010494129448941165	0.018118611820016204	0.0	0.01245083367529293	0.0
MHW117_trimmed_clipped_R2_paired	0.07381310683685635	0.10835825989217246	0.1447359728223256	9.557422908317755e-05	0.0	0.0	0.0	0.047341148079613975	0.0	0.006122849256240508	2.0288499109738126e-06	0.010292566782692011	0.008268154973333988	0.0	0.00979735616088754	0.0055155137066610245	0.00649217095423335	0.009510134394009573	0.018588578722887862	0.006811668355030915	0.003290643332308383	0.018713165200059827	0.008800677137327854	0.01670025461461817	0.013777976692750424	0.006311940039091129	0.006316517739705197	0.006334066156202356	0.007262334002070653	0.016930741474840395	0.0	0.003128593899122494	0.0030552679909102896	0.019682093585276287	0.005932838016913359	0.006420387979488576	0.0	0.013949313623135624
MHW118_trimmed_clipped_R1_paired	0.0	0.08236050852943066	0.01897459405644718	0.07854946426957363	0.0022337817436193434	5.52303790281414e-06	0.009263382660339653	0.0	0.0	0.0	0.022747448095843156	0.028385699335804076	0.05433341494589216	0.02598793988796834	0.02233853368085116	0.02277640682625458	0.0008283429551971126	0.009895827872797682	0.028230260629228413	0.00022473989955309933	0.014205496521510673	0.006555999316387704	0.0	2.6326633583409833e-05	0.006423601316011189	0.007297210037935471	0.012912744388124547	0.003436547069039937	0.009639364229632392	0.013792110227635383	0.01592228002830479	0.012799582185349791	0.009233480342635459	0.010574004345800966	0.018455150637812924	0.0	0.012746489403079628	0.0
MHW118_trimmed_clipped_R2_paired	0.07295632756541336	0.10876319922744782	0.14483851254581578	0.00013298092649030477	2.772884483933893e-06	0.0	0.0	0.04828901045026778	2.7816739757932054e-06	0.00622427189715211	1.11753121619503e-06	0.010514726643317086	0.008404656399933428	5.637143912400091e-07	0.009558228057897307	0.0054953137497049075	0.006232266525006836	0.009656660774884836	0.019174282059033397	0.006778380818985477	0.003314556884821846	0.018734564408869125	0.009013118639730613	0.01702889460178881	0.01387344541383255	0.006246548532013533	0.006334547691177615	0.006334446249973272	0.007151866546726803	0.017042353336989093	0.0	0.0031750163110067166	0.0031406011912241583	0.01991705888337719	0.006134478017854252	0.006483263171447048	0.0	0.014074218784570951
MHW119_trimmed_clipped_R1_paired	0.0	0.08156985108354702	0.0182642270135511	0.07796043684179439	0.0022364677825175007	0.0	0.00935803261126161	0.0	0.0	0.0	0.02304515379969256	0.028278591804652278	0.05472652920804677	0.02602227053054014	0.022268814426102672	0.02273728535135817	0.0008320069131220245	0.009692856425688205	0.028383148046070054	0.0002290136715025867	0.01423460956178512	0.006494843527683648	4.900130393449796e-07	1.9221802657913985e-05	0.006508675355889642	0.0073083553597238825	0.012712687512581733	0.0033538271061933746	0.009614410854065097	0.01387078575119668	0.01595085354465187	0.012811183579226995	0.009211789014969841	0.010546488264792254	0.01823962554600704	0.0	0.01255516590652796	0.0
MHW119_trimmed_clipped_R2_paired	0.07273280265377687	0.10866613101709544	0.1434289134516761	0.00011806431199202828	0.0	0.0	0.0	0.04679274730904372	0.0	0.006175651851151286	4.76556319399616e-07	0.010559480318433576	0.008420652974020634	0.0	0.009640444442469125	0.005489863840651154	0.006473797036531154	0.00958939598104957	0.018658344555704275	0.00667625823575029	0.0032732528864001654	0.01888287578384482	0.008926387881443948	0.017036306819317115	0.013919055776097145	0.006269898094713431	0.00630908197198271	0.006388594788900301	0.007286016222689629	0.016989328002541593	0.0	0.0030781415968914204	0.0030215806626430856	0.019714733539582134	0.005982784233125088	0.0064141691807126245	0.0	0.01391406720856991
MHW120_trimmed_clipped_R1_paired	0.0012497624404076263	0.16812476217847025	0.000246815164640384	0.09591873558296318	0.002021693563847703	2.329438240826876e-05	0.0	0.0	0.0	0.003328167269332694	6.996389527177279e-06	0.0003299371183719553	0.011975317794627608	0.003533251266232266	0.00441647242745764	3.492320648817299e-05	0.0011082561133882098	0.00027863187571917106	0.0005277611267897431	0.00011117132039078099	0.0010187312191309744	0.0003797825555220876	1.270177130109031e-05	3.448522287016234e-06	3.928113474824942e-05	0.0	1.1193389306385351e-05	5.161416114616222e-07	3.0421014887436267e-05	0.0	1.0911137064705437e-06	0.0001031275272199223	0.0	0.0	0.0011235140526811925	2.3702684948543296e-05	0.0	3.432069393697485e-05
MHW120_trimmed_clipped_R2_paired	0.10010201505924177	0.08976563419488133	3.0312587600463492e-05	0.00014465872393833095	0.0005556211432334578	0.0	0.0	0.0	2.3396350936654195e-06	7.965642888974302e-06	2.3478109499047765e-06	0.0	4.7189424091255206e-07	5.678078849654537e-06	9.58019018517673e-05	1.948958006714512e-05	5.098576764698304e-05	0.0001582244641465611	9.555355320977397e-05	0.004851138331194223	2.7678118208056863e-05	9.143787386660677e-05	0.0026355945900409495	1.2931501899097988e-05	0.011155106449444724	7.118078856141811e-06	0.000247824433793043	1.5699566316750024e-06	4.791764630523242e-06	0.002317598280343162	1.1110163537607615e-06	0.0	0.0	0.0	8.790424746040234e-06	0.0002095071407366313	0.0	0.0
MHW121_trimmed_clipped_R1_paired	0.0012955532725027888	0.16704207890845724	0.00028700133194540725	0.0955163324632084	0.0020336163072765348	1.6671021199148407e-05	0.0	0.0	0.0	0.003180701301708681	8.530388554191676e-06	0.0003413870749814408	0.012188411192887175	0.0034537293925023913	0.004376773992647206	2.511842578581711e-05	0.0010586156500055671	0.0002641000243314863	0.000515150387705281	0.00010658655727229328	0.0009748066513845162	0.00040194277798815715	1.1527366492548484e-05	2.3178499910896053e-06	4.390878745980573e-05	0.0	6.699551929631941e-06	7.949786951473295e-07	2.8091660729260075e-05	0.0	4.107312324115902e-07	0.00011266628134798447	0.0	0.0	0.0011194824996147805	1.991381680260698e-05	4.652666164516814e-07	3.308585663997575e-05
MHW121_trimmed_clipped_R2_paired	0.09940225022797111	0.09082263495755251	1.112690327766859e-05	0.000135465294802822	0.0006164553051243014	0.0	0.0	0.0	9.304826372498179e-06	9.690238735169216e-06	7.469649534762776e-07	0.0	3.753081185826534e-07	1.1289029604385103e-06	9.050987652823664e-05	1.8896270788458314e-05	4.5072680853099795e-05	0.00015304084235897395	8.344617046433999e-05	0.004715385554907475	2.0742033017767372e-05	7.950779886595633e-05	0.00261208727633896	1.0539745150601773e-05	0.011002398812943376	5.543330027146123e-06	0.00026830697412953014	4.031282494152544e-07	4.888862447385808e-06	0.0022664838045319212	2.090116195829675e-06	0.0	0.0	0.0	6.3103039407023265e-06	0.00020313734759261885	0.0	0.0
MHW122_trimmed_clipped_R1_paired	0.001282007481419785	0.16856548176674457	0.0003424733271476234	0.09623003260403797	0.001898636286575504	4.478429955608906e-06	0.0	0.0	0.0	0.0033071722712265036	8.518438440215637e-06	0.00031758673839958254	0.012162869112426485	0.003631619144000036	0.004478003383436618	3.4916783939824794e-05	0.0010847105968033151	0.0002945293377641427	0.0005338568341385017	0.00010536640534801223	0.0009992665337380023	0.0004096451490326526	1.5466298639997745e-05	9.448076442496881e-07	3.4783938564969846e-05	0.0	8.274099299801914e-06	0.0	3.152439546867739e-05	0.0	1.556101674625271e-06	0.00010797321160153331	0.0	0.0	0.001131419608578584	1.512397293024211e-05	6.32434840744306e-07	3.245610222919221e-05
MHW122_trimmed_clipped_R2_paired	0.1001308251718343	0.09012529021320029	2.6895919716396875e-05	0.00017492763546480191	0.0005991124115964199	0.0	0.0	0.0	1.1242376853421058e-05	6.754342839815717e-06	9.024438074524775e-07	4.521183619286969e-07	0.0	4.0916666815936726e-06	0.0001011510151714084	2.4656972540474862e-05	5.6744888503959226e-05	0.00014870715445679266	9.173092160355995e-05	0.004937476110378356	2.376421182575957e-05	8.77148845221584e-05	0.002662187651710497	1.5251348369326308e-05	0.010891448694447544	7.7824253719519e-06	0.00025895677834136707	2.996124527903779e-06	5.578996781248525e-06	0.0022979108643319777	2.6356106687516807e-06	1.07981226081686e-06	0.0	0.0	1.2423962980092695e-05	0.00021633261039001643	0.0	0.0
MHW123_trimmed_clipped_R1_paired	0.0011980451551935735	0.16675529136491551	0.00031637730142938656	0.09627415920756939	0.002091522891373178	1.623121528485428e-05	0.0	0.0	0.0	0.003149744906801172	8.124786219101606e-06	0.0003113308087818813	0.012170953895324526	0.003545093141573109	0.0044060405124101846	3.078902959945234e-05	0.0010489294693323023	0.0002888036930830014	0.000512472824814166	0.00011841967669990605	0.000972095932033856	0.00038978737299983436	1.6428184123599826e-05	1.6946194856923064e-06	3.368059476076264e-05	0.0	9.524938497039172e-06	1.3111357124846508e-06	3.224085804176633e-05	0.0	0.0	0.00010228916328146364	0.0	0.0	0.0011001737824527418	1.1046246048010912e-05	5.167035719609423e-07	3.938824592245657e-05
MHW123_trimmed_clipped_R2_paired	0.09920462572734871	0.08966283166616729	2.8434806290827177e-05	0.0001178767319521527	0.0006344573803254767	0.0	0.0	0.0	6.113826238699917e-06	8.570815006022896e-06	1.2269314345440609e-06	8.195602242295465e-07	4.109324417491038e-07	3.2960434360514504e-06	0.00010694359050148004	2.110347426952072e-05	4.6448205659781875e-05	0.0001380558468335249	9.180071713384942e-05	0.004754431457721505	2.8612792811645093e-05	9.642105552510092e-05	0.0026983268536348755	9.844223930499436e-06	0.011296654213104365	8.257244527166775e-06	0.0002705790924087856	4.4313388287902345e-07	3.586041048336068e-06	0.002309583850052569	1.38275995901057e-06	0.0	0.0	0.0	4.993063660927558e-06	0.00020679921435798223	0.0	0.0
MHW124_trimmed_clipped_R1_paired	0.0012157993267495693	0.16856642279257367	0.0003667684798008062	0.09586621903951276	0.0019837379917001397	1.0366101686481816e-05	0.0	0.0	0.0	0.003425621012892069	1.1623321557082074e-05	0.00033890610147938494	0.012136808886849591	0.0036586624653993263	0.004471775216253563	3.7789114754801006e-05	0.0010905696446954413	0.00027674429627259065	0.0005156678037594825	0.00012783275241684278	0.0009736835723815504	0.0004078429865482785	1.2716064684218151e-05	2.217376780915542e-06	4.085809525100477e-05	0.0	1.8523083172195245e-05	0.0	2.3155072560037847e-05	0.0	1.5253487411182438e-06	9.80536177636127e-05	0.0	0.0	0.0011818277114627866	1.9510858866056198e-05	6.682473389221531e-07	4.49422198621795e-05
MHW124_trimmed_clipped_R2_paired	0.09981774608865757	0.09020574199785097	2.904824242882978e-05	0.00015363032400178594	0.0005961501991079349	0.0	0.0	2.080426370902158e-06	1.2488205930182769e-05	8.753098961744914e-06	2.5059948931917202e-06	8.369753513646588e-07	8.39387334038802e-07	2.5250152312075017e-06	8.774270036943094e-05	2.2834067835524838e-05	5.214433421136902e-05	0.0001493411578682912	0.00010054054791312861	0.0050066367225225965	2.300211405920286e-05	9.416164679978548e-05	0.002738731787815219	1.6123474860358617e-05	0.01122129039093832	5.993691482956104e-06	0.0002482004214368086	1.4371537273904101e-06	7.840677011881336e-06	0.0023359062587634226	1.0365246191907018e-06	0.0	0.0	0.0	1.095371834923083e-05	0.00021103826373364314	0.0	0.0
MHW125_trimmed_clipped_R1_paired	0.0011745698437582398	0.16694792495123045	0.0003183064908667185	0.09609826981902253	0.001956212761625465	2.3992309897586864e-05	0.0	0.0	0.0	0.003219734401682182	1.135473669173545e-05	0.00032202347984610806	0.012128197902483413	0.0034262116009399074	0.004318121117246861	4.325987221404547e-05	0.001084057063471802	0.0002861231788675542	0.000502902582362481	0.00010362923425366069	0.001026472280649701	0.00038870756509239233	1.5839728593582082e-05	1.8201647553071065e-06	3.707604758292343e-05	0.0	1.1607931184915142e-05	4.6837066879083384e-07	2.4590922438793003e-05	0.0	0.0	0.00011268158292647081	0.0	0.0	0.0011166205439042487	2.5758351077438557e-05	0.0	3.9488703649887284e-05
MHW125_trimmed_clipped_R2_paired	0.10001712823556946	0.09053443856212043	1.0916316716843517e-05	0.00015292383490770969	0.000535529625575391	0.0	0.0	0.0	2.190420240884895e-06	8.772986931008577e-06	1.3185921876454434e-06	0.0	0.0	8.853913922009794e-07	0.00011134817971589107	1.6447018731816347e-05	4.498957195175115e-05	0.00014513471806442267	0.0001021540082161483	0.004805410101141132	1.8967337747634964e-05	7.895265975379866e-05	0.002647307339277828	1.51428270066648e-05	0.010932958577014774	6.515156242870413e-06	0.00023413590366445867	0.0	4.786687998573644e-06	0.00225545290625718	1.473322215774855e-06	4.990351828437214e-07	0.0	0.0	1.06172442159085e-05	0.00021469793080089022	0.0	0.0
MHW126_trimmed_clipped_R1_paired	0.0012144903145422303	0.16793761425303833	0.00028709116615867764	0.09545954805832561	0.002017920467062179	3.3337945082403066e-05	0.0	0.0	0.0	0.003416613979112279	1.026968796230926e-05	0.00035448935933656976	0.012193051024808223	0.003647528078229413	0.004528353061208647	3.846679125783117e-05	0.0011002308477250002	0.0002868918391014447	0.0005539399529934251	0.00012116794161558871	0.001008504931296755	0.00038021422864263453	1.4828342249716216e-05	2.787002803507434e-06	4.475861669517819e-05	0.0	1.3570451123863757e-05	0.0	1.991310555466185e-05	0.0	1.331459845061746e-06	0.00010796996529120872	0.0	0.0	0.0011705881288252096	2.579347566413944e-05	0.0	3.8214640649820856e-05
MHW126_trimmed_clipped_R2_paired	0.09937810409247877	0.09034306816213514	1.283511589134181e-05	0.00015668317439494864	0.0006013778337167674	0.0	0.0	0.0	1.2876963778826405e-05	8.768149024038479e-06	1.5505408400156304e-06	1.0357712562776866e-06	0.0	2.6041766357803507e-06	0.00010860585483720557	2.251074965513139e-05	6.352366416086635e-05	0.00016925147858698047	9.876100129191601e-05	0.004927568782281005	1.9470594850524163e-05	9.084172475557173e-05	0.002710935173193124	1.690569249604773e-05	0.011364838154164484	9.95157079778986e-06	0.00024024698348493707	6.155293348539534e-07	7.608647250426051e-06	0.0023021834898615872	0.0	1.422152138564834e-06	0.0	0.0	1.3237896812265634e-05	0.00017925058773000588	0.0	0.0
MHW127_trimmed_clipped_R1_paired	0.0012750708307390263	0.16640913822146924	0.0002928689148246007	0.09554347262399687	0.00200186479698117	1.997680426667249e-05	0.0	0.0	0.0	0.0033076846950763823	5.777604963193768e-06	0.00032815600098745607	0.01200896006483546	0.003562510289324563	0.004377403991233033	3.326760419001159e-05	0.0010544320927474682	0.0002876375146452608	0.0005311609139720833	0.00011787830832839718	0.0009736924303660961	0.00039311808135039254	2.147100206277518e-05	9.423455733311981e-07	3.427819397641485e-05	0.0	1.0745960444490828e-05	9.925305229686004e-07	2.4749381324814884e-05	0.0	0.0	0.00010850064231837749	0.0	0.0	0.001144313122277865	2.2478215939466514e-05	0.0	5.370696733438189e-05
MHW127_trimmed_clipped_R2_paired	0.0991029399940136	0.08908578175293361	2.4438051450185074e-05	0.00012671200985543783	0.0006316868304884183	0.0	0.0	0.0	4.457912590899345e-06	1.249868596404262e-05	1.3419058693647659e-06	4.48194770961805e-07	0.0	2.2534977868713724e-06	0.00010570991042110568	1.9018103210186542e-05	6.218996740823543e-05	0.0001666971678456339	9.153141089148276e-05	0.004963377313361098	2.455587332451512e-05	9.338240410580766e-05	0.0027180475332491726	1.8082133628575874e-05	0.010996182049939069	6.339776199170252e-06	0.0002741844967384888	5.034984101710425e-07	3.591571294329488e-06	0.002330135922637977	3.2229906840689756e-06	0.0	0.0	0.0	9.166932405851631e-06	0.0001922033803453436	0.0	0.0
MHW128_trimmed_clipped_R1_paired	0.001255142074653661	0.1686223800302103	0.0003129431384860034	0.09438515708996066	0.0019212065834702048	2.3479796193021066e-05	0.0	0.0	0.0	0.0031857466873961046	7.443039952816454e-06	0.00032883039625407074	0.012104509857321508	0.0033678175445052377	0.004429940228634454	3.207800039051995e-05	0.0010655307018975475	0.000270712504323637	0.0005452362271130498	0.00011125056702144821	0.0010185228533820447	0.0003954968549432287	1.4301893930755534e-05	1.6464393226479475e-06	3.609081274842665e-05	0.0	1.1837575159988317e-05	8.554195277402438e-07	2.5994114135406908e-05	0.0	0.0	0.00012969118888520208	0.0	0.0	0.0010894763748501078	1.9354875414933514e-05	5.288735835694463e-07	3.243570317860971e-05
MHW128_trimmed_clipped_R2_paired	0.10028624277481962	0.0898896742529812	1.762699895309336e-05	0.00013522076435947512	0.0006235231520812967	0.0	0.0	1.9638807375291265e-06	5.894321881844781e-06	9.83636854682189e-06	1.1826799967895757e-06	7.89916501007353e-07	0.0	3.175923136149463e-06	0.00010820519517647336	2.0728425492996003e-05	4.833578764620038e-05	0.00016705384232270157	9.815347567089108e-05	0.004818682781350815	2.0319477041683275e-05	9.323014038026161e-05	0.00267629924715838	1.8256659850058632e-05	0.011165213282877885	1.014197912938741e-05	0.00025586768570236957	2.1628383893674726e-06	1.7541275696116097e-06	0.002324976106169762	2.7211608268907507e-06	0.0	0.0	0.0	5.0064442950966485e-06	0.00021408481297991347	0.0	0.0
MHW129_trimmed_clipped_R1_paired	0.0012273732954607556	0.16834125268583583	0.00030655539700284555	0.09514904325238363	0.0020873683176809953	1.6399065351669348e-05	0.0	0.0	0.0	0.003197103470200823	6.566409996534479e-06	0.0003196058398733814	0.012132763092590227	0.0034689493825819707	0.004308173972370955	3.018349261604636e-05	0.0010571622769194363	0.0002729600195459371	0.0005080125416959068	0.00011180641119450108	0.0009660078038257651	0.0003936500480139571	1.1917225052218897e-05	2.0548225843577617e-06	3.411664824580173e-05	0.0	9.094064445094685e-06	1.0588247638768717e-06	2.459562291803176e-05	0.0	0.0	0.00011689141031783557	0.0	0.0	0.0011440653172116492	2.0214424834866647e-05	8.336876088827281e-07	6.152723844792152e-05
MHW129_trimmed_clipped_R2_paired	0.09991375777147289	0.08936768352743306	1.9699955881948802e-05	0.0001445537034995581	0.000571951733519141	0.0	0.0	0.0	6.587679402479032e-06	1.1213266682291805e-05	6.60889365692662e-07	1.6552688111691553e-06	9.95821661764054e-07	1.996538295421356e-06	0.00010803371011868071	2.2719234127668144e-05	4.888050191731425e-05	0.00014837044820654687	8.624302127198943e-05	0.004796074501310665	2.276731377500334e-05	7.924330377944072e-05	0.0026517191411199862	1.0716892264969616e-05	0.011159983026549662	6.315857773591783e-06	0.0002456144417752651	7.14914231132014e-07	2.168002534423869e-06	0.0022621807567379895	3.7094532738458696e-07	0.0	0.0	0.0	6.416111008729584e-06	0.00020580653653520738	0.0	0.0
MHW130_trimmed_clipped_R1_paired	0.0013541014397141927	0.16895971404032836	0.0003169239830484197	0.09381930158473141	0.0019268625146301697	1.6576940866052743e-05	0.0	0.0	0.0	0.003355090861902275	9.956534375812352e-06	0.00032208762321568905	0.012063368057086587	0.0035360419083307966	0.004507777238229314	3.73569413308355e-05	0.0010777946085884468	0.0002670931603489266	0.0005506591023766779	0.00013280471060878943	0.0009836273690872538	0.00039826743632175905	1.808061221552709e-05	8.9343137194026e-07	3.9414116318885715e-05	0.0	1.0790999347552722e-05	4.795653626224617e-07	2.309115595903808e-05	0.0	1.5627771813236083e-06	0.00012571312122683175	0.0	0.0	0.0011185622979813026	1.763936586950082e-05	2.083869654814424e-06	3.594274938238675e-05
MHW130_trimmed_clipped_R2_paired	0.1006631556514138	0.08916917573516375	1.451948239704624e-05	0.0001784870030330338	0.0006831746014870198	0.0	0.0	0.0	4.161436088290027e-06	1.166689509475021e-05	4.174936049477701e-07	8.365703271859593e-07	1.6777634430135251e-06	2.9439016205274223e-06	0.00010876459552894127	1.9440790726269483e-05	4.788588459770481e-05	0.0001595542610471605	9.206011246166103e-05	0.00494506146743767	2.524740476049916e-05	8.269076087771669e-05	0.0026798240718192137	1.8049306165042394e-05	0.011166090590336285	8.861204330851122e-06	0.0002721602407936779	2.4356270706757546e-06	6.4974113988116565e-06	0.0022698160215527605	2.1280640651133122e-06	1.1047579000671246e-06	0.0	0.0	5.68876713297849e-06	0.000204975209186244	0.0	0.0
MHW131_trimmed_clipped_R1_paired	0.0012402943889679152	0.16831754101787855	0.0003163523700012327	0.09456562721642309	0.0020076019906199983	1.2307278999509643e-05	0.0	0.0	0.0	0.0032406045312919265	1.0912396834112327e-05	0.00033210505061029164	0.012094850775737761	0.00347521634018055	0.00442819764115682	3.0601176770387676e-05	0.0010710897272950964	0.0002806493675088612	0.0005616609508159982	0.00014444388139085165	0.0009735789978474245	0.0004144394572052627	1.6680827639057897e-05	1.872927825430181e-06	3.599741540073104e-05	0.0	1.1697409173594887e-05	1.1907903228535027e-06	2.348420395755805e-05	0.0	8.495668929219055e-07	0.00010528773796366812	0.0	0.0	0.0011187171605318265	1.8930477641788446e-05	5.376748614086589e-07	5.252471515916081e-05
MHW131_trimmed_clipped_R2_paired	0.09989640203949372	0.0894275914827043	1.583837285426784e-05	0.00017256128989634633	0.0006060389633372325	0.0	0.0	0.0	7.061009701085923e-06	8.837435563694448e-06	1.416739277506179e-06	7.096831126159122e-07	7.115896814216198e-07	2.4969224271799593e-06	0.00010796780021237838	2.2933396317995205e-05	5.3164331109106544e-05	0.00015284141288548635	9.929382485433948e-05	0.004875547394981424	1.763161275289261e-05	0.0001026156305617695	0.002664536403972414	1.3618622491769396e-05	0.011310854578098172	6.996510276717229e-06	0.00025289939974446014	3.2226749731436367e-06	3.291753142050381e-06	0.002313309611461206	2.5993084418589374e-06	4.4680771769719715e-07	0.0	0.0	5.995901381692517e-06	0.00022113528349745093	0.0	0.0
MHW132_trimmed_clipped_R1_paired	0.0013101250084402284	0.167401836084065	0.00030675018365862835	0.09405694620309552	0.0019891498420782396	1.5022847390147253e-05	0.0	0.0	0.0	0.00328687975396874	1.1171420262101629e-05	0.0003400248372883359	0.011941412671832742	0.0034838104756993093	0.004392944336314983	2.9961901878531783e-05	0.0010688432628603972	0.00027649466200191776	0.0005479822861915823	0.00012062293767638592	0.000975703297214218	0.0004215717511622329	1.9907481878230557e-05	2.7425547660075583e-06	3.6514509442448773e-05	0.0	1.044829521958294e-05	4.828875656567736e-07	2.7544657205880306e-05	0.0	2.0558067026103226e-06	0.00011221507276350847	0.0	0.0	0.0011352980614806071	1.953876724971671e-05	0.0	3.945839408281922e-05
MHW132_trimmed_clipped_R2_paired	0.09995546218240538	0.09014645729746261	3.866166711170541e-05	0.00012679510437654793	0.0006450485247428466	0.0	0.0	0.0	8.61721361234521e-06	1.0353239995337418e-05	1.7287687511010639e-06	4.3296489031419e-07	1.7363783053664864e-06	6.092365429721818e-06	0.00010379442772200887	2.1416297143028373e-05	4.775162837762217e-05	0.00014726241672958728	9.192510437476875e-05	0.004933240679206406	2.0161036954710314e-05	9.352696064871203e-05	0.002693611698506113	1.7061786830856144e-05	0.01109873427853929	8.04479428531129e-06	0.000264790723228573	1.4677402005518253e-06	6.984702837239675e-06	0.002336546709157874	2.091656623315933e-06	0.0	0.0	0.0	5.962874262337297e-06	0.0001832894406036821	0.0	0.0
MHW133_trimmed_clipped_R1_paired	0.0013471811895714879	0.16843697938281826	0.00028394179434372	0.09514420284125506	0.002064015448873559	2.9183719119077378e-05	0.0	0.0	0.0	0.0032581566001743277	7.401139752928997e-06	0.00031372678010182636	0.012179521507349392	0.0034589843440399285	0.0043537872946103	2.953064093791332e-05	0.001051608815826182	0.00028624689837826526	0.0005300581987598873	0.0001183047443323964	0.000986341798743789	0.00037944004980098065	1.792448311789279e-05	1.6428470613501316e-06	3.3978389156090476e-05	0.0	1.0585215987034618e-05	4.290524417155641e-07	2.7864453643893815e-05	0.0	0.0	0.00011636753046115211	0.0	0.0	0.0011341700938173984	1.814625670332444e-05	1.0770552465148968e-06	3.026570343589197e-05
MHW133_trimmed_clipped_R2_paired	0.10014046842481393	0.09104128033789766	2.7264511448582577e-05	0.00015588849093588317	0.000553700172565338	0.0	0.0	0.0	5.860751246332708e-06	1.0171431934931096e-05	1.567865732619541e-06	3.926900788936752e-07	0.0	3.1575668484530526e-06	0.00011114630040777916	2.3386600544158628e-05	5.16456304082162e-05	0.00016736456761559215	9.52620849681121e-05	0.004740748113389875	2.0642049581644546e-05	8.517055387112109e-05	0.0026439222722821447	1.1599264548631294e-05	0.011071529058595748	8.882183545247429e-06	0.0002380882418571616	1.7375948768613645e-06	3.971454613958527e-06	0.002273011363407884	2.2918414596851933e-06	4.689893479809462e-07	0.0	0.0	8.163760963038062e-06	0.0002121569644094788	0.0	0.0
MHW134_trimmed_clipped_R1_paired	0.001238934144002888	0.16866553496918527	0.00032653841842475624	0.09610060026522184	0.0020336403208364427	1.1922099191722209e-05	0.0	0.0	0.0	0.0032834111214512397	7.638216304823911e-06	0.00031141221849338463	0.01202541558803758	0.0035299164548668782	0.0043903513364215024	3.37819554495733e-05	0.001066709811087434	0.00028429476356407675	0.0005539439780815914	0.000126321809009386	0.0010401484861436248	0.0004096355514601467	1.5458849161885028e-05	4.5237484579923765e-06	3.903105635764686e-05	0.0	1.035070716264226e-05	0.0	2.8720511885896087e-05	0.0	1.1025733223387662e-06	0.00010294938913000164	0.0	0.0	0.001161285543469425	2.0775803429372277e-05	0.0	5.6319236581484296e-05
MHW134_trimmed_clipped_R2_paired	0.09958647952121676	0.09045367317042688	3.1024855754109596e-05	0.00011222922728935327	0.0006139894314500868	0.0	0.0	0.0	0.0	1.1024576282633477e-05	1.921009593507502e-06	0.0	0.0	2.9015266958179505e-06	0.00010660660566801446	2.0393118435409655e-05	5.254901885605253e-05	0.00015273467184599536	9.507116203893573e-05	0.004789483790924492	2.228871689429019e-05	8.475804629073662e-05	0.0027268528248078562	1.2662121690941263e-05	0.011296992457761269	7.2328652427879386e-06	0.00025403037218491617	2.6503409480756173e-06	4.305147521745596e-06	0.002343232036497428	2.795843180619197e-06	0.0	0.0	0.0	8.199286095728216e-06	0.00019860341419327283	6.951191686235719e-07	0.0
MHW135_trimmed_clipped_R1_paired	0.0012414645508621637	0.16829256340571164	0.00027398184945338694	0.09487210777081724	0.002017868284561247	1.6242254855393684e-05	0.0	0.0	0.0	0.0032792565735605106	1.2194363174320694e-05	0.000302564290926432	0.011998362872655847	0.00340623766393469	0.004352066688283297	3.245678205886704e-05	0.0010334321052509205	0.0002660289803296313	0.0005222049552165077	0.00011293445902012505	0.0009726398015566828	0.0003753937194423035	1.3568234984462589e-05	8.542243763748821e-07	2.841396220601198e-05	0.0	1.0094334009065608e-05	8.881679136507167e-07	3.01448783550226e-05	0.0	4.641792048858092e-07	0.00011232243990500649	0.0	0.0	0.001157249035451003	2.100296421134804e-05	0.0	4.982345198188696e-05
MHW135_trimmed_clipped_R2_paired	0.10025434809266315	0.08991795991429077	2.032180058956795e-05	0.00013217032126416317	0.000653070405424887	0.0	0.0	0.0	6.115930146944599e-06	4.898970471149299e-06	4.090434516837159e-07	0.0	0.0	3.7074315948284443e-06	9.412590954578531e-05	2.0272912709699233e-05	4.188335809883857e-05	0.00014557618089515852	8.854799433279471e-05	0.004851536803924403	1.856801877783739e-05	9.002535118135747e-05	0.0026100883103111414	1.1638334914803443e-05	0.011267846886914975	3.5140297814726788e-06	0.0002647384233352173	0.0	3.1946675704229096e-06	0.0023315900442264646	3.7775880442209366e-06	4.81922320280938e-07	9.854567767078619e-07	5.049292200317944e-07	7.79083923517539e-06	0.0002140297211755433	0.0	0.0
MHW136_trimmed_clipped_R1_paired	0.0	0.08025373019337939	0.017680156938014672	0.07752859443678775	0.002248541177589477	4.066835596239275e-06	0.008657639767140606	0.0	0.0	0.0	0.023340106272368315	0.027006699264210756	0.054882409996093756	0.026729577650066068	0.02159662055569128	0.022207241061976458	0.0007797947634644418	0.009429292554283316	0.0283334681330737	0.00020689379103490656	0.014038704813991608	0.006406260661085799	8.405246980470706e-07	2.0242493944078392e-05	0.00629544692426251	0.006913673672936384	0.012289369957580069	0.003345773155653168	0.009533560653345633	0.013574941797551011	0.01606902012498631	0.012181542064245496	0.00892896616807196	0.010415501976707733	0.017437887753944985	0.0	0.01194354515033244	0.0
MHW136_trimmed_clipped_R2_paired	0.07227652468227576	0.10886558738315152	0.14301708509967176	0.00010205273566951503	2.0430209963515116e-06	0.0	0.0	0.04433560465136478	0.0	0.006083978762412337	1.2354251998943712e-06	0.01041090831057783	0.008494682390949174	0.0	0.009592989709064885	0.005482551121313027	0.006462044277396664	0.009267824491173816	0.017733076114916965	0.006396191638161169	0.003194249638745324	0.018474259123807135	0.00846099035456495	0.016755779848722074	0.013626657480367736	0.006163778101753734	0.006100264051425248	0.006086853227213964	0.00730663185357448	0.016521205186814148	0.0	0.003067291962460363	0.0027849767313914485	0.019218479184554618	0.005852562248097587	0.006286024135640165	0.0	0.013482972132825491
MHW137_trimmed_clipped_R1_paired	0.0	0.07999783012358652	0.01673383788232444	0.07736889597445253	0.002213122460193988	0.0	0.008352350907405375	0.0	0.0	0.0	0.023612105028828552	0.0265556113842603	0.05510777872333863	0.02646773349486527	0.021175203830471792	0.022242055327882846	0.0007989744534592938	0.00911415833466168	0.028695181057543644	0.00021724867758557466	0.013880833287938953	0.006401955741230778	1.1963705753709794e-06	3.161559445519621e-05	0.006256933244455823	0.006692939189600526	0.011836059583333497	0.003329355067016683	0.009506091973203415	0.013368273364209414	0.016248379677547144	0.011746782799011542	0.0087135114727471	0.010270375700802515	0.017035790397347178	0.0	0.011573299210180682	0.0
MHW137_trimmed_clipped_R2_paired	0.07303705060482502	0.10820703824284644	0.14474288934425042	0.00010055842024578259	3.871377058885426e-06	0.0	0.0	0.042585135285974	0.0	0.005762400359061327	7.803336383579493e-07	0.010162604050207535	0.008234255024346418	3.9359574382565965e-07	0.00947182474841886	0.005474332436363317	0.006567743763827407	0.009278129384144143	0.017264517768742764	0.0062154231104401035	0.0031483502434085583	0.017999457841541697	0.0083867381584578	0.016799762440135976	0.013312506945877494	0.006306949141127841	0.005859463539460298	0.0060194967900614425	0.007380247312826605	0.016033599334630243	0.0	0.0029986189772256925	0.0027211131088169063	0.019291184364412236	0.005794156297599458	0.006186328174978888	0.0	0.013160000579105094
MHW138_trimmed_clipped_R1_paired	0.0	0.08016601875869736	0.017935796645382935	0.07606467932169178	0.0022631142275312036	1.7173573305397655e-06	0.008826732023301335	0.0	0.0	0.0	0.023397112182797213	0.026766118898100193	0.055086367817696276	0.026557581361706852	0.021426948712752924	0.022078408800379992	0.0007864913611021588	0.00926494995430196	0.028043290663142425	0.00022061597140352556	0.014058466526076823	0.006433071832444827	7.10317338746084e-07	2.2808108844343843e-05	0.006238829214606092	0.00689330396069612	0.012150299190157934	0.003316446074050171	0.009524496746399753	0.013407783598827638	0.016209502246610927	0.012186465234272158	0.008982189311431073	0.01049510911213595	0.017410876359835847	0.0	0.011667262933759743	0.0
MHW138_trimmed_clipped_R2_paired	0.07213737663163505	0.10868660725095428	0.14360467176637398	8.623173426470046e-05	0.0	0.0	0.0	0.044159278033632204	0.0	0.006144035182334842	1.0442926165974375e-06	0.010565370412846393	0.008540465024048927	3.5124533630053215e-07	0.009512036104591505	0.005433276728611834	0.006520457651074581	0.009240354139747114	0.01798141350680578	0.0064487217376534515	0.0030741718374817143	0.018095951470397335	0.008330655931827606	0.01680063966015456	0.013509749415683404	0.006239830454003888	0.005982175875198125	0.006156476193961816	0.00718752591575368	0.016437025222422425	0.0	0.003091227347510458	0.002764189550458841	0.019174258647299568	0.005739574253867638	0.006150151747336903	0.0	0.013559027467198337
MHW139_trimmed_clipped_R1_paired	0.0	0.08041629132980412	0.017792632494589424	0.07731984535956021	0.0022793922005379663	3.746451408056931e-06	0.00876793468862872	0.0	0.0	0.0	0.02330907687390495	0.02707738886328081	0.05502478729959834	0.02671104131584336	0.021648402550081783	0.02240923872434321	0.000805584333409511	0.009358541995196323	0.028192522761466342	0.0002064522791754092	0.013984033618425479	0.006462426375658824	1.1635389479245927e-06	3.0374406855008293e-05	0.006256540960300454	0.00692027068636431	0.012124841111220284	0.0033958707110931397	0.009580831034589211	0.013631191471694545	0.016205389583558084	0.012024300819282534	0.009065544713097798	0.010466570325253263	0.017258285753516744	0.0	0.0118068790696286	0.0
MHW139_trimmed_clipped_R2_paired	0.0719442337879223	0.10895976871378907	0.14397182403614314	8.100626967804775e-05	1.8862235606864609e-06	0.0	0.0	0.04418111995618832	0.0	0.005958174231958386	1.5228278712555937e-06	0.010526064767663023	0.008451196024237526	0.0	0.009605882952888249	0.0054715241528951715	0.00651531425641425	0.009410557225961257	0.017823173175636708	0.006406671029685792	0.003157584518012265	0.018217557088180177	0.00850131892212638	0.01690774494611331	0.013534842749443802	0.006309364570023754	0.006046496392918833	0.006140555115873802	0.0072783835243798185	0.016528251226767633	0.0	0.0031456264927465544	0.002801177858200458	0.0193352247306599	0.00592107066403527	0.006308109878357164	0.0	0.013655781045049836
MHW140_trimmed_clipped_R1_paired	0.0	0.0789677641716981	0.018386201028758146	0.07704431089478708	0.0022741134073375234	2.1416374956008086e-06	0.009259441519237244	0.0	0.0	0.0	0.023280201688558665	0.027400396294198416	0.055656091775553064	0.027065298617980776	0.02197849469862454	0.02282361822867464	0.0008042699530402808	0.00947761805345617	0.028660376603981363	0.00020160620010241067	0.01418902925132524	0.006510384709711	8.848486581179403e-07	2.619391742430575e-05	0.006496927096977919	0.007064880022290439	0.012189537778921304	0.0033545324245210784	0.009748402494730165	0.013810119479912489	0.016400105573725923	0.01227104766373291	0.009203160647268255	0.01074855308365394	0.017456942325041684	0.0	0.01212778951002275	0.0
MHW140_trimmed_clipped_R2_paired	0.07238475570027277	0.10856527620506234	0.14339910548532886	8.17198413731858e-05	0.0	0.0	0.0	0.044021395145080716	0.0	0.006222132242586177	4.3412539192731854e-07	0.010729407739651768	0.008663990786125283	0.0	0.009482190572943161	0.005448029875398887	0.006484212079580649	0.009531383577586205	0.017987184064813484	0.006411556384685212	0.0031891062381722607	0.018429508814342608	0.008561427504211018	0.01691134409789006	0.013784208202427591	0.006288446222557874	0.00603949262865746	0.006324056713121443	0.00733615855649894	0.01673658420610129	0.0	0.003086323512644623	0.0027886148155110437	0.019409809999866186	0.005912619234405255	0.006404909290832861	0.0	0.01351422642972028
MHW141_trimmed_clipped_R1_paired	0.0	0.07982388978365568	0.01726696843774538	0.07822833481744022	0.00214262987477823	0.0	0.008708986164024272	0.0	0.0	0.0	0.02358871518009718	0.02699198670550067	0.0550642062712974	0.026733327126001915	0.021483291636758047	0.022337877332576552	0.0007807120253468507	0.009226202645635981	0.028311515291845363	0.00019424959618596365	0.013949309884704159	0.0066284974823555415	1.7317051541311964e-06	1.998389202727466e-05	0.006255278777214878	0.006828777327604581	0.012009281313713961	0.003320530656328648	0.009628703553105335	0.013393253284717263	0.016460370670384597	0.011993632181491586	0.008858051852080877	0.01034939725769498	0.017484331420037393	0.0	0.011881066683096702	0.0
MHW141_trimmed_clipped_R2_paired	0.07246531638819546	0.1085190331876693	0.1425014368760292	9.029665622452335e-05	0.0	0.0	0.0	0.042557775210653605	2.110104181118682e-06	0.006107197529772652	4.240787324218836e-07	0.010428088152791039	0.008452422688562621	0.0	0.009428481293666816	0.005339498875569545	0.006580268587225481	0.009246003632106412	0.01759225292379425	0.0062225732150589875	0.0030940745479269135	0.018080168109331142	0.008430226731434615	0.016954916990730217	0.013581345714801678	0.006273671709916782	0.005999263301783363	0.00606880019070326	0.007226586833933553	0.016342518974490676	0.0	0.0030882522228861853	0.002756709471395011	0.01927214891770607	0.005944927395547229	0.006399766674258245	0.0	0.013157759007851022
MHW142_trimmed_clipped_R1_paired	0.0	0.08032027060956469	0.01867276454654578	0.07796372483298418	0.0022500390520476567	2.055094240559344e-06	0.009094988802989718	0.0	0.0	0.0	0.023395271515624004	0.02740827475019112	0.055221720091382716	0.026685576373289655	0.021813061926410783	0.022445876577749855	0.0007966179499389672	0.009576003319837368	0.028420139458494087	0.0002160286194715076	0.014303128180406428	0.006476193169709376	1.2758986588059516e-06	2.0061648249909952e-05	0.0064132118437495965	0.007126938070424296	0.012268882080183943	0.003360413859758192	0.009553189747749564	0.01361971503117944	0.016167854004371283	0.012404690560596706	0.009382445569450833	0.01060532654342869	0.017690569367053433	0.0	0.012043590962496508	0.0
MHW142_trimmed_clipped_R2_paired	0.07285105604363598	0.10972734916653705	0.14370976704817054	0.00011970903851330785	0.0	0.0	0.0	0.04519401442267196	2.0738075575437013e-06	0.006327359801741286	2.0835105011762836e-06	0.010812508894421613	0.008517231356869583	0.0	0.009631185931879048	0.005512463320242389	0.006532106847505576	0.009400654070889157	0.018025330172253152	0.00649724522147497	0.0032460827293709026	0.018355885502220472	0.008655471581863552	0.017078355841627455	0.013856540805947445	0.00623107816901168	0.006045524365124728	0.006191181637676324	0.007251793284675834	0.01656972344401283	0.0	0.003183662125470803	0.00289690595926658	0.01943821111819786	0.005974713095762306	0.006411707247000814	0.0	0.01359386015801507
MHW143_trimmed_clipped_R1_paired	0.0	0.08009080116422429	0.018107018209823213	0.07864711007796288	0.002243012972428986	0.0	0.009178972666211522	0.0	0.0	0.0	0.023457313735069152	0.027584203410382202	0.05511649439448424	0.02642103424668703	0.02191276720149481	0.022445744107811017	0.0007788360402620355	0.00952632660475931	0.028264891512046458	0.0002111865370441076	0.01412505108543443	0.00649755064040618	7.765412027811745e-07	2.5343164677314663e-05	0.006393571222618961	0.0069969705459700495	0.01233332038560955	0.003355063641746703	0.009669158464328573	0.013498796466672361	0.016204884458831812	0.012397500660576183	0.00906577798257349	0.010457931185474629	0.017765163200454275	0.0	0.01223268553375716	0.0
MHW143_trimmed_clipped_R2_paired	0.07260306079091333	0.10962880395329623	0.1429627945528244	0.00010157364473906736	0.0	0.0	0.0	0.04597840887445965	0.0	0.006215164850822037	1.138644721288618e-06	0.010677071666897155	0.008613213979847639	3.830657246396087e-07	0.00951780146890084	0.005491894191686702	0.0065248611254114415	0.009380581242712785	0.018178017408328133	0.006516770605463156	0.0032707036095859744	0.01829583033807563	0.008666824275903444	0.01694515268474106	0.01391939958334382	0.0062561152684525775	0.006154427220398716	0.0062340747730870155	0.007256713795601131	0.016624833198016494	0.0	0.0031165548247063975	0.002807074245172723	0.019343964974053666	0.00608206171976372	0.006343411102636963	0.0	0.013496693241248338
MHW144_trimmed_clipped_R1_paired	0.0	0.0796966998930346	0.018090249841053715	0.07854641711631748	0.0021503403650196175	2.1991053247860856e-06	0.00895392666964999	0.0	0.0	0.0	0.02349731961362668	0.027595525896748074	0.054873963515293146	0.026459901520595092	0.02177598926277486	0.022657234314410753	0.0008060174351836126	0.009652221741804008	0.02860248017873533	0.00022203060135637278	0.01424850111610623	0.006615575246503958	2.274255872461841e-06	2.4651898754980505e-05	0.006368555332524985	0.007122030873044011	0.012581190153576966	0.00342057103711235	0.009659026452807641	0.013790330575242116	0.01619084524839982	0.012338605505882205	0.009074138858306529	0.0105296410934346	0.017801525532032198	0.0	0.012114308980236932	0.0
MHW144_trimmed_clipped_R2_paired	0.0715626427276908	0.1098403142828045	0.14420869675665496	0.0001103702617660328	0.0	0.0	0.0	0.04597290328278212	0.0	0.006203464078673092	1.3363840486580639e-06	0.010527504599297894	0.008514743936484688	0.0	0.009643862067863815	0.005499416010092179	0.0063660174353882175	0.009587194885899462	0.018244786251391483	0.006595568835117492	0.0032316344054519317	0.01826647984934919	0.008678117062996238	0.016936989176666337	0.013846333319111748	0.006194192909443409	0.006179214345390861	0.006218290302460715	0.0071893217232843355	0.01683792259374559	0.0	0.0030508826532479735	0.002880117119147616	0.019783562303026463	0.005992860003618791	0.006499531149147628	0.0	0.013799987024882467
MHW145_trimmed_clipped_R1_paired	0.0	0.0801858602279843	0.017794299095503188	0.07831783006232095	0.0022536452911493896	1.989382466836248e-06	0.008921670123913324	0.0	0.0	0.0	0.023513974122485848	0.027276114094036106	0.05556400977962052	0.026837906104986587	0.021660564584375805	0.022607268996518316	0.0008081337328118947	0.00923873693972066	0.02882608139442406	0.00019796502383287071	0.013899904940818872	0.006631936035278373	8.230857070792461e-07	3.222278749345542e-05	0.006339207982706349	0.006934425615309012	0.012124075408390663	0.003391892617184301	0.009652191545228131	0.013659194817335575	0.016359929225385466	0.012085065525336988	0.008917828970443114	0.010649811950354027	0.017191710782652074	0.0	0.011806194444937121	0.0
MHW145_trimmed_clipped_R2_paired	0.07294713583370796	0.10900857207756007	0.1451203238732458	8.18786901702176e-05	0.0	0.0	0.0	0.04397078522813358	2.0061662730267513e-06	0.00616719115327162	0.0	0.010465267788063707	0.008454380173906435	0.0	0.009517240590810529	0.0054343247126382175	0.006577153056589254	0.00938346708079407	0.01800421458682593	0.006307616801062672	0.003190810373205054	0.018341851478691253	0.008587353461315781	0.01707506376268228	0.013689288732848075	0.006381152184676242	0.005943920696688311	0.006170018296265774	0.007365449853417292	0.016559643098004333	0.0	0.00305340829232453	0.0027619086863481116	0.019497536492523265	0.00597479968697287	0.006316327470137554	0.0	0.013416635562982495
MHW146_trimmed_clipped_R1_paired	0.0	0.08119105436473983	0.017915115219333377	0.07827925617734648	0.0023348248242953114	6.4389617972533195e-06	0.00906520323990321	0.0	0.0	0.0	0.02313047282818069	0.02747033459982338	0.0549939479188991	0.02645467928968024	0.021769079216540834	0.022423121577219676	0.0008262187073643078	0.009477622331130277	0.028294459120422364	0.00021790700035615248	0.014206608812801926	0.006527872739404765	4.451872720549348e-07	2.637943533262731e-05	0.006336175485106135	0.007068811125332239	0.012395738579143507	0.0033793065990316293	0.00963241264743429	0.013492084541512323	0.01606610207839984	0.012483479782785838	0.009081807300143433	0.0104919740545508	0.01761536542194998	0.0	0.012018220184501605	0.0
MHW146_trimmed_clipped_R2_paired	0.07309071285005363	0.10926036001801419	0.14381175171504992	9.050402467087996e-05	0.0	0.0	0.0	0.04597400819269588	4.32925958664749e-06	0.006199183540808552	4.349117283150272e-07	0.01053054716133685	0.008528218891546521	0.0	0.009640269275262781	0.005490362807928634	0.006517082090828992	0.009355359070311603	0.0181995921002191	0.006492266166026131	0.003183663442778074	0.018405608080429122	0.008649388434712992	0.016896415770220087	0.013744527913276081	0.006228609528647963	0.00612763706907471	0.00620366751007059	0.007321980105682634	0.01670551590976316	0.0	0.0031304847180754786	0.0028949941713147256	0.019622498164047972	0.005988839761923174	0.006315219056911545	0.0	0.013658564269120632
MHW147_trimmed_clipped_R1_paired	0.0	0.08095788205922841	0.018345355745140887	0.07772970226160089	0.0022641210399107934	0.0	0.009380149575358094	0.0	0.0	0.0	0.02309478893992681	0.02732279452825975	0.05485776519705608	0.026569080336596954	0.021864518966886737	0.02252679685524992	0.0008517806684926438	0.00946849819559467	0.028549114801172108	0.00021401588191064593	0.01413046624064632	0.006568616122382015	4.390930746819864e-07	2.86915864129889e-05	0.006384996830056194	0.007016354631053259	0.012459223872279875	0.003298722567983772	0.009670590093005901	0.013582981907271963	0.016325288848537154	0.012283626918772632	0.009228425433313073	0.01059810906407097	0.017570801232973294	0.0	0.011958300359677513	0.0
MHW147_trimmed_clipped_R2_paired	0.07333473866612816	0.1102068113816212	0.1437952684981588	0.00012942929594770243	0.0	0.0	0.0	0.04555344883667622	0.0	0.00615263275976022	8.56974628126358e-07	0.010636528338855422	0.008400619726752687	0.0	0.009555006933114245	0.0054154274472887854	0.006401311250554514	0.009264375280176602	0.01813036877447114	0.006652254885534121	0.003159617607389604	0.018194865619831965	0.008623251303361383	0.016906268789534933	0.013605923494545608	0.006209838030949073	0.006255489209016831	0.006280146116118107	0.007289976068288307	0.01680763362075839	0.0	0.003116982779371465	0.002867011596609222	0.019299493863864384	0.005979573376995066	0.006391805097521204	0.0	0.013846212238324915
MHW148_trimmed_clipped_R1_paired	0.0	0.08095514733823649	0.01851746698361225	0.0777362277128391	0.002224606972456524	1.882314143360245e-06	0.009222562631441285	0.0	0.0	0.0	0.023198068280459224	0.027795664469144027	0.05517731357965197	0.026949101572065808	0.02202125603506293	0.022984637271742873	0.0008061609669966103	0.009566450126991562	0.028530699645596704	0.0002134449688346029	0.014243193031757367	0.006505348103252393	2.7384949051260764e-06	2.4776462040147686e-05	0.006510818502846641	0.007148113669221548	0.012351970989317687	0.0033537661241391133	0.009634298896837909	0.013642787313212761	0.016136576652504578	0.012505758224733675	0.009299843772656257	0.010691855523156362	0.017761960204625445	0.0	0.012107876034085646	0.0
MHW148_trimmed_clipped_R2_paired	0.07287614224509781	0.10915847235209612	0.14385050959037363	0.00012276922185429652	0.0	0.0	0.0	0.045778289104300915	1.89673492256959e-06	0.006155776041535722	3.809664019672739e-07	0.010589112001206397	0.008563857002137023	0.0	0.009692671743541634	0.005604113993244524	0.006456152464777097	0.00955034376020995	0.018345119433558765	0.006570144312197813	0.0032737647901716987	0.018527819398518018	0.008695389716748264	0.01679016089309243	0.014007292347011901	0.006292293732427582	0.0061348464034985985	0.0062380573965060086	0.007266420729043295	0.017069104012282125	0.0	0.003163239623790776	0.002874184165914319	0.019709569425510477	0.006109747691413999	0.006416962497658568	0.0	0.013817183623187915
MHW149_trimmed_clipped_R1_paired	0.0	0.08127529732596879	0.018048763661470905	0.0784706619516672	0.0022652632537995426	1.7825051398535708e-06	0.008979762108505904	0.0	0.0	0.0	0.023416746277428277	0.02798062222791802	0.055778751333921836	0.026663333839760623	0.022265620078767565	0.023015699087288538	0.0008361972546319247	0.009609080926290139	0.028660430995797286	0.00020169014441036263	0.014220883154244097	0.0066964493862836805	7.387554503853446e-07	1.8545567228321025e-05	0.006592619375371876	0.00715541400041576	0.012527674225153143	0.003345084621545872	0.009792128165369061	0.013862112061852316	0.016154684630211424	0.01244653112459255	0.009305416828860621	0.010767782912493523	0.01792743322863814	0.0	0.012226236072909537	0.0
MHW149_trimmed_clipped_R2_paired	0.07378590899100347	0.11071364698366916	0.14457302849012912	0.00011632219637781629	1.7913147994469925e-06	0.0	0.0	0.0451308590138549	0.0	0.006253629010234154	2.5279179922602157e-06	0.010750632608600789	0.008680856684098003	0.0	0.009750847933772854	0.005576899518538781	0.006423821719298254	0.00951600308976542	0.018401964963486808	0.006587420737051616	0.003312862480015395	0.01854446080766999	0.008909824361717165	0.017230504653920644	0.014064397566831944	0.006304288140435423	0.006204067083791367	0.00628946939575568	0.007343195803766575	0.016935768811908468	0.0	0.0031136132286755545	0.0028556831205174328	0.019364886088938105	0.006170652899224635	0.006444268949876839	0.0	0.01377392353412049
MHW150_trimmed_clipped_R1_paired	0.0	0.08099562876164712	0.018373534665568143	0.07823130667088339	0.002235113876822484	1.8581785023129583e-06	0.009134148169970161	0.0	0.0	0.0	0.0234028624519392	0.027713406887202686	0.05518505192960862	0.026360224072127417	0.02205490933844708	0.022645764748514458	0.0007988684671559399	0.009600533451779272	0.02842238190674088	0.0001994021260857084	0.014243104350587383	0.00654586790041881	1.5442789501177861e-06	2.366466731910025e-05	0.006366151724351294	0.007050934002527883	0.012426225164234968	0.0033707983634230654	0.00985060089227394	0.013670762825363883	0.016032643302675835	0.01248689821192605	0.009182993827876318	0.01061325442008655	0.017757556547632784	0.0	0.012222149671830895	0.0
MHW150_trimmed_clipped_R2_paired	0.07261223350072966	0.10996000660902606	0.14401518884463876	0.00010814886601905011	0.0	0.0	0.0	0.04566987706742358	0.0	0.006146935665914729	2.2564135141313746e-06	0.010509475626125548	0.008452827371108177	3.7932458284120397e-07	0.009649328804689166	0.005539032162985695	0.006379192321992969	0.009571198695369872	0.01840027126365618	0.006537594091551566	0.0032616179044719635	0.018567391586171815	0.008720561480887283	0.016932139516362094	0.01382383399434219	0.006303197144370436	0.0061243870188862366	0.006293021739689746	0.0072078456185579245	0.016932340715391438	0.0	0.0031177311501594915	0.0029875410786898322	0.019643545223170196	0.006092644241662755	0.0064383247177838675	0.0	0.014103628154777694
MHW151_trimmed_clipped_R1_paired	0.0	0.08109822217160542	0.018149492959705023	0.0790863684061389	0.002227518457696753	0.0	0.009143360323917552	0.0	0.0	0.0	0.02345391438194537	0.027601267754109735	0.05548660509311308	0.026790745830136378	0.021949563324845708	0.022669390026586852	0.0007913739354305163	0.009613279823207956	0.028302193508340557	0.00020541303067981147	0.01405005340265397	0.006636176812536999	7.193507657920513e-07	2.4931529258488302e-05	0.006347434333560285	0.00707725468032309	0.012623699106919399	0.0034112344942848374	0.00963751147088769	0.013847889890526661	0.016122804646431597	0.012541792379210489	0.009176261072079058	0.01069767638335756	0.01796111929133107	0.0	0.012154972313083549	0.0
MHW151_trimmed_clipped_R2_paired	0.0729615767938017	0.11023019041685533	0.14411629405881243	0.0001392817989748581	1.7425888220176235e-06	0.0	0.0	0.0456757707926088	0.0	0.006197374832932621	7.023105789797495e-07	0.010835881519267872	0.008598133103733387	3.542147861550078e-07	0.009551846970115008	0.005577269988476382	0.006457882969080011	0.009458756412369753	0.018352760603441896	0.006595440186210806	0.003300415769216588	0.018505718280025233	0.008737620753424243	0.017152968628006332	0.01383951556484762	0.0062474329195260124	0.006238218052284121	0.006219750016473632	0.007401310210165017	0.016865485718870116	0.0	0.003148522939804092	0.0029007224672558773	0.019340341928508368	0.005997735345789233	0.006431382219325927	0.0	0.013749495974185587
MHW152_trimmed_clipped_R1_paired	0.0	0.08112912620339652	0.018591582850919705	0.07739924003867872	0.0022602681339831993	5.806481918992725e-06	0.008892966068417572	0.0	0.0	0.0	0.0231988478408123	0.028033313202308084	0.055031347295673876	0.026386828583439083	0.022074990559712918	0.022725858287280708	0.000802865220148118	0.009726901896188089	0.028449060878417115	0.00020864556040704085	0.014129157298703074	0.006522029134503595	1.2036007884066604e-06	2.2565308758379668e-05	0.006410269673105278	0.0071619253598574385	0.012524534841736948	0.003397439316177928	0.009676754723971434	0.013703755946665992	0.016070544034676556	0.012571032752121188	0.0090937866155654	0.010537085819841759	0.01800225641617747	0.0	0.012253438426782906	0.0
MHW152_trimmed_clipped_R2_paired	0.07287354677298047	0.10879777604819595	0.1445355402683868	0.000116499560990821	1.943346248682946e-06	0.0	0.0	0.04649664250875131	0.0	0.006098290166214964	1.1746194570662199e-06	0.010287391063358256	0.008372081622366662	0.0	0.009607544990723357	0.005498084864193772	0.006552404623727627	0.009447587094270663	0.018494482856607975	0.0066349612388012895	0.003205354688654027	0.018719293293892183	0.008739164811607972	0.01692136127440908	0.0135615775229213	0.006236640269436085	0.006228660092197404	0.006284813962838574	0.007275326176489066	0.016696108416678103	0.0	0.0031864859398932684	0.0029802200893423478	0.01978743526135755	0.006055297378056695	0.0065481458369335945	0.0	0.013687197884887894
MHW153_trimmed_clipped_R1_paired	0.0	0.08146641774458817	0.018213596319979174	0.07818575548102565	0.0021366737741492087	0.0	0.00870866270031384	0.0	0.0	0.0	0.023372908900273492	0.02756127685691475	0.055079616659900216	0.026547422621923306	0.021770243234642564	0.02249325727307313	0.000780431147002557	0.009486437997686187	0.028432197806235546	0.00021441269654646347	0.014138910098125346	0.006588898778919683	2.317150729816938e-06	2.0968663567120237e-05	0.006338786424278349	0.006806922013080729	0.012378933677868232	0.0033407223866491658	0.009635218806720516	0.013628302133712734	0.016224908051976555	0.01224734556836259	0.008819467166103823	0.010576889954374169	0.017502067660052696	0.0	0.011875768068140075	0.0
MHW153_trimmed_clipped_R2_paired	0.0733565831307521	0.10955165255008231	0.1456068660689557	9.669558100079109e-05	0.0	0.0	0.0	0.044880164568191355	1.8671677796449247e-06	0.006072990598394052	7.500588102361635e-07	0.010289981820581098	0.00843543917264923	0.0	0.009561672415487757	0.005504351449172996	0.006541490309612503	0.009445614993815346	0.018179865502110214	0.006558718216021255	0.003214810618212876	0.018593812374388494	0.008619706576621963	0.016873170892694547	0.013808835203074722	0.006282780017778723	0.006153210474981862	0.006290598946007872	0.007242696466114972	0.01686988369570789	0.0	0.0030999315276940566	0.0028268995166996084	0.019487488425518836	0.006055311263990534	0.00635791832764075	0.0	0.014056780023293821
MHW154_trimmed_clipped_R1_paired	0.0	0.08095086413733531	0.017943294470820374	0.07831823208948598	0.002177926175797025	2.0706032644634123e-06	0.009368740712024294	0.0	0.0	0.0	0.023190901032459743	0.02774600274267598	0.055039173240084026	0.026671791667481123	0.021892056498261748	0.022583375067878365	0.0008177499465021925	0.009478620413644192	0.02820576668642831	0.00022782916697474258	0.014127800393801078	0.006474729459388654	8.598786507432561e-07	3.0660489473381654e-05	0.006381667594487768	0.007108318619493402	0.012534813542640123	0.003314263895181776	0.009700020464161279	0.013506299094093037	0.016074999576113788	0.012488161444943567	0.009093468797039326	0.010551287110889127	0.017697144304105118	0.0	0.012034937698891836	0.0
MHW154_trimmed_clipped_R2_paired	0.07209761188787907	0.10903680868544735	0.14340173158862646	0.00011223354120578603	2.080376598093293e-06	0.0	0.0	0.04610620066758558	2.08748508022226e-06	0.006152615926660752	4.1934051809571337e-07	0.010525639792802419	0.0085141148825193	4.2305959602030713e-07	0.009605109623116977	0.005451552325698794	0.00645544971485029	0.009566731839973926	0.018562971520915718	0.006698705849168447	0.0032944760746770937	0.018476828665713825	0.008697684017696728	0.01689495703114656	0.013815116911269085	0.006285973838542687	0.006271315532948908	0.006342651262325026	0.007319198805318693	0.01676086071136166	0.0	0.0031129498224233294	0.002938934528709024	0.019568243259424106	0.006004495683048718	0.006426350375592453	0.0	0.013732854704388432
MHW155_trimmed_clipped_R1_paired	0.0	0.0806680435651701	0.018410786675552192	0.07794827292735601	0.002110149357213367	0.0	0.009046946641778715	0.0	0.0	0.0	0.023329755412689994	0.02756440797277573	0.05578666767225567	0.02672145993870904	0.02183613065494389	0.022676010021893372	0.0007948860927115338	0.009505477345630207	0.02839794615785439	0.00021431044684797843	0.01421985168056772	0.006535577746398687	7.614872551229751e-07	2.3739238979040117e-05	0.00637819736038177	0.007090026767062315	0.01253793555151678	0.003423969623307727	0.009786652954427204	0.013846614222362498	0.01615537743585175	0.012345029519668734	0.009073257359596378	0.010564957822375473	0.017678948298597053	0.0	0.012045346503580344	0.0
MHW155_trimmed_clipped_R2_paired	0.07366065073600583	0.11012704501442735	0.14350228234706444	0.00010851241851981815	0.0	0.0	0.0	0.04503996715244653	0.0	0.0063217964974180045	1.1142871472589855e-06	0.010682082618645953	0.008488539026613853	3.7473008004968986e-07	0.009564040278403428	0.005495485331558445	0.006482428843365495	0.009489970777502646	0.018213143723029346	0.0066517518396929255	0.003249284721504975	0.018489531474817876	0.00862717660746429	0.016962839333502344	0.013834308644109046	0.006233636087012333	0.006205205771786315	0.00632947337766462	0.007326020353835593	0.016817475297882307	0.0	0.0031154592229988925	0.0028871764512060317	0.01971140127512381	0.00607029108735899	0.006545377698059289	0.0	0.013635109445551746
MHW156_trimmed_clipped_R1_paired	0.0011763847706590198	0.1682190522274361	0.00029081766840933094	0.0966942773180421	0.0019294391161396218	2.500161260401296e-05	0.0	0.0	0.0	0.003066716648113455	8.646475965119988e-06	0.00029184600740411043	0.011935733836831277	0.0033716411809398376	0.0042687398989021096	3.81658352998165e-05	0.0010572256422954557	0.0002554511992496073	0.0005349428465210161	0.0001263322214627065	0.000995505982266568	0.00040797590749450525	1.1722668668335787e-05	3.76509343006398e-06	2.9296314296378818e-05	0.0	7.154297273013679e-06	0.0	1.5921616012375013e-05	0.0	4.893439483127519e-07	0.00011654970845806517	0.0	0.0	0.0010779758363856033	1.7087785473851696e-05	1.0518379450738534e-06	2.917392312750821e-05
MHW156_trimmed_clipped_R2_paired	0.1001516764209706	0.08999350999593679	2.048684156344011e-05	0.00012301506087058578	0.0005926890708910382	0.0	0.0	2.2841234394211976e-06	6.856068452450057e-06	1.0069969535504253e-05	1.8348203780343726e-06	4.5963015491880334e-07	9.219414146427641e-07	3.697554516478029e-06	9.310478600427734e-05	1.8103719831659543e-05	4.698738081778792e-05	0.00012964933836724716	8.137981972508484e-05	0.004685610238075729	2.1655159279792902e-05	7.513057019760327e-05	0.00255715621304844	1.1436863372361407e-05	0.011224228251347073	6.258550775085647e-06	0.00025084285620949483	4.873888358060169e-07	3.926778230232073e-06	0.002142673011643723	9.98160514941028e-07	5.040232903114173e-07	0.0	0.0	5.229170460974542e-06	0.000205035996406367	0.0	0.0
MHW157_trimmed_clipped_R1_paired	0.0012605540751250914	0.16589192457256066	0.0003142678517065302	0.09561293945152592	0.0020625207430874882	3.245239745432847e-05	0.0	0.0	0.0	0.0031591105576382968	6.90339692528711e-06	0.0003067395954477699	0.012035929513459928	0.0035631840374059755	0.004456848025605475	3.365528471205244e-05	0.0010403798102931385	0.0002746385965347512	0.0005462793133076324	0.00012028823766155119	0.0009903833526778505	0.0003895954952738997	1.4250388709738916e-05	1.2625371304805273e-06	3.677710323497741e-05	0.0	1.3243102409141617e-05	4.298616386289556e-07	3.030064612751509e-05	0.0	0.0	0.00011348489265966897	0.0	0.0	0.0011670174742805788	2.0727973983754546e-05	2.399109481269154e-06	3.393548621673868e-05
MHW157_trimmed_clipped_R2_paired	0.09949054767852247	0.08963892433047269	8.124400495409692e-06	0.00015650969875358723	0.0006833953857021522	0.0	0.0	0.0	6.1167364470756926e-06	6.533712291368613e-06	4.0921572639771057e-07	8.200537350870615e-07	8.224192169369145e-07	1.6491484158331852e-06	9.833323920060366e-05	2.3599148930229462e-05	5.0617712423764845e-05	0.0001434886270955755	0.00010219589359380244	0.004817103864840143	1.721842305416827e-05	9.23316101837668e-05	0.0027034241002294335	1.4038334880939223e-05	0.011243905999868232	1.0322735108797607e-05	0.0002597236891440234	1.3079269112131039e-06	5.273327506833771e-06	0.0022299145380930015	2.2395219018478648e-06	0.0	0.0	0.0	8.988739082721034e-06	0.0001912900264020711	0.0	0.0
MHW158_trimmed_clipped_R1_paired	0.001260249282618141	0.1688957440627246	0.0003081142744137267	0.0961879843901027	0.002045793393571646	2.4800594363958644e-05	0.0	0.0	0.0	0.0031849829782619136	8.866768406095383e-06	0.0003275085715078507	0.012144242354151123	0.0034877903966531077	0.004340253224131823	2.5430367693639115e-05	0.0010380996908885872	0.00025833807360910925	0.0004994964253162978	0.00011262744592227587	0.0009767271190840026	0.0003781498587449673	1.1366940526575793e-05	2.9485130974628758e-06	2.8913466620559326e-05	0.0	8.645608677896644e-06	0.0	2.3731669261539695e-05	0.0	7.836077103080655e-07	0.00011980150236337716	0.0	0.0	0.0010871362991501795	1.5050281873719158e-05	1.321353996725861e-06	6.697683490071778e-05
MHW158_trimmed_clipped_R2_paired	0.10008715721197387	0.09024012812854139	1.773399042733384e-05	0.0001668051948319279	0.0005557438120456673	0.0	0.0	0.0	7.117625541613491e-06	8.552075468987266e-06	1.0710831318173727e-06	7.153622117809225e-07	0.0	2.1569938882117427e-06	8.75332911079461e-05	1.9128770614088072e-05	4.737591908650144e-05	0.00014030051224115807	8.546805189308789e-05	0.004743663550851831	2.2722290148839064e-05	7.473698774647323e-05	0.002677645338192823	1.5632069382389108e-05	0.011208570396595183	8.680207705142614e-06	0.00024202510073524218	2.689049081945198e-06	5.4356134599378305e-06	0.0021724632253418683	0.0	4.046899584029714e-07	0.0	0.0	1.0292835104304245e-05	0.00020775946735075785	0.0	0.0
MHW159_trimmed_clipped_R1_paired	0.0012598243429697623	0.16869249073568424	0.0003336272419432091	0.09665295072235856	0.0020858877249609635	2.7816196323375707e-05	0.0	0.0	0.0	0.0031897399407716876	9.7458938252068e-06	0.0003106162534537254	0.012074679880598843	0.0035096855868950775	0.004565394399310523	2.9062836674798607e-05	0.0010476848595889696	0.00025766703331382256	0.0005368000431899382	0.00011450936852696892	0.0009638045770162362	0.0004030323733039753	1.3536953349299461e-05	1.4609275226259202e-06	3.927417476171229e-05	0.0	1.2014057708995584e-05	1.0129564986591367e-06	2.9251182205773044e-05	0.0	1.0591383956812362e-06	0.0001205882015605941	0.0	0.0	0.0011714926234695346	2.5665337617996313e-05	1.2299773070416827e-06	3.127808674445631e-05
MHW159_trimmed_clipped_R2_paired	0.10048025476612507	0.090277637701915	3.712077790302174e-05	0.00016250153563951178	0.0006201669368612455	0.0	0.0	4.652914883669683e-06	6.9825210042959965e-06	5.126839596271262e-06	1.4008641501343839e-06	0.0	4.6900969653159073e-07	3.7610702106479044e-06	9.09164507306748e-05	2.3599379204170406e-05	4.8238946456869245e-05	0.00015033508790030938	8.190871887596665e-05	0.00491227728342013	2.3092687055491935e-05	8.76184762755839e-05	0.0026902202771763345	1.080892766721615e-05	0.011343499157364137	4.005385661587499e-06	0.0002470880596224298	1.0255596172445368e-06	6.2410467958005474e-06	0.0023079002914988523	1.0761629871443453e-06	5.490190265288739e-07	0.0	0.0	1.2999083641416047e-05	0.0001868480050698011	0.0	0.0
MHW160_trimmed_clipped_R1_paired	0.001201063085671451	0.1676729921506902	0.0003143343555367678	0.09685475018268265	0.00205380844322658	1.7842117245548214e-05	0.0	0.0	0.0	0.0030846493849411767	8.930818087496564e-06	0.00031227957540664046	0.012114156840782977	0.003474186778764459	0.004314613535281132	2.932434868974885e-05	0.0010354573140183014	0.00028599074688949146	0.0005231747672127964	0.00012356729534636354	0.0009955329075072472	0.0003719339367635441	1.4751642816702282e-05	2.314919350571044e-06	3.535373460594311e-05	0.0	1.081995714563095e-05	4.7358108276197394e-07	2.8152137318376844e-05	0.0	9.717575149567692e-07	0.00011655727864426474	0.0	0.0	0.001162892103728497	2.248256674325083e-05	1.599348532031286e-06	6.19841537241508e-05
MHW160_trimmed_clipped_R2_paired	0.09944089287787417	0.09053777295018745	2.0098193520771168e-05	0.00015419770742871144	0.0005232661926903604	0.0	0.0	0.0	8.966327271752388e-06	1.0325347525496572e-05	4.4984938885014015e-07	1.3521437563184552e-06	0.0	4.530961811005862e-07	0.00010715194073458849	1.3648344277045884e-05	4.513311869754463e-05	0.00015446350870440716	0.0001067981133567826	0.004721208455711018	1.800129440384483e-05	8.62025141111546e-05	0.002646495045737998	1.2631397527998078e-05	0.011187443998982458	5.206152517456347e-06	0.00022633849294244178	4.801266481913612e-07	6.2946145635853415e-06	0.0022297944409655273	1.4826594525861175e-06	1.0006989982572727e-06	0.0	0.0	9.433816850862901e-06	0.00019878891593617528	0.0	0.0
MHW161_trimmed_clipped_R1_paired	0.0012845457450740545	0.16931858590105048	0.0002953438079231771	0.09610422630855281	0.0019416981343167543	1.8043823530413463e-05	0.0	0.0	0.0	0.0031027953387437767	7.225458095962547e-06	0.0003316312052982088	0.012031661813211147	0.003484427976919135	0.004323070085367247	2.7843627576619057e-05	0.001065105297943099	0.0002609828772941163	0.0005434125574240062	0.00013852138076357742	0.0009909425073882227	0.00039978603674709453	1.5894799539954013e-05	9.396206400997419e-07	4.10964287217612e-05	0.0	1.0526660096882403e-05	4.821439041700034e-07	2.4313662743783612e-05	0.0	9.924737982575188e-07	0.00011367395754831971	0.0	5.18346407161445e-07	0.0010996757845513935	1.7774932830952686e-05	5.50783709313807e-07	7.530939190120568e-05
MHW161_trimmed_clipped_R2_paired	0.10037485523789189	0.09034404572352862	1.354972087010436e-05	0.000135590272591136	0.0005788766988109058	0.0	0.0	0.0	2.2665000124317525e-06	1.3163606750720594e-05	9.096976774417627e-07	0.0	4.5701541095269054e-07	2.7491473427878097e-06	0.00010606665546370142	1.656415273578861e-05	4.979839213164747e-05	0.00014885468156941798	8.951493355605638e-05	0.004745181981825697	1.8697936647164906e-05	0.0001000217117552334	0.0026235332442225575	1.613633716565171e-05	0.011469674513435304	4.3278233890290536e-06	0.0002548768072576665	1.466181189312714e-06	4.440522311996427e-06	0.0021399643936057303	1.514203661896634e-06	0.0	5.194839737116173e-07	0.0	7.539940491989088e-06	0.0001783427234905555	0.0	0.0
MHW162_trimmed_clipped_R1_paired	0.0012866706142404957	0.16779840528946077	0.00024318212150030248	0.09646621744452037	0.0020174181742776145	2.901510783185834e-05	0.0	0.0	0.0	0.0031320428110945407	8.490483354592833e-06	0.0003286048628548157	0.012097638322443555	0.00348571808014557	0.004516417167393166	2.7547438416312757e-05	0.0010501400074269343	0.0002749724612357573	0.0005237788451176126	0.00011366436214835231	0.0009764527190212188	0.0003883980242647552	1.2919582474161873e-05	2.316881387201777e-06	2.699997182227079e-05	0.0	1.0823725919692226e-05	4.7363481490218817e-07	2.5759293947293384e-05	0.0	9.703825891044715e-07	0.00011826666762326899	0.0	0.0	0.0011265130622385528	1.302181756571101e-05	0.0	3.2286618211089426e-05
MHW162_trimmed_clipped_R2_paired	0.10001689842272914	0.08999913323252155	1.564107539454166e-05	0.00014533673448123417	0.0005526085337702654	0.0	0.0	2.2412657593201073e-06	4.484732490640139e-06	8.981491539504575e-06	4.499946221142711e-07	0.0	1.8085322218793596e-06	2.7197794628745615e-06	0.00010357130061609524	2.458045566183553e-05	4.515959833119136e-05	0.00015684412858851706	8.484702139371782e-05	0.004855400003607499	2.5398290097523938e-05	9.179765724867984e-05	0.0026844020789350736	1.450460366060543e-05	0.0111847724837645	7.5704148415106214e-06	0.00024430115644547934	3.3578847152982905e-06	4.8354700372807e-06	0.0021854983145240844	3.943190396805369e-06	0.0	5.050949406503595e-07	0.0	5.2110578480782366e-06	0.00018811286733780023	0.0	0.0
MHW163_trimmed_clipped_R1_paired	0.0011966422657963764	0.16755059413162993	0.00031030433548854733	0.09569117654277012	0.0020604781599331263	2.4218083933890445e-05	0.0	0.0	0.0	0.003073657180598068	1.1020148940574896e-05	0.0003157682287309326	0.012160276125471279	0.003360209035855664	0.0042655617318155745	3.875456045960664e-05	0.0010406530697582477	0.0002667151587045815	0.0005229920949677508	0.00012163212691171805	0.0009736167409116133	0.000393708832564761	1.6422637525584417e-05	3.6681730493099343e-06	2.9972801987796225e-05	0.0	9.8158035025339e-06	0.0	1.8544299938436254e-05	0.0	0.0	0.0001177330001466441	0.0	0.0	0.0011702993887797554	1.7915016074564318e-05	5.379443455260427e-07	5.986616754972892e-05
MHW163_trimmed_clipped_R2_paired	0.10051135119675335	0.08947540385688332	1.1022411074824844e-05	0.00012574424045051912	0.0006114568245810942	0.0	0.0	0.0	6.637922544427228e-06	7.976657605508602e-06	8.881583687621558e-07	8.899089697876262e-07	4.4622091734533483e-07	2.6842134054878527e-06	9.817794774547323e-05	2.3807650106818413e-05	5.401515025036495e-05	0.0001376349654111599	9.372057734157535e-05	0.0047994025164229456	1.7796984648676983e-05	8.618935159627012e-05	0.0026146820201741103	1.2977796644610144e-05	0.011061150431016116	5.638557868343198e-06	0.0002666803249939806	4.779479888108744e-07	7.241334673759094e-06	0.0022018437057715018	1.977511501899024e-06	1.002653050050024e-06	0.0	0.0	8.441587370439836e-06	0.00021333382062513104	0.0	0.0
MHW164_trimmed_clipped_R1_paired	0.0012441133452537998	0.16733813666891023	0.0003336403218668411	0.09606144524634881	0.0020236594906754388	1.4202783220008142e-05	0.0	0.0	0.0	0.0032369776561802285	9.478915933542031e-06	0.00031390196107737074	0.012088103538448637	0.003398260699549621	0.004302864691286633	3.351709142549439e-05	0.0010532860432372626	0.00026069305305873687	0.0005041494636718098	0.0001122981819548758	0.0009730481026693901	0.0004082300803461666	1.665450234877467e-05	1.4765967681194961e-06	3.067818476804672e-05	0.0	1.0022141064371526e-05	1.0098746553676505e-06	2.851912798284615e-05	0.0	5.199178365524211e-07	0.0001054550110863535	0.0	0.0	0.0011228543999080157	1.9269014519009748e-05	5.804234769687965e-07	3.2368590437929965e-05
MHW164_trimmed_clipped_R2_paired	0.10038764774259891	0.09071100075258587	1.658944084460161e-05	0.0001233167413029386	0.0005932192289592733	0.0	0.0	0.0	0.0	8.57277131235241e-06	9.54491760913024e-07	0.0	4.795326405832176e-07	4.807735993370325e-06	8.961244741176632e-05	1.8345155369851948e-05	4.450757209259123e-05	0.00013337342231245015	7.736376857075298e-05	0.0047518778719628845	1.666947449256134e-05	8.864427752212632e-05	0.0025719016630504072	1.7416424847071847e-05	0.011086254817306641	7.561277080947005e-06	0.00025243357265136506	0.0	6.206025557437239e-06	0.0022695892332610774	2.6463048539169328e-06	0.0	0.0	0.0	5.663249128011126e-06	0.00020225375590730195	0.0	0.0
MHW165_trimmed_clipped_R1_paired	0.0012262688064517472	0.16675675996393574	0.0003198619273903324	0.09514693190396298	0.002010181326354264	2.736682571072857e-05	0.0	0.0	0.0	0.0032384216420765126	1.095846138313021e-05	0.0003099394429352549	0.012103801201725734	0.0034310197734705437	0.004435628869942223	3.1524170959992506e-05	0.0010742461971524509	0.00027818085113180425	0.0005450704670318699	0.00011365463731778467	0.0010275703029780888	0.0004122431552832749	1.0879003935806044e-05	1.7481044735059822e-06	3.9077787057410584e-05	0.0	1.1988276211802043e-05	0.0	2.8372928603384788e-05	0.0	9.173666445552256e-07	0.00011379476690194022	0.0	4.779613594433173e-07	0.0011231280789286745	2.2845412972085374e-05	1.0166396719181782e-06	5.6683846080375167e-05
MHW165_trimmed_clipped_R2_paired	0.10000716410215227	0.08911676488683626	1.6861863106880055e-05	0.00015818739351088315	0.0006563464384753406	0.0	0.0	0.0	2.1152204132645724e-06	8.472537333536775e-06	1.6980773044258993e-06	8.507372480484215e-07	0.0	1.7109975143740257e-06	0.00011059517130079653	1.761100013651532e-05	4.3903177189861534e-05	0.0001617987925098498	9.73675813227238e-05	0.004790994378937082	2.3529169808972772e-05	8.705613587000739e-05	0.0026807008437291706	1.3246179301846079e-05	0.011085919212143924	9.82567743121884e-06	0.00026617285726657225	2.26509330084658e-06	4.5683029542100535e-06	0.002293827250444487	1.3988742736473564e-06	0.0	0.0	0.0	6.943831451545916e-06	0.00020886467192016405	0.0	0.0
MHW166_trimmed_clipped_R1_paired	0.0012064696671063775	0.16679682225572467	0.00033364446006336655	0.09726955292417452	0.0019297818920457235	1.5707330340118284e-05	0.0	0.0	0.0	0.0030814000508128446	7.862088310049976e-06	0.00030164463260777064	0.012214831520398156	0.0033673669312240494	0.004337539541486469	2.4606514742261068e-05	0.001059939250407144	0.00027385222374343745	0.0005244077618727986	0.00011224562440599264	0.000994090937677604	0.00039624989902588173	1.4175221845056921e-05	8.133154145307834e-07	3.349526551366105e-05	0.0	1.0320136410737465e-05	0.0	2.6352930263257113e-05	0.0	8.506212967723369e-07	0.0001203982970022084	0.0	0.0	0.0011266467602192706	1.6819067494986043e-05	0.0	4.673035640401683e-05
MHW166_trimmed_clipped_R2_paired	0.09958573362762299	0.08973144042919741	2.162767481988718e-05	0.00012002161176038648	0.000637902350262612	0.0	0.0	3.945044737793588e-06	5.920594992956761e-06	1.10667272986306e-05	1.5841992348523642e-06	3.9681546856535987e-07	0.0	1.9947061138045582e-06	0.00010714326892482355	1.6825791380666272e-05	4.215323527224874e-05	0.0001613761449355779	9.444770975201664e-05	0.004578643313283016	2.275712917563807e-05	7.465926795225139e-05	0.0025809124345333163	1.0704130993400419e-05	0.011105766312195417	7.077312958087927e-06	0.0002610414663698917	1.6881291609904376e-06	5.530326066238145e-06	0.002211521108084712	1.7344125611430294e-06	1.3156761985799205e-06	0.0	0.0	4.576234485815735e-06	0.00023247657067111178	0.0	0.0
MHW167_trimmed_clipped_R1_paired	0.0011699487446548377	0.16698937586121226	0.00030410768089801643	0.09664259912551412	0.0021338757302560465	3.2834330314939014e-05	0.0	0.0	0.0	0.0032176689196452965	8.765324230088322e-06	0.0003016644555568237	0.012178702209813654	0.003471693736765352	0.004386917832088289	3.452763936202944e-05	0.0010314621921526223	0.00026012789852902476	0.0005078580850284809	0.00011850783926449938	0.000981559264852665	0.0004046798164289527	1.1746849660958133e-05	2.2681746029740677e-06	3.189606025377207e-05	0.0	1.2893982722256564e-05	0.0	2.1002291223958787e-05	0.0	1.4242770569057934e-06	0.00010855006602821936	0.0	0.0	0.0011985206724531411	1.9943929126271603e-05	0.0	3.442782113285063e-05
MHW167_trimmed_clipped_R2_paired	0.09857966254260828	0.08943162148430217	2.4102419858851412e-05	0.00016882649841081646	0.0006274330856873957	0.0	0.0	0.0	2.1985911296125974e-06	7.925396656195897e-06	1.323566384034507e-06	4.4203810882146327e-07	4.4328500787939097e-07	2.2221235895631602e-06	9.753301983726764e-05	2.5436540002946444e-05	4.919003971277363e-05	0.00013895634746409417	8.226322476075595e-05	0.004843573936527076	2.2624791062317016e-05	7.903532857384401e-05	0.0026300227293533877	1.5122355112692753e-05	0.011204393747389105	6.022536833163527e-06	0.0002592178919723142	9.391114947819819e-07	6.152590937920746e-06	0.002223993818777618	1.4473741769042376e-06	1.4645438689104357e-06	0.0	0.0	9.712158757359753e-06	0.00020820578011494014	0.0	0.0
MHW168_trimmed_clipped_R1_paired	0.0011890141654292714	0.1672735804824467	0.0003058232020777628	0.09602352622498199	0.0021728917804295107	1.5747592193153666e-05	0.0	0.0	0.0	0.0031411928926956306	9.458884853508404e-06	0.0003077846770664811	0.012204056153939343	0.003378572912175526	0.004276523699270078	3.2757356189815014e-05	0.001022249949523559	0.0002874430713627601	0.0005145681340995166	0.00010844842154011738	0.0010066874143529224	0.0003926219337128759	2.0419648654698787e-05	1.3976130223096494e-06	3.461884309898695e-05	0.0	1.2282918547677538e-05	9.502929144867898e-07	2.438747567319415e-05	0.0	0.0	0.00011472895187061635	0.0	0.0	0.001106801437696937	2.0669547943086214e-05	0.0	3.189373432971131e-05
MHW168_trimmed_clipped_R2_paired	0.0996187085557481	0.09014546439341939	1.576840342189672e-05	0.00013976315375285934	0.0006000119821941707	0.0	0.0	2.259856823155198e-06	6.7830476355121206e-06	4.9809776463685185e-06	0.0	9.092360644957146e-07	4.5588219854460244e-07	5.027416099623644e-06	9.159627195479056e-05	1.8814752030310217e-05	5.0122423329223515e-05	0.0001479561994338947	0.0001053884261006788	0.0046798270562562186	2.047049906820847e-05	8.405541840980093e-05	0.0025394331035369874	1.36585227912917e-05	0.01090768747791372	7.138392180525256e-06	0.000258036901593994	2.891421108753302e-06	1.9416344961696577e-06	0.002247303517181717	9.877696583386242e-07	0.0	0.0	0.0	8.307701823206166e-06	0.00020235946700355062	0.0	0.0
MHW169_trimmed_clipped_R1_paired	0.001176961992144979	0.16775060332543384	0.00030776827408518156	0.09641996683365811	0.002038366345927934	1.632786235649354e-05	0.0	0.0	0.0	0.0031084197676153036	7.939144829690773e-06	0.0003130449347222349	0.01206377315502897	0.003499810320893208	0.004364389944905026	2.9725884875894432e-05	0.0010360786171158419	0.0002810877399690593	0.000524918718903915	0.00011163700143147739	0.0009844809930884982	0.0003668124145878134	1.6899430571272696e-05	4.851804470746658e-07	3.853263229370844e-05	0.0	1.3829170060040427e-05	4.976012608738254e-07	2.609375826563701e-05	0.0	1.5363745351718048e-06	0.00011008230370940132	0.0	0.0	0.001151516786210016	1.5071705733318727e-05	0.0	2.321000859669706e-05
MHW169_trimmed_clipped_R2_paired	0.09966653986552056	0.0898492136793701	1.4011308480370146e-05	0.00011216441808165196	0.0005330929489408951	0.0	0.0	0.0	2.34330248414668e-06	1.0324212124997807e-05	4.70227753166449e-07	4.711263480491313e-07	4.7243011246860233e-07	9.472510152719267e-07	0.00010251550846069034	1.3791425518835805e-05	3.812392525974104e-05	0.00014714457191628607	9.202412174622596e-05	0.004738663387619995	2.0767006793694455e-05	7.7132027473555e-05	0.002662677570722937	1.2254492216218595e-05	0.011301878738849795	6.454467058949645e-06	0.00024109800995751788	3.026479028195163e-06	8.146253352246898e-06	0.002225155853152826	5.208336208768948e-06	1.0561662170734307e-06	0.0	0.0	9.468731161228313e-06	0.0002257648953135877	0.0	0.0
MHW170_trimmed_clipped_R1_paired	0.0012738553432758391	0.16734791171900376	0.00027433732846248484	0.0958136919837714	0.0019511389011678355	2.3770885315937542e-05	0.0	0.0	0.0	0.0032002362154895663	8.653006171592244e-06	0.00032853163642140507	0.012126161000649227	0.0034041421432827786	0.0044146315051180295	3.6276051116172794e-05	0.0010569507305198417	0.0002546832752422006	0.0005089571030066516	0.00013095482503163434	0.0009744757603687053	0.00039653384054179314	1.1224047779173092e-05	2.7102800107724596e-06	3.2289329712216895e-05	0.0	1.1556864618560968e-05	4.6688019588051995e-07	2.7858118545586748e-05	0.0	0.0	0.00011129904160395275	0.0	0.0	0.001118315140381703	2.2303609604754632e-05	0.0	3.4288556317196466e-05
MHW170_trimmed_clipped_R2_paired	0.09973207799423316	0.08988195363648305	1.5140148242814929e-05	0.0001709701660955686	0.0006236176880582475	0.0	0.0	0.0	8.678877978165116e-06	1.086223566412782e-05	4.353292800636681e-07	1.3083990676295906e-06	0.0	2.6304125324637293e-06	9.752304341022585e-05	1.4524886729651505e-05	5.248202768397853e-05	0.00014547522311543812	9.053184744418033e-05	0.004823978054175257	1.7013056450794276e-05	8.506797626700683e-05	0.002584763443844097	1.2762681161814943e-05	0.011151229043801511	5.557602966196445e-06	0.00024218439967880364	4.726334525808015e-07	4.784181917713678e-06	0.0023493295325496526	2.464937788223943e-06	0.0	0.0	0.0	7.53221716240752e-06	0.00020892302248969887	0.0	0.0
MHW171_trimmed_clipped_R1_paired	0.0011544740126027203	0.1661314501356033	0.0003062753505981183	0.09534643194121926	0.0020272365421967332	1.6298269014632245e-05	0.0	0.0	0.0	0.00316848296620263	9.790058749457252e-06	0.00029352393761337097	0.012116711714708182	0.003412569442341112	0.004245601412267808	3.46466178941717e-05	0.0010414625489091763	0.000268866915253082	0.000527340400286542	0.00012041135708312487	0.0009869874721569712	0.0003876473126971492	1.6524902785683127e-05	2.370955609526183e-06	3.301137250971692e-05	0.0	8.603570004569976e-06	6.928295789787579e-07	2.2682846469007528e-05	0.0	3.55043841754446e-07	0.00011454786916491764	0.0	0.0	0.001108600500262421	1.9000942165517466e-05	7.739291202742272e-07	2.540729258092203e-05
MHW171_trimmed_clipped_R2_paired	0.09965927710484752	0.089750804207877	2.285021989337859e-05	0.00015517445725201783	0.0006162163628818069	0.0	0.0	0.0	1.6387242335195141e-06	8.533949864383721e-06	0.0	0.0	0.0	2.6525381960609615e-06	9.968782524918292e-05	1.6982361666310393e-05	5.4059538111902624e-05	0.00015589112685469503	7.91915418708634e-05	0.00474747883957772	2.3657133247518773e-05	8.416056894499304e-05	0.002648737547426592	1.4389443427394395e-05	0.01087403150196419	5.1993711700262105e-06	0.00026173275620585903	2.8129351896427107e-06	3.545540402971656e-06	0.002225298687119583	1.8080905753860962e-06	3.658738123832092e-07	0.0	0.0	1.1462847701269753e-05	0.0002155678242095912	0.0	0.0
MHW172_trimmed_clipped_R1_paired	0.0011352081829327288	0.16714700051015915	0.0002874106975559614	0.09594606602004549	0.0019985043212207587	2.3187333130907916e-05	0.0	0.0	0.0	0.0031407362668209155	9.285559833691539e-06	0.0003237622387293894	0.012244046700079041	0.0033742601925188685	0.004242434246786885	2.8155427966939577e-05	0.0010525645269086475	0.00024419694136353884	0.0005077665830112554	0.00011002869799802452	0.0009622018467442016	0.00036107731371202273	1.3426486681543788e-05	1.926485839770397e-06	3.435984865270654e-05	0.0	1.0278944212244182e-05	0.0	1.7874033020399232e-05	0.0	0.0	0.00011352656376104137	0.0	0.0	0.001074903166207254	2.063131912533653e-05	1.6612341633093633e-06	2.239979849141277e-05
MHW172_trimmed_clipped_R2_paired	0.10003964193309829	0.09007362903231793	2.5539561547023186e-05	0.0001510227855511529	0.0005882014188580677	0.0	0.0	0.0	2.3304482384141767e-06	8.401470503781297e-06	9.355099175253989e-07	0.0	4.7012465035419377e-07	2.828358091177327e-06	9.023146207721168e-05	1.8462610735011162e-05	4.6017816248250465e-05	0.00014029968879103507	0.00010209052777368037	0.004710324136790857	2.210265720403222e-05	9.505226793939305e-05	0.0025626877185718874	1.80262727078358e-05	0.010915511520497094	8.381733571669077e-06	0.0002526991885094293	2.00124151019568e-06	4.5412848661308446e-06	0.0021916996208726468	2.0597671511506775e-06	0.0	0.0	0.0	1.0362764101519855e-05	0.00020630639730836325	0.0	0.0
MHW173_trimmed_clipped_R1_paired	0.0011590582022522303	0.1652052068892732	0.00031383423369258897	0.09665714319996183	0.0019436291443383083	2.6719741573784767e-05	0.0	0.0	0.0	0.003079639293894456	1.203728042044455e-05	0.00029394615048366655	0.01216240779426283	0.0034234991249112	0.004322431034855188	3.29037213135216e-05	0.0010070026166843274	0.000266730645793386	0.0005054588029344967	0.00012344681866183001	0.001004034165404369	0.0004154961251890743	1.6111426181558254e-05	1.8489014673353515e-06	3.250140447854867e-05	0.0	1.3138039997373893e-05	4.721262493162845e-07	2.8998505935174126e-05	0.0	0.0	0.00011327009333826747	0.0	0.0	0.001116277691521722	2.11072707433016e-05	5.236529508291502e-07	4.75805828716563e-05
MHW173_trimmed_clipped_R2_paired	0.09896933252129553	0.08925087813827377	8.919484504636693e-06	0.00016959924969291935	0.0006096331415333681	0.0	0.0	0.0	4.477570606307164e-06	6.726174417182143e-06	1.3482006550044135e-06	0.0	4.517226336479345e-07	9.059320229558101e-07	9.124583135929106e-05	1.4556913747956937e-05	3.7837106796843156e-05	0.000145320545454361	9.625151191072813e-05	0.0046154600723433015	2.5382393370849866e-05	8.664242090488686e-05	0.002567764374458279	7.948835050764089e-06	0.01085761310010904	3.782467996065477e-06	0.00026410002932795133	4.792497073617418e-07	2.8981565053491734e-06	0.00219963947353515	2.4604139811863163e-06	0.0	0.0	0.0	5.18158467087867e-06	0.00020450857172641903	0.0	0.0
MHW174_trimmed_clipped_R1_paired	0.001088373440377413	0.16591866938542246	0.0002442696209987084	0.0969066356759773	0.0021307097897480184	2.2780405198380778e-05	0.0	0.0	0.0	0.0030749100688276278	1.2854153810266834e-05	0.00029993254629041936	0.012043614120857573	0.0033338853678305906	0.004289026455812615	3.72785208727339e-05	0.0010120979794968764	0.00028400518040596	0.0005155573914986476	0.00011382529381333801	0.0009690866412739366	0.00038631328737500026	1.4534455677731002e-05	3.433597057050228e-06	3.621127374552121e-05	0.0	9.582473175695726e-06	0.0	2.7359091379510827e-05	0.0	0.0	0.00011750789403513779	0.0	0.0	0.0011509625390999346	1.9251609375585744e-05	0.0	6.951857862910009e-05
MHW174_trimmed_clipped_R2_paired	0.0993192493120073	0.08918925605009467	1.8661563627534266e-05	0.0001431722136181716	0.0005647395986748635	0.0	0.0	0.0	6.243432819174847e-06	6.6687448142694136e-06	1.6706640506183808e-06	4.184933920667605e-07	0.0	2.1040229714534876e-06	0.00011048497942577812	1.3521839609093759e-05	4.234360649354788e-05	0.00016213901049184982	8.59864531493062e-05	0.004555150112416168	2.3997290671601332e-05	7.614134488663958e-05	0.0025293029575409478	1.2586324500114809e-05	0.01090615869909245	5.265086186367633e-06	0.00025122994054760465	4.4465393573536725e-07	3.585215517701894e-06	0.002206120930677911	9.134736059748773e-07	0.0	0.0	0.0	8.693973649000567e-06	0.00017972635062813745	0.0	0.0
MHW175_trimmed_clipped_R1_paired	0.0011566881732608181	0.1666233439347442	0.0002863480378178197	0.09615709842588521	0.0019814848821581113	2.1309918815365513e-05	0.0	0.0	0.0	0.003242703506027806	9.955692427889972e-06	0.0003026044965064572	0.01205544707153019	0.003556520647032401	0.00439465475408743	3.592594960511849e-05	0.0010446982199072085	0.00028828908886729184	0.0005378820450265695	0.00012065547087592804	0.0010000951938859161	0.00040202549923177227	2.110185194563786e-05	3.4528876953604396e-06	4.117231979979339e-05	0.0	1.5082877546370574e-05	5.068468213821319e-07	2.659621574619031e-05	0.0	1.045613875383958e-06	0.00012154044736321264	0.0	0.0	0.001145726757576236	2.296476756842037e-05	0.0	2.9937651248756313e-05
MHW175_trimmed_clipped_R2_paired	0.09876792366974532	0.08945743649133028	2.1329842191162548e-05	0.0001446611075221191	0.000562368839925625	0.0	0.0	0.0	2.3780005462267253e-06	1.190560618232032e-05	1.4315860488389207e-06	0.0	4.794919725012313e-07	1.4422280438772114e-06	0.00010357673742979586	2.5584008330384818e-05	4.8370246998651566e-05	0.00016777943304526784	9.876218579418731e-05	0.0048250703958042694	2.4025851855822746e-05	8.324593249290801e-05	0.0026407389862990204	1.2945686437280822e-05	0.010846310115562332	8.578678968115517e-06	0.00025430744035161764	2.0527467229130216e-06	3.109827185555707e-06	0.0023291483453086403	4.248203272873152e-06	0.0	0.0	0.0	1.0276151533980228e-05	0.00020080003769654817	0.0	0.0
MHW176_trimmed_clipped_R1_paired	0.0	0.0808949537558232	0.017555462133425	0.07557303173239777	0.002238370940698032	2.603132463831557e-06	0.008958700624437835	0.0	0.0	0.0	0.023376472451263782	0.0267647717233668	0.05420118845189387	0.026174391588092084	0.021466243794464896	0.022137409619528096	0.0008251294460067711	0.009167780658926535	0.028350233517195907	0.00023006317443602787	0.014007572639920075	0.0063168224630851585	1.1006394561150504e-06	2.725041368352495e-05	0.00625905337410578	0.006947400828176008	0.01195242908937102	0.0033174376499252893	0.009336290711717243	0.013222258648664343	0.016415277569358917	0.012180309116459067	0.008951478260693318	0.010312810507024029	0.01701901591193735	0.0	0.011541831878216223	0.0
MHW176_trimmed_clipped_R2_paired	0.072881723422858	0.10797924028176406	0.14239866834220308	0.00013326294262763793	0.0	0.0	0.0	0.04408655629083848	2.6242720761311825e-06	0.005916341283232025	2.1083944232271736e-06	0.010437644888281071	0.008288750345033409	0.0	0.009571393183686189	0.005411221390535207	0.00650566161271159	0.009055174409178846	0.017886045829905425	0.0063943920849704695	0.003157958207646871	0.017709738737777866	0.00847904517778051	0.01686042662460111	0.013393110890887164	0.006152958352884516	0.005951689541763765	0.006145549228939482	0.007299424620229057	0.016147659721744503	0.0	0.0029865919623593183	0.0027921393686167013	0.0192894682046755	0.005852956829741756	0.006316419580579067	0.0	0.01322439664412167
MHW177_trimmed_clipped_R1_paired	0.0	0.08106535679332244	0.01699113495151621	0.07709053096999388	0.0021948230627130043	0.0	0.008733016975654864	0.0	0.0	0.0	0.023319923325873824	0.02694946288009957	0.054776942708968226	0.026727984679542575	0.021418860334050143	0.02225240428809854	0.0007540243590750239	0.009308700009207686	0.028133112294876854	0.0002131182599415561	0.013980221322854288	0.006446266876409559	6.034091166911168e-07	2.6084799633221023e-05	0.006293754914593307	0.006913367604676847	0.012148508982134446	0.0032600116417223998	0.009555367595557926	0.0134197067134035	0.016301607497617773	0.012017384192472159	0.009027346651944835	0.010409134238159581	0.017585665549861764	0.0	0.011750385936700887	0.0
MHW177_trimmed_clipped_R2_paired	0.07246281393664329	0.10888260727842003	0.14218970216261118	9.346025313592737e-05	0.0	0.0	0.0	0.04273873374490825	0.0	0.0060609358149664476	5.904153820777793e-07	0.010268748858740212	0.008371895977015615	0.0	0.009569164513539929	0.0054425336767325175	0.006495779198964132	0.00915595328244055	0.017671404620093315	0.006357139511439603	0.003159098650580924	0.01800334862039262	0.00843580677912425	0.016643814307657656	0.013772933388605685	0.006114002867429604	0.006025253531777618	0.0060328752712353	0.007244793934741316	0.01648450520637368	0.0	0.002998432950784551	0.002704477214929637	0.019104637381187763	0.005815959116311486	0.006220602525798602	0.0	0.013385100505116728
MHW178_trimmed_clipped_R1_paired	0.0	0.07971596868755246	0.016978785077014745	0.07749629795653723	0.002220426367023683	6.273430478658981e-06	0.008552154179716337	0.0	0.0	0.0	0.023435621818421275	0.026371391751865914	0.05476990968079755	0.0266095854049222	0.02116644642092469	0.022085952812731697	0.0007682758237827949	0.00907967350469299	0.028401155761228005	0.00019144285010008077	0.01375106846151418	0.00636689709500783	0.0	2.6893753850890374e-05	0.00604392764070536	0.00650785578554418	0.01171627131706578	0.003282389592011901	0.009376978550623352	0.013236193038564738	0.01649805138649736	0.011841679090918324	0.008681320220898818	0.010057345407709488	0.01686771076361914	0.0	0.011607900913766931	0.0
MHW178_trimmed_clipped_R2_paired	0.07215053556921455	0.10804135760309995	0.14410489165477414	8.214049278293095e-05	3.1640465092055717e-06	0.0	0.0	0.04284052707507969	0.0	0.005939944855992454	1.9181305071444993e-06	0.010189738598658026	0.008255043745202181	0.0	0.009576592447557543	0.0053116096669661595	0.006588051077228255	0.00907533105550324	0.017613732264309907	0.006131386692591197	0.0030827483053343084	0.01784217291048603	0.00819975050663244	0.016701811849679483	0.01345954965199469	0.006227979697805272	0.0058684417133411755	0.006039663543548196	0.007196260043918959	0.015945795473536563	0.0	0.003074227739573452	0.002699407946778888	0.01888479193299761	0.005825252492434722	0.006265709305127464	0.0	0.012636254017574794
MHW179_trimmed_clipped_R1_paired	0.0	0.07931295518898773	0.017521583656843042	0.07733508519693208	0.002169251786461128	0.0	0.00874252003484198	0.0	0.0	0.0	0.02351402533762682	0.027002920587248045	0.054852759376493865	0.026562520088173405	0.021537650389078865	0.022147544718768425	0.0007867053478650063	0.009395871248381767	0.02853477402552117	0.00021241911812091196	0.013940511507460365	0.0064512439205293695	1.8667190708637299e-06	2.1893300746927486e-05	0.006244483030700729	0.006836130554046566	0.012049582898317581	0.003321132510814944	0.009592266668048448	0.013594306205031647	0.016402600315297226	0.012150132835592754	0.008871421018572068	0.010518505423258264	0.01739085285215426	0.0	0.0116377925494549	0.0
MHW179_trimmed_clipped_R2_paired	0.07151641985250613	0.10797891261493776	0.1436661966608082	8.43187586351443e-05	0.0	0.0	0.0	0.043952426907564984	0.0	0.006109999408735199	6.089678888857216e-07	0.010509138937074005	0.008392886956617322	0.0	0.009386061356822996	0.005409189226535856	0.006447312564202216	0.00918327976337333	0.017872357355581594	0.006301288079070453	0.0031828380767045484	0.018038819630899747	0.008352875522072208	0.016746805097878233	0.013606323028849586	0.006086361878809798	0.005987009818480106	0.006120591532647114	0.007344177922468381	0.016176237782787442	0.0	0.003068378322723584	0.002686201182721308	0.019103013924021417	0.005994531631600972	0.006237382725670533	0.0	0.013053914735044577
MHW180_trimmed_clipped_R1_paired	0.0	0.07996208248723664	0.017318696033579696	0.07679311890151569	0.002252007324604251	0.0	0.008631006479913713	0.0	0.0	0.0	0.023348679228596132	0.02667851929540257	0.054998374669122975	0.02670386109796047	0.02114799872255971	0.022049268147032914	0.0007865063701525387	0.009288788539477708	0.02801098977910621	0.00021687571198319362	0.014075265813316681	0.006423224859663425	0.0	2.3137396427447166e-05	0.006274128061991323	0.00674027800233352	0.011803674395817351	0.0032752621681985347	0.00941813547524023	0.013434008866856053	0.016375632450942597	0.012109577665901199	0.008928531678353726	0.010491457377853548	0.017058144396957013	0.0	0.011553665023374451	0.0
MHW180_trimmed_clipped_R2_paired	0.07220347989983203	0.10880877340465661	0.14241433600077238	0.00010546410376732887	5.708611028716825e-06	0.0	0.0	0.042505839718520066	0.0	0.006150592592064182	1.7294812328802976e-06	0.010682680315006373	0.008480192077220729	0.0	0.009592765733268071	0.0054131594063121955	0.006681435018839958	0.009017469339663148	0.017536522767641758	0.006224230521194932	0.003011161263734465	0.017649020876366366	0.008349832231362429	0.016752085011459566	0.013424698679647122	0.006164306887799259	0.005854297665280354	0.006064133066642821	0.00731543934913922	0.016177549693998768	0.0	0.003035048403930782	0.002708462844619257	0.019097139681647123	0.005836489472353925	0.006175357898027691	0.0	0.013158536552026003
MHW181_trimmed_clipped_R1_paired	0.0	0.08112825218429881	0.016817666186876735	0.07773934586621084	0.0023279447093839164	0.0	0.008770538683141087	0.0	0.0	0.0	0.023222202563453247	0.02625652431625382	0.05492606924348357	0.026570387861283754	0.021077783747183856	0.02215417291516069	0.0007895710276906536	0.009007681694982467	0.028093223005598703	0.0002322837144963911	0.014034441069013758	0.006359676268459016	2.013753547403077e-06	1.3516176748286038e-05	0.006027765879149347	0.006834551538079609	0.011681490610578441	0.003265894946957233	0.009416894301750234	0.013312115201369303	0.01648725913066617	0.011837431059229414	0.008756010690419206	0.01045062217266191	0.01695278794019395	0.0	0.011447597516720961	0.0
MHW181_trimmed_clipped_R2_paired	0.07221044042296504	0.10861511222654376	0.14242469462012589	9.365948839893206e-05	0.0	0.0	0.0	0.04259812640235182	3.24553954141435e-06	0.006016063618292327	0.0	0.010232608265505509	0.008219122379794023	0.0	0.009393170030717518	0.005375641319558814	0.006558898387868718	0.009047089339837935	0.017454167240609254	0.006103843302896032	0.0030873559792410792	0.017896973682720276	0.008014748065131787	0.016550136386224122	0.013373553478521132	0.006117993079260134	0.005712388286810408	0.005957456296451721	0.007335324657452462	0.016283539215109645	0.0	0.0029468085851294436	0.0026708728811821966	0.01905894738859859	0.005824055600232153	0.006168760510500947	0.0	0.013486607955023178
MHW182_trimmed_clipped_R1_paired	0.0	0.0794911325307341	0.016320148456664	0.07814528831029072	0.002270782031439016	2.5896227652494275e-06	0.008466696537952505	0.0	0.0	0.0	0.023593268482116726	0.025791304428421303	0.05509797310618253	0.026708765711029824	0.02059033450163711	0.021640067764368467	0.0007591111047796324	0.009006571806306195	0.027863641728841447	0.00020833805127783004	0.013916024683435385	0.006355015097220157	1.6147357338299757e-06	2.812494096128679e-05	0.005942792554925603	0.006597974433882908	0.011522032273527882	0.0032419950312405537	0.009236534747320486	0.013449957989748794	0.016714141409417495	0.011488718525271764	0.008713548860743487	0.010116530582036364	0.016880018556243097	0.0	0.011320752463008734	0.0
MHW182_trimmed_clipped_R2_paired	0.07207246363875909	0.10763686404823129	0.1442477130889595	0.00010669703455110216	2.6054960124446828e-06	0.0	0.0	0.04100752412786213	0.0	0.005947629605833984	0.0	0.010181105844721896	0.008279387510780788	0.0	0.009550159581382773	0.005465939155733632	0.006648295856452149	0.009089824088940565	0.017090681016735804	0.0060828235305415	0.0030415739710789765	0.01744323799945399	0.007935963676355642	0.01649616899698397	0.013292074541398571	0.006122584786150939	0.005573821954777969	0.005956363981005866	0.007297621592101794	0.01598960370284559	0.0	0.0030720389573719426	0.0025769244288987524	0.01903451639957559	0.00568931657090903	0.006238054443621245	0.0	0.013373795934835177
MHW183_trimmed_clipped_R1_paired	0.0	0.08042673704909893	0.01706757119392313	0.07696227060683028	0.002305969829077699	0.0	0.008585488359340896	0.0	0.0	0.0	0.0235033383180649	0.02645354228390704	0.05527563826155012	0.026761760695365656	0.021129433847869236	0.02212102597591562	0.0007856020375281085	0.009034224053671814	0.02839913055569511	0.00020770516609119454	0.014232479916202162	0.00625092346576552	2.1810044728421406e-06	2.413749595422653e-05	0.0062347411406440695	0.006694307358280404	0.011770817732383391	0.0032399792514646924	0.009321228537464595	0.013294618996906985	0.01644679885281086	0.011616949941053358	0.008752190517209019	0.01021149319829862	0.016765221204427423	0.0	0.011446011707467275	0.0
MHW183_trimmed_clipped_R2_paired	0.07246715094612345	0.10976736511046344	0.1423321228382389	7.355122217439058e-05	0.0	0.0	0.0	0.04174206396223364	5.280948018889317e-06	0.00605919694652882	0.0	0.010502899826063212	0.00840388623379574	0.0	0.00949176045112235	0.005338260930104054	0.006513760230842873	0.009064979081358471	0.017617661634344185	0.006159349277469349	0.0031309545909487964	0.017979575056959435	0.008261451958462047	0.016595849371133092	0.013491174036393163	0.006109299148092174	0.0058268249387120755	0.0060873619144068605	0.007236991290139052	0.016116464782647354	0.0	0.0030045175627261217	0.0025449149614293833	0.01870242456975994	0.0060310071620404415	0.00614788462551013	6.595474673344277e-07	0.01301009686078717
MHW184_trimmed_clipped_R1_paired	0.0	0.07969176618195054	0.017177946531916698	0.0778178831889369	0.0022221788799642915	5.329736542861595e-06	0.008824614635395495	0.0	0.0	0.0	0.023453059288826933	0.026512819063875488	0.05500509322668535	0.026933169648802175	0.021254790469573116	0.021877440826810406	0.0007552518283496059	0.00919337924356323	0.027992852370195696	0.00018254147134547056	0.013788954138723965	0.006331513928146279	5.552320280220719e-07	2.7933173435654857e-05	0.006279686387793509	0.006749965387444528	0.011839981786366064	0.0032619318414643943	0.009237274141517019	0.013364466885379693	0.016471003131479	0.01193177849222157	0.008853076629819172	0.01026227617397552	0.0171538832923537	0.0	0.011342083383455015	0.0
MHW184_trimmed_clipped_R2_paired	0.0717177285197243	0.10820461290397962	0.14167607071904456	0.00010714896272035786	5.364227133285407e-06	0.0	0.0	0.04294370037014687	2.69369752626712e-06	0.006128465122373721	5.414661080714588e-07	0.010450080738312724	0.008556508608481212	0.0	0.00933655600124643	0.005459553434887764	0.006515773626294785	0.009244622334130956	0.017658781721907456	0.006125965356214775	0.00313972361515954	0.017891551528913533	0.008273193201090961	0.016811274329599824	0.013446990711598198	0.0060612737265644	0.005873500781458474	0.006100206275943328	0.007290625641779899	0.016097341554188523	0.0	0.0029926260325788593	0.0026852140784396775	0.018945570162600928	0.005843472934285541	0.006232408751046572	0.0	0.013079907458019317
MHW185_trimmed_clipped_R1_paired	0.0	0.08039840231651359	0.016739395404232877	0.07776505407539121	0.002352961865051693	3.096572017362479e-06	0.008702767356136442	0.0	0.0	0.0	0.023358013274435777	0.026370830726647677	0.05423909445116501	0.026437936305097526	0.02114861177525385	0.022044700230721533	0.0007728314970228647	0.009020696595352972	0.028279920735292098	0.00020309085237548073	0.013918858807275957	0.0063622958496239446	6.428354287946945e-07	2.390557854701493e-05	0.006055815673342441	0.006741276182761287	0.01178681899598444	0.003312004484728911	0.009278680731681142	0.013363766792642251	0.016397610328157074	0.011797777229652903	0.008745184602621501	0.01016939592199926	0.016816961096491494	0.0	0.011535962366891174	0.0
MHW185_trimmed_clipped_R2_paired	0.07252418913845798	0.10693854754468256	0.14191546577986433	0.00010283860092383967	0.0	0.0	0.0	0.04283288398801719	0.0	0.005982143888334052	6.305644952085296e-07	0.010114572486395676	0.008082520356606965	0.0	0.009490935218812193	0.005325456714032939	0.006546147516552962	0.009064034133007203	0.017364830252882917	0.0062113885280956835	0.0030773437479524888	0.017643504105261363	0.008311860042704866	0.016738421736877826	0.013338205360467146	0.00613723385602946	0.005829199785098501	0.006015834904494445	0.007208202752944015	0.01622159789174386	0.0	0.0029990822436399625	0.002736345684068443	0.019374482472196378	0.005857785086743337	0.0061414740108317765	0.0	0.013172547264330405
MHW186_trimmed_clipped_R1_paired	0.0011805114825060288	0.16594712480061977	0.00032728518443800824	0.09624454939352291	0.00200087782414297	2.4404070395574727e-05	0.0	0.0	0.0	0.003048817961351359	5.293473747475038e-06	0.0003246914933794549	0.01203936609362967	0.0034505960904746297	0.004276406064331369	3.662552751613536e-05	0.0010525601173917989	0.0002579732268935799	0.0005120623946908442	0.00011230499781323452	0.000999185772112145	0.00040216515497742153	1.808618790300864e-05	4.6471937531847005e-06	3.438634598181156e-05	0.0	7.728600838535158e-06	1.296694515184053e-06	2.3513005219534464e-05	0.0	4.4288690960268504e-07	0.00011550290409891916	0.0	0.0	0.0010897914091436887	1.8367961847388377e-05	9.564424030647896e-07	4.581094695012777e-05
MHW186_trimmed_clipped_R2_paired	0.09949822166409247	0.09012282600226568	2.0365406302584116e-05	0.0001243214798576784	0.0005771532322661206	0.0	0.0	0.0	6.133758378253913e-06	1.1875840722501906e-05	4.103996569945331e-07	4.1122237541215224e-07	4.1240427261713905e-07	3.3077366749368214e-06	0.00010192620684326834	2.283467496044204e-05	5.242208352827449e-05	0.00013388207801701572	9.789972088915087e-05	0.004671783117221172	2.6128279256553863e-05	8.887308509131102e-05	0.0025412454402831026	1.2393546804968847e-05	0.011060893506593216	6.919661783885176e-06	0.0002390689833377236	1.7551089928388656e-06	3.539526910195734e-06	0.0021535344888146523	2.2553260788334255e-06	4.5610311925958595e-07	4.616362098099458e-07	0.0	7.592045100695761e-06	0.00021837745703683848	0.0	0.0
MHW187_trimmed_clipped_R1_paired	0.0011634712868533851	0.16693338546720857	0.0002881151354179552	0.09705055263777428	0.0019039703449414043	1.5371917589458892e-05	0.0	0.0	0.0	0.003079812007259881	9.233293897422135e-06	0.0003029179629335878	0.012025691935414314	0.0033439039636661027	0.004324390000065449	3.419682944251264e-05	0.001039818846265611	0.0002880792647989197	0.0005406960373432795	0.00011981157355602541	0.0009781188543798885	0.00040807070605897606	1.6297620369742207e-05	2.3962907145068745e-06	3.412388731889344e-05	0.0	1.2190875611550702e-05	8.184941938866153e-07	2.722226068855978e-05	0.0	4.1995586952538913e-07	0.00011511072602679596	0.0	0.0	0.001064265185515453	1.6129463966925352e-05	1.365821846213896e-06	3.904029403863437e-05
MHW187_trimmed_clipped_R2_paired	0.10018716528361418	0.09031709843579368	9.620178054103496e-06	0.00012514923805967003	0.0006087965006377143	0.0	0.0	0.0	3.862295343970133e-06	1.00558320681614e-05	3.8756236110927667e-07	3.883104226365592e-07	0.0	1.5615220114445978e-06	0.00011539694811373382	1.7637524945878373e-05	3.9667756694727295e-05	0.0001500126713459202	8.808764124626142e-05	0.004694024902753601	2.3087465138076914e-05	8.237050015855521e-05	0.002645346553116857	1.3737964775147175e-05	0.010828740529425328	6.138921987455202e-06	0.0002836477107141644	4.1562147045155575e-07	5.451026873876971e-06	0.002220825847096653	1.7118987331782463e-06	0.0	0.0	0.0	2.7084542028043112e-06	0.00021524232414549518	0.0	0.0
MHW188_trimmed_clipped_R1_paired	0.0011796842562113719	0.16630819878474995	0.00028357237852463243	0.09701703233616135	0.0020454432368627864	1.3984168802182425e-05	0.0	0.0	0.0	0.0030476822542373897	7.599705526610255e-06	0.0003257473407341715	0.012013329172530639	0.003397878954413876	0.0043337418729938754	3.719062278062685e-05	0.001014127291523527	0.00026683378503175776	0.000518962942583431	0.0001168784524658644	0.001001851329396431	0.00039681913894601975	1.3639175504566522e-05	2.075718421921287e-06	3.0452079262757666e-05	0.0	1.223463591508086e-05	1.6986358569680322e-06	2.438092636159518e-05	0.0	2.1745907688734937e-06	0.00012790264279385083	0.0	0.0	0.001152883356263459	2.2646721825083967e-05	0.0	5.678112487525009e-05
MHW188_trimmed_clipped_R2_paired	0.09909347752175525	0.09075343602131627	1.2002886214019022e-05	0.00014413787364165318	0.0005749154724016335	0.0	0.0	0.0	4.016241600708433e-06	1.0859384413351801e-05	8.061269192823908e-07	4.0387133289373283e-07	8.10104639312514e-07	2.0305913212291383e-06	0.00011192017003693638	1.5904783298734515e-05	4.086765897919846e-05	0.0001569159941908142	9.124069216504258e-05	0.004844976746916232	2.0288423373452876e-05	8.649186516563582e-05	0.0026574567235094332	1.5117734141912622e-05	0.010809193361063119	6.7994202474326025e-06	0.00025672650945913317	1.2932660095834977e-06	5.2155455907921e-06	0.0022257921638169	8.859341684999303e-07	8.956467305616267e-07	0.0	0.0	8.38209859789936e-06	0.0002152324356094089	0.0	0.0
MHW189_trimmed_clipped_R1_paired	0.0012754193287122916	0.16660833651693602	0.0003416186567809244	0.09690067437092408	0.0022146676012970304	2.4015471875388522e-05	0.0	0.0	0.0	0.0029865582326910407	8.137386093378052e-06	0.00032897590500170564	0.01239596548495417	0.003301677177272145	0.004264080017561704	3.2124535498360674e-05	0.0010164028248406394	0.00028405904327443273	0.000526863099218667	0.0001053276002652217	0.0009640414691169239	0.0003615529531937957	8.778565542924909e-06	1.149955672467034e-06	3.658504640374116e-05	0.0	1.051063834259846e-05	7.834559088622663e-07	2.2877298952097826e-05	0.0	1.2022293612293719e-06	0.00013722043168673482	0.0	0.0	0.001123287243388211	2.164676472314359e-05	4.305481044422214e-07	3.2541217899769834e-05
MHW189_trimmed_clipped_R2_paired	0.09994783885639738	0.09072883178010205	1.4800353499043148e-05	0.00015551957005504002	0.0005576422884046253	0.0	0.0	0.0	1.1143575855741655e-05	6.323597209369769e-06	3.727630869235879e-07	1.494002818705238e-06	7.491220879063382e-07	3.3797931846718285e-06	0.00011478480614972584	2.0365217669989728e-05	5.0267783094727605e-05	0.00015346175096015617	8.818882772841636e-05	0.004567629729944327	1.9529444468754135e-05	6.921986550457075e-05	0.002556350175113271	1.3201967953682774e-05	0.01092859741724797	5.892453808602839e-06	0.00023173091039711504	7.9663990353583e-07	6.8251183465484356e-06	0.0021343160831562595	8.177855668763611e-07	4.132125762553335e-07	0.0	0.0	5.576350816294114e-06	0.00020638505550660754	0.0	0.0
MHW190_trimmed_clipped_R1_paired	0.0011594748914706926	0.16778145925266078	0.00030620182517744285	0.09668297587383079	0.002204519587111815	1.5653313979874087e-05	0.0	0.0	0.0	0.0031497171598295955	8.954466987568796e-06	0.00030772348868528954	0.01203372318413617	0.0034155398883825867	0.004384211354349642	3.3902240656040724e-05	0.0010377858883822727	0.00028105812873277774	0.0005439416100093092	0.00011385932776081092	0.0009880800992091191	0.00041003792015926116	1.3906424826213147e-05	1.8645647043411256e-06	3.18939640513563e-05	0.0	1.0471210268860795e-05	0.0	2.5207626982499875e-05	0.0	9.916740829012958e-07	0.0001308266109337253	0.0	0.0	0.0010736434497840024	1.9935518833731198e-05	0.0	3.339343595247513e-05
MHW190_trimmed_clipped_R2_paired	0.09973047905615258	0.09089880445292087	1.7904884553221096e-05	0.00014108593530882905	0.0005646446033879169	0.0	0.0	0.0	2.245320230602471e-06	7.194110717516817e-06	1.351494159234177e-06	1.3539344203720772e-06	4.524868778352941e-07	2.267790663545751e-06	0.00011042650264419896	2.4128823369127822e-05	5.245407053165895e-05	0.0001522627263072785	7.662423640105744e-05	0.0048310773811094335	2.0357350713625078e-05	7.950904291217428e-05	0.0026780530300131574	1.0349769033142924e-05	0.010818517043688046	2.864070744227637e-06	0.0002411981673503271	1.4580658865855405e-06	6.384875898886158e-06	0.002212781990814863	4.02726127662481e-06	0.0	0.0	0.0	9.140386442634719e-06	0.00020088060348485035	0.0	0.0
MHW191_trimmed_clipped_R1_paired	0.001196819035892645	0.16626855643542063	0.00035773941015589355	0.09787027702143922	0.002058680736760157	2.526315949030481e-05	0.0	0.0	0.0	0.003098932886779141	7.166077401527052e-06	0.0003112426973258774	0.012272237584636672	0.003353043316801458	0.004236346583204832	2.6832187474705075e-05	0.0010539762811196955	0.00027942347602564544	0.0005274038798490023	0.00011837754576831052	0.000987731357283249	0.00038055918187231044	1.5228613269466096e-05	3.9323218055921445e-06	3.5990964213863876e-05	0.0	1.3306983495179816e-05	1.3388430951492493e-06	2.471118665805112e-05	0.0	1.3689428340789084e-06	0.00011151187547330627	0.0	0.0	0.0010746324367654906	1.690047704059088e-05	4.897690934142421e-07	4.1948736965478706e-05
MHW191_trimmed_clipped_R2_paired	0.0998849602398417	0.09034966301189233	1.0540579523591947e-05	0.00012657832090566282	0.0005636406796999954	0.0	0.0	0.0	2.1162318773044313e-06	8.900767127449491e-06	4.247493061635134e-07	4.255986994793276e-07	4.2681099843969424e-07	1.7116665587960137e-06	0.00010806645036909323	1.8908334281937247e-05	4.823522160774617e-05	0.00016493233694053018	9.614565744885623e-05	0.004572927567412994	1.9192405390710484e-05	8.321588615443093e-05	0.002535791259435484	1.2821160963641111e-05	0.010826257183446781	5.812877118228071e-06	0.00023762224381824383	1.3597020472213371e-06	5.024220258600637e-06	0.002200084754856339	4.649912656273161e-06	4.698067686639712e-07	0.0	0.0	5.361572691205782e-06	0.0002221109886433662	0.0	0.0
MHW192_trimmed_clipped_R1_paired	0.0012446826584874583	0.16618850772538324	0.0002860939070280903	0.09625263038564819	0.001973227016007068	2.4532614175195244e-05	0.0	0.0	0.0	0.0031530807101433833	5.4576835829133855e-06	0.00033144436437420834	0.012263684796935796	0.0033478368394066873	0.004281136895434736	2.8676627202682753e-05	0.001014193945485434	0.00028035819982022057	0.0005254293312255962	0.0001295057564638891	0.000995178653771095	0.0003842293892271037	1.4726570435665593e-05	3.988618193084733e-06	3.900483164321574e-05	0.0	1.1655533640885955e-05	5.882935005687033e-07	2.734767172951141e-05	0.0	6.094508704436348e-07	0.00010653746397663287	0.0	0.0	0.0011568486834990048	2.1388721280779087e-05	6.841236224520945e-07	5.199886046230592e-05
MHW192_trimmed_clipped_R2_paired	0.09861046024769565	0.09117256215241415	1.6371566899474896e-05	0.00012286032599267459	0.0005736633766252498	0.0	0.0	0.0	5.474962585474432e-06	6.0302706098737756e-06	2.7464700485603916e-06	0.0	0.0	1.1062652330302633e-06	0.00010862821436636402	1.55480514612739e-05	5.5638483169205835e-05	0.00016288541380420188	9.629752531316222e-05	0.004663982860110356	2.48528774610689e-05	8.006316199884803e-05	0.002580009053735557	1.782419376715543e-05	0.011142652515700702	8.176865173171197e-06	0.00024934907659346367	1.191153361162011e-06	2.409684396285081e-06	0.0023027973074698075	1.8567448329421689e-06	6.28748527989665e-07	0.0	0.0	9.318882542175184e-06	0.0002165861968349932	0.0	0.0
MHW193_trimmed_clipped_R1_paired	0.0011740851607757313	0.16823681272943775	0.0003090117585958658	0.09637295034165011	0.001985854113313598	1.6939061240190404e-05	0.0	0.0	0.0	0.0031768565445615704	1.0174588261227348e-05	0.0003041103336381746	0.011911475714617668	0.0033851863291462273	0.004338607488846715	3.040640780698139e-05	0.000989740868071757	0.00027749440842313666	0.00048421696527935627	0.00012082136075927989	0.0009610612327624148	0.0003731718035103892	1.1398945793926667e-05	8.812269573195216e-07	3.0126949693793447e-05	0.0	1.1221574394248866e-05	1.357073255117391e-06	2.4639242702837322e-05	0.0	9.312712244278626e-07	0.00011086465923572149	0.0	0.0	0.0010904537283312993	2.6091703073749642e-05	0.0	3.87422268887378e-05
MHW193_trimmed_clipped_R2_paired	0.10024360257390776	0.09014356821573963	1.907672508334356e-05	0.00016968171274005933	0.0005517859965075767	0.0	0.0	0.0	6.381051781533292e-06	1.2353270094189083e-05	4.2684242102545516e-07	1.2829547892548329e-06	1.2864962089208092e-06	3.0093199671148393e-06	0.00011070952988150151	1.5969879943190388e-05	4.9304383909675196e-05	0.0001547821338494761	8.438503585196117e-05	0.004757303708691726	2.9369250459644113e-05	7.618063783749432e-05	0.0026413105573997323	1.5132707771821787e-05	0.011052736444183085	6.765017269465485e-06	0.00024634393332795073	1.8337725692361234e-06	5.5540912811014186e-06	0.0022561978053103667	9.467207524445655e-07	9.591241385788402e-07	0.0	0.0	1.0553488668759419e-05	0.0002145620827577219	0.0	0.0
MHW194_trimmed_clipped_R1_paired	0.0012258917920974317	0.1653069397183841	0.0002999092394068923	0.09526906919769006	0.001936548159993803	8.956327848261714e-06	0.0	0.0	0.0	0.0031529598890444916	8.070121645651137e-06	0.0003193822157503663	0.0120743677462241	0.0034292463730216938	0.004315815231425043	3.082816138034725e-05	0.0010851358164030902	0.00028200857716103195	0.0005445710608994138	0.00011201938016077645	0.0009960468790016963	0.0004059268602373384	1.4907512488116382e-05	1.8745285092167193e-06	2.8302093985140875e-05	0.0	1.2455699567874895e-05	0.0	2.7839528076041963e-05	0.0	5.002813757555731e-07	0.00011992695208695179	0.0	0.0	0.0011573380031118794	2.1860949984523813e-05	0.0	4.2419083406748984e-05
MHW194_trimmed_clipped_R2_paired	0.09844716420916748	0.08956038331243718	1.3450695433459757e-05	0.00017722425582693724	0.0006554684079379469	0.0	0.0	0.0	6.750376738525778e-06	4.957472100248378e-06	0.0	4.525781323759628e-07	4.5389805150190554e-07	1.82033514226711e-06	9.89601694074058e-05	1.7821061327823975e-05	5.03679020379105e-05	0.00016987248957728976	8.571595934801732e-05	0.004854209696157295	1.720425947705933e-05	9.068510464995633e-05	0.0027445610553491306	1.4198947223791076e-05	0.010985202095609655	8.171010992941736e-06	0.0002604464905482877	4.898984387137616e-07	4.953716976454458e-06	0.0022048775532836924	2.034204197679021e-06	0.0	0.0	0.0	1.2546994563567277e-05	0.00018902219110486995	0.0	0.0
MHW195_trimmed_clipped_R1_paired	0.0012656405419397116	0.16545950500693862	0.00028395129372941943	0.09500909827185426	0.0020260602685815343	8.41665045760066e-06	0.0	0.0	0.0	0.0030985708315794734	7.162404608988828e-06	0.00029506711476457966	0.012199563775299082	0.003393647271945675	0.00438032956201385	2.2988826063974915e-05	0.0010325309455711039	0.00028141767567056817	0.0005019656266037561	0.00011666994361397593	0.0010008507317649253	0.0003818729145426522	1.7001331038566326e-05	1.314447601401932e-06	2.819907613658029e-05	0.0	1.3394999565399238e-05	9.00060256784041e-07	2.6785837675680816e-05	0.0	1.390266900844459e-06	0.00011552574427812964	0.0	0.0	0.001121114709574498	2.4501149103892974e-05	0.0	2.8335552393479637e-05
MHW195_trimmed_clipped_R2_paired	0.09909418821226969	0.08973872131406102	1.474753764050901e-05	0.0001644416273860243	0.0005210457552849333	0.0	0.0	0.0	4.2287928312489015e-06	6.775533683379988e-06	4.243623541875037e-07	8.503910365859398e-07	0.0	2.5650434088708692e-06	0.00010409981573561505	1.674074920364256e-05	5.7637809604774054e-05	0.00015825809088236933	8.177138026957489e-05	0.004642777527259642	2.3984992302496417e-05	7.404403520573932e-05	0.002603705256671718	1.1959990218145482e-05	0.010953380177724644	8.531612689660276e-06	0.00022857462952148794	9.132761089440311e-07	4.611278172851853e-06	0.002219425339174902	2.8309843995207486e-06	4.781478152563264e-07	0.0	0.0	8.52820345106896e-06	0.00020559127252160335	0.0	0.0
MHW196_trimmed_clipped_R1_paired	0.0	0.08161155850420435	0.0161699498385347	0.07702894317810915	0.002336237160670466	6.792552590998808e-06	0.00903932002301103	0.0	0.0	0.0	0.023223232535164305	0.0258988580285265	0.053423700076909636	0.025653222902943466	0.020819389454328183	0.021506504123963224	0.0007851749940262709	0.00893932355278511	0.02846307188210366	0.0002536388218984001	0.01366206410958535	0.006119573207645472	1.4932671087289818e-06	2.366282537844739e-05	0.006049635907995264	0.006523533560624458	0.011789976152764857	0.0033079854899758896	0.008931998915992478	0.013043157271400013	0.01692536046569563	0.01178429124196872	0.007956893357460335	0.009728218919831015	0.017158145799688978	0.0	0.01154277419732326	0.0
MHW196_trimmed_clipped_R2_paired	0.07187993455801625	0.1061773407880565	0.14335637325910244	0.000136955856833332	3.4298430575843557e-06	0.0	0.0	0.04349383472652933	3.4507646963582423e-06	0.00549058015335618	0.0	0.009432364610474713	0.007682398719899896	0.0	0.00941507785327947	0.005299772409176811	0.006581680749196352	0.008808356422375546	0.0173666880169574	0.006231680557427949	0.0030553577603337875	0.017479244909168055	0.008164090211482173	0.01617915098536271	0.012996409919027343	0.006221742729062292	0.005801907121201044	0.0061181490319797945	0.007239336636602707	0.015749761250544968	0.0	0.0030537071966755015	0.002778894335267539	0.019390816565549623	0.00571617343730649	0.005998993224102881	0.0	0.013294787877416399
MHW197_trimmed_clipped_R1_paired	0.0	0.08251675295948079	0.018345410418717477	0.0759046541668918	0.0023858145986336093	2.8611560781527073e-06	0.009697800899883813	0.0	0.0	0.0	0.022871154744137135	0.027324875955748677	0.0540449754582125	0.025749888721513587	0.02148378975275913	0.022238341946833533	0.0008762320845863622	0.009295117585308741	0.027850189396522774	0.00024044771315858928	0.014161184073482127	0.006288913958726155	1.9460557371510257e-06	2.2695935041884214e-05	0.0062033120617421495	0.00702017135888383	0.01227514309181847	0.003349358817794804	0.00931282169308864	0.013364327808303282	0.01603095540945504	0.01220739980771481	0.008945192615776976	0.010355225200148241	0.018025826453329508	0.0	0.012050428639719881	0.0
MHW197_trimmed_clipped_R2_paired	0.07256394738955164	0.10744684782411597	0.1416212010912428	0.0001064672739886091	0.0	0.0	0.0	0.04608428703048398	0.0	0.006066526303673703	2.326729419877601e-06	0.010107238211294558	0.008081957493968329	0.0	0.009574664342692918	0.005507810631850207	0.006396099507052657	0.009115289301171826	0.01842189041780449	0.006543826414274406	0.003168938893768972	0.01801599450323306	0.008785933394837516	0.016937018042357633	0.013577581202868028	0.006167514194603598	0.006066066190786148	0.006328569110524111	0.0072396470573959084	0.016607907848416446	0.0	0.003117209658580649	0.002803756313154812	0.019555797735367395	0.005867331258346977	0.006224043027057162	0.0	0.013127367791244507
MHW198_trimmed_clipped_R1_paired	0.0	0.08277993383533325	0.018448979523338897	0.07586560405025364	0.0022859378031857914	0.0	0.009661366852790716	0.0	0.0	0.0	0.022633045463484255	0.027300882263196047	0.053254999460280714	0.025545604962458317	0.021537540542681623	0.0220465038489769	0.0008418089817691988	0.009376994636698553	0.02776309758691744	0.0002557465378596933	0.013855265338272391	0.00627342039907946	2.660890865995846e-06	2.1571145817445636e-05	0.006117115798349057	0.00709300207456733	0.012343109765028532	0.003375331903200592	0.00954338847378506	0.012996563997500425	0.016344062689668877	0.012320852989441883	0.0088389209848238	0.009805982707385039	0.01822377130866839	0.0	0.012031730674922289	0.0
MHW198_trimmed_clipped_R2_paired	0.07206201313591547	0.10717793371784186	0.14294364279929161	0.0001265659014586017	2.8157368038453276e-06	0.0	0.0	0.04636308690297461	2.827871398702239e-06	0.005873056515885023	2.2721172479754624e-06	0.010019211540802401	0.008178926069853439	0.0	0.00961148063213847	0.005492312384972048	0.00640913518777345	0.00919162368656814	0.018672310312411858	0.006656805805168021	0.003169063052663059	0.018187963088602276	0.008634982226610794	0.016754255200042284	0.013349785088902583	0.006020595972211753	0.006005818765365867	0.006238274314618782	0.007263229471689635	0.01632967836412652	0.0	0.003012494853050369	0.0029766445521468995	0.019326829721937153	0.00570128736309656	0.006254305993203599	0.0	0.013794072680783385
MHW199_trimmed_clipped_R1_paired	0.0	0.0833194229228541	0.01884692402516634	0.07685958885128026	0.0022222362630831796	2.7005108367314084e-06	0.00978780450362165	0.0	0.0	0.0	0.02318339499431489	0.02789671528701425	0.05370750039322898	0.025743270746922887	0.021761693117162785	0.02255745710552745	0.0008427265006276204	0.009709338306919318	0.028149882025139808	0.0002584167842887204	0.014345960677188858	0.0063846413026451675	5.813847013848293e-07	2.7776755192623554e-05	0.006401046263141974	0.007092836108905148	0.012363692570246899	0.0034361381170730293	0.009353570433193023	0.013604776332307857	0.016163690016812813	0.012351927420300626	0.008987866636769867	0.010379848599898246	0.017611628924314858	0.0	0.012103968678741514	0.0
MHW199_trimmed_clipped_R2_paired	0.07222922539619497	0.10928501999845845	0.14439898690714154	0.000119143710900385	0.0	0.0	0.0	0.04801478601242009	0.0	0.006010186392408993	3.81761195283395e-06	0.01016682925489876	0.008079339430929325	0.0	0.009667425757154298	0.005612706524103627	0.006347608901965296	0.009499673801509432	0.018774259580781934	0.006524850366740928	0.0031939130465647183	0.01848164074128555	0.008921132328943584	0.01686351810399754	0.013790754515248343	0.00634707336484479	0.00611349869053193	0.006335796078794537	0.007163586546050155	0.016912697119435372	0.0	0.0030992450643108804	0.002953607170120387	0.019751153126922136	0.005867708033475769	0.00627338960764247	0.0	0.013863692118897313
MHW200_trimmed_clipped_R1_paired	0.0	0.08075452172954738	0.018172904897154882	0.0779074181633302	0.0022833599673198015	2.606909216628473e-06	0.008963738626767758	0.0	0.0	0.0	0.022990255931872334	0.027334317437706687	0.05518552332684113	0.026728467550794447	0.022061972224201202	0.02258752449471999	0.0007876377953821462	0.009382158616840832	0.028583403488280548	0.00020170251151246512	0.014108593215938455	0.006470682192979529	2.1761174504555722e-06	2.682960141243287e-05	0.006421596927752755	0.007071915131239536	0.012222115389140992	0.0034420267680338274	0.009522492066316897	0.013704262104556487	0.01663192863738257	0.012247268788642924	0.008967754944869937	0.010636902267680548	0.01769120149994084	0.0	0.012025245271711123	0.0
MHW200_trimmed_clipped_R2_paired	0.07226839116215422	0.11085833767311827	0.14281001811963517	0.00010986311840183692	0.0	0.0	0.0	0.044558715419615	0.0	0.006166875016901406	2.1106986512793924e-06	0.010502638843536985	0.008474280579667539	0.0	0.009597061903354107	0.005512980894321822	0.0065278304044380855	0.009409394622549774	0.018323076643698342	0.006368507281479374	0.0032139448503746746	0.01821123000470824	0.008622276598856386	0.016906640783231237	0.013717370455920653	0.006381641891369871	0.005906214067488217	0.006173243548990744	0.007340244902186228	0.016524089766083352	0.0	0.0031174072572248608	0.0027905596221421405	0.019310169665741662	0.005975110388721245	0.006420703791316401	0.0	0.013611703924731232
MHW201_trimmed_clipped_R1_paired	0.0	0.0830158019148044	0.019712432304771755	0.07658786624243122	0.002235735411583425	0.0	0.00997362484485636	0.0	0.0	0.0	0.02281951596362653	0.028158700186655564	0.053453276335514215	0.025579185872737453	0.0220474198318183	0.022559088825968174	0.0008542696810860739	0.009907249689053103	0.02805496704334305	0.00024083137004057636	0.014095267456889276	0.006551719264259689	6.465798280645958e-07	2.312850177081061e-05	0.006320450796790579	0.007288832149845742	0.012652906226432508	0.003396277149041609	0.009734161925246431	0.013637693965785671	0.01612469337883773	0.012646460003977508	0.008968037414415339	0.010473367837656107	0.018182693568028655	0.0	0.012764219688916242	0.0
MHW201_trimmed_clipped_R2_paired	0.07230971906554193	0.1088845049218769	0.14475618256769576	0.00012405030996185128	2.955693970047352e-06	0.0	0.0	0.049158794635122266	0.0	0.0061525245927508045	1.7843019257732779e-06	0.010144020909015323	0.008272673087286032	0.0	0.00970538113270429	0.0055938195694515405	0.006430947367229169	0.009550190558857056	0.01929241817316213	0.006746555675322361	0.003253444406696416	0.01873310644379584	0.009022561376094489	0.01656282779831803	0.013724687493734428	0.006280881012998195	0.006140213560326026	0.006428762014046222	0.0071530993765824774	0.01694700449552969	0.0	0.0032122493922629187	0.003093695720705705	0.020019573805859385	0.005985313295363895	0.006461198445738842	0.0	0.013741768651018787
MHW202_trimmed_clipped_R1_paired	0.0	0.08405790076320371	0.0184447317205831	0.07756891861780175	0.0022075405333058184	0.0	0.009678363583593804	0.0	0.0	0.0	0.02292278386670689	0.028272205184642255	0.053498497732902564	0.02545825158468048	0.02198382720065376	0.022410618010322056	0.0008571394553453026	0.009730698678774508	0.02795074382376117	0.0002490311497686828	0.014200059794387146	0.006311906796702113	1.6230310003303246e-06	3.307628871079245e-05	0.006078212492769073	0.007237121368400533	0.012467683894764863	0.0033989052505335408	0.009353175112215055	0.013485425113694119	0.016063237914765095	0.012855151126277867	0.00902426559928722	0.010209335149181117	0.017971108775648375	0.0	0.012584051788840298	0.0
MHW202_trimmed_clipped_R2_paired	0.07268959653842524	0.10819699174326868	0.14416253414392752	0.00012183303803660248	2.344596289357507e-06	0.0	0.0	0.048610838962463786	2.3508850647354993e-06	0.005913239303002839	1.4152967537621418e-06	0.009983161347089209	0.008121588094502238	0.0	0.009601583471169689	0.005602764252677665	0.006316374081236299	0.009438887110775507	0.018987225575477547	0.006674611112844205	0.003164054902363385	0.018805257090510754	0.009022652742603466	0.01693290292983139	0.013631038677801216	0.006290422238757995	0.0062053778616614685	0.006395370022937157	0.007293434473879188	0.0170350553440573	0.0	0.0030597471453397366	0.0029640359368535603	0.019760495936137223	0.005999742627043536	0.006154711902888576	1.289684461414743e-06	0.01469591433283323
MHW203_trimmed_clipped_R1_paired	0.0	0.08226455754234094	0.019080222683527527	0.07755620979221993	0.002249591357712744	3.0906135439648275e-06	0.009526659779363547	0.0	0.0	0.0	0.023026611361544158	0.028196710589721535	0.05403723099146027	0.025983221924743675	0.022091256725031407	0.022732351878295937	0.0008241500520800881	0.009793612959519936	0.02843523280311625	0.0002199058958371743	0.014385714415892476	0.0064836553412117226	6.719481296898326e-07	2.5970458985626402e-05	0.006322765968726989	0.007273160698629912	0.012767126369170361	0.003293334271452552	0.00956685244557748	0.013522128191388632	0.01609046924423782	0.012536023535769035	0.009200211685120353	0.0106572921019997	0.0180126268909677	0.0	0.012263187073876464	0.0
MHW203_trimmed_clipped_R2_paired	0.07287902658937487	0.109166489810204	0.14360190191859615	9.616785074625476e-05	0.0	0.0	0.0	0.04722741367852336	0.0	0.00621397635679665	2.5016130244430793e-06	0.010501268747728025	0.008354021111340763	0.0	0.00978127240056187	0.005473695829882336	0.006407813732999825	0.009622562597612395	0.01902785560168505	0.006717531190740872	0.003210265396915439	0.018878546051376087	0.008826602576881898	0.01676686441941542	0.01385537226457616	0.0061274702210564825	0.006328972719678081	0.0064666464283748325	0.006994915844416221	0.017000535195892733	0.0	0.0030880009509542685	0.0030117477209778937	0.019820770766589606	0.006157921120923695	0.006372881314893581	0.0	0.01382716819595347
MHW204_trimmed_clipped_R1_paired	0.0	0.08306809714588757	0.018214752814102446	0.07723317644556624	0.002171838498323071	3.1389809229376104e-06	0.009519098114430549	0.0	0.0	0.0	0.02289366608864959	0.027811819104656327	0.05394249971394559	0.02565708308882718	0.02166729924860897	0.022470076950735635	0.0008494313226415351	0.00956201161212333	0.02830740881765035	0.00024344188296339774	0.014001475246346411	0.006335964075963587	0.0	2.413000844923214e-05	0.006103525667223585	0.00713860862212978	0.012513458011531366	0.003375286496979228	0.009545127062540078	0.013341219027716246	0.01604851151735614	0.012442970408741542	0.008737740937936712	0.010350780878548689	0.017764079764689987	0.0	0.012051344352036758	0.0
MHW204_trimmed_clipped_R2_paired	0.07227528750827168	0.10591493496955268	0.14347185551970643	0.0001326374834096562	0.0	0.0	0.0	0.04741798234327459	0.0	0.0058085752547106404	3.827898304685087e-06	0.009966448717974937	0.00792976247025017	0.0	0.009660998286634056	0.005548362541277954	0.0065455477528993155	0.009417917274681041	0.018765717393813632	0.006766131396766349	0.0032334587108320896	0.018646007008017586	0.008966252687386383	0.01687368868273287	0.013568396100776698	0.006310510373866306	0.00616720271832758	0.006353747930320731	0.00716306615872703	0.01665097784636516	0.0	0.003157308734483846	0.002913542729314399	0.01985495931470427	0.0058187526954097705	0.006447633273994085	0.0	0.01396803816255679
MHW205_trimmed_clipped_R1_paired	0.0	0.08390324665986959	0.018943974491199767	0.07664024460079925	0.002125710432030879	0.0	0.009743512881922368	0.0	0.0	0.0	0.022683320891134118	0.028144190480629157	0.053283596943578745	0.025516553728796836	0.02188047696875009	0.022487267220146975	0.0008490634997176436	0.009685134525262892	0.027921414539894225	0.00027809654994379095	0.014081696935931283	0.006398591804348754	3.6922338203655585e-06	1.7538614519759908e-05	0.0062333358342021505	0.007398180747186129	0.012639180150519546	0.003421833303346592	0.009598059672828731	0.013179709540450774	0.01610912633688476	0.012769352604619295	0.009262034961110057	0.01028462376259816	0.01856531276122817	0.0	0.012398168253439007	0.0
MHW205_trimmed_clipped_R2_paired	0.07176397355920296	0.1079827782278684	0.1432445059399071	0.0001236448162089764	3.2567561406137034e-06	0.0	0.0	0.048900638598449044	0.0	0.006109854356289488	2.6243748657058173e-06	0.01004934588957438	0.008165441975566746	0.0	0.009545081394282182	0.005472432086590973	0.006278222965151541	0.009492886728831381	0.019120071677631433	0.00675764793980948	0.003172659167578035	0.018667321302027366	0.009101696488511413	0.016912772988896915	0.013363133635554516	0.0062920904526589695	0.006189003705672556	0.006425522649736007	0.007370887767939196	0.016707122862540363	0.0	0.003048469090899005	0.003163445417933597	0.020116320728041037	0.006082653524863985	0.00619102568805223	0.0	0.014633524390173227
MHW206_trimmed_clipped_R1_paired	0.0	0.08418301555456252	0.019291937756877042	0.07605739209280682	0.002084627902626672	0.0	0.009637617882131166	0.0	0.0	0.0	0.022916447095604277	0.02834230802110724	0.05283350421196948	0.02517931243880975	0.02228996506788935	0.02265656586154737	0.0009099724169704235	0.0098941165161066	0.028704690338616255	0.0002553457182487936	0.013984489062534506	0.006428876258056688	0.0	2.7867445766137103e-05	0.006289297000617894	0.007419781649701788	0.012765474818874495	0.003591815688390933	0.0098839028515645	0.013321649963190818	0.01618169282775142	0.013217604686758625	0.008789481710189775	0.009954702161148486	0.01837216347572468	0.0	0.012687814716791455	0.0
MHW206_trimmed_clipped_R2_paired	0.07284497966193544	0.10665951086400005	0.14358511824677955	0.00014916806143090545	5.148894177146468e-06	0.0	0.0	0.05114477364408888	0.0	0.005759027853721065	4.153294787988838e-06	0.009846042293100387	0.007880373734527485	3.1425433464359584e-06	0.009588068860997738	0.005539045425960342	0.006336268788795564	0.009581760684181796	0.019423804437082116	0.006850232736328395	0.0032852055146134237	0.018739137031195945	0.009269643959432833	0.016952049969473536	0.01387158892975575	0.006189161983883913	0.006272060346245867	0.006591254267022797	0.006823930789613774	0.0174518905590321	0.0	0.003105146821287884	0.002813032527171457	0.020330349114407814	0.006135502412929274	0.006590823376918204	0.0	0.015457394380632289
MHW207_trimmed_clipped_R1_paired	0.0	0.08228002120457911	0.018654158686129636	0.07641030071691693	0.0019971997927439203	3.329182065243446e-06	0.009749219313283371	0.0	0.0	0.0	0.022552091110448088	0.027462696387344724	0.053034056978597005	0.02520561179849878	0.0216070261335313	0.02204176651742908	0.0008393680582536852	0.009570348194680266	0.027706645873035483	0.00021857787719295043	0.013966097805997862	0.006495871079988868	2.2876776447461877e-06	2.9986318111070916e-05	0.006110809147823877	0.006965695271866196	0.012296495503293044	0.0034165330283611973	0.009640781353538642	0.013073084224766107	0.016334318726769867	0.012442697268682723	0.008604607861347181	0.010186406245542278	0.018048259379270508	0.0	0.01239766995092049	0.0
MHW207_trimmed_clipped_R2_paired	0.07275754556475796	0.10730552302703346	0.1445028294260307	0.00014016637749008072	3.3396141456570707e-06	0.0	0.0	0.04709378755233419	3.348737077391055e-06	0.006128327719008454	1.34393211057059e-06	0.010028192884577175	0.007923486249735006	1.3528259041647442e-06	0.009657711758072592	0.005601050243098008	0.006227378287895475	0.009195286710972469	0.018673866065472135	0.006521861883674558	0.003235643976057804	0.018355175016679586	0.008749288143769362	0.016510912871152677	0.013527600640117094	0.00618256159518372	0.006057828659625904	0.006416592184948655	0.006948424213039828	0.016758864039156957	0.0	0.0029237876506607962	0.0030459034921664816	0.019578817029541135	0.006008720096411903	0.0061638929564668725	2.131681013377279e-06	0.01344566371681416
MHW208_trimmed_clipped_R1_paired	0.0	0.08111993626566616	0.01813576152062625	0.07754904934439284	0.0022733320380350155	4.771525292972846e-06	0.00923419463792508	0.0	0.0	0.0	0.02336811716760283	0.027578315941954645	0.05523323745794578	0.026406837007931398	0.021894891330872683	0.022486475398198265	0.0007799007996216328	0.009597012618439382	0.028275307216882605	0.00019152636984533594	0.014056642901403701	0.0065883287108838146	1.9898715537912027e-06	2.2529703611835917e-05	0.006353583769964665	0.007049359391753367	0.012413170355784906	0.003355315725718017	0.009562390596599434	0.013753932764318605	0.016234754309667518	0.012537411581109022	0.009138719246138242	0.01049427628645126	0.017645829094826957	0.0	0.01205382431635319	0.0
MHW208_trimmed_clipped_R2_paired	0.07245831525490541	0.10978175013363961	0.14424123340907635	0.00010057579161768784	4.793832255420176e-06	0.0	0.0	0.04512608700228824	0.0	0.006051303069830336	1.4494622519203079e-06	0.0105035075279681	0.008469981699232073	4.874188637076011e-07	0.009622439758191357	0.005562534812054215	0.006441936448844455	0.009502425615803533	0.018284373748269054	0.006509825539355098	0.0032982074982884657	0.018393503378689478	0.0086095343961981	0.016833576023617434	0.013800789525337127	0.006287928011296331	0.006135957189087896	0.006319111145203333	0.007297195179329429	0.01674803786685391	0.0	0.0031747440597116	0.003000181229571649	0.01954660135055592	0.006002188191922261	0.006463529539210794	0.0	0.01383547066128257
MHW209_trimmed_clipped_R1_paired	0.0	0.07977485738534243	0.01861970933806839	0.07741842120405404	0.0020718503698347207	0.0	0.009065629498286397	0.0	0.0	0.0	0.023439894710509505	0.0274932547966838	0.05568033526215847	0.027248210979761947	0.022117376850911065	0.022955217592587212	0.0007798250872016436	0.009619070337498252	0.02842712575083291	0.00022539245300771756	0.014273451452957098	0.00656342575445156	0.0	1.9114135811916543e-05	0.006465521882496355	0.007175782074386909	0.0124125128752563	0.0034146365226651477	0.009653768771359102	0.013893207331359741	0.01645736808458051	0.012341749268017442	0.009399986740062581	0.01068898449946707	0.01755085733021018	0.0	0.012071533540185935	0.0
MHW209_trimmed_clipped_R2_paired	0.07239732907615969	0.10934521501306078	0.14341498707697442	0.0001217638483783572	0.0	0.0	0.0	0.04508907496440386	2.7186822351461123e-06	0.006286047429962936	1.6386938530638063e-06	0.010766568508238275	0.00873549020817649	5.512119867264185e-07	0.009455222368915423	0.005523474197708312	0.006497969542693627	0.009566454461114024	0.01806020003383286	0.0065372033509887165	0.0032415912694463375	0.018671745185179684	0.008583505436722602	0.016917860372281265	0.013994533553727853	0.006256781851819602	0.006089929651207427	0.0062611323212449525	0.007371303963639481	0.01715479982628063	0.0	0.003067901537092432	0.0029014350798139132	0.01925882039819845	0.006007332887672857	0.00624031033445353	0.0	0.014217362539691955
MHW210_trimmed_clipped_R1_paired	0.0	0.08086567408713494	0.01827570199149627	0.07788483415582943	0.002190829146468156	2.3739442713733565e-06	0.008860832435319307	0.0	0.0	0.0	0.023392696912975013	0.027601893323122413	0.055812688656298064	0.02697888866936834	0.02210444190610449	0.022743708992074063	0.0007826824179488374	0.00950916293503219	0.02838382482088634	0.00019834448662948634	0.01419305970063849	0.006645027915383368	4.913065395872824e-07	2.0223602208492338e-05	0.006442410026522278	0.007229392265634535	0.012329030174483053	0.0033388799082931728	0.009714136659411022	0.013859759915407733	0.016165009135049955	0.012452313223662305	0.009284158806756329	0.010577871661872771	0.01784674521197637	0.0	0.01211438034271124	0.0
MHW210_trimmed_clipped_R2_paired	0.07315938001107483	0.11009788620339209	0.14348756944580118	0.00013595964431525895	0.0	0.0	0.0	0.045098530552919146	0.0	0.006258202721715279	9.634208608411065e-07	0.010843135087424292	0.008809678972991746	4.861240956882587e-07	0.00952569561265488	0.005546804083323257	0.006451559385730063	0.009389887171058797	0.018229536248360753	0.006476314909789288	0.003274385479742304	0.018533834659708835	0.00854605109326341	0.016886302937096188	0.014012093890564266	0.006220267893696211	0.006037902428397478	0.006200139769601363	0.007266233518326476	0.01689699304107041	0.0	0.0031624164055849965	0.0028606553038016476	0.019291852620625966	0.006061881317173195	0.006339244032919022	0.0	0.013878740401228483
MHW211_trimmed_clipped_R1_paired	0.0	0.08110258674201555	0.018422402359791954	0.07777304367466786	0.0022719730990170034	2.5676727484648977e-06	0.008926668063876833	0.0	0.0	0.0	0.023498606782001292	0.027200498096677673	0.05528542257640835	0.02678650417604605	0.022115178421111284	0.022779589076545665	0.0007664346594445285	0.009572251005739484	0.028615836779872724	0.00018787366038383642	0.01419355763046123	0.0067349081848446	1.5977580599757472e-06	1.6585610469881688e-05	0.00646967036599321	0.007124174914866353	0.012436455800707161	0.0033459038008191245	0.00987841681215193	0.013687635446851833	0.016335377343737807	0.012221185349363707	0.009198363456544328	0.010733909540713201	0.017438042636864295	0.0	0.011865939003035989	0.0
MHW211_trimmed_clipped_R2_paired	0.07327759062481823	0.10959336749137212	0.14427566363435493	8.793138393420685e-05	2.590179629216304e-06	0.0	0.0	0.04481937982389284	0.0	0.006278773579981418	2.0939805811255743e-06	0.010663175574402486	0.00877987064285289	5.285442516565779e-07	0.009635715985898722	0.005382317136505714	0.006387899737429949	0.009461231842880388	0.018190819981394723	0.006505282052852683	0.0031423844714857	0.0184660482382624	0.00845208694635816	0.01680442627853041	0.013834843656415399	0.006328535826906813	0.006264346141582415	0.006316559526515976	0.007275563181261417	0.01665909159414913	0.0	0.0031436736326780528	0.002862004138246424	0.019203824598603744	0.006068449543357578	0.00636337432107698	0.0	0.013420501594114708
MHW212_trimmed_clipped_R1_paired	0.0	0.08127709793480993	0.017367184415408347	0.07748393720127027	0.002259403793207441	0.0	0.00890920905675024	0.0	0.0	0.0	0.023497722871342726	0.02708697000339991	0.05526129393286438	0.026744708112257966	0.021621818618192856	0.02237316735190097	0.0008101902827711085	0.00937500047844654	0.028234254276678958	0.00019807600645796477	0.014183461298969509	0.006594755630748162	1.1655241160022609e-06	2.7000989474738424e-05	0.00623684518088274	0.006919457597144773	0.011892988710594935	0.003315336520643421	0.009690721962301568	0.013849580335345554	0.01660522505164471	0.012076124528851618	0.009033367253115154	0.010543201666656479	0.01739193315091731	0.0	0.011770913883146895	0.0
MHW212_trimmed_clipped_R2_paired	0.0726988983766158	0.10928117377879741	0.14511934423432352	0.00014002865210267865	0.0	0.0	0.0	0.0441613395069937	2.815724911334934e-06	0.0059831968830946925	5.658169924914388e-06	0.010358146586160698	0.008492363008373098	0.0	0.009544436295537478	0.005576199671787055	0.006480698401348606	0.009267259960384827	0.018188890308489507	0.006198338111992614	0.0031779549876048046	0.01824375090387042	0.008536433721736516	0.016865225745313475	0.01368539533576345	0.006289572938058481	0.005821360315432912	0.006148362859418835	0.007383407166667502	0.016245297631580818	0.0	0.0030502642174532234	0.0027841599356522094	0.019184819143102595	0.005918398600227328	0.0064334471086775384	0.0	0.01315484848824951
MHW213_trimmed_clipped_R1_paired	0.0	0.08119540048235242	0.01845428202664086	0.07726674003609313	0.0022537966979429684	0.0	0.009027713280226118	0.0	0.0	0.0	0.02326864024482825	0.027521336258160847	0.05502219070767987	0.02613017986940045	0.021845500514108718	0.022620798878219654	0.0007774470925700015	0.009638671056375609	0.028054119656261256	0.00021787523334681572	0.014177739123924683	0.006579211687668097	5.238877160469066e-07	2.64039436254258e-05	0.006338892775295174	0.007115395556558971	0.012486254944688632	0.0033119698789230412	0.009602500648883648	0.0138228658062761	0.015963689422443472	0.012311977661110057	0.00920191427227844	0.010677356769095243	0.01786254792953503	0.0	0.012144150563946805	0.0
MHW213_trimmed_clipped_R2_paired	0.0720729996846385	0.1093793418233336	0.14352972226835667	9.796158765390615e-05	0.0	0.0	0.0	0.045005738048692075	0.0	0.006342128372127671	2.029778700636962e-06	0.010626376416984341	0.008543628127892161	0.0	0.009476717106889571	0.005594136641031675	0.006390779541049738	0.009351406706042708	0.018547956323133174	0.0065985330719449545	0.003180372206720975	0.018595411376353954	0.00864614491688352	0.017039329312954953	0.013732027739631444	0.006256746835302095	0.006215367671613568	0.0062236318664710905	0.0074439215792998364	0.01678475173812	0.0	0.003161459359161662	0.002863435174488364	0.019196752156451707	0.005982707349206347	0.006489266166854828	0.0	0.013453288810877435
MHW214_trimmed_clipped_R1_paired	0.0	0.08122801446085408	0.01854858968410162	0.07789230139908329	0.002215047928099544	0.0	0.00920427999019544	0.0	0.0	0.0	0.02320555023367423	0.02784231866801409	0.055036570366866176	0.026272444591413372	0.022225512772040736	0.022600853229918717	0.0008223135021601937	0.00966421053786372	0.028396884205078316	0.00021914292720855467	0.014224311029325143	0.006527842887037172	1.010953407209697e-06	2.5369588220327854e-05	0.006443702075029504	0.007204513666970105	0.012543093572604724	0.0033775309577125105	0.009747047304623026	0.013812043004423619	0.015990163556484773	0.01256551849626429	0.009193088163000853	0.010786670826278995	0.01783779084139	0.0	0.012251767617778533	0.0
MHW214_trimmed_clipped_R2_paired	0.07267397221756133	0.11036529380517898	0.14393619352928613	9.547052575177898e-05	0.0	0.0	0.0	0.04585420255142059	0.0	0.006268648070432689	2.4696177986895793e-06	0.01048568999137499	0.008610875823359723	0.0	0.009509558858426713	0.005538285950345447	0.006472192482120568	0.009586143760694402	0.018604685558134052	0.006617343936816043	0.0033301212704409592	0.018668968822086546	0.008557364094251306	0.016794457016981616	0.01380506371581017	0.006282831675725843	0.006225855617330502	0.006356770491315314	0.007163373283296742	0.016812259976694978	0.0	0.003117583838165249	0.0030402739440775557	0.019759747960822076	0.006159743299524732	0.006269121145860506	0.0	0.013850247551146602
MHW215_trimmed_clipped_R1_paired	0.0	0.08103469912012845	0.01808089498141437	0.07851548007704638	0.002321916500965034	2.0263977209996445e-06	0.00912428268130281	0.0	0.0	0.0	0.023383915085154756	0.027393800680719373	0.055850832822352516	0.02690716545461764	0.022082386335875975	0.022597194793027815	0.0007760889972205998	0.009526730818418299	0.028301254272892897	0.00018806129405201112	0.014243803189895444	0.006666200883216935	0.0	2.4491121368893563e-05	0.006434805972383817	0.006984861628288662	0.012338985536158807	0.0032669171363468746	0.009788842498473942	0.013836540247030439	0.016332783096731595	0.01235229581306631	0.00912086409240623	0.010700458024785996	0.017777797038651923	0.0	0.012036363031717913	0.0
MHW215_trimmed_clipped_R2_paired	0.07296636767474118	0.11135340401612484	0.14323683909771098	9.972076963431743e-05	2.0372562835401142e-06	0.0	0.0	0.04470046530207345	2.0449233254976644e-06	0.006279527749842925	1.2329104788756222e-06	0.010822043521752915	0.008769858274193791	4.149672099550169e-07	0.00954745933186342	0.0054634541378391615	0.00641003655622987	0.009520259453773793	0.018196023960997423	0.006420137630782392	0.003233435845539236	0.01821436720513293	0.008620799313825079	0.017006813171365574	0.013973834277211942	0.006200121172452953	0.006051004928680192	0.006275978289863173	0.00735197720006464	0.016860633941034497	0.0	0.003049522297353788	0.0028170250932534795	0.019233140322893465	0.006005381907876106	0.00649798931343995	0.0	0.014056037424888665
MHW216_trimmed_clipped_R1_paired	0.0	0.08067993057087663	0.018716986195798275	0.07819930056506078	0.0022050363994482744	0.0	0.009250901588964671	0.0	0.0	0.0	0.023369084899619454	0.02784162757061636	0.05550540086689175	0.027005575426167612	0.02215350155336481	0.02285320245862755	0.0007477925400957302	0.009746231862138644	0.028324006752025618	0.00018967932449632084	0.014150097172711066	0.006663874764222498	2.1024517594020643e-06	2.8504804247215832e-05	0.006468997103339228	0.007275924048351221	0.012488576841301467	0.0033795116142962644	0.009904240351035987	0.013765302016294053	0.016202360741803992	0.012666259905204856	0.009433656727531933	0.010911869985745922	0.017893727571822837	0.0	0.01233985784083722	0.0
MHW216_trimmed_clipped_R2_paired	0.07275746881501687	0.1098628131797387	0.14273143080866643	0.0001094577030107563	0.0	0.0	0.0	0.045843288024346986	2.557677089021767e-06	0.006413329047324955	2.5697712158384252e-06	0.010892552226431339	0.008727425072545137	0.0	0.009332154312217365	0.005464725387929546	0.006526562395564484	0.009608023610047506	0.018671924345129858	0.006483003833159152	0.0032739750577799355	0.018655465826805998	0.00874013928305649	0.017005183391992126	0.013902415415972485	0.006249621301025117	0.00611638161326847	0.0061784183219304395	0.007362857492908044	0.016907101247845713	0.0	0.003154360640913433	0.002958782253200894	0.01949942098568401	0.00596253238028409	0.006508220852477084	0.0	0.013718709555108975
MHW217_trimmed_clipped_R1_paired	0.0	0.08015820493538621	0.018502473004270385	0.07826707249049664	0.0022340312880566263	2.0386477461943903e-06	0.009138569897000244	0.0	0.0	0.0	0.023433646809100803	0.027524237575657803	0.05623646808451476	0.027014694441632382	0.02187933808074713	0.022478407298550357	0.0007645617894669164	0.009547705152951072	0.028436050302870077	0.0001924258071725196	0.014190891363043974	0.00668966906501464	8.441340674153913e-07	2.161539931907254e-05	0.006365525360313067	0.007185896419012881	0.012367264690107203	0.0032895704351099063	0.009616138438390157	0.013789007104959037	0.016313198778422064	0.012315339987756387	0.009360102165751562	0.010719885458035254	0.01757193285764455	0.0	0.012080902529003379	0.0
MHW217_trimmed_clipped_R2_paired	0.07258902935182544	0.10964742561542415	0.14320131040945552	0.00010644161524905505	2.0490966004380888e-06	0.0	0.0	0.04464133782127912	2.0567031410628515e-06	0.0064173779446016705	1.6530797561885893e-06	0.010831335375110681	0.008851495691982451	0.0	0.009456668414839163	0.005509494542588479	0.006413439584497855	0.009443466806460648	0.01805329706153072	0.006450480604085429	0.0032294473105552632	0.018429188400565087	0.008607639551630339	0.017042343433982327	0.013778230320482194	0.006106145743889206	0.006084091070254845	0.006247076764415141	0.007399536898735277	0.01658859277281723	0.0	0.003106067168473051	0.002803137131175481	0.019271489819341712	0.005932628720363684	0.006441175688338968	0.0	0.01351417503074161
MHW218_trimmed_clipped_R1_paired	0.0	0.0802972106513215	0.01876617243314319	0.07691074957915188	0.0021769334558441587	0.0	0.009123988598630782	0.0	0.0	0.0	0.023282108281411727	0.02814509873017036	0.05523967278825757	0.026456791384151912	0.02214436804026276	0.022804700397300818	0.0008056259929392778	0.009695297410225078	0.028545530910046236	0.000217407203385137	0.01424880313583218	0.006669635292593247	1.6033884857818807e-06	2.629008251705757e-05	0.0064424461564493935	0.00717046667206229	0.01252020549504147	0.003307912549802142	0.009839303761878937	0.013778144359451124	0.016361931057080236	0.012474657941459674	0.009313709571288164	0.010827838043668618	0.0177847379640098	5.917746285504629e-07	0.012420647564596857	0.0
MHW218_trimmed_clipped_R2_paired	0.07334827577630752	0.10868641047648224	0.14319612645854152	0.00010888052928380721	0.0	0.0	0.0	0.04630402982441625	2.6038857996098443e-06	0.006347642780731063	1.0462985759677585e-06	0.01075760361870369	0.008502848962247202	0.0	0.009715356774310558	0.005485292235204853	0.0064932348752075935	0.009718654264423109	0.018277826189015415	0.006669225072653492	0.003300006927051275	0.018612319170761782	0.008814253788327918	0.016824477690698364	0.013881668626940008	0.006264393572629564	0.006186846449111	0.006151029900947235	0.007244976829673259	0.017087015073470588	0.0	0.0031041627215761137	0.0029698560141445934	0.019575425103311072	0.0061015556893897135	0.006392971224386524	0.0	0.014302426129141373
MHW219_trimmed_clipped_R1_paired	0.001136818468556353	0.16453138879233478	0.0002708093570931701	0.09539129591440922	0.002078788783682423	2.408169715760718e-05	0.0	0.0	0.0	0.0030772932196314056	8.438320472214522e-06	0.00030513745582049856	0.011974281659047544	0.003441868009410451	0.0042448236942694536	3.12868931386982e-05	0.0010524329080130468	0.0002780243366908848	0.00051986022211204	0.00012027164644372133	0.0009674623952924712	0.000401401462647463	1.0772457904404098e-05	3.74218223827088e-06	3.9235989303017104e-05	0.0	1.0528971661618122e-05	4.2337463197630894e-07	2.6403262833456013e-05	0.0	1.727027821774891e-06	0.0001141281447623691	0.0	0.0	0.0011535886333581963	1.6390429276861593e-05	0.0	2.556779684851336e-05
MHW219_trimmed_clipped_R2_paired	0.098125278076925	0.08885628934761897	2.2113535313004024e-05	0.00011871063987771275	0.0005859428209611037	0.0	0.0	0.0	8.07680166084888e-06	7.280507355259964e-06	2.027052285742063e-06	8.125874079960096e-07	8.151531459394884e-07	4.087388897821197e-06	0.00011348031005393473	1.8886678504261942e-05	3.785887642920345e-05	0.00015882512312298872	7.984421987276216e-05	0.004691380861042639	2.4566068505105182e-05	8.692137962884136e-05	0.002581006907180598	1.095542053982919e-05	0.011007068769197995	7.23433802202696e-06	0.00023195242085810147	2.1531076207073906e-06	5.203125014227295e-06	0.002161123521016046	3.966264767555048e-06	8.898330017036964e-07	0.0	0.0	7.83227187927642e-06	0.0001920757059805664	0.0	0.0
MHW220_trimmed_clipped_R1_paired	0.0011431304945904604	0.16510039505882565	0.0003439128524018019	0.0955389589153779	0.0020253996103253282	2.646620861667276e-05	0.0	0.0	0.0	0.0031337031592001997	7.745128686026487e-06	0.0002981252449031595	0.012172594052456243	0.0033743618657713606	0.004343066489110166	3.047636983570654e-05	0.0010084026565098712	0.0002701955133079193	0.0005138489279918054	0.0001028713732582825	0.0009693872035722407	0.0004104713439084462	1.0116886629982948e-05	1.6942660990530734e-06	3.4491152348761243e-05	0.0	9.054503636379205e-06	8.687137721381496e-07	2.3210782794247865e-05	0.0	8.929624526299604e-07	0.00010670238652637498	0.0	0.0	0.0011474669998611385	1.9681895917669957e-05	4.888077302948211e-07	2.4687470814780594e-05
MHW220_trimmed_clipped_R2_paired	0.0985207626974796	0.08839189448262663	2.4462046971044113e-05	0.0001407575013854414	0.000616458880559663	0.0	0.0	0.0	6.1385393439755285e-06	9.015982993692239e-06	1.642787261620582e-06	4.1152492846204965e-07	4.127115384975713e-07	4.137914385798257e-06	0.00010657325420030075	2.3685811450967876e-05	4.872128103788688e-05	0.00015530619846534848	9.927058362671456e-05	0.004641651922593793	2.743650609990353e-05	9.539918559623239e-05	0.0026149278360235637	1.4138396539342108e-05	0.011045282615613959	5.6414434705861665e-06	0.00024614637842450656	1.7633690852153885e-06	6.228555278817384e-06	0.0021332511844342314	9.093024169662883e-07	4.604505995352285e-07	0.0	0.0	8.195378557575868e-06	0.00018169220528211944	0.0	0.0
MHW221_trimmed_clipped_R1_paired	0.0012341222391675471	0.16542643218814818	0.0002518075140952569	0.09484561126793521	0.0019312386670926587	2.210036962426189e-05	0.0	0.0	0.0	0.0030984676703959173	8.40793409301909e-06	0.0002833487637396037	0.011966405651550778	0.0034372660545553615	0.004334650990804549	3.264192314692607e-05	0.001014239146744763	0.0002650635015101499	0.0005338695924990972	0.00012336465073779586	0.0009633385664453164	0.0003884871072433444	9.588455149336696e-06	1.8338144781147606e-06	3.361607212959152e-05	0.0	8.841732938518624e-06	0.0	2.4992526409378666e-05	0.0	1.4384402796419963e-06	0.00011391305282313555	0.0	0.0	0.0011107086903987787	1.892523750137291e-05	0.0	4.461356543164596e-05
MHW221_trimmed_clipped_R2_paired	0.09886886625517041	0.08840109844384175	1.991469782588146e-05	0.00014614906837387084	0.0005450909903106753	0.0	0.0	0.0	0.0	1.023295308806766e-05	4.458745205834539e-07	0.0	0.0	2.6957620867750538e-06	9.861070928873077e-05	1.8500062658809784e-05	4.34103668984521e-05	0.00013191061404975598	0.00010502038445662304	0.004750420869500616	2.334431434622458e-05	7.536051136040409e-05	0.0025972014406881287	1.159152694247818e-05	0.010845095073298283	9.375674316076202e-06	0.0002467460506112572	2.8510099816900536e-06	4.3104772591552555e-06	0.0022364236844362112	1.4643028659789628e-06	4.935922934369066e-07	4.997456144898562e-07	0.0	6.686474988779966e-06	0.000194587759084578	0.0	0.0
MHW222_trimmed_clipped_R1_paired	0.0011757607710248545	0.16523092630644473	0.00031103265733243044	0.09577809250919399	0.0021380187215848685	1.994689179952161e-05	0.0	0.0	0.0	0.0031062904733460514	9.58567505217393e-06	0.00030009970942715766	0.011983894462789203	0.00337831381517313	0.0043313722195925655	3.5925619178248366e-05	0.001007034709949647	0.0002794333267337319	0.0005429368204187419	0.00011951741153513935	0.0009841362837163506	0.00039295017978066104	1.44242648246886e-05	8.275711279798613e-07	3.6157834583592285e-05	0.0	1.2598326261962795e-05	8.450698250351378e-07	2.9355863433800443e-05	0.0	1.2971472096523732e-06	0.00012670830097538302	0.0	0.0	0.0011166519171782717	2.2087193900654536e-05	9.351845998288986e-07	4.9529392935212294e-05
MHW222_trimmed_clipped_R2_paired	0.09883166047153667	0.08938884248264563	1.1984431025654573e-05	0.00015191569286708648	0.0005920607217476224	0.0	0.0	0.0	4.010381996705431e-06	7.229090409217562e-06	0.0	4.03302359093758e-07	4.044749490462683e-07	8.110771926739906e-07	0.00010688701051337384	1.873416275988102e-05	4.5304338197717266e-05	0.0001485195825769984	9.724936969380305e-05	0.004650887038763262	2.395994040072232e-05	8.8331941116883e-05	0.0025750234626784043	1.2134396390142602e-05	0.01080563129390905	9.729777882411902e-06	0.0002626760758287165	1.7149644237061418e-06	2.592677650024115e-06	0.002194397345255232	2.6411863321565437e-06	8.900415243087896e-07	0.0	0.0	1.3432697311327518e-05	0.00018646235114183138	0.0	0.0
MHW223_trimmed_clipped_R1_paired	0.0012008618411115002	0.16595188889455045	0.00031730751926050587	0.09653214676500782	0.002023138648841402	1.2116463055159375e-05	0.0	0.0	0.0	0.0030937594826407717	7.76368028762805e-06	0.0002640997812083811	0.012153866844846825	0.003353679002216508	0.004285149068595493	3.139869520563413e-05	0.001016978005204921	0.00026226795454496044	0.0004795576038586925	0.000124966636511523	0.0009950200787340482	0.00038391925302433513	1.2026780814580579e-05	3.5221212460250594e-06	3.0323555521386525e-05	0.0	1.072271289129477e-05	5.136825063116041e-07	2.378757804503972e-05	0.0	0.0	0.00011300060441529861	0.0	0.0	0.0011898015746051565	1.8949730050227205e-05	0.0	4.2796557604680096e-05
MHW223_trimmed_clipped_R2_paired	0.09876604424657771	0.09026733426685632	1.698624672135106e-05	0.0001481334661159631	0.0005297429526812696	0.0	0.0	2.434821116979544e-06	4.8723340080460265e-06	8.783374750198382e-06	2.4453171335703034e-06	0.0	0.0	2.957516429915669e-06	8.596165158832603e-05	1.6833926580710657e-05	4.4165702291188604e-05	0.00012686889385921967	8.683374247246895e-05	0.004553570164247185	1.608174948286873e-05	8.123812595672716e-05	0.002524884108858346	9.166605717226244e-06	0.011157789242175139	3.089550561226128e-06	0.0002383682721714634	5.218150549790342e-07	3.155071877427729e-06	0.0021760298007997194	6.424831098418358e-06	0.0	0.0	0.0	7.871042238267142e-06	0.0001975998460457338	0.0	0.0
MHW224_trimmed_clipped_R1_paired	0.0011596663773943314	0.16401845531176754	0.0003315135410553769	0.09542859492031805	0.00210222128991943	2.1716120359820323e-05	0.0	0.0	0.0	0.00304793604470833	1.0277946060477308e-05	0.00031560869497208654	0.01195478623032018	0.0035117328194157055	0.004289957279766709	3.156865787881013e-05	0.0010366260242239635	0.0002722341139499325	0.0005173800396600589	0.0001070095183795551	0.0009761974346592678	0.0004051817766760861	1.4682018495158929e-05	2.0469627206043965e-06	2.7131944991708106e-05	0.0	8.716205093800064e-06	4.1738661161571e-07	2.7718040268029757e-05	0.0	8.520409721283084e-07	9.542627987392229e-05	0.0	0.0	0.0011042382365757766	2.7387918490537412e-05	0.0	3.8939001092765805e-05
MHW224_trimmed_clipped_R2_paired	0.09798392000289996	0.08902407579147838	1.977146949272143e-05	0.00015434056115457822	0.0005940322921894357	0.0	0.0	0.0	1.3897591980120567e-05	6.7604660116477654e-06	1.5942922297480963e-06	1.597695675481167e-06	4.006433290191392e-07	1.6070421551463808e-06	9.905908885522553e-05	2.138922361678615e-05	4.085330797850301e-05	0.00015125908753851642	9.354625143454193e-05	0.0047573314756332715	2.0883208115774834e-05	9.166476167698388e-05	0.0026330242854615384	1.5342162949908825e-05	0.010824796079006825	5.028328492303093e-06	0.00024913587579796723	1.6973218264418503e-06	4.701399982886904e-06	0.002256208827554685	2.607676696835762e-06	0.0	0.0	0.0	5.9047857298153005e-06	0.0002127946289603919	0.0	0.0
MHW225_trimmed_clipped_R1_paired	0.0012963724525762758	0.16594088493863338	0.00029225678615069447	0.09614817175263225	0.0018958984641198537	2.4220801672204147e-05	0.0	0.0	0.0	0.003039275005288003	1.1431376836906644e-05	0.0002959800256320088	0.012114555761713426	0.0033563791578157254	0.004290837664958351	3.151468395184052e-05	0.0010219965740512922	0.0002490614122438499	0.0004966539369582977	0.00011002205354917684	0.0009879516808447078	0.00039771387371546966	1.6794894915110796e-05	2.511299862800513e-06	3.314884225074182e-05	0.0	9.101031092216563e-06	3.662677885917854e-07	2.101982326429344e-05	0.0	7.494238120595563e-07	0.00011470915363486446	0.0	0.0	0.0011622764405969453	2.0290232358927015e-05	4.0389577345166177e-07	4.886555857089987e-05
MHW225_trimmed_clipped_R2_paired	0.09920533405755037	0.08990974262622041	2.5990812663576427e-05	0.00016820627138528147	0.0006160292262311978	0.0	0.0	0.0	1.7398895410246206e-06	1.2546146163167378e-05	1.7464113421201552e-06	3.500140338126857e-07	0.0	2.1120701078861957e-06	8.607868997039291e-05	1.6969257697321577e-05	4.464088417520833e-05	0.000141354367336742	8.37063895587656e-05	0.004763098169765324	1.685450051203614e-05	8.243956336709659e-05	0.002668469314519004	1.3076404647772656e-05	0.011097238204324756	4.039556304830413e-06	0.00025094308216926846	7.443944686533312e-07	6.752136916291268e-06	0.0021929155862063726	1.9104796829713333e-06	3.862185346745977e-07	0.0	0.0	1.1241614568541493e-05	0.00019412938704070192	0.0	0.0
MHW226_trimmed_clipped_R1_paired	0.0011356156240293512	0.1666663722301622	0.0002950767035104975	0.09683247619347198	0.002143849206489476	2.1211343034364637e-05	0.0	0.0	0.0	0.002985349828185317	8.84806659941145e-06	0.00031195733565249237	0.012140616521819504	0.0032965694250100693	0.004305518078694881	3.254109149572259e-05	0.001024983551164319	0.00027838112746360967	0.0005135493791395083	0.00010183728988177407	0.0009579741069269185	0.00038656855774660845	1.4581300046986051e-05	4.024455989771267e-06	2.938456550940122e-05	0.0	8.896923634720267e-06	7.454232188404764e-07	2.8120754328511484e-05	0.0	7.603402712799045e-07	0.00011888897440372538	0.0	0.0	0.0010260799442995113	2.4012804491815995e-05	4.054382453553897e-07	3.265842853724511e-05
MHW226_trimmed_clipped_R2_paired	0.09936371792148573	0.09084246596060946	2.124587360872282e-05	0.00018073321551890207	0.0006117325732860498	0.0	0.0	1.7768235366716568e-06	7.111299481532933e-06	1.032677689591772e-05	7.137702166893245e-07	3.576321720351511e-07	7.174266800335692e-07	2.8775077502523975e-06	0.00010273844161169608	1.4811535511416833e-05	4.561859201792813e-05	0.00015570563086112608	9.900707118694322e-05	0.004557009642073731	1.9785614802805573e-05	7.502631713572764e-05	0.0025649725057731543	1.2611457511374634e-05	0.010917543166033024	6.370758930036134e-06	0.00025255801405536614	1.8969613539727078e-06	5.73116450683402e-06	0.002127974056984889	2.3305319058033027e-06	0.0	0.0	0.0	7.303816358067779e-06	0.00019459465339217912	0.0	0.0
MHW227_trimmed_clipped_R1_paired	0.0012047094830877532	0.16741012550919962	0.0003122188939804407	0.09612437449464575	0.0020552454513518776	1.0469372322392595e-05	0.0	0.0	0.0	0.00310577024629851	8.035291447217617e-06	0.00031667617912741234	0.012153621864438247	0.003463572014845464	0.0043129444450238945	3.3189531566976576e-05	0.0010142143557469953	0.0002717139657009076	0.0005115942428940813	0.00012028269860623226	0.0009864202737347063	0.0004016224785879218	1.5886449837832386e-05	1.8136332326294136e-06	3.171775277402919e-05	0.0	1.0331685593066261e-05	1.1149172113579218e-06	2.5848673094142777e-05	0.0	7.633930468153572e-07	0.00011667364338996058	0.0	0.0	0.0010532821228477138	2.0039322631143595e-05	4.160164814414299e-07	2.9397948287791048e-05
MHW227_trimmed_clipped_R2_paired	0.09967706986479899	0.09019023565990095	1.0484532902526208e-05	0.00014864066624313985	0.0005599556991048653	0.0	0.0	0.0	7.016961821131749e-06	1.0540656704275073e-05	1.0563523261209212e-06	1.058495405798277e-06	7.077569997308825e-07	1.0644842185424423e-06	9.956679022964599e-05	1.8885394762244086e-05	4.677813021428854e-05	0.0001460563533452291	9.588367194687992e-05	0.004824870742620982	1.845158075289273e-05	8.793697828571468e-05	0.0026997872407726383	1.4683787733117473e-05	0.010984507273098323	6.691154706842223e-06	0.00024901289136742964	1.1325425151363741e-06	3.047390255363228e-06	0.002213568744695592	7.781540502780194e-07	0.0	0.0	0.0	7.4091901866263875e-06	0.00021909690976795396	0.0	0.0
MHW228_trimmed_clipped_R1_paired	0.0011736137658016146	0.16705767554262757	0.0003192497545634491	0.09643950430446012	0.0020295611255023473	3.016357672169615e-05	0.0	0.0	0.0	0.0031110261823729148	6.749889152609821e-06	0.0003181016704545882	0.012029058932819513	0.0033654111943782553	0.004256226389376107	3.049505029636543e-05	0.0010480554492449414	0.00028649174657819395	0.0004973055094804049	0.00011276010988200777	0.0010074470639778112	0.00040831403188226257	1.5769761655859006e-05	2.5790060828879587e-06	2.7773366647103974e-05	0.0	8.24741971226882e-06	1.1329413638191035e-06	3.0081896974475895e-05	0.0	3.883520256548455e-07	0.00010504347230002455	0.0	0.0	0.0010833712143085944	1.465936848470912e-05	4.269713935314722e-07	2.5897951582096147e-05
MHW228_trimmed_clipped_R2_paired	0.09952492930262362	0.08990425491538076	3.0201281593160954e-05	0.0001351096507259086	0.0006065845122359658	0.0	0.0	0.0	3.5659410339199973e-06	8.927042034977078e-06	1.0734634555915772e-06	3.58513068482521e-07	0.0	3.604290406011132e-06	0.00010293879050027385	1.773402079856093e-05	4.96858042010624e-05	0.0001661479620605455	8.789118222633441e-05	0.004762742067902678	2.6819400778316643e-05	8.154510183018387e-05	0.002601154470655648	1.5281879352402704e-05	0.011186615390905093	7.54895219014938e-06	0.0002753075987273868	1.1502994620601558e-06	3.483046797972964e-06	0.0021907412384712293	1.5826415557635544e-06	4.0085591396118456e-07	0.0	0.0	6.727756574528765e-06	0.00020106952869405366	0.0	0.0
MHW229_trimmed_clipped_R1_paired	0.0012673262592546638	0.16704483083730834	0.0003100550463977999	0.09579087751653871	0.0019699054934608647	2.2158221891326107e-05	0.0	0.0	0.0	0.003137107812465713	7.394248739281514e-06	0.00033326447716886253	0.012051340429945542	0.0035408215620311837	0.004420858765115701	2.8379304520632025e-05	0.0010646985140184344	0.00030385759483486505	0.0005193544276937003	0.00011670689756120429	0.001033612561024044	0.00040897252670694364	1.6833729443739972e-05	6.1534036294574475e-06	4.3710149688618176e-05	0.0	9.411982990068248e-06	7.907665479781433e-07	2.5536793371989125e-05	0.0	8.154515045506333e-07	0.00010710545043137217	0.0	0.0	0.0011449955534054313	1.9897823438556222e-05	1.8051094045897623e-06	5.2501858508723975e-05
MHW229_trimmed_clipped_R2_paired	0.09955613327431688	0.09059684606681905	1.293927689775291e-05	0.00015167614627166622	0.0005163790530966669	0.0	0.0	1.8540874005676103e-06	3.710021251558232e-06	9.287553757382779e-06	1.4890482067891277e-06	7.459598516053115e-07	7.480462714493852e-07	4.1247367799223894e-06	0.00010483689869847958	2.4473296628810166e-05	4.5274185447228815e-05	0.0001622678831689397	0.00010892709998421163	0.004804680809882727	2.601741971084538e-05	8.726568126618183e-05	0.002671216721594076	1.20511989199389e-05	0.011256504992663199	1.1431459093976215e-05	0.00023407331113314226	1.6041634007737932e-06	4.456218493902262e-06	0.002187558594221992	3.3195024465832613e-06	0.0	0.0	0.0	5.755447689512936e-06	0.00020877653911329948	0.0	0.0
MHW230_trimmed_clipped_R1_paired	0.0012316121039495148	0.16587407361900117	0.000307138490999152	0.09694955444048209	0.0020978977246863006	1.9999901455031013e-05	0.0	0.0	0.0	0.0030136170661927706	7.280841439564329e-06	0.00030084306643816093	0.012226202216391691	0.0033326853782815876	0.0042696670796812455	2.6848020904207433e-05	0.0010280303401278374	0.00027489327554923963	0.0005065825623498168	0.0001193437312755123	0.0009692924134042441	0.0003850010670109825	1.6546372843849206e-05	2.2665713679179788e-06	3.568611808639737e-05	0.0	9.217439253733996e-06	3.866786857229193e-07	2.6102620363750457e-05	0.0	3.964225167117363e-07	0.00010942625234557977	0.0	0.0	0.0010658411204391438	1.6049275736520376e-05	8.581273130553559e-07	3.0294151231562197e-05
MHW230_trimmed_clipped_R2_paired	0.09845812337192869	0.09029762120691866	1.4566018320445956e-05	0.00015305594785252664	0.0005761578585014645	0.0	0.0	0.0	3.6556598040061866e-06	9.518259959867868e-06	0.0	3.675868691765464e-07	7.372654516222372e-07	1.47835037371755e-06	0.00010888939421633687	1.8927788087216115e-05	4.128306823975141e-05	0.00015585655657548634	8.528343221168027e-05	0.0047039124715967644	3.0525215041095455e-05	8.40263625218169e-05	0.002606988755367245	1.2998885418216218e-05	0.010991157951445969	4.644335581390429e-06	0.00024321168039685598	3.927979120182798e-07	3.5654208796917776e-06	0.002143950619374377	1.2123029449044924e-06	0.0	0.0	0.0	9.792914891645846e-06	0.00018480199154744255	0.0	0.0
MHW231_trimmed_clipped_R1_paired	0.0011571938726796381	0.16750051943774077	0.0002650365013570399	0.09531204728712576	0.0018069801224339318	2.5453979681997068e-05	0.0	0.0	0.0	0.0031791330283063657	1.0192920298251983e-05	0.0003225100380930671	0.012161738007963782	0.0034492760614044087	0.004251345197082691	2.4033417987042624e-05	0.001065842108042651	0.0002832844834321889	0.0005187492124930507	0.00011292108358932832	0.0009922150674962695	0.00037813792642647917	1.3652137399990332e-05	1.3286356555782395e-06	4.2335925982469556e-05	0.0	1.085453345831243e-05	0.0	2.6261190688098763e-05	0.0	1.4144226956681593e-06	0.00011774520122252832	0.0	0.0	0.0010785488442520835	2.26110018403043e-05	5.25069434919539e-07	5.049774564774548e-05
MHW231_trimmed_clipped_R2_paired	0.10024562817559379	0.08842930484643055	1.6989817959622255e-05	0.00012325864227970344	0.0005571226342595376	0.0	0.0	2.130214199854481e-06	4.26257386827385e-06	8.53690956540527e-06	4.277339438408429e-07	4.2856638740623727e-07	4.297738042878344e-07	4.308704585467331e-06	9.757994567353103e-05	1.8170581053995457e-05	5.202325708378473e-05	0.00015256909468528863	9.859189614312212e-05	0.004749721230393579	1.980244569709533e-05	9.332942281577337e-05	0.002612963449925981	1.6563783782777132e-05	0.01118644349297886	6.815863216421574e-06	0.00025622721631832397	1.3885309371843739e-06	7.017582501495224e-06	0.002199895820775141	2.399430371390743e-06	1.4611965805038658e-06	0.0	0.0	7.709190423993138e-06	0.00021635658287169211	0.0	0.0
MHW232_trimmed_clipped_R1_paired	0.0011388382585652169	0.16697489705211452	0.00033233013941914006	0.09598972665482326	0.0018957837162284557	1.899826264687747e-05	0.0	0.0	0.0	0.003202161464311405	9.12930751159422e-06	0.0003246265140558733	0.01203439023323594	0.0034527477113163265	0.004423124892987986	3.4591091690818134e-05	0.0010989812886436567	0.0002791787557246125	0.0005404161218084148	0.00012052772731035596	0.0010219128483213169	0.000408123927500991	1.0636237970823563e-05	2.3762876622633675e-06	4.2230806833349325e-05	0.0	1.3335301031085476e-05	4.0753430513746386e-07	2.5095485545541317e-05	0.0	1.2620366694766473e-06	0.00010841278147767457	0.0	4.4025312705742667e-07	0.00114384856276593	1.9187356781800035e-05	4.662421584654617e-07	5.1880954621827806e-05
MHW232_trimmed_clipped_R2_paired	0.09997861071944039	0.09062894503696389	2.852893458750841e-05	0.00017509490762535087	0.0006074883161334158	0.0	0.0	0.0	7.63488105351586e-06	1.1086005217005246e-05	1.9153867043937576e-06	1.1515061560421115e-06	1.1548008543617052e-06	2.315580850411887e-06	0.00010558156763953571	1.5501277822647733e-05	4.349375754679798e-05	0.00016352113454015538	9.415177573315802e-05	0.004854542562313689	2.9147706526694968e-05	8.826406794769019e-05	0.002670568389235275	1.4812792268151606e-05	0.01113400621046604	5.279326226721298e-06	0.00025349607328030085	1.6535609217419843e-06	5.847946107968599e-06	0.0022419466950358642	8.56258513350269e-07	8.686203586014895e-07	0.0	0.0	9.601765495825248e-06	0.00022637056314162986	0.0	0.0
MHW233_trimmed_clipped_R1_paired	0.0011689124080707198	0.16447593410608913	0.00033795264070970543	0.09521364749022959	0.001880838204765749	2.2540396078200583e-05	0.0	0.0	0.0	0.0030938881281713532	4.103209707892173e-06	0.0002902492076001628	0.012083701066987718	0.003371005802410819	0.004308471527899073	2.779972423088484e-05	0.0010072431553970374	0.0002622174050925572	0.0005181012924908606	0.00010447224623871804	0.0009550559995064028	0.00037331735709795246	1.571109307458754e-05	2.9866708464129604e-06	3.259842178772825e-05	0.0	1.1726030113939316e-05	0.0	2.8227100911034533e-05	0.0	8.989201425144398e-07	0.00011737129995847967	0.0	0.0	0.0010988096811264255	2.3123219208026563e-05	0.0	2.722002503005029e-05
MHW233_trimmed_clipped_R2_paired	0.09805353156177117	0.08866312406442783	1.2311248806501375e-05	0.0001457908807229158	0.0005486147006219852	0.0	0.0	0.0	6.179748363118553e-06	1.0727450491629773e-05	8.270122752067438e-07	0.0	4.1561237064402654e-07	1.6669104245344145e-06	0.00011108722132622073	1.7575757667060212e-05	5.451571466006951e-05	0.00016395982311677955	9.025821491891361e-05	0.004636819523453477	2.6350005447863626e-05	8.196657869959365e-05	0.002559965365346077	1.0353407124452946e-05	0.010886430996680687	7.865282222602911e-06	0.0002416789433553597	8.877102700452812e-07	4.031025748159051e-06	0.002228665011560917	4.117461740751378e-06	4.6313711752822687e-07	0.0	0.0	1.306576321398341e-05	0.00020686642463557672	0.0	0.0
MHW234_trimmed_clipped_R1_paired	0.001146647105553074	0.16539524813827408	0.0002941547246129903	0.09580570726130733	0.0019456404248322419	9.19607287225634e-06	0.0	0.0	0.0	0.0031045927848947106	1.0312095154740187e-05	0.00031468055500084207	0.012136404321026752	0.003317361420440297	0.004236662830717041	3.425043527370425e-05	0.0010522440986009138	0.000285813859885464	0.000515941406629757	0.00010973234452298436	0.0009860777190772998	0.0003948306020993063	1.5314013482756096e-05	1.9259707014634517e-06	3.606297227806748e-05	0.0	1.0242061189287977e-05	7.951562042021088e-07	1.9681282278758948e-05	0.0	4.1134256219037807e-07	0.00011821057065321749	0.0	0.0	0.0010376775444532142	2.1960951438411393e-05	1.3728742849315644e-06	3.241247485775901e-05
MHW234_trimmed_clipped_R2_paired	0.09829375051785175	0.09013438247136445	1.657570594550313e-05	0.00014376206184433786	0.0005938646624484324	0.0	0.0	0.0	5.5467155290396256e-06	1.2220761931695547e-05	3.711478563984406e-07	7.438495801660901e-07	3.7306168851458296e-07	2.2445095620727292e-06	0.00010872558431097316	1.8410092812641905e-05	5.5351314643426005e-05	0.0001616221236156919	9.289171831923302e-05	0.004637750475281819	2.4117992477567523e-05	8.70088465628751e-05	0.0025560471644085177	1.170248756501473e-05	0.010821033570602899	1.0306123581520645e-05	0.0002512458986057409	8.083969615171438e-07	4.496515823617299e-06	0.002268755905657306	2.518096193373e-06	4.261101427308335e-07	0.0	0.0	7.19504883866493e-06	0.0001929204195736176	0.0	0.0
MHW235_trimmed_clipped_R1_paired	0.0012032758216575258	0.16309743074987887	0.00031992068661041003	0.09464626649939181	0.0021621998992334846	1.2633812073393017e-05	0.0	0.0	0.0	0.003062472754285716	8.011075421395322e-06	0.000299938522727348	0.012020477535500028	0.00337532190801785	0.004350945817951187	3.3686100287366745e-05	0.0010146811887519265	0.00026392453191120515	0.0005366359332245821	0.00010256674662477185	0.0009818379350721254	0.0003917531493558448	1.132174624889754e-05	2.6233469995429344e-06	3.337703573073598e-05	0.0	1.3757102198312595e-05	0.0	2.3827027040829934e-05	0.0	9.136100730115144e-07	0.0001223009292544598	0.0	0.0	0.0010361141929040273	1.989216428629913e-05	0.0	2.2354114811329782e-05
MHW235_trimmed_clipped_R2_paired	0.09885163310403636	0.08906266517644523	2.74163072406362e-05	9.919892226913863e-05	0.0005618190636782624	0.0	0.0	0.0	6.353324110000945e-06	1.1877601032899941e-05	1.7006825281162788e-06	4.26090190953853e-07	4.274449018071648e-07	3.4292362399045325e-06	9.752568110034573e-05	2.1958102510979633e-05	5.307492673276054e-05	0.00015702960616728197	0.00010066212508662691	0.004682829420997027	2.0534479829557177e-05	9.299306224381837e-05	0.002520946356918167	1.5937157874043703e-05	0.01089913812962405	8.057956079116577e-06	0.00025230796457848486	1.3612618588879204e-06	4.5731624637642046e-06	0.002236010683102694	1.3974383455209444e-06	0.0	0.0	0.0	9.790839902648308e-06	0.00020539687806791384	0.0	0.0
MHW236_trimmed_clipped_R1_paired	0.001171876469548141	0.16498720660016564	0.00031616213494353203	0.09661383836540603	0.001957771913999899	1.6944682464934675e-05	0.0	0.0	0.0	0.003052591954094865	1.1309803796732048e-05	0.0003062655893475336	0.012148726047539145	0.0033293732465097176	0.004335211320787708	2.7798281125654457e-05	0.0010280769768629444	0.00024364690876637295	0.0005224361829818232	0.00011235729891945216	0.0009841640133845535	0.0004022695536661185	1.828892079047393e-05	2.7362664120917363e-06	2.7500457273674906e-05	0.0	1.3121205168539732e-05	0.0	2.3416133535136264e-05	0.0	8.231536392231523e-07	0.00011671123041851801	0.0	0.0	0.0011551677036811354	2.172153820531979e-05	4.518014793335838e-07	3.88174966623803e-05
MHW236_trimmed_clipped_R2_paired	0.0982194249340702	0.08939287043920101	2.6390508344527933e-05	0.00014147490340848126	0.0005964411789331842	0.0	0.0	0.0	7.567383291558225e-06	8.71442485712852e-06	3.796666993369862e-07	1.5216253045922963e-06	0.0	3.0595390584121693e-06	8.584175425933085e-05	2.2654433574595498e-05	4.8862949545387964e-05	0.00014616643242756683	8.239320558239729e-05	0.004763595631070576	1.4025362593023996e-05	7.4333985971385e-05	0.002586721905619672	1.5804694624120443e-05	0.011052200704388027	1.0000234325490715e-05	0.0002489978380944017	1.218561860522345e-06	5.328235758267256e-06	0.002201914545236763	4.187848805927046e-06	4.241413323408313e-07	4.301333126800522e-07	0.0	9.777338579728776e-06	0.00019613157865175257	0.0	0.0
MHW237_trimmed_clipped_R1_paired	0.0011666887991400464	0.1650997331926394	0.000275020756936981	0.09537198313208146	0.002084872106852732	1.6307024748274575e-05	0.0	0.0	0.0	0.003120181259358274	1.183682813234942e-05	0.0003152562641807637	0.012115181743972494	0.0034524972414908214	0.004271759040136813	3.258099767996902e-05	0.0010428712163336434	0.0002680673632484799	0.0005430858690893465	0.00011796354636302089	0.0009899977644118923	0.00038496023096337657	1.348770739410155e-05	2.1168292365412773e-06	4.041656855190119e-05	0.0	7.316377296126123e-06	8.666454662075086e-07	3.0564045531817514e-05	0.0	4.444893339161537e-07	0.00013399673407691627	0.0	0.0	0.0011189856189530716	1.7117064904928897e-05	9.67379990260515e-07	4.638633370719091e-05
MHW237_trimmed_clipped_R2_paired	0.0989710456345539	0.09046826816063053	1.8367343190338122e-05	0.00014091816722730313	0.0005517726657379992	0.0	0.0	0.0	6.145803534722029e-06	8.616277703615105e-06	4.1117228619188116e-07	1.236012958063209e-06	0.0	1.2429205318042648e-06	9.59081876151316e-05	1.8305303566064093e-05	4.836010246355076e-05	0.00014376157630690203	9.138082402582614e-05	0.0047145222004827325	1.730943384620412e-05	6.65579683191193e-05	0.0026826402626382753	1.626658870461693e-05	0.010877979790617163	9.530552740564809e-06	0.0002421002872565711	8.791969306215283e-07	4.4335592879090176e-06	0.002178854991113154	4.071206450281984e-06	0.0	0.0	0.0	6.21036868154642e-06	0.00019444024845088849	0.0	0.0
MHW238_trimmed_clipped_R1_paired	0.0012125897035781378	0.1634682987525961	0.0003429125520251984	0.09592016579683525	0.002100279794580199	1.805658210568638e-05	0.0	0.0	0.0	0.00303811949735112	9.240198745426076e-06	0.0002906102431645637	0.012140290517550893	0.0033224785297097945	0.0043526793504107516	3.451397087169471e-05	0.0010288059856388046	0.0002728937601707739	0.000510876442896172	0.00011486676476780664	0.0009876934344605754	0.0003840358890705645	1.2848434892564268e-05	5.409721080690159e-06	2.8002938469540354e-05	0.0	1.562349056496138e-05	8.495883190237951e-07	2.950665652852159e-05	0.0	1.302942189393175e-06	0.00011316541775542509	0.0	0.0	0.0010762763003450474	2.0245933799753634e-05	0.0	5.6467386202335343e-05
MHW238_trimmed_clipped_R2_paired	0.0981836889407971	0.08975187878411447	1.406422456275029e-05	0.00013069780341429715	0.0005935697641759399	0.0	0.0	0.0	4.0345524722093466e-06	1.1313427656369683e-05	8.098734490533699e-07	4.057675606299512e-07	0.0	1.6321877344943714e-06	0.00010182135712779863	1.5980784966405173e-05	5.338200655415243e-05	0.00015188969051154242	8.916980091636502e-05	0.00473841042213393	2.3690705520266054e-05	9.179414157354544e-05	0.002595918997438065	1.1367470014192917e-05	0.010679419189577707	4.681947476312836e-06	0.00023985815576773266	1.293888995054877e-06	4.780530079603735e-06	0.0021880033843222862	1.7697656005634083e-06	4.470486438636333e-07	0.0	0.0	9.28195652208115e-06	0.00019931157029722148	0.0	0.0
MHW239_trimmed_clipped_R1_paired	0.0011804114215944132	0.1639686005825837	0.00028554522393177254	0.09459225911740861	0.0019412158250687226	1.6641617334441147e-05	0.0	0.0	0.0	0.0030120601645528544	8.886336584916091e-06	0.0003239621961345042	0.011982786736599506	0.003416828113098575	0.004236791996993424	3.424869233158865e-05	0.0010303402162010538	0.000272992911135545	0.000529967228851416	0.00010948829663145698	0.0009982333034794799	0.0004134717408284201	1.1464752286915698e-05	5.75590207032545e-07	3.4690619228709583e-05	0.0	1.110257199962429e-05	5.88029003166354e-07	2.605507031638749e-05	0.0	1.2039819366830835e-06	0.00011864564643855339	0.0	0.0	0.0010524732942477878	1.731145777169942e-05	0.0	4.2742162213541615e-05
MHW239_trimmed_clipped_R2_paired	0.09850893532653285	0.08933740219555275	1.9441278216272722e-05	0.00014174706481434566	0.0006341062031105579	0.0	0.0	0.0	2.788052525794365e-06	7.817908360946418e-06	5.596482789654152e-07	5.608014858188615e-07	0.0	2.2558919993510026e-06	9.495128368964094e-05	1.699033298192605e-05	5.164654286555224e-05	0.00014621395601969542	8.901414066085262e-05	0.004642149734946932	1.7809798237449296e-05	8.19032062602012e-05	0.0025957627929049814	1.1059094240973763e-05	0.011273057435443563	5.297217672320978e-06	0.00026657860015525065	1.1933395590255907e-06	5.412800103078959e-06	0.002143838856522835	1.8385113299210604e-06	0.0	0.0	0.0	7.096005490140743e-06	0.00019216365281041244	0.0	0.0
MHW240_trimmed_clipped_R1_paired	0.0011719837877097192	0.16359166246115436	0.00027397115270560524	0.09443285617373635	0.0019246730713363984	2.0765526534740093e-05	0.0	0.0	0.0	0.0029849617030909717	8.316408713914754e-06	0.00032242128919399474	0.012041598435632917	0.0033860007147154918	0.0042457478080902365	2.5641076729173475e-05	0.00099429017910604	0.000281663830729953	0.0005131081390897981	0.00010315409872856715	0.0009642179854980593	0.0003992347638841489	1.4136137247293896e-05	1.719447530160206e-06	3.149787261642438e-05	0.0	1.0011330432035264e-05	4.3751232417528163e-07	2.7280953480236517e-05	0.0	0.0	0.0001214086031179384	0.0	0.0	0.0010572472674719629	2.016091334526247e-05	1.8996977447909196e-06	2.868870595216775e-05
MHW240_trimmed_clipped_R2_paired	0.09771025897356872	0.08970957491371853	1.247932929095966e-05	0.00012281676546269321	0.0005832795014960077	0.0	0.0	0.0	2.0888854166971298e-06	1.0041877054102562e-05	4.1935715383171956e-07	0.0	4.21548928676185e-07	1.690903213790675e-06	0.00010676624556675408	2.0804534709234866e-05	4.893412455812911e-05	0.00016635087725135118	9.024764797200042e-05	0.004709110133267559	2.0658589195591423e-05	7.601656411297917e-05	0.002641309814958124	1.5238688962296702e-05	0.010830484925711892	6.5939487754100775e-06	0.0002426711854369388	4.4470798037009166e-07	4.9244939210636845e-06	0.0022176334603680554	3.6378206496760254e-06	4.588864178518123e-07	0.0	0.0	8.537203734723089e-06	0.00019951308998652841	0.0	0.0
MHW241_trimmed_clipped_R1_paired	0.001120010164883214	0.1650460269172108	0.00033343523508049314	0.09548775404380823	0.002121563431390095	1.9001683232439673e-05	0.0	0.0	0.0	0.0030985657046547653	1.0569082703731667e-05	0.00029777827837991	0.0119305104493486	0.0034450078856443156	0.004254572537549193	3.0777732525961594e-05	0.0010424134288179465	0.0002542471721691116	0.0004979299338324343	0.00011969374406775982	0.0009608336331349619	0.00039385794163772977	1.9225757929408244e-05	1.7555408489997434e-06	2.734301791274621e-05	0.0	1.0705503616887852e-05	4.490375215259046e-07	2.9855236301752625e-05	0.0	2.300702867947142e-06	0.00011768726567500183	0.0	0.0	0.0011375319187619587	2.7925625045914997e-05	4.976881613488695e-07	5.52123411428011e-05
MHW241_trimmed_clipped_R2_paired	0.09846597839405476	0.08985280795570548	1.2686928678527395e-05	0.0001438966358299703	0.0006268031442986812	0.0	0.0	0.0	2.123132558949041e-06	1.1907400416613574e-05	1.2786207316997492e-06	4.270866064628018e-07	0.0	3.4359305635541154e-06	0.00011233417732310565	1.725072511374492e-05	4.537772430678028e-05	0.00014470029160054752	9.299736773992582e-05	0.004662786398125753	1.9259221110438454e-05	8.131563457376217e-05	0.0025981545269537537	1.2870522367458917e-05	0.011021912142426349	8.083853198447475e-06	0.00025503056378521497	4.5560639824284636e-07	5.9721001214867575e-06	0.002256540921391327	9.367649995444044e-07	4.7366264466610415e-07	0.0	0.0	1.0848091088777883e-05	0.00019895301801154248	0.0	0.0
MHW258_trimmed_clipped_R1_paired	0.0012795522686094825	0.16562498953475405	0.00028447930468118954	0.09569915962067282	0.002070109324263531	1.606786257166324e-05	0.0	0.0	0.0	0.0032382515187486904	5.055619257379536e-06	0.00029520665233568656	0.011953475860980537	0.003426835760191614	0.004404175336146424	3.762365169896079e-05	0.0010401373111617093	0.00027910467104723467	0.0005485222347653262	0.0001318996024912108	0.00099157051591155	0.00040151501914402357	1.6590033667150724e-05	3.8062149943299054e-06	3.439354772076801e-05	0.0	1.4946007475674733e-05	0.0	2.1454830399516932e-05	0.0	2.966226823182789e-06	0.00011023908668083922	0.0	0.0	0.001118597449114293	2.2517254579441415e-05	0.0	3.236672273661935e-05
MHW258_trimmed_clipped_R2_paired	0.09964914585070551	0.08962836042921778	3.216953972442975e-05	0.0001241637028522541	0.0005682699240726962	0.0	0.0	0.0	2.3057821799976115e-06	8.773673541544858e-06	0.0	0.0	4.650029892019657e-07	1.8649521651658704e-06	9.625374445755986e-05	1.685636626160647e-05	4.504712280976548e-05	0.00013593691567557954	9.48098525436514e-05	0.004914932003917089	2.3259753208512066e-05	8.527508838357972e-05	0.0027160095895464344	1.2487996633697202e-05	0.010990399068985421	7.275407303492316e-06	0.00025703004861238083	2.9444580546565323e-06	7.4104772113153004e-06	0.0022538773858845154	2.007629695513344e-06	1.5199589072016298e-06	0.0	0.0	1.1027260174813581e-05	0.00018688250948652993	0.0	0.0
MHW260_trimmed_clipped_R1_paired	0.001178040036412527	0.16543507813898095	0.0003265773208337678	0.0956148471645893	0.0020668601836934027	1.0471806838223905e-05	0.0	0.0	0.0	0.0032505539973039137	7.548385148803833e-06	0.00030250464066663193	0.012033900734556114	0.0034387401660476284	0.004333551254006648	2.7126787276460174e-05	0.0010234984712357248	0.0002670657836310458	0.0005127535415107299	0.00010933817755485824	0.0009847126587588244	0.00038675355505164184	1.866269369456415e-05	1.3082709153282137e-06	3.068469853852989e-05	0.0	9.761407030506991e-06	0.0	2.9722940180092468e-05	0.0	9.170698292871302e-07	0.00011826732524715668	0.0	0.0	0.0010703964499173483	2.0092912962019504e-05	0.0	3.272355752796379e-05
MHW260_trimmed_clipped_R2_paired	0.09963958879916186	0.08994774917104367	2.0970718187750797e-05	0.0001259110979510697	0.0005501587964071019	0.0	0.0	0.0	4.209659303221823e-06	8.430973633369314e-06	0.0	0.0	4.2448885185516084e-07	8.512035394541288e-07	9.255656361927864e-05	1.8379616506053112e-05	5.5260502786527984e-05	0.0001571972854451188	9.135743929510393e-05	0.004640609833485541	2.9966079440371914e-05	7.72164056383524e-05	0.002620387562203516	1.2342758328245326e-05	0.010713036004736637	4.017773325648435e-06	0.00023113578957829412	1.3598963396350175e-06	5.0302880733026755e-06	0.0021777631193857774	1.8670655054658135e-06	0.0	0.0	0.0	1.084274410415193e-05	0.00022169481927546172	0.0	0.0
MHW263_trimmed_clipped_R1_paired	0.001222031969991942	0.1651087579351904	0.00031326609193560266	0.09622107352807968	0.0021678149772021635	2.5727302660245197e-05	0.0	0.0	0.0	0.0031651509484921067	7.4930081570104405e-06	0.0002928493214709335	0.012232177368854373	0.0033518004313334636	0.004137563312620115	2.60486866150382e-05	0.0009551925580131239	0.00028127203282717804	0.0005226313951408835	0.00010628349964945596	0.000939960428674597	0.0003610030159849967	1.2094098822835887e-05	4.857350166072316e-07	2.48798033527662e-05	0.0	1.1334219416325053e-05	4.957345831489594e-07	2.3950856913259666e-05	0.0	1.5199179548287984e-06	0.0001279404744762566	0.0	0.0	0.0010665407088295512	2.607699992634334e-05	5.584418529652422e-07	2.5514155593712133e-05
MHW263_trimmed_clipped_R2_paired	0.1001552167528386	0.08990683201836333	1.1708865339290367e-05	0.00012654385850784355	0.0005252473258345523	0.0	0.0	0.0	2.350358436712674e-06	1.1297460100312972e-05	4.7174911551758334e-07	9.454590709373638e-07	0.0	1.4262789161350899e-06	0.00012198151790360619	1.6235656466039283e-05	4.690067916873505e-05	0.00015304913800422544	0.00010201406022258572	0.004606624178805997	2.3739505188675822e-05	7.39254417856138e-05	0.002596317912290803	9.322963587394348e-06	0.010355391677020744	3.9673573572988295e-06	0.00023299060913638595	1.0046354280504417e-06	7.083524457785802e-06	0.002156086147529149	1.029581254220543e-06	5.202493236615724e-07	0.0	0.0	9.220366687908583e-06	0.00021349386119751514	0.0	0.0
MHW265_trimmed_clipped_R1_paired	0.0011901992877560333	0.16505227709326215	0.0002849454492787023	0.09611198276295699	0.0020785701847065665	2.5492926593535033e-05	0.0	0.0	0.0	0.0031692805261037214	9.744894938408296e-06	0.0003147796701787829	0.012103763381694986	0.003323242548376443	0.004172553356689807	3.001646220038875e-05	0.0010083778096896317	0.000269144272142775	0.0005048366521288536	0.0001054838998355677	0.0009676113001819773	0.00036946625321633564	1.158064246972487e-05	1.9422612349130005e-06	2.982435940930695e-05	0.0	9.443013960362979e-06	5.018851811173128e-07	2.486015503239146e-05	0.0	0.0	0.00011172645618835525	0.0	0.0	0.0010766707707902906	2.1904998643446494e-05	0.0	4.217857904223534e-05
MHW265_trimmed_clipped_R2_paired	0.09954836105042729	0.0900352559449167	1.1600792417647832e-05	0.00015787019364775845	0.0006388075493300547	0.0	0.0	0.0	1.163939695632563e-05	8.391299067591014e-06	4.671253002517936e-07	9.360755635765791e-07	4.6937012594326966e-07	2.352991978951527e-06	9.621359735551833e-05	1.3234222493162466e-05	4.1685723476739595e-05	0.000146797425325183	9.25365252278155e-05	0.00457230289617773	2.263583108443542e-05	8.621747372543074e-05	0.002515999750291168	1.1289830325041872e-05	0.0104516629140837	7.485427033806369e-06	0.0002358115538773118	5.093825333697135e-07	3.0929529160705474e-06	0.002209043823322765	0.0	0.0	0.0	0.0	8.619366631931002e-06	0.00021015295811864648	0.0	0.0
MHW267_trimmed_clipped_R1_paired	0.0012638802446672968	0.16545984518101017	0.0002657144536159953	0.09655431229895789	0.0021286895089685223	2.1360747495149744e-05	0.0	0.0	0.0	0.003176791018417593	1.0455065369393284e-05	0.00030572773687886093	0.012138259888569326	0.0033181550444223384	0.004126611277329431	3.170448301341773e-05	0.0009292286597594934	0.0002611167134562719	0.0005350920406008082	0.00011372248666075326	0.0009538190015108493	0.00034443305180545023	1.3288811222076239e-05	4.946245587899473e-07	2.934053084071964e-05	0.0	7.049973490337182e-06	0.0	2.91439054469448e-05	0.0	5.207607062008858e-07	0.00013171156635814955	0.0	0.0	0.0011164952637345066	2.3382497111955404e-05	5.663275972729379e-07	4.2874160223823693e-05
MHW267_trimmed_clipped_R2_paired	0.09876761716863462	0.0904846349353187	1.663584243109927e-05	0.00016409881355130857	0.0005283027991766854	0.0	0.0	0.0	7.156436822510562e-06	1.1944203142344029e-05	4.787919512181097e-07	4.797624446659987e-07	0.0	4.824616016892448e-07	0.00010492127333791806	1.6473506725066864e-05	4.127121739326806e-05	0.00015431944908755047	0.00010405200540724565	0.004537641699484471	2.560933610805237e-05	8.263210712877629e-05	0.002559306990992234	9.502690069018188e-06	0.010417322278360825	4.560159794079398e-06	0.00023022380806779163	1.543977385795544e-06	4.154085068060218e-06	0.0022135526056204415	1.060235920198184e-06	0.0	0.0	0.0	8.395881907241669e-06	0.0002249377389422487	0.0	0.0
MHW268_trimmed_clipped_R1_paired	0.0011386503414290094	0.1635292304249764	0.00024013399861337023	0.09607398944152562	0.0021752804473591067	1.9218896757297412e-05	0.0	0.0	0.0	0.0031159439153788868	7.69621926614887e-06	0.00028758798994208936	0.012140148881610243	0.0030798871226979177	0.004071375138715878	3.07082349453471e-05	0.0010000458104350795	0.0002826972004008162	0.0005171274267471873	0.00010205868060107852	0.0009876651876423127	0.0003802206846654005	1.663540853598697e-05	2.384642169955697e-06	3.191144573807684e-05	0.0	1.2469330174050208e-05	0.0	3.088059268763981e-05	0.0	1.2337772784763384e-06	0.0001218379533753421	0.0	0.0	0.0010681390118631089	2.0287967934858046e-05	4.382029388623467e-07	4.640343134371477e-05
MHW268_trimmed_clipped_R2_paired	0.09856141994190734	0.0900277988398357	1.3470783304688353e-05	0.00013672622345417041	0.0005819260101503312	0.0	0.0	0.0	0.0	9.282944592107298e-06	0.0	0.0	7.788827441098356e-07	1.9523054206591688e-06	0.00011034846279758687	1.921426773410054e-05	5.226573965950144e-05	0.0001682017207390555	0.00010111962532650826	0.0044498422904897614	2.1461819960822402e-05	8.494700742460773e-05	0.0025798840377150626	1.4871162438253929e-05	0.010310183318410009	6.895678868267555e-06	0.00025808277749451644	1.6400789571731799e-06	4.95033822752785e-06	0.002221140410736707	1.6735912340772226e-06	8.437590095004987e-07	0.0	0.0	1.2183002940881188e-05	0.00019900824615599135	0.0	0.0
MHW269_trimmed_clipped_R1_paired	0.0012592910000941901	0.16493930126581388	0.0002691062962775676	0.09586631890952925	0.00219524977316976	2.692544730388887e-05	0.0	0.0	0.0	0.0031524513108671477	7.3517035676278456e-06	0.0003211759224345339	0.011999403906603196	0.0032413291083313043	0.004240269936453549	2.7726495725987913e-05	0.0009701195246801385	0.000279107903279589	0.0005394147835072251	0.00010233292533430097	0.0009389838136730316	0.0003571761248238653	1.3755793029339513e-05	1.0252420224764835e-06	3.9737096684789246e-05	0.0	9.95959392743639e-06	0.0	2.5113384526664906e-05	0.0	5.468720776523351e-07	0.00011933940389013041	0.0	0.0	0.001046776967590169	2.203992188741933e-05	0.0	3.3941503361751626e-05
MHW269_trimmed_clipped_R2_paired	0.09866483855106908	0.09019656318801626	1.2249908921927165e-05	0.00013728485226642214	0.0005298285241869297	0.0	0.0	0.0	2.458185285027567e-06	7.876383934807485e-06	1.9730340601071707e-06	4.942020023404615e-07	0.0	1.987349358732294e-06	0.00010405822652250117	1.4467914939077059e-05	5.1492561384582376e-05	0.00015390845765577264	9.463495941144344e-05	0.004593653776284541	2.134635105652926e-05	8.024226663366477e-05	0.002559811897328979	1.3978341140245488e-05	0.010428146394318435	4.732857860966905e-06	0.00021967767321144115	5.359308515433169e-07	4.334424118252842e-06	0.0022254097094164963	0.0	0.0	0.0	0.0	1.129820979568466e-05	0.00020419832361076844	0.0	0.0
MHW270_trimmed_clipped_R1_paired	0.001183952935775742	0.16470758299675783	0.0002729809034502861	0.09604965124135416	0.0020821500349528137	2.194604987927478e-05	0.0	0.0	0.0	0.0031687920453939687	6.835850750116701e-06	0.0003121708938961762	0.012063899979629592	0.0032129582781946163	0.004141051369951538	3.3078156421240094e-05	0.0009586782929547638	0.00027093136990328907	0.0005225875503490086	9.287126139310058e-05	0.0009398853630439981	0.00036959498263195237	1.161091530031645e-05	5.070209652104371e-07	3.107278230776495e-05	0.0	9.27059399106055e-06	0.0	2.4544518877061527e-05	0.0	0.0	0.00012089147631273904	0.0	0.0	0.0010519032639832637	1.961585973414106e-05	1.1931835523656403e-06	4.559149401319856e-05
MHW270_trimmed_clipped_R2_paired	0.0991475319611871	0.08956939752419822	2.6853151223399053e-05	0.00012702575234604962	0.0005523978036565557	0.0	0.0	0.0	1.224864644495163e-05	1.2265257626020823e-05	1.9665940277302444e-06	1.477968012131398e-06	0.0	2.4771488714055245e-06	0.00010129815975208407	2.1399480434549592e-05	4.988096904357132e-05	0.0001615377505646182	9.381270495128707e-05	0.004517421763731935	2.0715337696155237e-05	7.153293486410837e-05	0.0025061244115983723	1.0242775651260898e-05	0.010517249568807443	7.770748054014305e-06	0.00024352462799501136	1.0507892025861266e-06	4.237138130131029e-06	0.002263821878068554	2.159707240453079e-06	0.0	0.0	0.0	5.165903982169228e-06	0.00021690411321046132	0.0	0.0
MHW271_trimmed_clipped_R1_paired	0.001206896137479774	0.16549733511340825	0.00026552736235711376	0.09595684977626143	0.0022674358054953865	2.516645020257175e-05	0.0	0.0	0.0	0.003282792928590932	6.718925573923903e-06	0.0003137139539585783	0.011870481208173658	0.0032499174706832946	0.004084795451594666	3.623342865555806e-05	0.0009902972547745637	0.0002588437214306576	0.0004991286668081074	0.0001064035315721131	0.000970250824469347	0.00038853800453408314	1.5594337093220416e-05	3.478185014886806e-06	3.2590598065234704e-05	0.0	8.808915628006447e-06	5.903991765584604e-07	2.6722876872331686e-05	0.0	0.0	0.00011417367208686135	0.0	0.0	0.001091214486963529	1.6018538138854622e-05	0.0	3.338259491589756e-05
MHW271_trimmed_clipped_R2_paired	0.09973655580562023	0.09005960186131197	2.7993413373780455e-05	0.00010364198785668845	0.0005773656196935266	0.0	0.0	0.0	5.617560155994028e-06	1.1812547560269614e-05	2.2547266624178597e-06	5.648226031432299e-07	0.0	3.4079833725854442e-06	0.00010246514458830937	1.825505913863321e-05	4.974026576567035e-05	0.00015015724099480662	0.00010344933710957897	0.004520644350809242	2.1398740716496115e-05	8.996379671088645e-05	0.0024681597774768673	1.1117787505048646e-05	0.01051481462316572	5.3171523328991085e-06	0.0002601720453583944	1.1952258686750717e-06	2.405999233977964e-06	0.0022953724400848257	2.443382863819296e-06	0.0	0.0	0.0	1.4076731495560581e-05	0.00021085386526110302	0.0	0.0
MHW272_trimmed_clipped_R1_paired	0.00124670545174704	0.16501687914696075	0.00025095186411104174	0.09676942058749614	0.002035291111108486	1.4768241251626168e-05	0.0	0.0	0.0	0.0032019092758415186	1.0349536778389883e-05	0.0002963431633319111	0.012068374912247801	0.003358319511390733	0.0041878009755190624	3.188764928863189e-05	0.0010228520378151795	0.0002823954538858263	0.0005067409859994345	8.817873064822649e-05	0.0010077234442814262	0.0003623884811623717	1.0701774520857475e-05	2.0476021007865176e-06	2.9833325326343146e-05	0.0	1.2485754989126911e-05	0.0	2.4272319553402827e-05	0.0	0.0	0.0001277137313342102	0.0	5.589222516846909e-07	0.0010496097717075977	1.865058462501406e-05	6.002753631167718e-07	4.5814076277199474e-05
MHW272_trimmed_clipped_R2_paired	0.09886841439525294	0.09037754518446409	2.7100962047196818e-05	0.00014051910221606022	0.0006314570803062448	0.0	0.0	0.0	2.471791544129661e-06	4.4550207076045015e-06	1.9840745577124556e-06	9.940156530129919e-07	4.984438309453778e-07	5.497531361029987e-06	0.00010769061346273518	1.5560929754107996e-05	4.4270556183825735e-05	0.00016846035842039443	8.500026226122584e-05	0.004566754002431147	2.1913060645338105e-05	7.113009878778397e-05	0.0025317108348253507	1.239999379173644e-05	0.010325683035672679	5.227264525219481e-06	0.00024890806190795006	2.1210156508896475e-06	3.2075405086171323e-06	0.0022393547187679937	1.6354869261628352e-06	5.518486837089975e-07	0.0	0.0	5.795193234923225e-06	0.00021740289891084176	0.0	0.0
MHW273_trimmed_clipped_R1_paired	0.0013049223793975885	0.1651227532175122	0.00030357580024491563	0.09497662772799036	0.0020959336657168427	1.2742884150489895e-05	0.0	0.0	0.0	0.003012630756218561	9.355206389864508e-06	0.00032419450439856424	0.012097868678774064	0.003448238469238781	0.004259425986183642	3.095564353799135e-05	0.0010001879155296532	0.00022805335256352916	0.0005126707728968715	0.0001167799641422996	0.0009537193017790956	0.0003871876709947017	1.4447299829213216e-05	3.07420364313685e-06	3.0403310354731684e-05	0.0	1.1098497693146179e-05	8.916439498079354e-07	2.552743555762359e-05	0.0	1.357306042493497e-06	0.00012246501683222473	0.0	0.0	0.0011471308543390007	1.8845527330221895e-05	9.555172922902602e-07	4.332687634499863e-05
MHW273_trimmed_clipped_R2_paired	0.09880065963295823	0.08980972949008532	1.0636402555927535e-05	0.0001405126617236867	0.0005944031383974393	0.0	0.0	0.0	2.136080549375993e-06	8.557111899773526e-06	1.2864692924882877e-06	8.59470246089795e-07	4.3105872423782385e-07	1.2967568258750638e-06	9.703963986544882e-05	1.4326472044351354e-05	5.13393963391086e-05	0.00013824919501135324	9.139100134378442e-05	0.004672071125358536	2.815131704155328e-05	8.031904702562814e-05	0.0025672973010832075	1.378111611534556e-05	0.011200215134117958	5.380269416811705e-06	0.00025406157175885086	9.055366325313917e-07	6.373051852506421e-06	0.0021193100389257447	9.217023444125888e-07	9.282537887444197e-07	0.0	0.0	1.238753535319212e-05	0.0002127749162285614	0.0	0.0
MHW274_trimmed_clipped_R1_paired	0.0012051680906080046	0.16609611113878148	0.00026652654421407783	0.09665896854605165	0.0020164032820105446	4.44382560058303e-05	0.0	0.0	0.0	0.0030928345786139302	8.474061795095762e-06	0.0003124234520151321	0.012009475811191701	0.00339992613565661	0.004332959434917499	3.639499413488247e-05	0.0010453389373112686	0.0002709549085786956	0.000516991347509489	0.0001197597396532211	0.000966407413823307	0.00038832134977126746	1.3086583932090715e-05	1.7507959348111618e-06	3.470366585848565e-05	0.0	1.2403224615141895e-05	1.7805133585017799e-06	2.371695565792052e-05	0.0	9.058998357422418e-07	0.00012004086757104269	0.0	0.0	0.0011101837596974996	1.566213260267681e-05	4.813121508754183e-07	5.093127719078403e-05
MHW274_trimmed_clipped_R2_paired	0.09932910829591832	0.09020505786490474	1.059521839065456e-05	0.00013571571815127964	0.0005962549924154668	0.0	0.0	0.0	4.25404329799301e-06	7.2421422266930755e-06	4.269322836685128e-07	8.556259069714829e-07	8.582052883176282e-07	2.1513394779575974e-06	0.0001052156261228615	1.9445266979237665e-05	5.456369937100916e-05	0.00015887500590952078	8.879713069309255e-05	0.004722486303425408	2.3651197914560003e-05	9.273757991193965e-05	0.002637280776642043	1.949087374831713e-05	0.010987298124525962	8.94213345139811e-06	0.000270566130458979	4.520321516727707e-07	3.638651835649137e-06	0.0022256374206109752	4.6136479531200223e-07	4.652097256391683e-07	0.0	0.0	8.15021341933119e-06	0.00019773664226186777	0.0	0.0
MHW275_trimmed_clipped_R1_paired	0.001207641796267877	0.16581728613776928	0.0003557590248569054	0.09588756281984759	0.002088136784642217	8.95345383622705e-06	0.0	0.0	0.0	0.00303673259792859	1.1652576878637856e-05	0.00031971124720447155	0.012119519023813417	0.003408471263893381	0.004337265669999725	3.625691808056637e-05	0.000993539724864182	0.00027505766192243813	0.0005246857355059025	0.0001016689666140913	0.0009563791825907973	0.0003857182228841645	1.8958338528573152e-05	3.7126786574616122e-06	3.5874249926506705e-05	0.0	1.5512598079400275e-05	0.0	2.9461288600934676e-05	0.0	1.925468039642191e-06	0.00011162982795790493	0.0	0.0	0.0011137530141315862	2.077604602565109e-05	5.146725607105565e-07	2.0766182852677536e-05
MHW275_trimmed_clipped_R2_paired	0.09890139036694554	0.08975380160196862	2.0175092906302832e-05	0.00011216784940559901	0.0005634605149768703	0.0	0.0	0.0	4.501025434867135e-06	7.212231045931133e-06	0.0	9.054940644094408e-07	4.541734101388409e-07	3.643690833634378e-06	0.00011047527820516824	2.058834159993375e-05	4.3103749891426696e-05	0.00015905684403372697	8.483165632674816e-05	0.004612036011694776	2.18112358381734e-05	7.452527145899995e-05	0.0026776905462433066	1.221135210971186e-05	0.011060380632712944	5.217121589472167e-06	0.00023129225831762846	9.595863814214903e-07	5.312313750581741e-06	0.0022177343895943185	1.9612752863054957e-06	1.4840878255274295e-06	0.0	0.0	9.202690877037658e-06	0.0002054560599996445	0.0	0.0
MHW276_trimmed_clipped_R1_paired	0.0012919561337827376	0.16789065729563024	0.0004081690592705466	0.09615132743874621	0.0020572922083267166	1.3611238527427325e-05	0.0	0.0	0.0	0.0031589929410173433	7.721734278262851e-06	0.0003099254389831406	0.012130387982112509	0.003370255456093086	0.004388543613960814	3.1203375904252034e-05	0.0010232965485895281	0.00028589854007708904	0.0004958580550712735	0.00011720360295967933	0.0009277976683523807	0.0004008777446150005	1.4654845324655007e-05	2.379156186007836e-06	4.0252577448007576e-05	0.0	1.3152999987631309e-05	4.918522800766636e-07	2.2865543515808558e-05	0.0	1.0187319126695734e-06	0.00010814040843007572	0.0	0.0	0.0011658156439667076	2.2293130229243823e-05	0.0	3.471697750753568e-05
MHW276_trimmed_clipped_R2_paired	0.09961435109406586	0.09028413892123788	2.9525378630048778e-05	0.0001386304623896351	0.000643530275200151	0.0	0.0	0.0	6.836757910949314e-06	9.584205535971298e-06	9.146563811361432e-07	9.164402433031542e-07	4.595211347716348e-07	3.22502003716467e-06	0.00010665495869168035	1.9895137173662666e-05	5.2395928806656155e-05	0.0001525361934787308	8.640365934536234e-05	0.00479400966458269	2.0760685874176428e-05	8.116768919917794e-05	0.002608582871159096	1.0587343720881044e-05	0.011029420984112954	7.3398347142620685e-06	0.0002455352684414117	1.9972733124874256e-06	7.577037329708991e-06	0.0022319217294828895	2.5947641737942116e-06	5.271243093854504e-07	0.0	0.0	6.690085981654045e-06	0.00019456527937286122	0.0	0.0
MHW277_trimmed_clipped_R1_paired	0.001170651444892176	0.1657659740360285	0.0002890306505141672	0.09670508269928466	0.001959219282187367	1.5106732518208577e-05	0.0	0.0	0.0	0.003158148942735568	9.074205050701667e-06	0.00029786127992366727	0.011972477415751862	0.0034473798564116547	0.004333710443088834	2.8813608824613e-05	0.0010111875453478344	0.0002771684627723942	0.0005126599100464763	0.00012167315399121889	0.000988002253210973	0.0003821640525381938	1.734353580316371e-05	3.123207794612894e-06	3.581820295580586e-05	0.0	9.928005802359812e-06	9.066159423508671e-07	3.5075863512526585e-05	0.0	0.0	0.00012427507923382577	0.0	0.0	0.0011297944315524088	1.680785569593402e-05	4.864987972728083e-07	4.164923217558023e-05
MHW277_trimmed_clipped_R2_paired	0.09928331554359944	0.08991417314876714	2.1608613002987194e-05	0.00014920760382708422	0.000532303405584144	0.0	0.0	0.0	2.1691304879923227e-06	9.992022933656281e-06	4.3536365259795117e-07	0.0	0.0	2.6323354898244617e-06	0.00010596458839330732	2.1589932126452602e-05	4.3272644391563704e-05	0.0001526994169737087	8.74292350766961e-05	0.004776344029872185	2.500297278649206e-05	8.242997362066129e-05	0.0026257415353747567	9.930389100856303e-06	0.01103753104600243	5.464523425933781e-06	0.00024253557415702734	1.3802016314480157e-06	1.3880981998781638e-06	0.002162321428055925	9.375596829985078e-07	0.0	0.0	0.0	5.3374072307068804e-06	0.00020332997328096809	0.0	0.0
MHW278_trimmed_clipped_R1_paired	0.0012537240171769442	0.16533846593613893	0.0002823378621020688	0.0942580761265377	0.002051036169120016	1.620671845346046e-05	0.0	0.0	0.0	0.003139254183265869	9.271533997644307e-06	0.0002977612873268645	0.012116178323371918	0.003365899137858035	0.004196662572190343	3.232599126211591e-05	0.0009902985768521985	0.0002823879067793091	0.0005204762432181426	0.0001164020451498644	0.000939607568248538	0.00037605362848433917	1.3849409912222298e-05	1.917013326976006e-06	3.463723488221443e-05	0.0	1.116166780455017e-05	4.877558907022748e-07	2.3542296786866898e-05	0.0	4.967740067293106e-07	0.0001126826738264336	0.0	5.098918249196678e-07	0.0011242254538941713	2.716896992654179e-05	0.0	4.552053075010926e-05
MHW278_trimmed_clipped_R2_paired	0.09896555046291215	0.0895905072233273	4.635882060935147e-06	0.00018092193503803085	0.0006359282175368393	0.0	0.0	0.0	6.978772412065898e-06	1.0249627153506066e-05	0.0	1.4034028683589865e-06	4.6914665029807747e-07	1.4111167277215325e-06	9.804589626450037e-05	1.2753097982561925e-05	4.73332295189388e-05	0.00014091124063579568	9.610022343682544e-05	0.004661840759650435	1.914720310389948e-05	8.021878727936969e-05	0.0025935480335944464	1.4040544114271207e-05	0.010868156543997027	7.819627697555294e-06	0.000254501040049453	4.942105629471967e-07	3.978630259653467e-06	0.0022303429813222524	4.0377170009174605e-06	5.090739841395557e-07	0.0	0.0	8.40845367012974e-06	0.00020208137740287754	0.0	0.0
MHW279_trimmed_clipped_R1_paired	0.0012275249595579349	0.16685741706794574	0.0003181826478925507	0.09565612545487744	0.002202797217439956	2.2338281383658837e-05	0.0	0.0	0.0	0.003102037965178213	1.2300187163561577e-05	0.0003261192163980618	0.012028116953999753	0.0034423629387006433	0.004343598697403076	3.674318804894005e-05	0.0010153744578044882	0.00029143330107210243	0.0005285278795520197	0.00011333922674415589	0.0010123388061714382	0.0003927135058298147	1.1027050422569341e-05	1.167019290297875e-06	3.932375467318072e-05	0.0	8.329438874439594e-06	0.0	2.35962488692254e-05	0.0	6.175783105509209e-07	0.00011579014279640982	0.0	0.0	0.0010978678560208874	2.209146100498314e-05	0.0	3.818926635121175e-05
MHW279_trimmed_clipped_R2_paired	0.09878786094987835	0.09014794431399174	1.6774175150904674e-05	0.00013987892080615018	0.0005570604741771538	0.0	0.0	0.0	5.6114598804888106e-06	8.4290850231579e-06	1.1263155640327322e-06	5.643204108812397e-07	0.0	3.40526495847339e-06	0.00011091987513402677	1.9381850867910447e-05	4.513427982431933e-05	0.0001592745249352261	9.489377406894311e-05	0.004692028536335386	1.9146962662772972e-05	8.397448582203648e-05	0.002637497237239235	8.84934701730281e-06	0.01103730676792674	3.589387580784776e-06	0.00024182284055082948	6.084813699038019e-07	5.530013175686503e-06	0.0021579994115507074	6.287150615810056e-07	6.372763766127242e-07	0.0	0.0	7.370622096720331e-06	0.00018078704200658825	0.0	0.0
MHW280_trimmed_clipped_R1_paired	0.0011640482915005771	0.166407037671874	0.0003280441606444143	0.0956053469059544	0.002061339881053201	2.4228255718666785e-05	0.0	0.0	0.0	0.0030865149886845416	1.058415429326109e-05	0.00029605862055990606	0.012055723869233991	0.0033054863662613635	0.0042375731488832015	4.145281028123833e-05	0.0010074289508498647	0.00026509367958365177	0.000504148477553752	0.00012603445195856345	0.000990307932098873	0.0003888646423158058	1.589333967032573e-05	9.112187498384011e-07	2.971972846647815e-05	0.0	7.375117198102631e-06	4.631032661006186e-07	2.2342572870057043e-05	0.0	4.708860280501251e-07	0.00011476833641380401	0.0	0.0	0.0011349771585846835	1.672390472245883e-05	0.0	2.5099258783749155e-05
MHW280_trimmed_clipped_R2_paired	0.09963065121790478	0.09004284124816658	1.323163440323741e-05	0.00013461477774548493	0.0006227066811502647	0.0	0.0	0.0	1.5493821971293136e-05	7.536047141042482e-06	4.442452488237185e-07	8.903059869498593e-07	4.464814814773474e-07	1.3430703305852115e-06	9.601703094458859e-05	1.573693661941133e-05	5.181936179625482e-05	0.00014273038317791627	9.918332765037022e-05	0.004654339886470081	1.9136316264039938e-05	9.417732504065718e-05	0.002606228078461579	1.1516374054335249e-05	0.010945071157211146	7.43662933250995e-06	0.00024617559785740904	1.878786562213962e-06	5.669803942432024e-06	0.0022699508491199863	9.57917280921145e-07	0.0	0.0	0.0	8.439740003185058e-06	0.00021815083180736243	0.0	0.0
MHW281_trimmed_clipped_R1_paired	0.0012571501436493342	0.16481093170053002	0.00029246116315158685	0.09492355356589147	0.0020335129480356837	1.8414503852498352e-05	0.0	0.0	0.0	0.003012079507548422	1.3928709807084541e-05	0.0002836339989664492	0.012090830956346357	0.0033407355945346325	0.004199321883485372	2.9826307368970766e-05	0.0010206181644223005	0.00026761285359935025	0.0005386568934584648	0.00011755030584163274	0.0009802717191562883	0.00040254863848607187	1.1812524420548533e-05	3.385558579099177e-06	2.9296752474094823e-05	0.0	1.0265666114393791e-05	0.0	2.459248473081746e-05	0.0	4.357493736233479e-07	0.00012229291912075826	0.0	0.0	0.0011728204599455502	1.6261518903378815e-05	4.5653468615639413e-07	5.279743780920934e-05
MHW281_trimmed_clipped_R2_paired	0.09952540844552649	0.08987882164647273	1.8442357275058107e-05	0.0001291967593433302	0.0005992282104821103	0.0	0.0	0.0	6.172473348957509e-06	7.005748146296555e-06	4.130142252713649e-07	4.138761190056578e-07	0.0	2.497504784594791e-06	0.00010053695494421763	2.2156282709518735e-05	4.734111378533475e-05	0.0001545335938249014	9.557140587908387e-05	0.004640338786359773	2.3713254047390903e-05	9.090923302717822e-05	0.0025222440333124625	1.1124194256961007e-05	0.010732453964838686	3.4512805290461018e-06	0.00025439896549852496	0.0	5.691645225217526e-06	0.0021699927302161162	8.861100045935499e-07	0.0	0.0	0.0	6.851989378046066e-06	0.00021925153673632886	0.0	0.0
MHW282_trimmed_clipped_R1_paired	0.0012496288488903636	0.16748938608209404	0.00028882281493936013	0.09622421670297737	0.00210069831504185	3.508466776491308e-05	0.0	0.0	0.0	0.0032059912003926196	4.958852188368745e-06	0.00033158564407974854	0.012075084199574555	0.003344755435531009	0.004321771896137494	3.216937165822374e-05	0.001013862337470298	0.0002640560886701521	0.0005342206689530582	0.0001131573721840086	0.000994900160413568	0.0003815996863675522	1.8336521357893945e-05	4.28048195298941e-06	3.051410245776053e-05	0.0	1.2146239368559352e-05	0.0	3.334284013750728e-05	0.0	8.89326884355716e-07	0.00013184715873745402	0.0	4.571270713696131e-07	0.0010927773877876428	2.114414979011894e-05	0.0	3.8735122958958615e-05
MHW282_trimmed_clipped_R2_paired	0.09988782415882708	0.08946101724558561	2.0664765246510294e-05	0.00012820831750632672	0.0005979807741111487	0.0	0.0	0.0	2.073903510104504e-06	9.55302834113532e-06	8.324723384114271e-07	4.1709345058842374e-07	0.0	2.936427490047199e-06	0.00010468730909806711	2.1067160379783598e-05	4.4339639986953505e-05	0.0001583276823968027	9.722636324682133e-05	0.004656129185863119	2.0086601459005255e-05	7.592781570872639e-05	0.002587620967727	1.6871206395685734e-05	0.010940583205627998	7.427836190135933e-06	0.0002561647688350452	8.842805883322139e-07	1.7804847714314026e-06	0.0021875822053076307	1.8084806757171028e-06	4.56272235486335e-07	0.0	0.0	8.500970102371516e-06	0.00021032192998240816	0.0	0.0
MHW283_trimmed_clipped_R1_paired	0.0011794015322793088	0.1657177304623316	0.0002703641018509776	0.09578904057920823	0.002008340946021665	1.6773116551983976e-05	0.0	0.0	0.0	0.0031087480690956916	7.1363842025070086e-06	0.00032843869241987774	0.012058134605818742	0.0033897420131415567	0.00438683261026885	3.6931694292288574e-05	0.001056163493768412	0.00024186593967310627	0.0005167172310978292	0.00011968845481303956	0.0009750362157538107	0.00039412091429352487	1.3860398791047505e-05	1.7389262923964303e-06	3.360406543205563e-05	0.0	1.320890625826795e-05	4.42549038383203e-07	2.625418336493914e-05	0.0	1.3518028535044219e-06	0.00010809877768351788	0.0	0.0	0.0011321947668389144	2.0328633636891836e-05	4.795830443625682e-07	4.1088388882941816e-05
MHW283_trimmed_clipped_R2_paired	0.09993909218552216	0.09028919836454435	1.259708124367876e-05	0.00015127366437487765	0.0006433220646854029	0.0	0.0	0.0	4.214978664304873e-06	8.019766140327023e-06	8.459991854635243e-07	8.477449875244364e-07	0.0	1.7052681321618782e-06	8.545332894872303e-05	2.055267232011308e-05	4.8490836225371864e-05	0.00014066619043203026	9.188633046620229e-05	0.004712804563209908	1.910283824109488e-05	8.278858480840188e-05	0.0026135784881328094	1.888935735959432e-05	0.010870139221846568	1.0200774662794323e-05	0.00025861475281679957	1.345605440343796e-06	5.867741706758426e-06	0.0021927135383670187	9.160062860564978e-07	0.0	0.0	0.0	6.669122682246449e-06	0.00020569559315829805	0.0	0.0
MHW284_trimmed_clipped_R1_paired	0.0012228354728605266	0.16701431177747847	0.00027653386087439876	0.09698233636847127	0.0021221519514791534	1.7705391056980418e-05	0.0	0.0	0.0	0.003152293741936864	1.1078185856490752e-05	0.0003333946744066723	0.012084784305327122	0.00340973291774161	0.004295897737083598	3.089973900333931e-05	0.0010333052274610712	0.0002929239904001204	0.0005301658192187889	0.00011132354549870914	0.0009582654297189476	0.0003693542472668833	1.6909875850570754e-05	3.6699923097146146e-06	3.684805530288793e-05	0.0	1.0227938393835517e-05	4.6741085985289724e-07	2.3978998346930173e-05	0.0	4.765679406932167e-07	0.00012352201819866717	0.0	0.0	0.0011016375073769219	1.9591949918957146e-05	5.108379872674755e-07	3.610566374073245e-05
MHW284_trimmed_clipped_R2_paired	0.09966219667599265	0.0901067659783634	1.9941909218446667e-05	0.00015077180753446634	0.0005546368181541772	0.0	0.0	0.0	4.4470031512353736e-06	1.3358757483086121e-05	4.46205048595054e-07	4.4708635721122464e-07	0.0	2.2477179672464067e-06	0.00011488320063768015	1.7607052811095326e-05	4.117118391014931e-05	0.0001541975036730299	8.732194946488677e-05	0.00465784473914434	1.785113240374858e-05	7.304098631093397e-05	0.002610272386627569	1.482104473118205e-05	0.01096727656884402	2.3384931186238706e-06	0.0002454897663099674	2.8390177700699286e-06	2.381561130658912e-06	0.00227101790242021	2.4184699205657426e-06	0.0	0.0	0.0	1.0088693436819653e-05	0.00021968368141017793	0.0	0.0
MHW285_trimmed_clipped_R1_paired	0.001182705339684269	0.166086515149867	0.00031908230510907054	0.09680609048603572	0.002034887954480753	2.4387248758960624e-05	0.0	0.0	0.0	0.0031276571108821843	7.546320033706304e-06	0.0002957786629109705	0.012102851647967433	0.0032995553849118828	0.004267571792866654	3.050522899326603e-05	0.0009995997284326307	0.0002835103932363525	0.0004952884399221697	0.00012189711516429341	0.0010133977867655911	0.000395641482159778	1.4631947445263806e-05	1.3763852445776018e-06	3.0849880219124025e-05	0.0	1.2069917279843224e-05	1.3992151028255895e-06	2.5313891908078338e-05	0.0	0.0	0.00011606616239342183	0.0	0.0	0.001104919271186229	2.3820600388704555e-05	0.0	4.314481654113386e-05
MHW285_trimmed_clipped_R2_paired	0.09994524561534143	0.09058707276230026	1.7756247735523533e-05	0.00013770610939817544	0.0006111659938173559	0.0	0.0	0.0	2.2275940404998427e-06	8.922385626247325e-06	2.235252052833133e-06	0.0	4.4924702895980675e-07	2.7026542984077007e-06	9.118752392882512e-05	1.5380564032696672e-05	4.578735980182433e-05	0.00014268407966210302	9.249197361031766e-05	0.004738973709100545	2.2001200000451023e-05	8.508077752977115e-05	0.0026562854753156306	1.297444636913663e-05	0.010807515149099898	5.6100420238430436e-06	0.0002607525384976105	9.447424799927516e-07	5.226436526584215e-06	0.0021844664883425334	9.631568985284542e-07	0.0	4.895149591586166e-07	0.0	8.494100295228444e-06	0.00020201851840469207	0.0	0.0
MHW286_trimmed_clipped_R1_paired	0.0011954549483549634	0.16573967166595063	0.0003128442150944014	0.09596548622626544	0.0021820742789580364	1.7033095389507292e-05	0.0	0.0	0.0	0.003042883167978775	7.673661154809438e-06	0.00029856846105074834	0.012089074382649943	0.0032936617449947697	0.004210687951181984	3.102711555726421e-05	0.0010043003189351123	0.0002606646966217773	0.0004957762511593111	9.315840494980033e-05	0.0009866336806214039	0.00037525232872969225	1.5812620030963218e-05	3.525646648877928e-06	2.5651595981047698e-05	0.0	1.0699125864922352e-05	4.478090828668469e-07	2.7899472978955428e-05	0.0	9.097912167445835e-07	0.00012363036953653186	0.0	0.0	0.001082627965220087	1.7512407067098743e-05	0.0	4.8171201993362876e-05
MHW286_trimmed_clipped_R2_paired	0.10008638119216681	0.09011029931000374	6.397140631669019e-06	0.00011523720041208822	0.0005701729097397064	0.0	0.0	0.0	2.1409960208946653e-06	1.1149191556039707e-05	1.7189545126131383e-06	0.0	0.0	3.031374457138214e-06	0.00010893739865946584	1.5223236630085868e-05	5.14382274425184e-05	0.00013939665857557186	9.552436159327361e-05	0.004542525073048581	2.4248712180655868e-05	7.255320584281052e-05	0.0025362817051642144	1.0698967849173655e-05	0.010703567356900662	6.7468774439157936e-06	0.00024138116894553696	9.088746878026809e-07	6.855664697483627e-06	0.0021887187640018614	4.6301994228280474e-07	4.6645431302969033e-07	0.0	0.0	1.2929972466341963e-05	0.00020294656224725374	0.0	0.0
MHW287_trimmed_clipped_R1_paired	0.0011712545715766138	0.16594997973432937	0.0002494752514880632	0.09697739177694323	0.002084600499043781	2.0168307043314843e-05	0.0	0.0	0.0	0.00315388087513933	1.060043113467772e-05	0.00030706646552129696	0.012138835106964955	0.0033510735922675076	0.004296154518048582	2.654628809890085e-05	0.000994350243164181	0.00027605132530958513	0.0005317704122170468	0.00011675143251166397	0.000966011374605045	0.00039669765135624054	1.150169923229033e-05	5.252088234220993e-07	3.325135151041863e-05	0.0	9.607478666353434e-06	0.0	2.5429931405844087e-05	0.0	1.6499570384186336e-06	0.00011559518222621816	0.0	0.0	0.0011012051373507352	2.3429204642991255e-05	0.0	4.522894757576007e-05
MHW287_trimmed_clipped_R2_paired	0.09950374321626354	0.08920860638182433	1.5146093920827428e-05	0.00014146303904238414	0.0005864276131574641	0.0	0.0	0.0	1.0134880307950365e-05	7.611821694964526e-06	0.0	5.096102504881149e-07	5.111319687029807e-07	4.100219512939536e-06	0.00010222396611399836	1.853346856381635e-05	5.0050516450639866e-05	0.00014796873768247565	8.56547870069911e-05	0.004622217937122424	1.883309839827794e-05	8.77477874697515e-05	0.0025752124640029852	1.5389386829304253e-05	0.010879914005774455	6.980291260384855e-06	0.0002524265461182705	2.722620214845228e-06	4.3911071298406464e-06	0.0021885279976193777	1.11833347645206e-06	5.652528800920191e-07	0.0	0.0	7.64475950471626e-06	0.00019627668161572906	0.0	0.0
MHW288_trimmed_clipped_R1_paired	0.0012846271955235296	0.16549725337977803	0.000303680656607195	0.09707303952682668	0.002051520460108762	3.209260127542416e-05	0.0	0.0	0.0	0.0031882485969490326	5.99733914340699e-06	0.0003201572468390001	0.012006402395177626	0.003416578270064149	0.004275695738052753	2.7281061814261282e-05	0.0010547580644132155	0.0002702636621784649	0.0005084645611274413	0.00011535779613097407	0.0009926006927207358	0.0003824915468372077	1.5575153806201352e-05	3.1327731514251906e-06	2.8820272453436336e-05	0.0	1.0506661888297749e-05	1.381899503505158e-06	2.928728867007245e-05	0.0	4.748180530457992e-07	0.00011646690819240407	0.0	0.0	0.0011055188255250045	1.7448130096213915e-05	5.236699991698783e-07	3.972401554819155e-05
MHW288_trimmed_clipped_R2_paired	0.098741020461247	0.09103402304845425	1.4993287612230915e-05	0.0001457460344057948	0.0005747600719839808	0.0	0.0	0.0	2.1495144655230134e-06	8.609736029841242e-06	2.156925036247233e-06	4.322403924652858e-07	4.334902536262175e-07	2.6078002016142493e-06	0.00010061685098788106	2.4879169620613396e-05	5.555038834882831e-05	0.00015044174059164	9.77409572818039e-05	0.00472840179890972	2.3099604017703465e-05	7.501591442530985e-05	0.0026318791605980433	1.5815302927780845e-05	0.010848544980817729	6.876413759151984e-06	0.00023897965321223393	1.8660831897273465e-06	3.298630079870296e-06	0.002302081124700294	2.4119480613226987e-06	0.0	0.0	0.0	1.129278133540599e-05	0.00021731403321497854	0.0	0.0
MHW289_trimmed_clipped_R1_paired	0.0	0.07999989189529885	0.018178986409518164	0.078250946621605	0.002308222337053869	7.2444493331061796e-06	0.008631949099420104	0.0	0.0	0.0	0.023467100303083015	0.02702952825938099	0.055862773688962614	0.027317551656470974	0.022132919837800073	0.022939697568659368	0.0007470565554502336	0.009414497964599026	0.028762543021368207	0.00018721126006193662	0.014050874390071768	0.006544765279982312	1.9997444826487297e-06	2.4077006090504413e-05	0.006467610352833968	0.006896406499213509	0.012167141676383686	0.0034326691727547104	0.009708719815671776	0.013762372087045014	0.01627630443986041	0.012280043591939079	0.00891820695088085	0.01082105718870501	0.017435970337382554	0.0	0.011865266667749988	0.0
MHW289_trimmed_clipped_R2_paired	0.07321961782075713	0.10929819603396426	0.14394022115545077	7.523016669500336e-05	2.429558297798006e-06	0.0	0.0	0.044404614043742165	0.0	0.0062387936243928875	1.47066861021733e-06	0.010702546578547608	0.00876746131170879	0.0	0.009506855845919145	0.005546039693138902	0.006511662210988577	0.009340779394632688	0.018119711630494913	0.0063995094259675775	0.00316481352843939	0.018326700733393535	0.008526201849574424	0.016987939375887644	0.013960627937808766	0.006214766456414162	0.006040974101083137	0.006222159941513157	0.007310161067215514	0.016561690654989854	0.0	0.0031650889371224924	0.002773668769048829	0.01930668618323147	0.005991877985396806	0.006393853186058661	0.0	0.01341083647287331
MHW290_trimmed_clipped_R1_paired	0.0	0.07961646178614415	0.019002090229925293	0.07814782054041132	0.0021342442385869796	2.300181666047803e-06	0.008824724116372161	0.0	0.0	0.0	0.02356860162765637	0.027443529922814992	0.055741208145652	0.026817307826230763	0.021979068552671132	0.02262385621470068	0.0008092466114841106	0.00949068881022131	0.028481486252058295	0.0002048788319035452	0.013998382740840636	0.006569482921471846	9.504716223556875e-07	2.0977730141802446e-05	0.0064716431942698875	0.007172789123539099	0.012322330486321276	0.003343739981402626	0.00968186383339108	0.013666035897947404	0.01628829795282914	0.012451076217539063	0.009250593952135514	0.010657514380862359	0.01756210344103306	0.0	0.012001227839485212	0.0
MHW290_trimmed_clipped_R2_paired	0.07214145875393158	0.11060293642646862	0.14365918860145252	0.00010863027553976938	2.3138663974004915e-06	0.0	0.0	0.045221027724507736	0.0	0.006291627653570775	1.867318426776196e-06	0.010846542302434535	0.008748953687188662	0.0	0.009460220578187096	0.005530113459747129	0.006397918019748212	0.009421566435530299	0.018151773941184765	0.006453820218857619	0.00319107301914539	0.018561705010600567	0.008573394641179719	0.016892185590200455	0.013891271776152894	0.006212100412581561	0.006133348409852814	0.006298382780434849	0.007118636662668116	0.016750906056774952	0.0	0.003063727147082688	0.002813550578344955	0.019442390777693656	0.0059995492409380905	0.006426860717653715	0.0	0.013459815550194721
MHW291_trimmed_clipped_R1_paired	0.0	0.08009811190475688	0.018254974614200982	0.07823491343802645	0.002095888110799339	2.6737262308077594e-06	0.009134809220071004	0.0	0.0	0.0	0.02343810112239767	0.027573503461319294	0.055516137365004554	0.026909588615824657	0.022186005414020733	0.022881792275435613	0.0007798428098653135	0.009456640055461528	0.028702326070159684	0.00020225219161214777	0.014018329906700735	0.006707018603394929	1.1069846474900654e-06	3.054785495045346e-05	0.006483111886569615	0.007050744142903292	0.012352297509346863	0.003337412631688293	0.009759985920824357	0.013628123619965527	0.01622505815214217	0.012372651459265598	0.009187726390208295	0.010679020883028745	0.017549932802864793	0.0	0.012080103890965208	0.0
MHW291_trimmed_clipped_R2_paired	0.07197969313768487	0.10904030685460935	0.14276556114374675	0.00012448878073279565	0.0	0.0	0.0	0.044787453859577595	0.0	0.006332868901017144	1.1002446124335815e-06	0.01084273902185915	0.008781987776807295	0.0	0.00942726734663073	0.005520603910556216	0.00652209774304689	0.009512840278838081	0.018091968577085827	0.0064215505901515976	0.003229006929178318	0.0185233569303867	0.008519920607131857	0.01675366988727278	0.013872379785871976	0.0062494651620512475	0.006126332910682023	0.006128554999212483	0.007462472860285186	0.016732748695834437	0.0	0.003049370317452358	0.0027769704537134727	0.019145095351168966	0.00600524779454788	0.006481615549333563	0.0	0.01351725082882602
MHW292_trimmed_clipped_R1_paired	0.0	0.07983178840238118	0.017951401603944112	0.07836167921787499	0.0023201499255212127	0.0	0.008546322321178771	0.0	0.0	0.0	0.023104890254203304	0.026919461656189213	0.055554513849758826	0.026944204558481847	0.021724361371524697	0.02246578818269874	0.0008092539175495153	0.009232583496061705	0.028457261822208067	0.0002070236124662891	0.014076544832452775	0.006492871230980604	0.0	1.924447895348032e-05	0.0064255937732302145	0.006855319209989681	0.012171685287145455	0.0033300801449414677	0.009568596013432974	0.01354021671900403	0.016252703385869267	0.011973830620843033	0.008839400477176268	0.010512836095205084	0.017401258749642608	0.0	0.011796232392903411	0.0
MHW292_trimmed_clipped_R2_paired	0.07260340164466562	0.11003990170916575	0.1442615703254152	8.529815822431452e-05	0.0	0.0	0.0	0.04445985744286473	0.0	0.006161619531948092	2.002366917838901e-06	0.010703115358031211	0.008464534524865217	0.0	0.009508058653044472	0.005479634383620553	0.006554206887857911	0.009260544765690154	0.018062806537614155	0.006443643887683164	0.003175749235289476	0.018162950614042432	0.008377790333295844	0.016740402226384253	0.013607680057844976	0.006196226153593442	0.0060321071551298405	0.006144619614100533	0.007332408059790472	0.016410568092136365	0.0	0.003036449673230728	0.0027880463157200883	0.019243347899446372	0.005883804238285716	0.0062217292796817635	0.0	0.0135247801119335
MHW293_trimmed_clipped_R1_paired	0.0	0.08011876239358436	0.016885130212184584	0.07802517089482586	0.00205480624201528	2.008882797599112e-06	0.008524927547157134	0.0	0.0	0.0	0.023733739595261448	0.02655651917258308	0.05534044629879617	0.026802056655744592	0.021156431368157	0.02214006393664925	0.0007593762172819125	0.0090906460774703	0.028296017472098256	0.00018317769033711833	0.013854139246887042	0.00633336233294297	1.6616754091564128e-06	2.083861079834556e-05	0.006145936270969584	0.006718130011156328	0.011604459488102249	0.003309212773845825	0.00941712376996345	0.013437030845695981	0.016341762838181832	0.011738792101765117	0.008854091962855826	0.010239154003432048	0.01688728263628954	0.0	0.011336506044518803	0.0
MHW293_trimmed_clipped_R2_paired	0.07263788639866466	0.10961693287255456	0.14330422008973479	8.27534870502903e-05	0.0	0.0	0.0	0.042223861941874476	0.0	0.006084228180230399	8.152179107842393e-07	0.01037022495780058	0.00838189771594456	0.0	0.009428098354212534	0.005427335226179056	0.006598255367874381	0.009247492779652682	0.01733553719151637	0.0061506742567350925	0.003096473163671124	0.01808215775566441	0.008266845287050305	0.01668225223337656	0.013547838326921682	0.0060904760475575925	0.005724104818611164	0.006049785680427676	0.007294437096200493	0.01619314886469372	0.0	0.0030721280949258098	0.002524740083913792	0.018684516906740944	0.005795065650436676	0.006129361724391047	0.0	0.013132431348198564
MHW294_trimmed_clipped_R1_paired	0.0	0.07965882699835185	0.01758272800176848	0.07735937915612369	0.002145151423400367	5.716072613023332e-06	0.008800122538562088	0.0	0.0	0.0	0.023277356926630677	0.026737109459479838	0.055365905758663465	0.026861663320852002	0.021533679795948602	0.02216904216534452	0.0008075089338752835	0.009218929541014675	0.02846111881703364	0.00018619154477417948	0.013994992326755254	0.006535584052025039	3.9389617851538673e-07	2.647642860071071e-05	0.006205433417067493	0.007040776908834167	0.012059137392750316	0.003316784702166982	0.009560983863183454	0.013476266875477877	0.016206984476629733	0.012066479502946557	0.00918763697386289	0.010396623178124433	0.017354535043092475	0.0	0.011728273213924592	0.0
MHW294_trimmed_clipped_R2_paired	0.07282915809950084	0.10980699919191275	0.143399242460002	0.00013206495850404164	1.9160382460394294e-06	0.0	0.0	0.04364811787885944	0.0	0.006234189454242652	1.1593538964017898e-06	0.0105566928301372	0.00846739102660596	0.0	0.009356513005298835	0.005438569502916669	0.006490196648949499	0.009302053165773736	0.017823014247094884	0.006305301326131244	0.0031525739429294824	0.018010312008876837	0.00833251487542734	0.016815485971710818	0.013610770985574894	0.006196095849590115	0.005949276710031041	0.006132913430512915	0.0073206634020007684	0.01670855108780505	0.0	0.003054186991182687	0.002723369826616469	0.019269440359373582	0.005970032231158123	0.006380523903406824	0.0	0.013737542805112054
MHW295_trimmed_clipped_R1_paired	0.0	0.07984231625431532	0.017981513292669848	0.07737312340921086	0.002208877607337996	0.0	0.00878750672364406	0.0	0.0	0.0	0.023535770913731362	0.027055096533667274	0.05594836431122292	0.02712911838928917	0.021490631123129003	0.022388455498034532	0.0007863429106516549	0.009260483131437533	0.028363471965368963	0.00018705624948145956	0.014060871878856636	0.006443126581188648	1.492686264584977e-06	2.5086833393411932e-05	0.0063905704971560584	0.006879408303431109	0.01210597540944716	0.003318494398938977	0.009639300112622177	0.01356862912338628	0.01635513892179616	0.01224921793649473	0.008963386737441905	0.01049509326294353	0.017518293401393156	0.0	0.011774663237702243	0.0
MHW295_trimmed_clipped_R2_paired	0.07285305765654505	0.11047763937682743	0.1423830022845322	0.00010703430349649323	0.0	0.0	0.0	0.04337555303056103	0.0	0.006197687767232144	3.661901202711169e-07	0.010718413698850644	0.008770495798705976	7.391203070669403e-07	0.009561207992579972	0.005418802388511818	0.006553320398335097	0.00934001413516201	0.017829293746818967	0.006358039544886998	0.003144508109799527	0.018370123134817666	0.008476284327688084	0.017038400113003227	0.01373855840713305	0.0061517443179929495	0.005982892890411275	0.006065847330377263	0.007265194379000843	0.01653320705695798	0.0	0.003059778943238483	0.002797268519167062	0.019156483382392613	0.0058928043519744355	0.006296676271256375	0.0	0.013519733791421733
MHW296_trimmed_clipped_R1_paired	0.0	0.08025714708230117	0.017530401058388528	0.0780920183818188	0.0021983311727628903	1.6420607422242634e-06	0.008911162817898877	0.0	0.0	0.0	0.023599478362554202	0.02704581939922667	0.055506402427971425	0.02726279107825154	0.021527837540501287	0.022299341312760814	0.0007930589007941945	0.009338540498441603	0.02870983331140142	0.0001883465484904098	0.014097637755355568	0.0066234435080839565	2.0323153794155493e-06	2.4465806695600135e-05	0.006264698668164548	0.006896779736753912	0.011990874743298378	0.0033455127506122166	0.009608669203267963	0.013533183495568674	0.016426856959354856	0.012055171414741985	0.009082528516838011	0.010480359033168272	0.017371549148888454	0.0	0.011851562791807341	0.0
MHW296_trimmed_clipped_R2_paired	0.07218868055376268	0.11055021504609427	0.14244634245559012	9.561363072535451e-05	1.6502092399307863e-06	0.0	0.0	0.04357831522380606	0.0	0.006231687573482369	6.654175094290327e-07	0.010715182437435826	0.008633464343812338	3.35697788254115e-07	0.00945179676374558	0.005429423329259506	0.006544324803860608	0.009331093531930621	0.017746358197153426	0.006231451938905734	0.0032187837340055415	0.01830747479622047	0.008352406090662188	0.01679840681564107	0.013567709693092898	0.0062474823344235	0.005902883156829644	0.006119342862334312	0.007231072919301055	0.016527603056264058	0.0	0.003089495749920115	0.002715036242468643	0.019234667365568447	0.0059990990537210015	0.006374410282967337	0.0	0.013570213106848465
MHW297_trimmed_clipped_R1_paired	0.0	0.07989046957002197	0.01730829931088445	0.07858733730097835	0.0022575760832501592	1.8645071944340732e-06	0.0084065529863748	0.0	0.0	0.0	0.0235964325731211	0.02666244455867612	0.05565842054437185	0.027004800440199005	0.02129240991128458	0.022320060280269314	0.0007501980945643159	0.009149622984820058	0.028442548652488638	0.00020924707264684242	0.013871157553892552	0.006365359436006132	7.723603406543169e-07	2.1698987392341976e-05	0.0062190658639519145	0.006720805399144085	0.011872401478796911	0.003305695477017016	0.009465932252688145	0.013562323142159579	0.016435312455799402	0.011894337345311687	0.008840694187699881	0.010440854217324783	0.017000630362030558	0.0	0.01164895360454657	0.0
MHW297_trimmed_clipped_R2_paired	0.07250038144371679	0.11050486653977479	0.14442546013257088	9.927600259069158e-05	0.0	0.0	0.0	0.042528824224713185	0.0	0.006029607996833145	1.1346412294878565e-06	0.0104298630605079	0.00850153496935485	3.8170404127512374e-07	0.009506197912442307	0.00548582943195485	0.006588824796256784	0.009281813393231373	0.017492252059472573	0.006250944136851313	0.003152151710982224	0.01802155132821042	0.008333937622961295	0.016966310756582687	0.013564296781872766	0.006273697244450632	0.005845027122857132	0.0061085595495070834	0.007433754029765404	0.01628124305342046	0.0	0.0031138866219616026	0.0027305814980377163	0.01928473738957594	0.0058121681804865375	0.0062252731238446385	0.0	0.013499143386878692
MHW298_trimmed_clipped_R1_paired	0.0	0.07983332947141354	0.017771302868447438	0.07793379205526843	0.0022447609213608	1.886645258902914e-06	0.009028844298872596	0.0	0.0	0.0	0.023387646269841005	0.027193288575107288	0.05545235083235201	0.027154975088714093	0.02166572207376562	0.022397617895308815	0.0007991815002217498	0.009369777522702434	0.02821600523677589	0.00020486023406665515	0.013921306670555095	0.006484850550602471	7.802287293575666e-07	2.465893560761261e-05	0.006269592205587663	0.006976161103760157	0.012074340062890395	0.003272632061652903	0.009479231974971757	0.013623437025943723	0.01621708885859747	0.012093565776440171	0.009049909047079282	0.010592731878602851	0.017246303180778074	0.0	0.011954982708320731	0.0
MHW298_trimmed_clipped_R2_paired	0.07209784951025729	0.11054251930000297	0.14320560238861835	7.388035459236117e-05	0.0	0.0	0.0	0.04380806412927104	1.902938165070942e-06	0.006232423479070947	1.9115873566786423e-06	0.010612203711606464	0.00855843007496704	0.0	0.009475512895645022	0.005398935875671802	0.006530191457213565	0.009406892760935304	0.017767665752269905	0.00631533931754942	0.003101378823434324	0.01832272269219923	0.008407703769564637	0.01676571874540685	0.013743724740680892	0.006127401481403602	0.005994138784212523	0.006209031043778053	0.007240594808630446	0.016523791465554296	0.0	0.003086463823015811	0.0028217504659420727	0.019210430064177764	0.0059627722728590096	0.006312649333883654	0.0	0.013659118734704134
MHW299_trimmed_clipped_R1_paired	0.0	0.08001589273221738	0.01778277084053457	0.0775816907786961	0.0021895941086310833	6.186193920476683e-06	0.008614459563207097	0.0	0.0	0.0	0.023422967750426515	0.02719817127014311	0.05590204392404625	0.026890865515092906	0.021795628984314898	0.022528010600442055	0.0007987599193642652	0.009220506623347582	0.028643873254692944	0.00019389500333801443	0.01416453806949085	0.006481155766460929	1.2794440320962183e-06	2.3109210198833954e-05	0.00645274507412397	0.006871539929089366	0.01206736939961379	0.003268523640896027	0.009652744759327914	0.013469937812314038	0.016539752689905363	0.011969930137806045	0.008897110866841465	0.010475438610171363	0.017231469619482877	4.628706545540946e-07	0.011706089056157092	0.0
MHW299_trimmed_clipped_R2_paired	0.07173287743424979	0.10944160073546481	0.14281530941232984	0.00010404068207073584	2.0845148624137854e-06	0.0	0.0	0.0439279320533286	2.0971177318748998e-06	0.00614538309487279	1.6872131618992596e-06	0.010646424019943044	0.008461093416725431	0.0	0.009540808166439582	0.005431167122606294	0.00655052717251422	0.009393030984179086	0.01780187205772005	0.006373427268735006	0.0032252784721309123	0.01826808853085291	0.008331107955941091	0.016785591502937285	0.013485858892824523	0.006224182528059975	0.006021619602961439	0.006197938775007919	0.007320434040501312	0.016515168098466253	0.0	0.0030288303281916728	0.0027720435028454975	0.019135220831163962	0.006179664108640594	0.006318742815275076	0.0	0.01353370652746997
MHW300_trimmed_clipped_R1_paired	0.0	0.0802194514445955	0.01778680286842939	0.0781643948155676	0.002202564938562018	0.0	0.008782700222342003	0.0	0.0	0.0	0.023517745407436466	0.026881203131927697	0.055912666968268764	0.027123317711261023	0.02161776621407842	0.02226854195922556	0.0007320724175848588	0.009361694360802787	0.028327944117457846	0.0001832405187832415	0.014033112606886267	0.006514521911505529	7.236259550664101e-07	2.1053235054073404e-05	0.00633953338775871	0.0068771608067227	0.012100065233729524	0.003340733869018669	0.009499286000603862	0.013608385066742482	0.01647973592170803	0.01213482790816606	0.00915306503860669	0.01066492654772655	0.017373602932166436	0.0	0.011857074369734566	0.0
MHW300_trimmed_clipped_R2_paired	0.07200037775511876	0.10928414215873111	0.14259967404934737	9.682220543696821e-05	1.7622972573931717e-06	0.0	0.0	0.0439780942745686	0.0	0.006269371421024829	1.4216181419230534e-06	0.010778924029478708	0.008617917188185959	0.0	0.009401984398917807	0.00543807514521972	0.006639506097018543	0.009211864709405677	0.017879529745928404	0.0063458225857481315	0.003148641361800545	0.018208161010286744	0.008498509482554786	0.01713030287632925	0.013785072822609403	0.00623622363117334	0.005957289740815055	0.006185415417579837	0.007357155669929424	0.016546211097247472	0.0	0.0030468902376609656	0.002813674347849054	0.01917205299062115	0.005930732034952249	0.006398119940917037	0.0	0.013282673941290664
MHW301_trimmed_clipped_R1_paired	0.0	0.07961993162942274	0.018020492859940937	0.07815279126657422	0.0022600139186675964	0.0	0.008632947590568407	0.0	0.0	0.0	0.023720051145865485	0.027213944842866895	0.05585301617425379	0.027057936795965038	0.02166727058784141	0.02261265460455688	0.0007813500791016548	0.009234257862114584	0.02855012621069042	0.00019742891128202576	0.014192700577415396	0.00656054280544427	0.0	2.2375667756120525e-05	0.006315631474565448	0.006875356256208862	0.012167437442660084	0.0033101051870124943	0.009757905351812706	0.013620191376891898	0.016324475226115215	0.01216160640329008	0.009064551134958675	0.010686670174379494	0.01754178656446573	0.0	0.011765782575011095	0.0
MHW301_trimmed_clipped_R2_paired	0.07323903655547159	0.11070042053697475	0.1437454265790253	0.00010291127697439979	1.807451014372236e-06	0.0	0.0	0.04375566106428017	3.6289491653716307e-06	0.0062998606470824866	1.093935413506219e-06	0.010663320492424772	0.008634935123216128	0.0	0.009410057679334324	0.005417959294269744	0.006512063853317831	0.009399110827750008	0.018024337496568302	0.006398204134323017	0.0031962024517749764	0.01838604429759066	0.008551351707187578	0.016935257888220655	0.0137671915839144	0.0062412805343499515	0.005985855710896051	0.006087938577021431	0.0073445547466818965	0.01659860895508377	0.0	0.0030501986259536644	0.0027581609171540723	0.019041711711788874	0.005936778219610273	0.006407645099226572	4.2099550204616654e-07	0.013409787271702821
MHW302_trimmed_clipped_R1_paired	0.0	0.08064702356509543	0.018226372003767324	0.07824004477614334	0.0022137890467667765	0.0	0.00887502618258323	0.0	0.0	0.0	0.02344935859030001	0.02722380134697924	0.0553349361873755	0.026834065420633386	0.021804043235253975	0.022440710322364776	0.0008001285390589699	0.009383868826552974	0.028286671784981458	0.00020970016266033315	0.014107888292246924	0.006571883271993097	1.6003766710548061e-06	2.5288870147472247e-05	0.006381982447417317	0.0069853636070594805	0.01233443280407753	0.0033695565144857163	0.00974728036370044	0.013537105867721009	0.016412566584998657	0.01229915513291598	0.009221679978475953	0.01059391511055635	0.017675238676769643	0.0	0.012125344974603502	0.0
MHW302_trimmed_clipped_R2_paired	0.07312548063027888	0.10929127825284946	0.14498951142591154	0.00012999375118097868	0.0	0.0	0.0	0.044473522137204964	3.898502259757089e-06	0.006168337203308723	3.91664732169277e-07	0.010559930001672801	0.008488057572926158	0.0	0.009590556840883897	0.005430418378268439	0.006458576139961696	0.00944060872028784	0.018142301562346256	0.006446735755162961	0.003195879689420999	0.018186958131959193	0.008484783908128535	0.016885065207775267	0.01376682254542376	0.006228433970166309	0.006093258952670637	0.006164276072212008	0.007269731891241244	0.01698893100972129	0.0	0.0031171886348809173	0.0028449402467731234	0.01929907446002728	0.005955204940492048	0.006363228620878158	0.0	0.014063652355654913
MHW303_trimmed_clipped_R1_paired	0.0	0.08017006701441617	0.01854952095776391	0.07823362882743773	0.0021052135541448375	3.61152859880112e-06	0.009342609360272364	0.0	0.0	0.0	0.023500869194057198	0.027797265853260467	0.055724796606885736	0.026917741494585853	0.022072690515067273	0.02274038344317019	0.0008073058282442009	0.009510016709885737	0.028446411403352564	0.000200039260940345	0.01416643357631111	0.00657963357718101	3.732445246259945e-07	2.247023595354373e-05	0.006534009608339308	0.007121176791087473	0.012568984119902432	0.003288764526009697	0.009599827331718156	0.013671848718279584	0.016248817344689304	0.012475290995628253	0.009185091739168464	0.010771273875851126	0.017749076643190576	4.0768352330407083e-07	0.012184566791263618	0.0
MHW303_trimmed_clipped_R2_paired	0.07275612070404414	0.1098040324909255	0.14276521856608312	9.967409651276038e-05	3.6277946534723287e-06	0.0	0.0	0.04550989054039326	1.819873605774357e-06	0.00623927848489155	1.0967710209318274e-06	0.01078839650024007	0.008673956307742467	3.688980694829917e-07	0.009503228486359589	0.005595716895253351	0.006461709842603756	0.009501439765486968	0.018249538216006726	0.006597873028868091	0.0031587982000622263	0.01843857037565642	0.008829600576214092	0.017248390085219535	0.014037867880902851	0.006282205283518306	0.006145234750111006	0.006370730311374697	0.007356445829433267	0.016832627288619655	0.0	0.0031022618658904802	0.002822521827956795	0.019413455833654614	0.006000428715494164	0.006421602653905581	0.0	0.013779707409090425
MHW304_trimmed_clipped_R1_paired	0.0	0.0811407776442547	0.01813259478852213	0.07787308497635792	0.002263098824301702	3.692505496986777e-06	0.008822870786730662	0.0	0.0	0.0	0.023459319047278857	0.027663700599399044	0.05516072436873086	0.026600109625663663	0.021793204518806373	0.022588907146608033	0.0008034994090248723	0.009510734508803163	0.02822717214867917	0.00021794350933751158	0.014174916810990177	0.00656973482839269	3.81888918060959e-07	2.26059096445623e-05	0.006292920289721189	0.006921989197188218	0.01233466908906573	0.0033217133997556305	0.009648736532606624	0.01356413043968159	0.01624908775180646	0.012457658040412512	0.009047092679189177	0.010552275157595154	0.017750000333817576	0.0	0.012175185437145047	0.0
MHW304_trimmed_clipped_R2_paired	0.0730153498954177	0.10990293035653834	0.1442480379930967	0.00010560647547781511	3.708901867037092e-06	0.0	0.0	0.04532157596516224	0.0	0.006034403122087205	2.2429825543134674e-06	0.010678874263487714	0.008457436629217836	7.546276844719635e-07	0.00948896343694675	0.005495414312100922	0.006484120554922999	0.009526371029839789	0.018259779218616053	0.006510619934731841	0.003178256742304853	0.0182475676406473	0.00876294678173266	0.01706111798310712	0.013722979935825537	0.006194422423716457	0.006161902349374936	0.006233683692357004	0.007259806399433605	0.01683921368404951	0.0	0.0031320259597387877	0.002762515119781774	0.019342069302330615	0.006181311024951703	0.006399789386241535	0.0	0.014012115277360907
MHW305_trimmed_clipped_R1_paired	0.0	0.08065529086614907	0.01732437693059999	0.07848466956301703	0.0022809524963807275	0.0	0.008753680650067236	0.0	0.0	0.0	0.023378277701708954	0.026832581221573074	0.055336823619906314	0.02663138606412817	0.021703856185285416	0.02248414049526323	0.0007901540303904737	0.009189039159616939	0.028482068333663048	0.00019552022549236333	0.014120647097440769	0.006477264198768218	8.023598043734467e-07	2.6566868092501084e-05	0.006294478259540282	0.006809253132977357	0.011940995621128521	0.0034000911293169235	0.009490997456778748	0.013598813368976835	0.016567089710951114	0.012233651021029565	0.009038210626928053	0.010447135384057019	0.017244206716095965	0.0	0.011842861295063581	0.0
MHW305_trimmed_clipped_R2_paired	0.07396462845384881	0.1104451504035029	0.14436562207233208	0.0001164376122131101	0.0	0.0	0.0	0.043783717201946425	0.0	0.006070717069561642	1.1747960247675041e-06	0.010348707197585516	0.008457344983546621	0.0	0.009623295425118791	0.005547594472893107	0.006455384201423813	0.009347440379664451	0.01788568333472113	0.006226283803276466	0.0030860294086593808	0.018136087419161024	0.008463820240282431	0.016826615671910832	0.013608743851555524	0.00632672884315397	0.005940458007285748	0.006175576442455683	0.007349848814739983	0.01656853039196689	0.0	0.0031601243990920375	0.0027516143680809827	0.019222846309288572	0.0058587954853652835	0.006374562645915474	0.0	0.013569152651770191
MHW306_trimmed_clipped_R1_paired	0.0	0.07996397673877084	0.01833478821713013	0.07729025787868479	0.0021343452965379784	0.0	0.00899871618315787	0.0	0.0	0.0	0.023321555527732164	0.027609275168772332	0.055576966390313745	0.026732205007989326	0.02214883934421551	0.02269470984672183	0.0007718186928478617	0.009589244126443117	0.028173010624594066	0.00020304882841831195	0.014301702198202967	0.006519588314476815	1.2174104152212371e-06	1.872838553462984e-05	0.00644537036054172	0.007115063984592841	0.012536429131977571	0.0033571217029850085	0.009680742485089757	0.013730853593886084	0.01633349389553337	0.01236675018540903	0.009268078552139366	0.010678033828280472	0.017952779635274845	0.0	0.01203578583552712	0.0
MHW306_trimmed_clipped_R2_paired	0.07250416982696173	0.11015294449370763	0.14298605971921285	9.051863893891847e-05	0.0	0.0	0.0	0.04512894732632219	0.0	0.006365506109319538	7.94197396857604e-07	0.010778412543666472	0.008770123358625774	0.0	0.00949908713732428	0.00556266378414612	0.006436069628800381	0.00950470613934619	0.01845335803603153	0.006554434523718947	0.0032223801719074	0.01843775217161242	0.008621128373717809	0.017155420419380413	0.013891121492772253	0.006292665708397687	0.006173778484676929	0.006272145110756142	0.007392078864100238	0.016533574377686034	0.0	0.0030993112037098858	0.0028463304217737754	0.01931605206021656	0.005993667800298398	0.0063567199752499574	0.0	0.013198404722250034
MHW307_trimmed_clipped_R1_paired	0.0	0.0802765957533528	0.01808882778009095	0.07821936304362075	0.002193697396929102	1.6994707576145469e-06	0.008892941326405996	0.0	0.0	0.0	0.023431215842679348	0.026926720947143858	0.055023447638151056	0.02684848814557091	0.02166236522196811	0.02231220268597349	0.0007934100507452017	0.009344977239376344	0.028169310644763253	0.00020383267733009133	0.0140893831951929	0.006438463893101149	2.1102180758093944e-06	2.2230772169357015e-05	0.006272564348885971	0.007005192580337199	0.012310268934865367	0.003353114293460705	0.009532090550637518	0.013514916387060365	0.01613043102027366	0.012082072338206688	0.009066707796934153	0.010393117266928221	0.017574000974472623	3.833631980292923e-07	0.011870097418284169	0.0
MHW307_trimmed_clipped_R2_paired	0.07223643149889365	0.10916638854543051	0.14238181256010365	8.899313864612444e-05	0.0	0.0	0.0	0.04383653545534879	3.4449314869442176e-06	0.006155608464407417	1.7315357083700462e-06	0.010587831318945999	0.008648284223625315	0.0	0.009589032194998513	0.005501828134601375	0.006516274467721739	0.009262180293567124	0.01797148996367827	0.006355911653482239	0.0031380236007347603	0.01816535052304162	0.008414315668855045	0.016805127776569395	0.013648351137561406	0.0062474272165804375	0.006083779631552657	0.006135894976038018	0.007301270258437079	0.016552103694598756	0.0	0.0030621154669032164	0.0027348352125233944	0.019125764679700067	0.005872585886627318	0.006348798407054772	0.0	0.013602401419553862
MHW308_trimmed_clipped_R1_paired	0.0	0.08025720801831995	0.016867646615550205	0.07864531012591588	0.0022105365155204414	4.521137402429334e-06	0.008274722411888959	0.0	0.0	0.0	0.0234606148794129	0.02624275182232953	0.05519295126440249	0.02676094232838625	0.021146972808102682	0.022017078192417976	0.0007617520653599425	0.00921646424128754	0.028547081897726513	0.00021576819124951638	0.013787068632596192	0.006303637358117252	1.4023982693283437e-06	2.345519005093135e-05	0.006156645419969528	0.006566566776331516	0.011594224979799514	0.003322368927224112	0.009417776917203446	0.013259993167830518	0.016497562479676032	0.011845553853466036	0.00871804597005124	0.010142270311195342	0.016879644747033462	0.0	0.011317457219477942	0.0
MHW308_trimmed_clipped_R2_paired	0.07268222618411582	0.1089004614174864	0.1433647534356216	9.990453213731262e-05	2.2729177329018455e-06	0.0	0.0	0.041733204510824184	4.562713111496807e-06	0.006010888828654542	1.3750497452892229e-06	0.01021570434924654	0.008247359143874606	4.6248441577826263e-07	0.009332953010552232	0.005399103727402343	0.006623055528523046	0.009234257057194545	0.017116252824631455	0.006135328338694789	0.003072738971130969	0.017771838482180558	0.008233730253823474	0.016508090460765273	0.01342474158055754	0.006268445514132354	0.005692688877736387	0.005927725725266234	0.007273907408117843	0.016340727650942136	0.0	0.003033119052048388	0.0027108350019828626	0.019358473972548418	0.005822375454302503	0.006262576894301541	0.0	0.01358171835534359
MHW309_trimmed_clipped_R1_paired	0.0	0.08001617362268988	0.01579709498082984	0.07742490984556122	0.0023502579004612404	0.0	0.008079250326693304	0.0	0.0	0.0	0.023935500950843236	0.025925642725552096	0.05529980873594356	0.027016933256913105	0.020718260710863346	0.02175454978865244	0.0007368468515591778	0.00883628087179847	0.028379729186197345	0.00019603080725121518	0.013750774622288476	0.0062495531535339995	8.564994266314476e-07	2.5779954255189836e-05	0.0060332156202315326	0.006534886413419682	0.011546309548461583	0.003330722382866114	0.009286189828803115	0.013204522651103692	0.016842830330481198	0.011414474628668726	0.008477174046559385	0.01009989237339058	0.016742762604374073	0.0	0.011195954354280955	0.0
MHW309_trimmed_clipped_R2_paired	0.07304297639121185	0.10787363911751635	0.14331884153683652	9.56436639773609e-05	0.0	0.0	0.0	0.04046385102988957	2.089669909054222e-06	0.005763163012812103	8.398741189951458e-07	0.010064540057570313	0.008189873195385862	0.0	0.009412229739753569	0.005510560809543484	0.006710093689079784	0.00906911564682723	0.01702166859184986	0.005961234957912656	0.0030200566533738044	0.01769005962383588	0.008120655941549197	0.016598204361909723	0.0132560704932122	0.006188924454150733	0.005628794377992672	0.0059177979648774946	0.007393807821807031	0.016182266327552045	0.0	0.0030573479716394136	0.002499187289572354	0.019028564774253017	0.005743184625117297	0.006055559094818814	0.0	0.013370282544426165
MHW310_trimmed_clipped_R1_paired	0.0	0.08001896078338869	0.01672787810089207	0.07812865279409298	0.002266143959486855	0.0	0.008551598071801447	0.0	0.0	0.0	0.023729733346687935	0.02599353437651508	0.05561467587753393	0.026758964228812774	0.020713445416087974	0.02177659196907159	0.0007398388827864089	0.008888627187119514	0.028118674566007827	0.0001833447613950847	0.013827362442710902	0.006328481948355484	4.3239832859193426e-07	2.082390888769377e-05	0.0062244638399575536	0.006604088957668262	0.011567019790548166	0.0032669480699607316	0.00932767725871762	0.013176770904831513	0.016829241799201367	0.01161632282077608	0.008821639381037086	0.010136686230338334	0.016517917256058015	0.0	0.011324757618821148	0.0
MHW310_trimmed_clipped_R2_paired	0.07283878033739058	0.10926400832106911	0.14543130583201833	9.431385933779514e-05	0.0	0.0	0.0	0.04158445177462868	0.0	0.005841464945229199	2.1154209998121887e-06	0.010298847236508505	0.008300387910016168	0.0	0.009364895730957194	0.00535023124502083	0.006644772865093492	0.009047015656428162	0.017055533582446023	0.0060895665306656245	0.0030393541950928084	0.01759498153377519	0.008069377327683891	0.01632832384701464	0.013217986604737494	0.006108283898835893	0.005720480042834525	0.005945857258456157	0.007188648132530926	0.016054227361601763	0.0	0.003000726848370492	0.0025626261203757616	0.018938615596507957	0.005805034829591472	0.00621504643272775	0.0	0.013186925476897543
MHW311_trimmed_clipped_R1_paired	0.0012546896607737387	0.16599426185405636	0.00033840923068783767	0.09438665533406687	0.002080299778175438	1.0338610427176134e-05	0.0	0.0	0.0	0.0031868211947986566	1.1388082859939355e-05	0.0003009354046142296	0.01199727261344757	0.003535786188262094	0.004305940655748685	2.9382508739459946e-05	0.001059610424147314	0.0002921563320819621	0.0005144633732101911	0.00011690068359729836	0.0009674355191341673	0.0003910890194071066	1.1417852255666851e-05	1.6424361438483461e-06	3.529421522518327e-05	0.0	1.1765754583503773e-05	1.1302045545356107e-06	2.7939731126159958e-05	0.0	5.813735000098601e-07	0.00010762999883559631	0.0	0.0	0.0011486973337725107	1.7432979997959097e-05	0.0	3.526546059432624e-05
MHW311_trimmed_clipped_R2_paired	0.0992211681739035	0.08931529345738845	1.2938593409799903e-05	0.0001579715909070309	0.0006116023452773052	0.0	0.0	0.0	1.299292527423063e-05	1.2493810748356671e-05	1.0437687516970375e-06	2.6157205495578653e-06	5.249369927314021e-07	1.5798379563367862e-06	0.000105083839451516	1.959210331697645e-05	4.567194317989662e-05	0.0001631151801063447	9.69723787519524e-05	0.004818105577671867	1.9513462492254984e-05	7.966716238194296e-05	0.0026733014079735502	1.2185329039969268e-05	0.010886578333853918	8.451069025864091e-06	0.000253042762452712	1.1483602294419144e-06	5.220307564860799e-06	0.0022978064180705924	0.0	0.0	0.0	0.0	8.781835250512513e-06	0.000205112022921735	0.0	0.0
MHW312_trimmed_clipped_R1_paired	0.0012045146001398693	0.16375080404031417	0.0003095588136335595	0.09495146456963502	0.0019969769808827705	1.6560909526476067e-05	0.0	0.0	0.0	0.0029638705898661307	6.300761358467893e-06	0.00031055188723327464	0.01220038622773555	0.0033742072601739576	0.0042708962435803795	3.553395770318595e-05	0.0010305141869984282	0.0002687532290170032	0.0005378257818480247	0.00012151882993844587	0.0009618751713700767	0.0003750796980540358	1.672722473906835e-05	1.7122700749617114e-06	3.5735483286297994e-05	0.0	1.0734562362696291e-05	6.956598636766844e-07	2.4118662730048833e-05	0.0	7.07065517281231e-07	0.00012888712899804312	0.0	0.0	0.0011057005925383403	1.8449142295500363e-05	0.0	3.1897525633883577e-05
MHW312_trimmed_clipped_R2_paired	0.09815801259326633	0.08893470454043761	2.323106553662799e-05	0.00013453211524080784	0.000556832391621717	0.0	0.0	0.0	3.334172266645159e-06	7.012916787537905e-06	3.3472450752125467e-07	3.3545840305235213e-07	0.0	2.699832880682165e-06	0.00010689045324119574	1.9663076039813634e-05	5.674747375538076e-05	0.0001611325148044586	0.00010179824342416825	0.0046083517408718536	2.4404663696859704e-05	8.002069197127666e-05	0.002571907000632189	1.3208270063547315e-05	0.010659693322619882	6.3132051354725085e-06	0.0002404148053599092	7.089216485048502e-07	4.279096510136485e-06	0.00217600251373878	2.530971791061134e-06	3.644813241227445e-07	3.676827713644731e-07	0.0	7.503974893020707e-06	0.00020239192549325162	0.0	0.0
MHW313_trimmed_clipped_R1_paired	0.001300355526606061	0.16290109573116623	0.00033139510835454025	0.09605597627287059	0.0019909921621411634	2.0465057377779047e-05	0.0	0.0	0.0	0.0030902955990000647	1.3113108188314035e-05	0.0003009354163322997	0.012033347734420243	0.0033606522092606895	0.00427255810541579	3.232275534283647e-05	0.0010089763881372738	0.00026690172339192286	0.0005214042084099126	0.00012306339756592487	0.0009893670909582337	0.00040078417802745617	1.6469390326860685e-05	4.236871683421863e-07	3.188870539088472e-05	0.0	1.285898520069252e-05	0.0	2.5539927154673464e-05	0.0	8.76209832750513e-07	0.00011080450929501284	0.0	4.4906388681032184e-07	0.001080898126100034	2.294541394325254e-05	0.0	4.675793566332491e-05
MHW313_trimmed_clipped_R2_paired	0.09776179167400759	0.0897749892205493	1.640172448551327e-05	0.00015390218055381106	0.0006530443799514061	0.0	0.0	2.0582635969613607e-06	8.23817910373925e-06	9.076300260564492e-06	1.240558938130179e-06	8.288455903267884e-07	0.0	1.6676396788312757e-06	0.00010154074457554821	2.2614273031088634e-05	4.491141797837808e-05	0.00014642723110246342	9.49342089265911e-05	0.004727419513069611	2.165155138608753e-05	8.562864720791587e-05	0.002634876819401793	1.2450672795717861e-05	0.01077038116977051	6.065715336048603e-06	0.0002491041732705221	2.189714393843634e-06	2.6437941459920313e-06	0.002176055082932609	2.6819012604144765e-06	0.0	0.0	0.0	6.972382555387038e-06	0.0002000977607036059	0.0	0.0
MHW314_trimmed_clipped_R1_paired	0.0012279598434505466	0.16468304516663834	0.0002860501962530717	0.09616493094544132	0.0019041434036952405	2.2647298751676777e-05	0.0	0.0	0.0	0.002994069603563798	9.069716536398602e-06	0.00028954492619908165	0.012052155964297198	0.003229153236473963	0.004242158163057414	2.7491878669941912e-05	0.001012416640901533	0.00027785290872074994	0.00048659358537183576	0.00010387585326601265	0.0009748847179846151	0.00041480182906041994	1.2722342279903532e-05	2.1270108361630556e-06	3.6706753087338845e-05	0.0	1.2042221093751418e-05	4.319812068131108e-07	2.5611808255608695e-05	0.0	8.781534705176196e-07	0.00010923751717682563	0.0	0.0	0.0010768784867741623	1.5600966839635655e-05	4.6422045019579336e-07	4.203570610960264e-05
MHW314_trimmed_clipped_R2_paired	0.09904308606671812	0.08903022882143131	1.4436264192626454e-05	0.0001362272205640686	0.0005804151447207328	0.0	0.0	0.0	1.0356014081196618e-05	8.712184436745389e-06	1.2473545325477145e-06	0.0	0.0	1.2571060749374508e-06	0.00010289330514420749	1.3468323534216044e-05	4.387057439814771e-05	0.0001408112418959536	9.666930489071382e-05	0.004519620260901872	1.3648731694379699e-05	8.729948666618025e-05	0.0025115745556934205	1.0347429607945377e-05	0.01100410384625229	3.479248234832764e-06	0.00025173270879380626	3.075660014889885e-06	6.187599413452701e-06	0.0021673900130645303	1.3442728766397748e-06	4.51695218705382e-07	0.0	0.0	9.768914149419458e-06	0.00020437545047363118	0.0	0.0
MHW315_trimmed_clipped_R1_paired	0.001145514357797503	0.16385060422794304	0.0003025361205492934	0.09461960781819163	0.0020191556010570036	1.7676315334948167e-05	0.0	0.0	0.0	0.0030611348790068526	1.0176160352501487e-05	0.0002934816451754145	0.012144835426700527	0.003406302038732724	0.004434058912949775	3.756251274107017e-05	0.00102825186085348	0.00029789176605457004	0.0005175828339297143	0.00011291950340784737	0.0009742913898549769	0.00039932017262479314	2.0050886415510782e-05	1.8289133078586134e-06	3.2580301759580875e-05	0.0	1.1105955685348803e-05	4.6506164189761535e-07	2.5254227409182796e-05	0.0	4.7394984893986046e-07	0.00011809509569809783	0.0	4.877049841727784e-07	0.0011374826413610253	1.4008509258821633e-05	0.0	4.093695688171737e-05
MHW315_trimmed_clipped_R2_paired	0.09781015176454017	0.08985306470899422	1.3273131717117177e-05	0.00012618919758923728	0.0005804081886734228	0.0	0.0	0.0	8.883687983112997e-06	1.1565667855887187e-05	8.916067678552971e-07	0.0	4.480585022459e-07	8.985545725348563e-07	0.00011482061755030888	1.714742155440456e-05	4.6129859044607745e-05	0.0001541374736713928	0.0001013705599728825	0.00472504780851152	2.8355347754558306e-05	7.342511503306265e-05	0.002737335358467123	1.2486118442209666e-05	0.010886589719129005	6.0671539197979655e-06	0.00025428418177111576	4.719102524479648e-07	3.3248185363915116e-06	0.002225875756868931	1.4472295111400538e-06	0.0	0.0	0.0	9.076093605746837e-06	0.00020469613462668267	0.0	0.0
MHW316_trimmed_clipped_R1_paired	0.0011076488520190269	0.16369764874762183	0.00027877183548951923	0.09605131024975443	0.0018903312982747357	1.1430434524082084e-05	0.0	0.0	0.0	0.0029699242075891274	6.408706524445018e-06	0.00029357261012430717	0.012109255336289539	0.0033124329327284463	0.004236353755090952	3.0537056461226817e-05	0.0009859225836892456	0.00026540932369474503	0.0005125530748126522	0.00011585390960276338	0.0009644361793445284	0.0003842283271479305	1.4132894689738655e-05	3.3080600381895683e-06	3.129434921966473e-05	0.0	1.385610089473717e-05	0.0	2.0737839200878265e-05	0.0	1.4636033961472718e-06	0.00011797017334547103	0.0	0.0	0.0010349373849244585	1.6359250866755287e-05	0.0	4.691746152448855e-05
MHW316_trimmed_clipped_R2_paired	0.0976489525067578	0.08924270559046937	1.144943635798742e-05	0.00012604985780659313	0.0006421793585848349	0.0	0.0	0.0	2.0698868310074017e-05	8.752941074578767e-06	9.234338004067653e-07	1.3880697991823898e-06	0.0	2.3266517200698848e-06	9.700278826120385e-05	1.588984234070389e-05	5.152074967749182e-05	0.00014600944999451456	8.331807169069116e-05	0.004655986470363265	1.941360036346048e-05	7.411062757516022e-05	0.0025968535060254105	1.3878936933349628e-05	0.010999367160355914	4.344406157836591e-06	0.00025319253719944043	4.876223859654943e-07	2.9426762112892723e-06	0.0021775232359031965	1.988963994600281e-06	5.013551856277351e-07	0.0	0.0	9.822026381125403e-06	0.00019170961712865715	0.0	0.0
MHW317_trimmed_clipped_R1_paired	0.0012204015229385894	0.16377267693514022	0.00024749766892552685	0.09424839381315804	0.0019475871293539507	2.5940495051237433e-05	0.0	0.0	0.0	0.0030093319023588847	9.916449614866583e-06	0.00031323620547909554	0.012049528819668672	0.003382978888948222	0.004177399999290351	3.294417713746011e-05	0.0009916330245671099	0.0002662572643796997	0.0005151599103500542	0.00011914454257023894	0.0009356269274416626	0.00039211876609658456	1.850212763512597e-05	9.772887524761016e-07	3.3353969794144645e-05	0.0	5.937571629688996e-06	4.973084324900869e-07	2.750490948881921e-05	0.0	0.0	0.00012471065339529966	0.0	0.0	0.0011064289096601166	1.5493437177686422e-05	0.0	3.276849459979305e-05
MHW317_trimmed_clipped_R2_paired	0.09795960409703398	0.08880442412643692	1.6534452851216403e-05	0.00017257444956315498	0.0006150944654982869	0.0	0.0	0.0	7.116875801597445e-06	5.702246046290681e-06	9.525206508739345e-07	4.772695804391368e-07	0.0	1.4401428391273561e-06	0.00010200192097523382	1.3501694057553402e-05	4.784735915273173e-05	0.0001565025556964251	8.600745367804972e-05	0.004605344294403711	2.005216291408126e-05	8.050461035913396e-05	0.0026301916531013274	1.2869382778610715e-05	0.010956821139064541	4.498198673850063e-06	0.00026282414087474453	2.0222618470949413e-06	1.5266374806487884e-06	0.0021582826017302148	1.550590127208657e-06	0.0	0.0	0.0	1.1338973176606046e-05	0.00021696095438625496	0.0	0.0
MHW318_trimmed_clipped_R1_paired	0.001149566819923193	0.16402272483004487	0.00022432529877820567	0.09526645384846229	0.00211417439311975	2.6403475066967462e-05	0.0	0.0	0.0	0.003029326696405445	5.287011476009139e-06	0.0003116479176208496	0.012025744131297924	0.0034227400083986525	0.004301276742541689	2.984083849870082e-05	0.0009999955893051685	0.00026087840578324916	0.0005172280615037369	0.0001088408308047292	0.0009641635602193132	0.00038485380577474	1.4514387225318115e-05	2.2750332257227452e-06	2.5109621187352268e-05	0.0	1.3342729498156525e-05	0.0	3.205305160961715e-05	0.0	4.700881941862877e-07	0.00011605277951570106	0.0	0.0	0.0010899474270503395	1.674774273553975e-05	4.987595177468287e-07	5.020723664515747e-05
MHW318_trimmed_clipped_R2_paired	0.09818135891458736	0.08893692937127341	1.1017607613325515e-05	0.00016319370972051202	0.0005958575848289893	0.0	0.0	0.0	0.0	8.864687936235448e-06	1.3326860033186548e-06	0.0	0.0	8.955326064877262e-07	8.975456689972652e-05	1.753988236441644e-05	4.687769638312204e-05	0.00014006862314278493	7.475088960240903e-05	0.004758245400257147	2.4153190838166078e-05	7.132635625317548e-05	0.002597941523649114	1.2896574561557343e-05	0.01091161762236097	5.575000330783353e-06	0.00023996653017799944	9.387660198543756e-07	4.24963789543766e-06	0.0021642118073454493	3.352122908057417e-06	9.65714233096656e-07	4.872773729574819e-07	0.0	9.956687314944387e-06	0.00021329846869852533	0.0	0.0
MHW319_trimmed_clipped_R1_paired	0.001158087594535111	0.1665946572491271	0.00030017064605632556	0.09676641648326845	0.0021170731912554743	1.3388774847342624e-05	0.0	0.0	0.0	0.003106245171563892	1.072274527646029e-05	0.0003241370145091314	0.01200330268410182	0.003457136722883168	0.004320642847411662	3.5214643409652046e-05	0.0010455913266120686	0.0002631466317827779	0.0004897587548117824	0.00010428919670789237	0.0010135000199899956	0.0004052570462390161	1.2602617551850566e-05	1.5802716672677954e-06	3.409085417976844e-05	0.0	8.790369692902202e-06	8.029055223881974e-07	2.1794239063405653e-05	0.0	4.0881291407944645e-07	0.00010761023232467815	0.0	0.0	0.0010786052701078647	2.5420921229453812e-05	0.0	2.6432759652136954e-05
MHW319_trimmed_clipped_R2_paired	0.09917892736168843	0.08955409318701074	2.10681825185683e-05	0.00014950346162806777	0.0006559424047278181	0.0	0.0	0.0	1.1536659157327036e-05	1.0782976160726729e-05	1.5437287051791009e-06	3.867187613447574e-07	7.756963655103614e-07	1.944342760719011e-06	8.417413453937721e-05	1.561976432821483e-05	4.069736086145607e-05	0.000137668645807069	0.00010459779587592281	0.0047278107664048994	2.2147045570081305e-05	8.490477255281037e-05	0.00255360755413012	1.438724357925494e-05	0.011215459625832154	4.837605415957269e-06	0.00027834285022786923	8.148596867233637e-07	4.919756294460222e-06	0.0022193319019860615	8.323976801892402e-07	4.199752280131608e-07	0.0	0.0	1.0860877507031017e-05	0.00021508113766233395	0.0	0.0
MHW320_trimmed_clipped_R1_paired	0.0012803611251061002	0.16538061081589295	0.0003314808661165273	0.09670967045559219	0.0019327628783697825	1.833017504417322e-05	0.0	0.0	0.0	0.0029587597218076194	1.000947116180272e-05	0.0003111094199636251	0.012230319113618777	0.003326497932485591	0.004283083993062844	3.33701223764296e-05	0.0009975823845963388	0.00027018705181643555	0.0005033173227289747	0.00011023735981686552	0.0009885708924449604	0.00038959641437214676	1.4064181087706338e-05	3.0966416439671364e-06	3.3482845398988284e-05	0.0	1.0779495352431011e-05	1.0475981382253503e-06	2.6312210828364462e-05	0.0	1.0638066362364304e-06	0.00012458642082907608	0.0	0.0	0.0011420265738982347	1.84655396542146e-05	3.73242756771748e-07	4.3157782921643424e-05
MHW320_trimmed_clipped_R2_paired	0.09869602961513577	0.09002917617132623	2.3371327321115027e-05	0.00014034622712500602	0.0005734997438980882	0.0	0.0	0.0	1.0060137489887048e-05	8.060374190915592e-06	3.3660038565248664e-07	6.746286565589979e-07	6.766840835563416e-07	1.6963938080784596e-06	0.00010405491000724396	1.7039847796535192e-05	4.577052650734973e-05	0.00015100420518633563	9.545094233753982e-05	0.004526241404523287	2.5216962078310993e-05	8.249157583376567e-05	0.0025557325451459265	9.428827737035388e-06	0.010921469496906245	3.874940644716007e-06	0.00024813737063242254	1.06752554173176e-06	4.29455840727197e-06	0.0020553481893986897	1.4505866243024777e-06	0.0	0.0	0.0	9.768220087045436e-06	0.00020483123462452293	0.0	0.0
MHW321_trimmed_clipped_R1_paired	0.0011930121374901573	0.16498805412905768	0.0002959464089797452	0.09548440155559941	0.0019437456077988037	3.265353143534247e-05	0.0	0.0	0.0	0.0030273463190284163	1.1114234937549147e-05	0.00029325262875635495	0.012192033994581852	0.003403617993766325	0.004362881330770436	3.0176707441830245e-05	0.0010409823697857012	0.0002748540120770986	0.000524900305436515	0.0001132153517561387	0.0009761842272180414	0.000396979709485865	1.4579696825163576e-05	1.5749647881184907e-06	2.528194070388977e-05	0.0	1.1597082745194483e-05	4.566725731175032e-07	2.6376878323882324e-05	0.0	6.950798053098147e-07	0.00011352748363772904	0.0	2.3630549348289418e-07	0.0011225148451992843	1.7786455773525846e-05	4.852169144626992e-07	4.143415403668346e-05
MHW321_trimmed_clipped_R2_paired	0.09861436153448724	0.08973944545933668	1.3084468059292397e-05	0.0001604202898098391	0.0005984659788035582	0.0	0.0	1.0944921597422252e-06	6.570866211666305e-06	1.2723162013222077e-05	2.198643693642606e-07	8.81360629556779e-07	2.2103226554966684e-07	1.7732815671953937e-06	0.00010375588597754243	2.1154171791060663e-05	4.664791560328763e-05	0.00014320665628297577	9.334331484513411e-05	0.004682913286536534	1.9416398072031144e-05	8.81256559669449e-05	0.0025775018846277233	1.0043658253050778e-05	0.010895638092788339	5.756430946499086e-06	0.0002521947701042452	1.3954228270708307e-06	4.677334741098835e-06	0.0021637032108915663	2.1315779286985477e-06	4.770954034892201e-07	0.0	0.0	9.543535113633968e-06	0.00021238933764481218	0.0	0.0
MHW322_trimmed_clipped_R1_paired	0.0011493490672752447	0.1676442790151001	0.0002669307152768779	0.0953730569601889	0.0020482543710112367	1.8673795973391784e-05	0.0	0.0	0.0	0.003133203556271243	7.477488674511531e-06	0.00029287879242969293	0.012213667353873475	0.003406054622690908	0.004243498307153471	3.5115213165428944e-05	0.0010508820196213184	0.00026398358804930215	0.0005023072596091683	0.00011437978065305587	0.0009542991125316471	0.00039344998273997054	1.2694697029591691e-05	1.9300691553428704e-06	3.486786470118631e-05	0.0	1.2893517680837816e-05	7.852807664189506e-07	2.2894995886933725e-05	0.0	3.997284372910145e-07	0.00010401004143578638	0.0	8.223599878050594e-07	0.0010354034467647797	1.820645486400515e-05	4.3189529102922985e-07	3.2729014624938363e-05
MHW322_trimmed_clipped_R2_paired	0.09957542373757344	0.09026142929649672	2.6178721232296734e-05	0.00010853006856424507	0.0005916683694295663	0.0	0.0	0.0	5.630257921927728e-06	7.141281121176927e-06	2.636424993848279e-06	7.547462140193988e-07	0.0	2.6559599205631223e-06	9.544157174397132e-05	1.6766003331176235e-05	5.040692075107549e-05	0.00014469153790947577	9.096460688432274e-05	0.004683666954686329	2.4328337936493003e-05	7.866275761069834e-05	0.002612504926547598	1.5231190729188179e-05	0.011221146449944947	5.91280770359691e-06	0.00026270022868787933	1.1956527882013237e-06	5.21305179266004e-06	0.002167223130621422	8.139401709858769e-07	0.0	0.0	0.0	7.66435546040703e-06	0.00019762017293550649	0.0	0.0
MHW323_trimmed_clipped_R1_paired	0.001158495329740391	0.16510160072015534	0.0003117179979238204	0.09591635316806371	0.0020518595351747384	2.7569441348865244e-05	0.0	0.0	0.0	0.003040190567531505	4.484990522093779e-06	0.0003113312361780537	0.012202059760115937	0.0035001157625228637	0.004260249599107211	2.8571812349604903e-05	0.0010193841002795973	0.00025656836092989745	0.0005088013956738092	0.00011715305866635723	0.0009440186098946386	0.00038633504364659076	1.3839695228903112e-05	2.84817202058982e-06	3.8585182948911836e-05	0.0	9.364096623719138e-06	7.23700279529233e-07	2.7644611381037707e-05	0.0	0.0	0.00011281599877226504	0.0	0.0	0.0011571121583968391	1.6608898343205998e-05	0.0	5.316752103262826e-05
MHW323_trimmed_clipped_R2_paired	0.09807274059628426	0.0898648078216966	1.3802970430293282e-05	0.00014849209472117338	0.0005373399055359901	0.0	0.0	0.0	0.0	7.978938544043675e-06	6.952875723652698e-07	3.483441771308125e-07	6.987049531641302e-07	2.802239273606898e-06	9.19757850225403e-05	1.864580716360583e-05	4.3015598672503363e-05	0.00014561782197578706	9.816864096680163e-05	0.004726553187922928	2.4245589393912395e-05	8.622032028702422e-05	0.002620879314956511	1.6222625878005464e-05	0.011105880888337668	6.911751732438757e-06	0.0002610726180946448	1.838544649532997e-06	3.3299111466489095e-06	0.002186496734132391	1.8771002828136897e-06	0.0	0.0	0.0	8.596929251898967e-06	0.00020787204875935469	0.0	0.0
MHW324_trimmed_clipped_R1_paired	0.001168963550157888	0.16500205835608087	0.0002937433056671261	0.09627089165398017	0.002025994249876445	1.995420908100092e-05	0.0	0.0	0.0	0.002970795673545635	1.380199839788582e-05	0.0003001560669828134	0.012214336312790718	0.003259285400087471	0.004232202127454788	3.559655913824444e-05	0.0009776832182121153	0.0002499739674971828	0.000529296220541117	0.00011636602109219368	0.0009405427309855891	0.00038385476593313396	1.6446962042392718e-05	1.8749279160526076e-06	3.3110157452456624e-05	0.0	1.099416691584567e-05	0.0	2.371482434133175e-05	0.0	1.1595043656846723e-06	0.00011318309072784169	0.0	3.944492719776011e-07	0.0011230885303645276	2.087922488254643e-05	4.0552244356664515e-07	3.871580174648612e-05
MHW324_trimmed_clipped_R2_paired	0.09777066145793423	0.09015973440624955	1.635586702941799e-05	0.00013095995337389127	0.0005442493566344624	0.0	0.0	0.0	3.6507211926701698e-06	8.043762867004175e-06	1.8321949179537435e-06	3.672132719454583e-07	0.0	2.954649662185117e-06	9.994985404767035e-05	1.8550774192444914e-05	4.83443725848732e-05	0.00014838229170387486	8.935377009334025e-05	0.004609834300925416	2.1067596621481325e-05	8.041033279571664e-05	0.002553914954018182	1.1793463583134998e-05	0.011027154449977003	3.4544918164067644e-06	0.0002302766603584619	1.163296267133895e-06	6.629562978545498e-06	0.0021091673635094035	3.9505411526331155e-06	3.979766881095578e-07	0.0	0.0	8.579946882774556e-06	0.00021146243092989609	0.0	0.0
MHW325_trimmed_clipped_R1_paired	0.0012449937970679698	0.16501324037860013	0.0003410642871509551	0.0959060305215962	0.0018584817071492738	1.8851445164039714e-05	0.0	0.0	0.0	0.0030012362376906966	1.1701059666836105e-05	0.00031872582057274794	0.012302870428571014	0.0033658037752339926	0.0042886009826782565	3.318110718558272e-05	0.0010615117464684274	0.0002881116317328312	0.0005396100549608779	0.00010858382054867943	0.0010142180240433837	0.00039876504247238724	1.9025723305970563e-05	1.9474163315942125e-06	3.360579413283552e-05	0.0	9.05487337911123e-06	7.907540669529412e-07	2.224556143548558e-05	0.0	4.015944649616379e-07	0.00011685691909838199	0.0	0.0	0.0010790736466023366	1.926362950365232e-05	0.0	2.554428376191178e-05
MHW325_trimmed_clipped_R2_paired	0.09810588790904592	0.09019805308353344	9.442130776192815e-06	0.00013797022402225274	0.00055606165361955	0.0	0.0	0.0	5.689734563830733e-06	9.117478701674225e-06	3.8075218218023283e-07	3.8156351051372306e-07	0.0	3.8378322007884113e-07	0.00010616702515668052	2.197451164828383e-05	4.057236525320506e-05	0.00015378450952962126	8.351352931022094e-05	0.00454068821296402	1.915081727441551e-05	8.000373350756369e-05	0.002546293908184499	1.1064728209533263e-05	0.011115995157472332	7.176007134960374e-06	0.00023717349037701214	4.027745089829328e-07	3.240934598519119e-06	0.0020565373596105425	0.0	0.0	0.0	0.0	9.367906113175743e-06	0.00019776057050176188	0.0	0.0
MHW326_trimmed_clipped_R1_paired	0.0011679687406907363	0.16558366857941217	0.0003265011044007258	0.0958555813146454	0.0020648589159898935	2.1489473671429947e-05	0.0	0.0	0.0	0.002842364478758222	1.075704530746144e-05	0.00029575293363017456	0.012072708991282812	0.003238088305208864	0.004203180486132434	3.349868414340874e-05	0.0010256315529058562	0.00028498916811683684	0.0005127050143023665	0.00012170539647264017	0.0009948222147184175	0.0003883811145790388	1.2408926786933099e-05	8.891966774027976e-07	2.9444012328778997e-05	0.0	9.441430792187972e-06	4.515900032424162e-07	3.085668741762257e-05	0.0	4.5876201547035434e-07	0.00012284642651868262	0.0	0.0	0.0010693346675303376	1.3357892327249071e-05	0.0	3.3881480837554075e-05
MHW326_trimmed_clipped_R2_paired	0.09838419039230202	0.08963610289791699	1.0770120480598964e-05	0.00014877994622273377	0.0005913275512864968	0.0	0.0	2.163705059304992e-06	2.1652071221976643e-06	1.1277952024546376e-05	0.0	4.357526490351297e-07	4.3712037215799034e-07	1.7533937593735334e-06	0.00010895826566278144	1.8052588944015968e-05	4.898406821865552e-05	0.00015793055515673544	9.448445235048151e-05	0.004534457963143283	2.0530323700944326e-05	7.254842514453718e-05	0.0026253352982641364	1.0378435106343673e-05	0.010958136655277975	4.097189001480351e-06	0.0002525427682664951	2.299829762921221e-06	2.7758701766601256e-06	0.0021249719467852273	1.8753270042859755e-06	4.7238397463063754e-07	0.0	0.0	4.851449089759236e-06	0.00020448148988685302	0.0	0.0
MHW327_trimmed_clipped_R1_paired	0.0012439354955016103	0.16702171054649417	0.00035739353406170985	0.09697577660886567	0.0020598107765895184	1.4897181251131256e-05	0.0	0.0	0.0	0.0029379735768077777	8.096296360309118e-06	0.000322733112386635	0.012101296111964907	0.0032812979417631196	0.0041435907968618724	3.229644032725596e-05	0.001021582988546557	0.00026648281774813116	0.0005473707864030112	0.00010960288647378252	0.0009993396419479912	0.0003723587518441877	1.6242766816078318e-05	1.3216714449201268e-06	3.5379649197687735e-05	0.0	1.3384697854946013e-05	8.968850335229392e-07	2.0293457739625114e-05	0.0	9.136203272117497e-07	0.00013170014106650773	0.0	0.0	0.0010693884811087222	1.1013185430913648e-05	4.844834227722839e-07	2.6808762205085033e-05
MHW327_trimmed_clipped_R2_paired	0.09979977529208989	0.08887657125303802	1.9191104743834255e-05	0.00011951686502482366	0.0006749393008504556	0.0	0.0	0.0	1.0710484027979983e-05	1.2872379267251653e-05	1.2901267754687054e-06	8.618869067683057e-07	4.322465056868296e-07	3.900786359522216e-06	0.00010859464876324898	1.8282984743053826e-05	5.0171223916711444e-05	0.00015219615775551604	9.955899225984535e-05	0.004626034230462373	1.94224659990862e-05	8.594860769458012e-05	0.002495253170032342	1.2507900805395793e-05	0.010833723730817415	5.413450060429215e-06	0.0002549504042075345	2.7385409269373166e-06	8.27048868493537e-06	0.002095352091102373	1.866385960973879e-06	9.414771850468606e-07	0.0	0.0	7.287374807759053e-06	0.00021059293794788056	0.0	0.0
MHW328_trimmed_clipped_R1_paired	0.0011830561865648168	0.1657402795139441	0.00025865343161198093	0.09683264334987386	0.0020532131585463877	1.2420143651381471e-05	0.0	0.0	0.0	0.002997615118787521	9.53246484400026e-06	0.0003362854844991238	0.012103250048449987	0.0033197146112545	0.004412370796584716	3.4769761696724823e-05	0.0010391743146642245	0.00027565051564784653	0.0005408960353771998	0.00011422370761363919	0.0010118417515986198	0.0003923376708206091	1.408702929989825e-05	2.570049802125226e-06	3.353380515597818e-05	0.0	1.3441190067359442e-05	4.3572174629764073e-07	2.3657143123004083e-05	0.0	1.3308560305986515e-06	0.00012116823725517047	0.0	0.0	0.0011113285580539064	1.5797050057013877e-05	0.0	1.4184189597792883e-05
MHW328_trimmed_clipped_R2_paired	0.0987996695384873	0.08961790393691747	2.2816515946639304e-05	0.00014947864650822554	0.0005609927527216251	0.0	0.0	0.0	6.252231916539373e-06	6.262121954758273e-06	8.368351957351665e-07	8.38587633432867e-07	0.0	2.5301785678162897e-06	0.00010396272390332458	2.4138645366071007e-05	5.177446320682147e-05	0.000157388549297335	9.511341278556207e-05	0.0046861745275123354	2.2743703102189177e-05	8.181669334156415e-05	0.002577361384292112	1.952976339847881e-05	0.011066101891653014	8.761317179578852e-06	0.00024266122647501805	1.7718609513159541e-06	4.457995502533406e-06	0.002213340546040002	1.3573437611478927e-06	4.5631619368337195e-07	0.0	0.0	6.116849997287412e-06	0.00020627917328814476	0.0	0.0
MHW329_trimmed_clipped_R1_paired	0.0012676559170533017	0.1667661242022415	0.0003356517373370211	0.09684483975962446	0.0020489410531818347	1.9965761622927458e-05	0.0	0.0	0.0	0.0030149948589797	6.904895544775325e-06	0.00031813687296126757	0.01208166070252474	0.0033124657732879004	0.004245412098958589	3.450764184577265e-05	0.0010467248325830775	0.0002909528531146536	0.0005116935489222974	0.0001123353401652573	0.0009979983922632607	0.00039985080193957474	1.2349936945338604e-05	3.0046857510909687e-06	3.6951007522572835e-05	0.0	8.370559589829187e-06	7.649828635232513e-07	3.0777819319711936e-05	0.0	0.0	0.00011994462553832573	0.0	0.0	0.0011276959165248143	1.7213536415193252e-05	4.150063765937267e-07	4.5952322084671376e-05
MHW329_trimmed_clipped_R2_paired	0.09967511375262313	0.0907300435958359	2.3637598808345005e-05	0.00012192604646623468	0.0006046059647255761	0.0	0.0	0.0	1.8260846477155845e-06	9.875240960451305e-06	1.0996024156549693e-06	1.1017967499081946e-06	7.366302647439227e-07	3.6926377982201054e-06	0.0001095330381228	1.6686088408369424e-05	5.5737562644096934e-05	0.00016164795877717818	8.888907247677714e-05	0.004504996029733439	2.2173715403286723e-05	8.938932696867244e-05	0.002569818031325298	1.7491428724614375e-05	0.01084603525570786	8.447851382695163e-06	0.0002513898625311801	1.1656394164947402e-06	4.694140558606638e-06	0.0020911991003035608	7.947751576509048e-07	0.0	8.10054172048734e-07	0.0	9.944659296966952e-06	0.0002049124716587261	0.0	0.0
MHW330_trimmed_clipped_R1_paired	0.0011984532491411935	0.166366057071284	0.00029193227029533474	0.09630674267954986	0.0020129484945721416	2.5035569807378205e-05	0.0	0.0	0.0	0.0030513536557216793	8.354437757032632e-06	0.00031343877525177703	0.01210281366170129	0.0034168505799650295	0.0042601937207211674	3.1227474941860875e-05	0.0009964782951335748	0.000250560353216329	0.00052717922670324	0.00011726770844740283	0.000965105890661126	0.0004030784790450445	1.6802613886996754e-05	3.027809923747376e-06	3.5187265344652724e-05	0.0	1.140725785728192e-05	0.0	2.5309755327709044e-05	0.0	4.504271743218747e-07	0.00011270480143904399	0.0	4.6325329838896343e-07	0.0010439663794491439	1.9915171422161454e-05	4.80240582859159e-07	5.0761942804585254e-05
MHW330_trimmed_clipped_R2_paired	0.09884425545612514	0.09095545205705138	1.8804676948813294e-05	0.00014846393255906674	0.0006235636457288851	0.0	0.0	0.0	6.2938134645859184e-06	9.2440232337095e-06	1.6842636639479327e-06	0.0	4.2307610930629894e-07	2.1207713812183604e-06	9.18084071942241e-05	2.044297742988392e-05	3.883745001412126e-05	0.00014802238457815525	8.795454258675931e-05	0.00455508761687143	1.7708313582444964e-05	6.503440146412381e-05	0.002576576435058597	1.74952973078219e-05	0.011017690157874611	6.1883107195368115e-06	0.0002650352330990656	1.7904806891868137e-06	4.508428665184566e-06	0.002183881792722117	2.750089986381967e-06	4.6270002938700425e-07	0.0	0.0	1.1484323004278991e-05	0.00020710356798851466	0.0	0.0
MHW331_trimmed_clipped_R1_paired	0.0011609935138944944	0.1674973974172227	0.0003045197539680501	0.09590611525541602	0.001986492546932355	2.828876720947153e-05	0.0	0.0	0.0	0.003102908462144826	1.3506663150635353e-05	0.0002911898848236335	0.012050240437530455	0.0033782176060336735	0.004177590413994729	3.478620854175262e-05	0.0010115635617486665	0.00028936083011020834	0.0005251049130098462	0.00012650944927585813	0.0009667946809550276	0.00037047288533201386	1.0826473401605857e-05	2.2667780005259925e-06	2.5526570064340357e-05	0.0	1.154179173602264e-05	0.0	2.579018198626219e-05	0.0	0.0	0.00011121723760801218	0.0	0.0	0.0011034984534013788	2.045479979138559e-05	5.200725782085794e-07	3.67430219030665e-05
MHW331_trimmed_clipped_R2_paired	0.09986935779165468	0.09034888927822762	1.961110054532805e-05	0.0001591816475858751	0.0005825880660958598	0.0	0.0	0.0	4.3746217866051615e-06	1.2703787144384202e-05	2.633772417727051e-06	4.3980616071233995e-07	0.0	1.7684965741369658e-06	0.00010233921030351524	1.6868229356302463e-05	4.4035687499720606e-05	0.00016454270572152443	9.931916044439955e-05	0.004751675515685666	1.9838357603294472e-05	8.560251018808014e-05	0.002614168435137426	1.2816345630330124e-05	0.010986376915651037	1.0664334435456748e-05	0.00024898308743839917	3.767975634084124e-06	5.2279660787128084e-06	0.0021803519651641392	3.397452301965891e-06	0.0	0.0	0.0	6.66655131823514e-06	0.00022173624362170478	0.0	0.0
MHW332_trimmed_clipped_R1_paired	0.0011630324891828791	0.16568495523217247	0.00028980754227156603	0.09598382512263602	0.001970823675359867	2.5964096112246594e-05	0.0	0.0	0.0	0.002890401683993488	1.0397352005856931e-05	0.00028086804871084166	0.012128480574187988	0.0031903193875709186	0.003995938585163045	3.6785967778881794e-05	0.0009837392467829476	0.0002732677331770905	0.0005140043938507444	0.00010264248430382946	0.0009978907367413554	0.00036760832996915335	1.3393651075441875e-05	1.7917817948062328e-06	2.4274363856468364e-05	0.0	1.0873440062309161e-05	0.0	2.0573365524402173e-05	0.0	9.239376975505839e-07	0.00012085451804575494	0.0	0.0	0.0010910234347228502	1.8201481878436995e-05	9.664558819944998e-07	5.822898860322825e-05
MHW332_trimmed_clipped_R2_paired	0.09849242237855234	0.09017667465403657	1.7352780420823146e-05	0.0001563398479134645	0.0005281221686104569	0.0	0.0	2.179096450731283e-06	8.722423757457483e-06	1.1794850745599694e-05	4.3788139250346354e-07	1.7553713980793733e-06	0.0	4.414687079408623e-07	0.00010000808959241521	1.596745385815001e-05	4.2682601504561704e-05	0.00014621803312708627	9.657520190253147e-05	0.0044638291688271145	1.9352916774851723e-05	8.67316232618785e-05	0.0024797763085763255	1.1385526176262846e-05	0.010592477128868313	9.193902403498928e-06	0.0002305659730201032	9.29180829163433e-07	5.140381385643449e-06	0.002075746832924802	9.46934397658557e-07	4.769513407660222e-07	4.807112842594701e-07	0.0	9.78551391368708e-06	0.00022538878638888983	0.0	0.0
MHW333_trimmed_clipped_R1_paired	0.0011667013523825483	0.1665829662569064	0.0002749230474615882	0.09639079924037704	0.002064772871715639	2.930739061151719e-05	0.0	0.0	0.0	0.0029714763223350495	1.1284695558210669e-05	0.0002985114934376471	0.012037295793167431	0.0033497262158316806	0.004279642305466203	2.7374773834751346e-05	0.0010532317889226542	0.00027780974958462973	0.0004982247113684051	0.00012258785920258995	0.001003332376000504	0.00038610667127065266	1.0229104984001215e-05	2.799039867746486e-06	3.323943287179257e-05	0.0	1.6990481408441812e-05	9.483458986398895e-07	3.0505302703403755e-05	0.0	1.4472122738304498e-06	0.00011616934642372302	0.0	0.0	0.0010543311571994825	1.7164869082483324e-05	5.107542029976133e-07	4.110993008562659e-05
MHW333_trimmed_clipped_R2_paired	0.09915835335645115	0.08980860100338166	2.0325294596513656e-05	0.00014239944649561178	0.0006107402196343977	0.0	0.0	0.0	9.073590699533239e-06	1.1359191202322771e-05	3.6430005873063394e-06	4.563217616736028e-07	4.5768262553958667e-07	5.0481037477471e-06	0.00010072651227680947	2.166384906031211e-05	4.9430640786581754e-05	0.00015050607947079432	7.940512982956975e-05	0.004585085292716014	2.0089416967089884e-05	9.047555531680842e-05	0.0024899175161185107	1.0392448129165659e-05	0.01078026815166256	8.102966782125999e-06	0.0002558203832009212	1.4452163987548594e-06	4.846895818659558e-06	0.0021651197308283333	1.474882348020564e-06	0.0	0.0	0.0	8.172743603819307e-06	0.00018977899656687726	0.0	0.0
MHW334_trimmed_clipped_R1_paired	0.001257861559029959	0.16654782078829203	0.000272700575616375	0.09570608929083974	0.0020529174219624663	2.2229296078218668e-05	0.0	0.0	0.0	0.0029947993782076607	1.0115566503385913e-05	0.00029107049286480766	0.012114553844844202	0.003313523582580558	0.004226761385680852	3.518393350387123e-05	0.0010256158697197356	0.0002770604044010659	0.000513957448032699	0.00011696385522190856	0.0009898387333844502	0.0003966580008396842	1.167998408718968e-05	4.186114289685832e-06	3.6977237560506425e-05	0.0	1.3140000409883237e-05	0.0	2.6560170663661768e-05	0.0	8.678091791058e-07	0.00011983944453560212	0.0	0.0	0.001088320019634174	1.2277215990309911e-05	0.0	5.0930667665401626e-05
MHW334_trimmed_clipped_R2_paired	0.09904397877723056	0.0892865342062979	2.4296152607050063e-05	0.0001661732772659292	0.0006631835267321168	0.0	0.0	0.0	1.2204326791841294e-05	8.1490798203713e-06	4.0839528883852777e-07	1.6370866326068883e-06	0.0	3.293425388415269e-06	9.448999735696211e-05	2.1917417659745897e-05	4.517923454116121e-05	0.00013879026861476898	0.00010168373724773937	0.0046154939468931845	2.1810485279228968e-05	8.671735315603345e-05	0.0025695115853783365	1.1459550486144692e-05	0.011099447286754821	5.143042983041733e-06	0.000263316953237538	1.3006906064466918e-06	2.6186008743080614e-06	0.0021264632722644617	1.329427870124983e-06	0.0	0.0	0.0	7.840405357443064e-06	0.00021018766535638788	0.0	0.0
MHW335_trimmed_clipped_R1_paired	0.0	0.08052053524752352	0.018056893042786095	0.07819329088341347	0.002192522580100539	4.3508048749724425e-06	0.009011719804701106	0.0	0.0	0.0	0.023520731701499986	0.02761359711043091	0.05546127539717429	0.026700337960886424	0.021905903217773918	0.022650578829286	0.0007879494185383548	0.009681028264526357	0.028415794439600434	0.0001978026971556061	0.014235872254787939	0.006592454232552825	9.008184151498056e-07	2.2162121864505824e-05	0.006353586508480977	0.0071009315300486955	0.01241943454479865	0.0033753103374390596	0.009782903225013791	0.013618514726956493	0.0161484416143628	0.01238060252380344	0.009138037271292851	0.01058813503007378	0.017788654435440754	0.0	0.012018579152066089	0.0
MHW335_trimmed_clipped_R2_paired	0.07250518936642426	0.11031388386870987	0.14440095688821983	0.00013763708626483032	0.0	0.0	0.0	0.045089778991439455	0.0	0.006307992057066465	8.817972714388306e-07	0.010670146632808667	0.008445840408744089	0.0	0.009666131505694954	0.005486232171018819	0.006533624279610498	0.009616105989077528	0.01838757721899821	0.006486810260921877	0.0032176378048426593	0.018598388877947514	0.00860537973249378	0.016740109220290737	0.013819474468338281	0.006242925138341351	0.0060857950184572485	0.006267044835273414	0.00738190044236692	0.016948636567502003	0.0	0.0030451452748205183	0.0028603065507666822	0.01964899745008062	0.005960169820307826	0.006477728657371795	0.0	0.013921463384364473
MHW336_trimmed_clipped_R1_paired	0.0	0.07904994849316167	0.017983937812822662	0.07729300562392363	0.0020993988728021714	0.0	0.008893475129280586	0.0	0.0	0.0	0.023295592712342078	0.02724608504476532	0.0554941918971922	0.027138555538105496	0.022106725821416342	0.022690577274966116	0.0007715092722907479	0.009510013409483688	0.028501548981771645	0.00020267578831154468	0.014178879181897664	0.00655477924271452	4.209652799539929e-07	2.5344708951120117e-05	0.006476009042787989	0.007052969143555876	0.012366273128344207	0.0033649610452154257	0.00968643167866375	0.013601234133399932	0.016487912306125358	0.012273976802743817	0.009159987931226774	0.01067145058791458	0.017724014545743405	0.0	0.011860732377716296	0.0
MHW336_trimmed_clipped_R2_paired	0.07274197745678912	0.11083081079385493	0.14413725910729325	0.00010234479917811394	0.0	0.0	0.0	0.04430377783242611	0.0	0.006232937934972534	4.131117727316478e-07	0.010773832016613994	0.00866741104432106	0.0	0.009620281202754563	0.005466286443789316	0.006559437331264205	0.00952871055672912	0.017960254757916044	0.006463063808452509	0.003162069420072048	0.018625970663445634	0.00849982005016667	0.016981739202600425	0.013869773408350074	0.006274979491588684	0.00610603963443465	0.0062218125023632	0.007168054951116999	0.016940807405485307	0.0	0.0030823621415568096	0.002819828960520339	0.01932228507714591	0.005929253071227259	0.006319772703130645	0.0	0.01390690417563669
MHW337_trimmed_clipped_R1_paired	0.0	0.07990771175988215	0.018126911456491687	0.07753316623759515	0.0022388316867259332	4.8103935286737935e-06	0.008941548039603479	0.0	0.0	0.0	0.02354972407390267	0.02757845361170422	0.05508410069518502	0.026370297917129158	0.021944841084196264	0.02287704702843319	0.0008065018746704284	0.009559721783820996	0.02858073305920126	0.00022095613645213623	0.014094354429402503	0.006676855229211514	1.4899793968628961e-06	2.7407905053754577e-05	0.006472951271160692	0.0068999058132725895	0.012469667918650515	0.0033244577559267455	0.009972054348322988	0.013782396385513745	0.016353664219564978	0.012392726211923916	0.009069011437893522	0.010640321196734316	0.017636149173239076	0.0	0.011959816360703876	0.0
MHW337_trimmed_clipped_R2_paired	0.07334801318659374	0.10929762897546609	0.1444571401007546	7.725822719843537e-05	0.0	0.0	0.0	0.04583413509751258	0.0	0.00622325181213581	9.743141179362812e-07	0.010699902214592657	0.008550272008008671	0.0	0.009556372520636774	0.005346428383589192	0.0065666256146545985	0.009450522679862313	0.018381106241569665	0.006620996387310564	0.0032463289617856734	0.018740261915674402	0.008707580054935583	0.01693036695559298	0.013769450538804013	0.00636288842232936	0.00620230174251973	0.0062515335615462055	0.00720001766737524	0.016777484939277304	0.0	0.003018069253686939	0.0028029931809003808	0.019483388818095623	0.006041991065980522	0.0063531010390882004	0.0	0.013749682919560037
MHW338_trimmed_clipped_R1_paired	0.0	0.07941086014261073	0.01740805976764383	0.07752106252485108	0.002347748410399718	2.1040359955111657e-06	0.00853740221812526	0.0	0.0	0.0	0.0233114412640534	0.027087654208639542	0.05520625656645302	0.026759726050592462	0.021886680717207202	0.022670660341156078	0.0007922999086986595	0.009531133981468739	0.028447171523812285	0.00019716434188048377	0.01412713057693116	0.006621567448051422	0.0	2.5783831087133375e-05	0.0064396201893501875	0.006876912930442602	0.012204743679678725	0.003319552205166482	0.009839972150755721	0.013690103710798778	0.01633842879138687	0.012059000147848428	0.008847397178124421	0.010440733462642408	0.017303366619848586	0.0	0.012005939786841143	0.0
MHW338_trimmed_clipped_R2_paired	0.07208990979397721	0.10926860897185436	0.14501953234267229	7.81996413595367e-05	0.0	0.0	0.0	0.0437955086081548	0.0	0.006132523083331831	2.133619554698322e-06	0.010313310917593861	0.008326263321157438	4.306287840400911e-07	0.009565273516716504	0.005543422763513141	0.006556945464112486	0.009242751664513011	0.017986103389203707	0.00640913899454308	0.003237277513645085	0.018138490036323972	0.008568994513404838	0.01690285393821674	0.013696305551950332	0.006323017770161221	0.006043609135288056	0.006214806051377754	0.007323240724227397	0.01646299856860817	0.0	0.0031679237250479835	0.00276811840480363	0.019506875800739343	0.005909549171509047	0.006329464510359025	0.0	0.013507128571108825
MHW339_trimmed_clipped_R1_paired	0.0	0.08096839090717502	0.01785412558843705	0.07709681856202164	0.0023056796983018115	2.217357831885251e-06	0.009039235293113172	0.0	0.0	0.0	0.023046922632088684	0.02758564682358542	0.05529485114317924	0.026566100934498144	0.021758513044567728	0.02251681164409987	0.0007762934208551376	0.009417974591690637	0.028405542034423477	0.00020689281275785296	0.014126566489286747	0.006588424569323979	4.594873284836039e-07	3.090795290091136e-05	0.006451565373368128	0.007163808730711806	0.012165375450926866	0.003391165142869684	0.00961341179130749	0.013578217126891128	0.016309496552286137	0.012254249845852935	0.009115281985282572	0.0105684784455987	0.01750529093212857	0.0	0.012045735710728318	0.0
MHW339_trimmed_clipped_R2_paired	0.07350215192219835	0.10836939409153262	0.1449931943762412	7.789860543913437e-05	0.0	0.0	0.0	0.04577511114307777	6.706060600031926e-06	0.006187356763967442	2.2454418271903837e-06	0.010586883051753303	0.008539956178813457	0.0	0.00951789093203838	0.005511329771051986	0.0063557148972504095	0.009519322960606523	0.018199611330754307	0.00637751613524014	0.0032118524472212924	0.01851354840496222	0.008500919392000749	0.016765803861885493	0.01396572256141913	0.00619848861298354	0.006012238184497855	0.00613530295685092	0.007369411860194786	0.016807753636089974	0.0	0.003138799055006649	0.002888816187351297	0.019469107104529725	0.006113042394512959	0.006302493358206723	0.0	0.013955340785964465
MHW340_trimmed_clipped_R1_paired	0.0	0.07951755282078697	0.01757393488392066	0.07706598780841072	0.0020637570165689153	2.049706405178788e-06	0.008632522712595705	0.0	0.0	0.0	0.023402490839845937	0.02728454055591315	0.05561112144719656	0.026722845010574516	0.02177276328289404	0.022529462186649377	0.0008293053790937584	0.009431654210209422	0.028647213181818523	0.00020678597149037197	0.014094670223017516	0.006457266649417722	1.2717417553374122e-06	2.0429943739510182e-05	0.006424012638619651	0.007047553185763827	0.012233459004033352	0.0033778612488685957	0.00960713234624782	0.013591761034811264	0.01637071692715925	0.01220956575603973	0.009103629157505374	0.010432249768186477	0.01730750765605979	0.0	0.01181933626800784	0.0
MHW340_trimmed_clipped_R2_paired	0.07190039694277121	0.10774732915252075	0.1437680857740491	9.89381728555826e-05	0.0	0.0	0.0	0.04433095543148631	0.0	0.006134954060060798	8.330715336616174e-07	0.010666756538864132	0.008575897562879247	0.0	0.009569640297194851	0.005474620917551871	0.006539898661407211	0.009391764030959208	0.01822977150287439	0.00650501741803725	0.003247876623490314	0.01849518230720658	0.008444331359488534	0.016678374691647742	0.013661544799921231	0.006282279857279462	0.006037362163378003	0.006156944876960625	0.0073212157893673534	0.016755230079485314	0.0	0.00306877905199781	0.002753566361478485	0.019388748716388654	0.0059800336261927635	0.006263735268365243	0.0	0.013643682630115606
MHW341_trimmed_clipped_R1_paired	0.0	0.07997257814581497	0.017628737802931033	0.07782853663532853	0.002279701514215349	0.0	0.008486512400730138	0.0	0.0	0.0	0.023319637310351242	0.026729959883671495	0.0553211440283247	0.02679359770885264	0.021545659042236234	0.02247069315914388	0.0008088592529571498	0.009348096314205072	0.028418381427218482	0.0002137021658975126	0.014175112713221914	0.006536165307952746	2.428803835605878e-06	2.8437027749834784e-05	0.006290810716903603	0.0068937266902794215	0.012151144565875955	0.0033779177234986085	0.00950878954973582	0.013587481025979963	0.01627998958168468	0.012165219589903397	0.009149758586543126	0.010434686468569076	0.017287163697116446	0.0	0.011755642848968541	0.0
MHW341_trimmed_clipped_R2_paired	0.07287421696075633	0.1095623419223859	0.1443020723118412	0.00011014874112282282	1.9689369868691786e-06	0.0	0.0	0.044118711220279716	0.0	0.006069013901046845	0.0	0.010590831575313249	0.008577171799765037	0.0	0.009539535202948413	0.005464356034955753	0.006543984459222473	0.009360881159411291	0.017999102319453533	0.006358216508392482	0.003160842942118325	0.018128521891067992	0.008319284599443517	0.016653530304674084	0.013559556563523964	0.006227037512314035	0.005946671620282033	0.0061318473620520265	0.007347569759724901	0.016575495937848253	0.0	0.003078684978271515	0.0027479878967753505	0.019204396156799353	0.0058991236097507135	0.006249140794856784	0.0	0.013684197636455777
MHW342_trimmed_clipped_R1_paired	0.0	0.07874056301707189	0.017390526404656072	0.07802336074909544	0.0021742773975356486	1.853855079587945e-06	0.00841957807586368	0.0	0.0	0.0	0.02368357484604451	0.026945038648446967	0.055292019418708	0.026894082745348682	0.02131892631148492	0.022302759066027054	0.000807998379726045	0.009279141721218652	0.02810956847779966	0.00020431384220926275	0.013930015591004624	0.006467070962342419	1.533124678386375e-06	2.615035367353477e-05	0.006273380199839618	0.006936362382076269	0.012001100472542213	0.0033460724048853504	0.009494591204113853	0.013412644573170738	0.01633464263076733	0.012160197037158304	0.00915919370639322	0.010505933812200325	0.017372287265612223	0.0	0.01172288540698019	0.0
MHW342_trimmed_clipped_R2_paired	0.07282559204130105	0.1091728571786871	0.14363954727582756	0.00010056539728676792	3.7285855215593895e-06	0.0	0.0	0.043524912880057214	1.8712814363117973e-06	0.006141161625339327	1.8800101848423758e-06	0.010501475236220723	0.008501328991797345	0.0	0.009494741322810665	0.005342231814794596	0.006516684737324482	0.009330225328199972	0.01769419406825347	0.006311031930284581	0.003124349303552659	0.018276985956360743	0.008406240367524527	0.01678076666155737	0.013723426286897034	0.006262618121595003	0.005919804716818812	0.006280833738283929	0.007270472372706159	0.01643223440199395	0.0	0.0030544955407210525	0.0027189004265288056	0.019194461393225656	0.0059392396101210065	0.006292138594522618	0.0	0.013226162050575686
MHW343_trimmed_clipped_R1_paired	0.0	0.07984631627053322	0.018204852929117485	0.07749308004729764	0.002231147278280169	3.820954650235543e-06	0.00910842870719927	0.0	0.0	0.0	0.023585772097309724	0.02698020072851365	0.05509488691098291	0.026890159189188256	0.021684569498528292	0.022475754051708114	0.0008235058151601554	0.009482824103218107	0.02841616170308179	0.00021408772200182493	0.014102768976977846	0.006505373387915763	3.5662468289378974e-06	2.3489383232735207e-05	0.0064202538836433095	0.0069808133006517715	0.012407174215810213	0.0033271470310395736	0.009539097347661358	0.01345893414586436	0.016452158880511825	0.012241972216208461	0.009164989413911534	0.010532558136708461	0.017440477457676736	0.0	0.011873830501060568	0.0
MHW343_trimmed_clipped_R2_paired	0.07260887810255415	0.10979460461072273	0.14449385943251833	0.00010549517459317128	7.6799826493832e-06	0.0	0.0	0.04445841508445607	1.9267094373041233e-06	0.006193550993208901	3.4832477495490995e-06	0.010696727993293713	0.008541924542191673	3.9043868144109545e-07	0.00959275149623049	0.005444601866292799	0.006471727232190634	0.009344737604394528	0.018066896846691213	0.00653556837094557	0.0031847509467946007	0.018092478498507748	0.008392837285487639	0.016728253312189904	0.013714350802732629	0.0061998208787583395	0.006209458718411407	0.0062638212906440845	0.0073541988212604496	0.016622060422791497	0.0	0.003042069017102131	0.002811165500493256	0.019401478901027176	0.005899674063965555	0.006399256832606821	0.0	0.01374766936977242
MHW344_trimmed_clipped_R1_paired	0.0	0.08047850047315872	0.01825789444108967	0.07729324302837468	0.0021734025377419235	0.0	0.008924100455495554	0.0	0.0	0.0	0.02329221610526036	0.02726582674700406	0.05503771989433009	0.02675606747972353	0.02170197612400456	0.022402914262047956	0.0007869963826994492	0.009478346161169127	0.028640703837834295	0.0002201945184030653	0.014195366555789794	0.006489400804194735	1.08670289473309e-06	2.363325049273055e-05	0.006355273825851477	0.007091579031370325	0.012283376312127964	0.003308199405393496	0.009595596195136018	0.013724069810178832	0.016266366698212333	0.012370224785714163	0.00916580264941898	0.010570077980048744	0.01745172655218059	0.0	0.012042228797083847	0.0
MHW344_trimmed_clipped_R2_paired	0.07251839641174043	0.10965023546438718	0.1430003237073316	0.0001125904618181027	0.0	0.0	0.0	0.04511661058629722	0.0	0.006220803133679411	1.064436040177862e-06	0.010716994833176702	0.008678609830991781	0.0	0.009623319239235676	0.005444979683066728	0.006498769745481596	0.00935013055753375	0.017888075911361705	0.006459937329337356	0.0032118716438600246	0.01817666238230896	0.008450025230721936	0.016889655188720792	0.013739841264273599	0.006280327630650774	0.006147234361400867	0.0061917195423203345	0.0073875519536442035	0.01670405717178228	0.0	0.003075185570464709	0.0027851201887438967	0.019259198146880707	0.006061217813461887	0.006282480654443837	0.0	0.01377476483333336
MHW345_trimmed_clipped_R1_paired	0.0011075771778795553	0.1643128672811207	0.0003135096699691591	0.097060437570469	0.002065090020074766	2.169919533860253e-05	0.0	0.0	0.0	0.003015511478360069	1.1849802380253216e-05	0.0003066680909871422	0.012179582510193975	0.0032510540313222926	0.004197764357526012	3.672799051415011e-05	0.0010131292832271173	0.00027232024565708565	0.0005372278124833021	0.00010202006708912195	0.0009799216877161704	0.00038215591515083897	1.4246039124898542e-05	3.2679120889328614e-06	3.485532714180798e-05	0.0	1.530773263163349e-05	0.0	2.341973449122285e-05	0.0	4.237046552125401e-07	0.00012132760925052446	0.0	0.0	0.0010898270396129531	1.6020898585767192e-05	9.01576604137611e-07	3.857754778095931e-05
MHW345_trimmed_clipped_R2_paired	0.09897049518849357	0.0901958915555239	7.903234691217065e-06	0.00011271173418333537	0.0006431096079012169	0.0	0.0	0.0	7.936464947322804e-06	8.345712906832193e-06	1.1948883441366375e-06	3.9912730017561995e-07	4.003395279536575e-07	2.0071795125131807e-06	9.816762563026031e-05	1.653042292095218e-05	4.6062524308840614e-05	0.0001490541857775161	9.342156683499933e-05	0.0046370874621923155	2.534575482991668e-05	7.385089727034939e-05	0.0024792239263800903	1.0755534696804744e-05	0.010536984654047432	8.772734248380202e-06	0.00025961159744153524	1.690645078774572e-06	4.680334733285274e-06	0.002132027166792519	3.0248457241176237e-06	0.0	0.0	0.0	1.1260351049551423e-05	0.0002049781664013668	0.0	0.0
MHW347_trimmed_clipped_R1_paired	0.0011706864437031298	0.16604631167679346	0.00028381462625161406	0.0960616135224113	0.002030107233824101	1.802780256725824e-05	0.0	0.0	0.0	0.003197564734698054	9.926413421781527e-06	0.0002934201104501008	0.011999219752138031	0.003413402617617458	0.004325807227810714	3.9209201827032094e-05	0.0010303637740655966	0.00026975725492672467	0.0005107920648140376	0.00012211949545625384	0.0009840607954979144	0.00037831969497795876	1.53815536307908e-05	1.872907450254934e-06	3.4821466506156016e-05	0.0	8.569918959799233e-06	4.794132955430369e-07	2.415559842250995e-05	0.0	4.918777893036768e-07	0.00010898367078750182	0.0	0.0	0.0011452232492351686	1.789102407795595e-05	5.353026761921993e-07	4.3234847503261864e-05
MHW347_trimmed_clipped_R2_paired	0.0989455176937549	0.09047613916413708	1.804822277571108e-05	0.00013545684514234822	0.0005715346554895271	0.0	0.0	0.0	6.793343501609886e-06	1.0431019711996825e-05	1.817921739687114e-06	9.107787145258294e-07	4.567241971232779e-07	3.205448280293483e-06	0.00011150749757599678	1.885134107382885e-05	4.7453808543389266e-05	0.00014916965703337334	9.820931254426252e-05	0.0047270314800122205	2.2863671281849586e-05	7.356654612577224e-05	0.0025779058591713943	1.5615882601876718e-05	0.010854575731217937	7.184289212432449e-06	0.00025273279756970595	1.4582491741278716e-06	3.92219714031626e-06	0.0022616415548802025	3.0017638664655736e-06	0.0	0.0	0.0	9.509116027661025e-06	0.00021232884480906232	0.0	0.0
MHW348_trimmed_clipped_R1_paired	0.001214842036777062	0.16447798630534471	0.00031854722224224124	0.09640821716064457	0.0020406644077890193	1.808132587107974e-05	0.0	0.0	0.0	0.0029790255432849697	5.8830608517521754e-06	0.00028841408213766827	0.012188566282577454	0.0032529291281654213	0.004226780092735674	2.8364899944233692e-05	0.001037676321463027	0.0002514003331766792	0.0005344902700838313	0.00011688473716561119	0.0009775341208864002	0.0003893854891064624	9.788442896407898e-06	1.870741867053793e-06	2.722368133592049e-05	0.0	1.0412214311142739e-05	4.7554728490058283e-07	2.3423475343522474e-05	0.0	9.674611470505728e-07	0.00012425408930196949	0.0	0.0	0.0010934156294839005	2.1721581856518344e-05	5.109296016670202e-07	4.3688709719491495e-05
MHW348_trimmed_clipped_R2_paired	0.0989283354521187	0.09002634653760463	4.527785582548176e-06	0.00012008559338573989	0.0005283037246682332	0.0	0.0	0.0	4.547128715572552e-06	5.9201412563919594e-06	4.564225191257809e-07	4.57388646824333e-07	4.5879084644727325e-07	3.220426721354542e-06	9.682906216036631e-05	1.8021155339226117e-05	5.047777865838604e-05	0.00014623155638827386	8.518884411586688e-05	0.004503286621839207	1.7331298788747847e-05	8.085010500994962e-05	0.002564447224648106	1.373952355406794e-05	0.010792183430646281	8.607680967514052e-06	0.00023987503116572735	0.0	3.891760034854603e-06	0.0021050723294869004	2.467078186163263e-06	9.94853839953764e-07	0.0	0.0	6.655995876477435e-06	0.00020570694806824465	0.0	0.0
MHW349_trimmed_clipped_R1_paired	0.001225716313521521	0.16456409761028087	0.00028201586349304144	0.09641020506163273	0.0020376040456288307	2.770868379570478e-05	0.0	0.0	0.0	0.003028293288233827	1.1095972114208117e-05	0.0003057895174757978	0.012075669787795791	0.0033638382529438196	0.00413310469994552	2.7513311309403168e-05	0.0010467034750580903	0.00028758216771342733	0.0005212847088329113	0.0001224635225289273	0.0010369193134423546	0.0003971978545826547	1.24734151893236e-05	2.0871092727296076e-06	3.0393359239654573e-05	0.0	1.4291677544882896e-05	0.0	2.3580986913929605e-05	0.0	2.1766336699522697e-06	0.00013462280588248034	0.0	0.0	0.0010623606255292985	1.3248378661979306e-05	0.0	6.18582883758585e-05
MHW349_trimmed_clipped_R2_paired	0.09874441094125223	0.0897125628943214	2.0180454125299783e-05	0.00014641620340664056	0.0005203721135514599	0.0	0.0	0.0	7.5972664731339006e-06	1.0651454793194473e-05	1.0166039948094436e-06	5.09331420203026e-07	0.0	3.58536798826421e-06	0.00011959477185038827	1.1829368842945312e-05	4.535370608066929e-05	0.0001756464139325546	9.429693827115693e-05	0.004694683845425518	2.0864297254477555e-05	7.906844552656158e-05	0.002550971081490316	1.4264795227675772e-05	0.011028488782877753	6.408677965197963e-06	0.0002208647880706704	0.0	7.086928929883489e-06	0.002248393634068681	1.1096703213307303e-06	1.1210512231845949e-06	0.0	0.0	9.887105539384646e-06	0.00018833931215200548	0.0	0.0
MHW350_trimmed_clipped_R1_paired	0.0011809613535593278	0.16700859626000258	0.00031900763765723057	0.09626147159591764	0.002058719501996934	3.5458524223313526e-05	0.0	0.0	0.0	0.003189947684337594	8.045998005075255e-06	0.00031157673639477804	0.012181648428505184	0.003487546263595867	0.004376312189801256	4.017551880656211e-05	0.0010822994653311225	0.0002781747773855898	0.0005426866054159525	0.00011945902318762997	0.0010160832087579557	0.0003977752411265008	1.7138014205856666e-05	1.4762424900715066e-06	3.760186059547553e-05	0.0	1.353095083224318e-05	1.5148197772708976e-06	3.564383385810222e-05	0.0	1.0387446778877683e-06	0.00010996365006857969	0.0	0.0	0.0011103792502528008	1.7909138122056284e-05	0.0	3.4604469899748835e-05
MHW350_trimmed_clipped_R2_paired	0.10057539271452658	0.08962305247943395	1.656723564076269e-05	0.00015394361017139063	0.0004952927871174962	0.0	0.0	0.0	9.501443578076427e-06	9.51457255024031e-06	9.534683376167501e-07	0.0	1.4372213245816902e-06	3.842545972592263e-06	0.00010588781595973698	1.6878413517475795e-05	4.107088813548774e-05	0.0001569379202993678	9.37931881487029e-05	0.004764513017358777	2.154950469516445e-05	8.363843692139883e-05	0.002649796876678142	2.18771000306881e-05	0.010905206803772483	7.555522703023506e-06	0.00022888775391239206	5.11776949754517e-07	3.0992734476565776e-06	0.002242286510914815	1.0560305745351237e-06	5.348433830422835e-07	0.0	0.0	1.2889685959670269e-05	0.00020677731263544987	0.0	0.0
MHW351_trimmed_clipped_R1_paired	0.001215345900923089	0.16581758534573227	0.00031321978014233577	0.09626181368534555	0.0020234416366327005	1.0880214345445108e-05	0.0	0.0	0.0	0.002996657544462509	1.0456602127574337e-05	0.00032560866655718896	0.01225887799601499	0.0032425439423169823	0.004237897292500308	3.9594293464535564e-05	0.0010598333876666941	0.00029027534259813584	0.0005257793420773819	0.0001163714960670232	0.0009684497513431761	0.0003722425446443153	1.4348045140277206e-05	3.1501873510923316e-06	4.427938815536668e-05	0.0	1.2770235281551306e-05	0.0	2.122289612401819e-05	0.0	0.0	0.00011802941803928861	0.0	0.0	0.00106890521768705	2.021097138680528e-05	4.994883042016437e-07	4.7788399406286985e-05
MHW351_trimmed_clipped_R2_paired	0.09886697584718523	0.09067748681951492	1.961438596652578e-05	0.00013740422652783576	0.000539078086988652	0.0	0.0	0.0	2.1880254748305195e-06	1.3585021954118551e-05	4.3915540122541745e-07	0.0	4.412798384435679e-07	4.424248438538938e-06	0.00011261451887916348	1.6882129434326757e-05	4.808081209203931e-05	0.000167788589982292	8.905228247421591e-05	0.004667048089479876	2.3420659258138636e-05	7.187647715484153e-05	0.002596564372711349	1.6867168137908445e-05	0.011088134891746277	7.82899334315433e-06	0.00024087461238237346	9.323893655566352e-07	1.87792944082003e-06	0.0021268755404813045	2.386283189876272e-06	0.0	0.0	0.0	7.47740690288184e-06	0.00021784939682000537	0.0	0.0
MHW352_trimmed_clipped_R1_paired	0.0011793367579793173	0.1652398472085884	0.00029171183755534333	0.096102508413297	0.0019534522171976666	2.613761918264267e-05	0.0	0.0	0.0	0.0031473584096629865	9.594568385746272e-06	0.00029974976261520436	0.012199426694712653	0.0033606793986301637	0.004292425179350279	2.3788866619230198e-05	0.001049899980028942	0.00028098828029742966	0.0005381350369975823	0.00011521780433416194	0.0009667991663362618	0.0003772686685526788	1.257227791347207e-05	3.6050630045595483e-06	3.257274437070367e-05	0.0	1.1870425449059907e-05	4.5901377841855283e-07	2.1240505257502964e-05	0.0	9.365197725569953e-07	0.00011198467452400913	0.0	0.0	0.0011083641264564242	1.335703458318305e-05	0.0	4.8108216546628645e-05
MHW352_trimmed_clipped_R2_paired	0.09942331085304236	0.08945303226580832	1.7447763794267485e-05	0.00014405088191442048	0.000537266332552528	0.0	0.0	0.0	6.568198712882644e-06	1.3593289889061918e-05	1.3182610918125743e-06	4.403042440683918e-07	0.0	3.5422194300087195e-06	0.00010250266741005209	2.0009154143555888e-05	4.5004241360116936e-05	0.0001478377381937296	8.688716078188735e-05	0.004779663616618366	1.712576030319879e-05	8.141076350247829e-05	0.0026348295710005728	1.5959638784856998e-05	0.010910048639484408	6.907489408090279e-06	0.0002412787704441268	0.0	3.753715445143144e-06	0.0022587720039655467	1.9075107003481807e-06	4.814543681112666e-07	0.0	0.0	7.979836230619022e-06	0.00019696120156986076	0.0	0.0
MHW353_trimmed_clipped_R1_paired	0.0011937561952093732	0.16765416788809484	0.00031326581867567463	0.09598257646491168	0.0020368476511890563	2.4484569212368132e-05	0.0	0.0	0.0	0.0030758566271732136	5.882968374647467e-06	0.0002825179053202354	0.012188606011671354	0.003280900523988305	0.0041814217809489716	3.120155571551113e-05	0.000949503069155753	0.0002522171341187892	0.000512286120108389	0.0001175620904180543	0.0009398962776032682	0.0003509284388338679	1.2126562078673023e-05	1.0144411942819378e-06	3.056122745054476e-05	0.0	7.715113925152625e-06	5.172715496194001e-07	2.5505359550511032e-05	0.0	5.281255311292451e-07	0.00011299947808099552	0.0	0.0	0.001123489974043145	1.3381809906182528e-05	0.0	3.9882961739505636e-05
MHW353_trimmed_clipped_R2_paired	0.10082592028267363	0.09068707044086838	1.9615755786978975e-05	0.00011532829893409169	0.0005107257941448479	0.0	0.0	0.0	0.0	4.929999309553596e-06	4.940481451794861e-07	4.950317524256704e-07	9.929116977166123e-07	2.9864751202581355e-06	0.00010275220330028205	1.8992784356331262e-05	4.958442343102213e-05	0.00015513247120679834	9.163672956809826e-05	0.0045545318334246935	2.2301714769725214e-05	9.056398385144445e-05	0.002522786617987205	1.334359750224688e-05	0.010856390944698186	5.1860758303236724e-06	0.00022328831145372211	5.251303381376213e-07	3.702387397242552e-06	0.0021219307131935482	1.0756767357987073e-06	0.0	0.0	0.0	6.187763614199374e-06	0.0002163005288450909	0.0	0.0
MHW407_trimmed_clipped_R1_paired	0.0012644603125061245	0.16469931545924085	0.0002632810239602642	0.09631354134908877	0.0020019542927927313	1.4990141412282897e-05	0.0	0.0	0.0	0.003010758083642237	7.7181020842233e-06	0.00031488414271256337	0.012306773540580494	0.0032353665464367022	0.004160786919430242	3.7705958559513285e-05	0.0009764762611801211	0.00028255149274565805	0.0005307399795026125	0.00011859512322061749	0.000990463534476627	0.000373680102130073	1.5895202014727452e-05	4.873433887131014e-06	3.646381661681381e-05	0.0	7.624839866028514e-06	2.7047076220527037e-06	2.6292984723413215e-05	0.0	4.593720347535156e-07	0.00011166358122276152	0.0	0.0	0.0010871284908544863	2.2257041589677263e-05	9.809352920786575e-07	4.200276600567902e-05
MHW407_trimmed_clipped_R2_paired	0.0986257648487222	0.08921533107448301	1.9301349481728744e-05	0.0001094607388797333	0.0005734507262141337	0.0	0.0	0.0	6.460270777512108e-06	6.46990715704796e-06	4.322894507104152e-07	4.3319549153871517e-07	0.0	3.050035253178895e-06	9.563277266822694e-05	1.6190936475670284e-05	4.209888573063925e-05	0.00013626801418091113	9.432506304991346e-05	0.004669689431833675	2.2618443642189438e-05	7.921920730386138e-05	0.0025633746125397626	1.4354669375225306e-05	0.010857063456602414	9.057046482016947e-06	0.00024405052069794968	1.3741445721014574e-06	5.533084112773513e-06	0.0021530017426679457	1.8734103205996588e-06	0.0	0.0	0.0	5.86812581396712e-06	0.0002058169504115352	0.0	0.0
MHW410_trimmed_clipped_R1_paired	0.0011947117330507397	0.16419594652104955	0.00032735054108826904	0.09490455079889121	0.0021294830926964626	8.451500809062173e-06	0.0	0.0	0.0	0.00307803525123783	9.307320680696482e-06	0.0002928977009955766	0.012055148324793132	0.003368187572608862	0.004334784458910114	3.0355372915970046e-05	0.0010194381967371566	0.00027230362778784477	0.0005347660585791008	0.0001113785010569086	0.0009661879371375445	0.0003781290520939799	1.3063791547941113e-05	8.738004941944718e-07	3.463850215610207e-05	0.0	1.1053680852511156e-05	0.0	2.1002907982202547e-05	0.0	2.717861809555292e-06	0.00013026318575157323	0.0	0.0	0.001140985842452231	1.7708157597816633e-05	0.0	3.181830708885937e-05
MHW410_trimmed_clipped_R2_paired	0.09854683159176657	0.08972362599044116	2.5389192518947477e-05	0.00011645818146568889	0.0005445462800136641	0.0	0.0	0.0	4.248697237898558e-06	7.658814681078043e-06	8.528348629544906e-07	0.0	4.2856067353521145e-07	3.437714743028567e-06	0.00010766476393169772	1.898910318082238e-05	4.281838276732924e-05	0.00015520621786282928	9.085076029502015e-05	0.0047388449366712665	2.4927078891921896e-05	6.933086609061347e-05	0.002591881939491382	1.5034517527695991e-05	0.010853849209767697	7.586453934882127e-06	0.00023283713511661875	2.7077389507868987e-06	9.53979956908362e-06	0.002253626968661468	1.384666834574444e-06	4.659737422771084e-07	0.0	0.0	6.759784566052154e-06	0.0001965121485108856	0.0	0.0
MHW419_trimmed_clipped_R1_paired	0.0012478682970819303	0.16744393323746173	0.00026830017622777783	0.0963254331560745	0.0019673746091412106	3.46336786072984e-05	0.0	0.0	0.0	0.003126814796940151	9.101458074820322e-06	0.0003182756073886702	0.012218015904689428	0.0033469513159689037	0.004231406727058249	3.197955747529472e-05	0.0010023741030859266	0.00027285166948408753	0.000539267571374071	0.00010622631703625849	0.0009892592025704115	0.0003648869363522103	1.833376533944783e-05	3.5916868074245735e-06	3.6975960899707016e-05	0.0	1.3666649179429784e-05	0.0	3.091035517197599e-05	0.0	9.370463802397307e-07	0.00012491643078950976	0.0	0.0	0.0011196407323438883	1.686921056445822e-05	5.03322912703523e-07	4.0584484556627065e-05
MHW419_trimmed_clipped_R2_paired	0.10056910147470349	0.09053547553552763	2.3844995562988257e-05	0.00014968545553937387	0.0005752645782898187	0.0	0.0	0.0	1.0881824775808293e-05	1.0897819852778126e-05	1.747492329939431e-06	4.3777776424558067e-07	8.781702087237588e-07	2.641630746285429e-06	0.00010016025552637297	1.9455079666915242e-05	5.051486164954243e-05	0.00015724780101276911	9.08846816488698e-05	0.004578202387761165	2.2427320164806356e-05	8.285580396396035e-05	0.0026532473762585253	1.7265737082108336e-05	0.01108987416801795	1.0564691827043703e-05	0.000250059204174334	1.8616427395232716e-06	6.096368266337912e-06	0.0022165493209440126	4.773389833339338e-07	4.822652756187767e-07	0.0	0.0	8.007164730929589e-06	0.0002042124777186788	0.0	0.0
MHW420_trimmed_clipped_R1_paired	0.0012139634751913992	0.16644670565538255	0.0003684105766662156	0.0969762139045793	0.0020534646981462804	2.541714943364872e-05	0.0	0.0	0.0	0.0031364706137526678	1.1195919693886864e-05	0.00029734145528307053	0.012333117141964974	0.0033312396305509437	0.0043525666365412845	3.083881626498997e-05	0.0010368449470646616	0.0002766972460658646	0.0005072614791305796	0.00012199590407317745	0.0009837662528053874	0.00039979908031891927	1.3115430355750645e-05	3.6880387493590843e-06	3.2292254687890435e-05	0.0	1.2315742173343171e-05	0.0	2.1191077550046924e-05	0.0	1.6606495888821149e-06	0.00012327905866307414	0.0	0.0	0.0010665754215776692	2.0215429530044242e-05	0.0	6.118503044597707e-05
MHW420_trimmed_clipped_R2_paired	0.09953484627552578	0.0900741615343356	7.634270208428556e-06	0.00015278639217165306	0.0006318991829314247	0.0	0.0	0.0	5.1079471408176495e-06	7.672400959469544e-06	1.5376315958936872e-06	1.0270550539715377e-06	0.0	3.6139898289728876e-06	0.00010605793673989667	1.8143522530996925e-05	5.194529169668174e-05	0.00013329636719600148	9.974209253698488e-05	0.004508338849870524	2.1032946180418816e-05	8.711269425556668e-05	0.002528651724173482	1.1726555321815695e-05	0.010876216578395546	4.315472636793645e-06	0.0002759682976528869	1.0950825520590064e-06	2.7620081383453638e-06	0.002250703082484608	2.8209105500943136e-06	0.0	0.0	0.0	1.0164206462345072e-05	0.00019916066023695662	0.0	0.0
MHW421_trimmed_clipped_R1_paired	0.0012825405726777318	0.1659012714734527	0.0002987037814340275	0.09601377361225093	0.0019693517938326657	2.8582367080430206e-05	0.0	0.0	0.0	0.003094570581375067	9.364606701007686e-06	0.00030710282402179526	0.01188614106625587	0.003384887487757907	0.004299756755268831	2.6294300525775048e-05	0.0009946670769171992	0.00027106456184030454	0.0005002124392691627	0.00010045387398876832	0.0009678154698504152	0.0003804592674181356	1.3965228332476916e-05	1.0786815219665564e-06	3.3048019845541795e-05	0.0	1.0403575216000808e-05	0.0	2.5523229251342986e-05	0.0	1.6922347162042281e-06	0.00013227848463934628	0.0	0.0	0.001094383802257951	1.983760992628314e-05	0.0	5.5499655069643744e-05
MHW421_trimmed_clipped_R2_paired	0.09922035033608276	0.08961811415784217	1.56110748399351e-05	0.00015101434250906892	0.0006799999458084335	0.0	0.0	0.0	1.5671063131191246e-05	6.277556839746058e-06	5.242795181781052e-07	1.5760944715229147e-06	5.269521674188162e-07	1.056791460545877e-06	0.00010485765033790854	1.7513963099958518e-05	3.350980536531664e-05	0.00014557694837548122	9.734552186985088e-05	0.004672634988759488	2.423775113871783e-05	8.057690424409965e-05	0.002584944808875433	1.3645320151604746e-05	0.010822450486808891	4.415739195845319e-06	0.00026500506601351195	1.1191721975690349e-06	6.204800391204767e-06	0.0021860804296724295	5.748410182315313e-07	5.812680308616589e-07	0.0	0.0	1.0898797490261243e-05	0.0001914792108280989	0.0	0.0
MHW422_trimmed_clipped_R1_paired	0.001144391270377024	0.1682079137919019	0.0003425286076491283	0.09646606908323961	0.001933698999568907	1.4082203973824281e-05	0.0	0.0	0.0	0.003042839273608035	7.988830412060068e-06	0.00031264881672295994	0.012289087638319308	0.0033365768154197295	0.004255670875591615	2.9899969367718683e-05	0.001046882848054063	0.00030224760856352716	0.0005502430226471758	0.0001265905667155183	0.0010179728543683176	0.00042003760727054397	1.5509768779397676e-05	1.9470949856360615e-06	3.472602649510719e-05	0.0	1.0884187348725256e-05	4.981274442926893e-07	2.1082162880930964e-05	0.0	5.111462833140421e-07	0.00011482295448647732	0.0	0.0	0.0010831519659730638	2.0261346175887213e-05	5.572779562067242e-07	5.628005178890366e-05
MHW422_trimmed_clipped_R2_paired	0.10051179147465086	0.09040211754163159	1.409897272064963e-05	0.0001481409266045655	0.0006399819449799522	0.0	0.0	0.0	0.0	7.085237193642786e-06	0.0	0.0	9.512391166532923e-07	2.3841725579411627e-06	0.00011850502282105698	1.7716062803653318e-05	4.7980571399953074e-05	0.00017555128345495238	0.00010323115343322552	0.004666563171762223	2.4772851892095053e-05	7.705625256160222e-05	0.0026056887618475864	8.862050966216369e-06	0.011064908092521782	8.966953012030403e-06	0.00026335427914486124	2.0220523206240167e-06	2.0395078885692226e-06	0.0021431729190626242	1.5611889590468704e-06	0.0	0.0	0.0	9.90286864813569e-06	0.00020438659207605052	0.0	0.0
MHW424_trimmed_clipped_R1_paired	0.0013159318813437606	0.16654899123271075	0.00029844980429921127	0.09700787355884458	0.001863869500786271	2.7906824359945127e-05	0.0	0.0	0.0	0.003106382127425403	1.1174820688408177e-05	0.0003068854290597046	0.012037367726316096	0.0034892789223426356	0.0042710492882747	2.933802073660955e-05	0.0009872046907353164	0.0002521777203726837	0.0004892542742597286	0.00011056582024313812	0.0009651217575425237	0.0003878498440017438	1.6701660965785063e-05	4.626647717691164e-06	3.602254637233233e-05	0.0	1.4099077164290442e-05	5.913405870284132e-07	2.9786697755241693e-05	0.0	1.8190028830104294e-06	0.00011899772485550931	0.0	0.0	0.0010863978022746935	1.1679157352430539e-05	1.3204228025503914e-06	5.667413631783336e-05
MHW424_trimmed_clipped_R2_paired	0.09880362276046935	0.09075819056869625	1.9553604068624546e-05	0.00014255377086309375	0.000590124531658573	0.0	0.0	2.8017284310967986e-06	5.606201512839085e-06	8.42045950032084e-06	1.6875120150855476e-06	0.0	0.0	3.399406983649923e-06	8.799863090026846e-05	1.991009262049938e-05	5.0162041063353644e-05	0.00013484171388297833	8.079428321197134e-05	0.004640785710486759	2.192187206326237e-05	6.949984120734198e-05	0.0025582482679428965	5.2604597095867365e-06	0.010904586227923046	4.729312060375344e-06	0.00024756883388086614	1.798682270978823e-06	6.045676427550309e-06	0.0022389715137588768	2.4666635356484185e-06	6.239190874774054e-07	0.0	0.0	7.81519720976098e-06	0.0002021399154437467	0.0	0.0
MHW425_trimmed_clipped_R1_paired	0.0012073248236071604	0.16655022106415338	0.0003301533659014866	0.0959018760289391	0.0020915947185380724	2.9538558573659268e-05	0.0	0.0	0.0	0.003064888148027552	1.129094734639833e-05	0.0003297451271886934	0.012088645314850266	0.0032667568326870725	0.004213430552395106	2.4985095847172903e-05	0.0010582307588008818	0.0002662510095578111	0.0005234958961860267	0.0001206778282723676	0.0010376047035160368	0.0003984820241226667	1.2737343858093497e-05	2.7793224325417033e-06	3.181377053699585e-05	0.0	1.577765355254775e-05	1.1333270924788108e-06	3.079237786462774e-05	0.0	1.7362238450899418e-06	0.0001285486963204747	0.0	0.0	0.001093663730475625	2.0834694609979328e-05	0.0	4.076204581948691e-05
MHW425_trimmed_clipped_R2_paired	0.09945405308065296	0.09015882567860904	1.3442461385655909e-05	0.00017756113645153647	0.0006083887330498457	0.0	0.0	0.0	5.396738971905576e-06	9.727584140157626e-06	0.0	0.0	0.0	2.182170888082614e-06	0.00010551366869440611	2.0816804402605125e-05	4.5014702899886685e-05	0.00015407019900477253	9.986990482712577e-05	0.004549250467817357	2.2766095735186196e-05	8.86084487832689e-05	0.0025166892501946253	1.180148711775517e-05	0.010905420689224055	6.812683982208176e-06	0.00023813388284354333	0.0	7.526004197055706e-06	0.002181528563448559	1.76666480185382e-06	0.0	0.0	0.0	8.640267469107232e-06	0.00019549667886231757	0.0	0.0
MHW426_trimmed_clipped_R1_paired	0.0012739390422014595	0.1662567234603623	0.00035886147187243786	0.09662211340050697	0.002003336518699985	7.919458264705727e-06	0.0	0.0	0.0	0.002984400681863442	8.456847887121038e-06	0.0003257456162479629	0.011996363009255731	0.00334889858095299	0.004264041694964406	2.9371788288406353e-05	0.0010201232913731003	0.0002676791468573146	0.0005066199550877644	0.00010893826079926418	0.0009871047982607138	0.0003776320567772836	1.4698608303102287e-05	3.824688600957103e-06	3.4559259618220455e-05	5.509711177248582e-07	8.304707146212125e-06	0.0	3.2480433730719865e-05	0.0	0.0	0.00011975105829138309	0.0	0.0	0.0010304966258680606	2.3341236197115088e-05	6.06554948343506e-07	5.1929079783715994e-05
MHW426_trimmed_clipped_R2_paired	0.09850212726719608	0.0904936404313118	1.8504460024259877e-05	0.00014285164420258425	0.000561190431025487	0.0	0.0	0.0	2.6537253327937424e-06	1.222471178182376e-05	1.065319182783854e-06	5.337299245561543e-07	5.352825497503378e-07	1.6100739882130025e-06	0.00010595489873223404	2.425297574041667e-05	5.4550962375925795e-05	0.00015375856810146186	8.415190104383593e-05	0.004648017683357409	2.3495456555160527e-05	8.938964639759176e-05	0.002525020664315428	1.4931294477975955e-05	0.01087211214938751	7.82054490551578e-06	0.00025901091675391383	1.6963006430981075e-06	2.8469845397408493e-06	0.0021541922865776744	1.736375938587161e-06	0.0	0.0	0.0	9.071331398462695e-06	0.00019870396443110724	0.0	0.0
MHW427_trimmed_clipped_R1_paired	0.0012239512008346885	0.1670947389181922	0.0002772595491590294	0.09691132883009586	0.0020826025927657577	2.5682620950505586e-05	0.0	0.0	0.0	0.003169720535038341	4.6278983100180335e-06	0.00032050070626677703	0.011951179347306313	0.0034187679462376326	0.004255218435142307	2.9086635697502358e-05	0.00102439875262795	0.00026085838142466284	0.000516375915199795	0.0001039059789851312	0.00097615937129608	0.0004137533013537083	1.9097884376156068e-05	3.729613883890481e-06	3.4798109053622647e-05	0.0	7.580485657566819e-06	0.0	2.5811957833212234e-05	0.0	0.0	0.00012886995412450067	0.0	0.0	0.0011186964275072618	1.312300496771353e-05	6.064461477670444e-07	4.284576293506697e-05
MHW427_trimmed_clipped_R2_paired	0.10053591614235625	0.09079053118986155	7.71250119575904e-06	0.00014920322263526077	0.000537952746436668	0.0	0.0	0.0	2.5796228983425305e-06	5.68274864384949e-06	0.0	0.0	5.201056702851164e-07	1.564281137757777e-06	9.6661692821701e-05	1.779961411169531e-05	4.196548364149777e-05	0.00015037876651816765	8.595559417990981e-05	0.004723410932904927	1.9114845554888595e-05	8.902907550464732e-05	0.0025879664550497615	1.506772376794048e-05	0.01087530385473979	4.3552958453929205e-06	0.0002652895362599136	5.522535030019561e-07	3.898066084215034e-06	0.0022674404023187967	1.135861901637392e-06	5.744409265171491e-07	0.0	0.0	4.788472174625142e-06	0.00019903435106474976	0.0	0.0
MHW429_trimmed_clipped_R1_paired	0.0012063915674278473	0.16589449243758814	0.00031486370148603703	0.09579785805890165	0.00207659533439211	1.4699760643797437e-05	0.0	0.0	0.0	0.003070026549110496	6.3069597830991124e-06	0.0003045666398054876	0.012168155160071236	0.003316716708082843	0.004210041398994807	3.824672800198111e-05	0.0010272881551026574	0.000279620679649183	0.0005056229965250685	0.0001206841962451642	0.0009903088624666422	0.0003767453219055419	1.5200212882890051e-05	3.0536079547080494e-06	3.287853306085768e-05	0.0	1.0644067608083887e-05	8.930991288635183e-07	1.9798016585203455e-05	0.0	9.160491895879999e-07	0.00010656003448023266	0.0	0.0	0.0011237155962043363	1.7128461991891455e-05	1.990637207100565e-06	3.5163789414714805e-05
MHW429_trimmed_clipped_R2_paired	0.09919895599922791	0.08941180445072373	2.1025876925197624e-05	0.0001472864770583322	0.0005705688381828877	0.0	0.0	0.0	4.221143246416687e-06	1.1836157382713129e-05	4.2363132809251674e-07	4.2448260293071707e-07	0.0	8.536582388460289e-07	9.880422380614374e-05	1.6714754730303447e-05	5.411349927678811e-05	0.00014723744706695384	9.629853852803693e-05	0.004593937958716209	1.9572546629232765e-05	7.730904189476129e-05	0.0025665458631982433	1.1467381533822352e-05	0.01090456981760386	6.695766198735724e-06	0.0002580174935501021	9.059784735800165e-07	2.284293282991286e-06	0.002218434761169909	3.2626251919390753e-06	0.0	0.0	0.0	1.081929691438324e-05	0.00020109182355393032	0.0	0.0
MHW431_trimmed_clipped_R1_paired	0.0012100642202862862	0.16708743346647925	0.00022275297692405063	0.09623066106122279	0.0020658504482665395	2.9065985624787048e-05	0.0	0.0	0.0	0.002996747670763088	6.789758127088288e-06	0.00032849297080842605	0.012155018503568574	0.0033526826933124657	0.004127895983747861	3.4786664484154605e-05	0.0010595871553840078	0.00026475915666590626	0.0004930097631132996	0.00010098586860188066	0.0009715327879749591	0.0003639298188763667	1.2513566959025636e-05	3.5195268452689446e-06	3.486423467845985e-05	0.0	8.18009455688277e-06	0.0	2.3866636225291e-05	0.0	5.283166972040762e-07	9.13990564207284e-05	0.0	0.0	0.0011170071059499588	1.751698807392031e-05	5.748315115667683e-07	3.1916962046060644e-05
MHW431_trimmed_clipped_R2_paired	0.1002901225773274	0.08922393977808156	1.9401803121124413e-05	0.00012619802576779244	0.0005463905488908321	0.0	0.0	0.0	2.4341151954752717e-06	1.2187632086509644e-05	4.885397991927505e-07	0.0	4.909167610818237e-07	1.968722095056173e-06	9.025681882374908e-05	1.8779261703506462e-05	5.1996248901467824e-05	0.00015189472813754979	9.85803218820772e-05	0.004556009846576369	2.1561909633033846e-05	7.049596732854324e-05	0.002524308662426712	1.6271912361025854e-05	0.010901402704085883	9.264895117835723e-06	0.00024726853414127627	1.567469253071746e-06	5.797710674851888e-06	0.0021602663325781166	2.6898614640112217e-06	0.0	0.0	0.0	7.955974591685887e-06	0.0002058555043084574	0.0	0.0
MHW432_trimmed_clipped_R1_paired	0.0012488712768303825	0.1646938407153772	0.00030790315098267514	0.09563299779367515	0.002100094522107646	2.6784491047574032e-05	0.0	0.0	0.0	0.0030853019476067933	7.597275776002618e-06	0.0002982252668026297	0.01200793898715925	0.0033697888185526244	0.00435475027604566	3.025827829574556e-05	0.0010396449478078096	0.0002821687479076643	0.000519503120648877	0.00011361392239788561	0.0009736564944556717	0.0003799043009581476	1.4295038867103967e-05	1.3892210928142871e-06	2.884329067539352e-05	0.0	1.4578842883165957e-05	4.732898987620601e-07	2.6692753749122387e-05	0.0	4.846430572865929e-07	0.00011364168001413507	0.0	0.0	0.0010819459294321644	2.2686366957760256e-05	5.237462627430739e-07	6.339465040016288e-05
MHW432_trimmed_clipped_R2_paired	0.09883255067016439	0.09066896415269707	2.0114221961780296e-05	0.00014089918415123036	0.000651235984355387	0.0	0.0	0.0	4.486865061481717e-06	1.0783955749259765e-05	1.8012383549715197e-06	0.0	9.051124379999111e-07	2.722510993669549e-06	9.958121325385026e-05	2.0047450218798098e-05	6.117877892425946e-05	0.00015651287197783885	9.684580288374305e-05	0.004765527175657019	2.033386740698211e-05	8.490807420386641e-05	0.0025719419678739332	1.6389943849738192e-05	0.010818158830910416	1.0419806570784017e-05	0.0002645966998269581	4.802188399512916e-07	4.356700580805309e-06	0.0022472863382501005	4.439747608044046e-06	4.987480227633386e-07	0.0	0.0	7.265137562785059e-06	0.000205136797318996	0.0	0.0
