Sample	1	2	3	4	5	6	7	8	9	12	17	22	27	32	37	42	47	52	57	62	67	72	77	82	87	92	97	102	107	112	117	122	127	132	137	142	147	150
EXP001_trimmed_clipped_R1_paired	38.80475269183403	38.64605107137625	39.09622862233891	39.179019594626645	39.313422041001715	39.359254846186175	39.245438364271614	39.21084713968632	39.30736852914913	39.335607778169496	39.51574973033747	39.554113474672285	39.50375566811228	39.486016728343	39.495625591429864	39.485664417294096	39.47477198611453	39.45959121045547	39.435073514243086	39.417829957114186	39.400353982181485	39.38344165545404	39.36489695055459	39.34206589252978	39.32244085600842	39.29666590417822	39.27466935811193	39.255226996775825	39.237163054666176	39.22782533380929	39.21815931802334	39.2072604129044	39.19326708584693	39.18549931081078	39.17061346086465	39.15713335988088	39.12595528116229	39.06926904262753
EXP001_trimmed_clipped_R2_paired	37.91087553028788	38.67932091011462	38.91219688825602	39.12708564719825	39.206384924525615	39.28326089679039	39.26312660373004	39.30899964348623	39.321682215162774	39.35712713824679	39.39102137788326	39.40783726299486	39.390803982643995	39.38644030661324	39.38018324349797	39.36265749601557	39.33772182944612	39.30611932281676	39.27029676733385	39.23198564313689	39.20218470196358	39.1668626715194	39.12750241235942	39.091435867197966	39.057837213080425	39.025781642740164	39.00017938956712	38.982374232751695	38.95872904692597	38.93610684114488	38.91697492162103	38.89325326925602	38.87750172688645	38.863101151219766	38.84698046656507	38.873463845956834	38.846250232731315	38.77626959508242
EXP002_trimmed_clipped_R1_paired	38.987377374249974	38.65201194506975	39.123274991997114	39.20093575440858	39.252578445817385	39.155013318063446	39.18758624457296	39.170862618081564	39.30329661206301	39.34393696352256	39.523610687425034	39.56271347175117	39.51656686603483	39.49334927516436	39.50637671366706	39.49022727712594	39.47833398535599	39.46502059496844	39.441675855946485	39.42523075167738	39.40901410967454	39.39272839131475	39.375314436704606	39.35255294669446	39.333705417421854	39.30809124890622	39.28665966723872	39.26791314995491	39.24959294585631	39.24133104861035	39.23141245730649	39.220701847205234	39.20686014597124	39.19877402274635	39.18421418573141	39.17072244098074	39.138073737282866	39.082403493200545
EXP002_trimmed_clipped_R2_paired	38.03434225122473	38.766569370810075	38.98112546368577	39.18274415607149	39.252616003722366	39.332409761564634	39.310800234301354	39.3489728146397	39.356495741679595	39.39029134114084	39.42150024957749	39.431510792281244	39.4065976170883	39.40141219076478	39.39293371043526	39.37536786135495	39.34980048587371	39.318642289109405	39.28258688586974	39.245026796819815	39.21614499084444	39.18011565401412	39.14094031413463	39.10614942850996	39.07174771838175	39.04135246832837	39.015774725547885	38.9979216646895	38.975224741168624	38.951336112878174	38.932666343404904	38.90927429716918	38.8922062851206	38.87948472356924	38.86368027511247	38.8881972056677	38.86111520125787	38.79224307696913
EXP157_trimmed_clipped_R1_paired	39.07485915012427	38.82006102765026	39.14727555292175	39.26250495227005	39.33353774162649	39.423132004223085	39.266160079300455	39.33520241423	39.384499000822736	39.381033639557316	39.54792488447036	39.57835334949135	39.52996501849711	39.50818615962992	39.516092584469824	39.50484471017236	39.49235799055318	39.475508088912946	39.45057430465526	39.432915464714185	39.41435116003959	39.39735273959603	39.379486304228045	39.354688256895926	39.33379959174262	39.304867479625756	39.28562238831725	39.25971186504056	39.239555992010196	39.22765783619485	39.21811402755399	39.202217429093935	39.18533286594838	39.178713373075325	39.161721904931454	39.14544146667813	39.10598787939565	39.03424529657516
EXP157_trimmed_clipped_R2_paired	38.73869990850297	39.11744444353417	39.238487334668875	39.38335229360134	39.41228686029308	39.47420337033347	39.44449304673884	39.48021142200026	39.48435254305653	39.499391512107614	39.52139365517331	39.52465011893761	39.49724631565327	39.48666550664906	39.47355265215579	39.4528516758672	39.42773928883734	39.393691926644195	39.35694343682481	39.318267283294496	39.287494679041686	39.251543879677214	39.21226247846862	39.17370230521256	39.13778009507496	39.10235970865741	39.0774973855699	39.048068559469	39.019224211454166	38.99385956890264	38.972837110064084	38.94211383092679	38.91856483434951	38.907239140480854	38.885589472369695	38.902652496573765	38.862788093620466	38.778923929134486
EXP158_trimmed_clipped_R1_paired	39.029725010665786	38.578934794066434	39.18357000998138	39.25446204713099	39.17418219121745	39.281590951285715	39.37156467918786	39.36798621116227	39.378074755590646	39.385053563761076	39.54539008829859	39.57717551079482	39.52693715687241	39.511446471256725	39.52405602316188	39.518739748287125	39.50971584943845	39.495215807191144	39.47279795112754	39.45593681347893	39.440507459985085	39.4253827657004	39.408631838867834	39.38718572179063	39.369938933434696	39.343409551715965	39.32392331865978	39.304393773055246	39.285916691971174	39.27626958036011	39.268039322369425	39.2552010787894	39.24122526309323	39.23271599722257	39.21802180616798	39.20315985381975	39.17021408435939	39.110961832863275
EXP158_trimmed_clipped_R2_paired	38.50013551745666	38.96430199543007	39.1290813871631	39.29753465477125	39.3460296319122	39.41429240873191	39.3897525100565	39.42619550045737	39.43532408908869	39.46144366805331	39.486826156549796	39.495533338481806	39.47259638808327	39.467698717190466	39.46045672762067	39.44311669083038	39.4200067487941	39.3897629368695	39.35615985930228	39.32028187515202	39.29292897109785	39.25865335084301	39.222359415876255	39.187811051799045	39.156191131031086	39.12457702290736	39.10051276030494	39.08058408893682	39.05690645234902	39.03295182480051	39.01387159916517	38.98832452308257	38.97109730396173	38.95598827326298	38.93788646954007	38.95849335145259	38.92829403309384	38.856607050513446
EXP159_trimmed_clipped_R1_paired	38.9338494571681	38.67448437493418	39.117268200735154	39.23385868522013	39.24731434584379	39.3752546419988	39.308301708600034	39.2519314973454	39.344619231504424	39.3687353829512	39.53957199994463	39.573182228112856	39.52432416725193	39.508056503548154	39.51782599377011	39.51184017372238	39.50180194817889	39.487396034379906	39.46469336282466	39.44822424763625	39.43198162719587	39.41633120496995	39.3994430078512	39.37738114266282	39.359405398546734	39.33377663818622	39.31409968603697	39.2947703049215	39.27593536179067	39.267298685385455	39.25849955747441	39.247029539891884	39.23251868162082	39.22467534546507	39.20932045257821	39.19424845747689	39.16122826402558	39.102469026827926
EXP159_trimmed_clipped_R2_paired	38.444889994087916	38.942473095977896	39.10856199917289	39.28124462068288	39.3314798104188	39.401784826979224	39.376678776248546	39.41506168583496	39.420413530583716	39.44501728114865	39.47110931219952	39.47799142434106	39.45436920643205	39.44824995240069	39.43969890728944	39.422701101030995	39.39844271491286	39.368704742445686	39.333927435315935	39.29857906714688	39.270791877748955	39.237386259806385	39.19992159681156	39.166748742835	39.13396980933014	39.10330967397754	39.079466040275065	39.05987287945756	39.036457478644834	39.013828223509044	38.99510110234658	38.97096783423057	38.952119280335445	38.940348243100686	38.922388243485756	38.94352587719976	38.91301917038	38.84383841753776
EXP160_trimmed_clipped_R1_paired	38.977970379742686	38.71813078400376	39.1239313911595	39.23545858372257	39.339112420794734	39.288120231007994	39.279868349715905	39.34909962516412	39.36727734639856	39.36822296098435	39.53518858126676	39.568233827790884	39.51919098382051	39.50364853790594	39.51497876139035	39.50892900696046	39.49920198766121	39.48545242381292	39.46318778494499	39.44590537759229	39.42969596115677	39.414755473016	39.398108911400826	39.37547319232209	39.35781496251904	39.33251745981443	39.31226102187442	39.29212268669764	39.274090836705554	39.26427851829696	39.25567743927094	39.24380384686437	39.22906353803476	39.22048187252467	39.205495966315894	39.19119571292346	39.158091575534016	39.100387960829046
EXP160_trimmed_clipped_R2_paired	38.40703750777089	38.930227691835775	39.08967696109173	39.27350960917301	39.32225465356367	39.39380562331299	39.366034866502034	39.407393768128024	39.41382761617169	39.43915874214203	39.46657505259256	39.47353050929134	39.44906998123561	39.4433756657741	39.43545716572263	39.41895677257792	39.39443491907204	39.365342899655694	39.33024801631897	39.29391439098244	39.26592802726792	39.23244293486635	39.19509211030108	39.160485943796004	39.12746309851715	39.09660612402562	39.07227051875226	39.05219651953503	39.02902197623504	39.00593331791952	38.986745828249624	38.962038454002865	38.943970297373184	38.93087391538323	38.91285863388087	38.933471757561485	38.90433681642279	38.83615544033301
MHW001_trimmed_clipped_R1_paired	38.82642378453765	38.63973699964376	39.18623856093627	39.15345425175433	39.235580850928436	39.24415252556705	39.30677254995601	39.31165784694167	39.387144210043665	39.3177393430707	39.462960321908035	39.497817599969224	39.42663908105276	39.410215506726516	39.44288602168932	39.44670806560307	39.38842469042026	39.30069914396516	39.25964765977508	39.26378532274057	39.23246930687898	39.25425876093459	39.24183617838594	39.193185456457655	39.14792566377816	39.10826970708235	39.08207938990398	39.068549335466706	39.03869529739344	39.018250652146925	39.00499894619559	39.00944371513585	39.020949095331495	39.03425027389579	39.04188890710985	39.06709151017645	39.0490694694151	38.95352382660553
MHW001_trimmed_clipped_R2_paired	39.19727792905623	39.28209879120963	39.34925413769281	39.45791943377613	39.57318238963863	39.58885124152827	39.514332415230825	39.51355310483944	39.596689202127386	39.56598541410126	39.59725261066153	39.62597679363385	39.579885049967515	39.585451698478494	39.558687862260314	39.555483173282745	39.52148608853333	39.47955638390752	39.43698080163732	39.38126389743761	39.312392711304184	39.25272285214759	39.21471861373827	39.15377614322839	39.09430780772409	39.04262263938115	38.99246462703698	38.95921163228239	38.91813881456073	38.89127063951029	38.87270582082565	38.86809974000175	38.866756953547586	38.86635865995779	38.88028562806174	38.92640973465495	38.91963308971041	38.82280632227383
MHW002_trimmed_clipped_R1_paired	39.09318929642431	38.68610343766111	39.1792689173959	39.04747452580092	39.38725433286942	39.28846440594362	39.22393994413573	39.18993641055447	39.36590753274196	39.23784095143471	39.402476292029725	39.43363719614314	39.38224881378855	39.395779224912445	39.444596214047735	39.46087793975541	39.424691666730034	39.36418602659096	39.32361953732186	39.3286682578499	39.30591824487797	39.3294509521749	39.32308021220275	39.28751682884852	39.25027533450024	39.21853833482681	39.19951553450903	39.192676917701604	39.170815669571326	39.15853304726456	39.149206078030524	39.15767362665925	39.164182746619375	39.173006794745255	39.178563965366784	39.19577210578425	39.17960667613204	39.114057753864444
MHW002_trimmed_clipped_R2_paired	39.196284520754794	39.26569883897014	39.33068170822923	39.43959187610859	39.567625650705516	39.588796699154955	39.50299648367557	39.50870635749858	39.59965782141121	39.566784703333596	39.60227862958321	39.63413179370351	39.58790952039485	39.59797719828068	39.57751274224758	39.575762392944355	39.54424683681707	39.50943862712854	39.47376977046296	39.43029313255337	39.37357383624904	39.32576697055883	39.299180230453835	39.25416766446877	39.20570992008393	39.16989954857674	39.128807757536855	39.10468348177291	39.07009956166549	39.05185236879153	39.03615186364844	39.03291867366296	39.02581150105843	39.02297291754468	39.0274661877745	39.065845366230846	39.05448272355729	38.979354272661375
MHW003_trimmed_clipped_R1_paired	38.926045858713195	38.752458234520624	39.07860782855331	39.10931988395916	39.38232381880996	39.402072143084084	39.26799544149346	39.30331098958592	39.4166696869413	39.36646724142899	39.5186841530107	39.55412433105473	39.503295571721495	39.499923453333174	39.53326829475958	39.53393128362192	39.50409741669394	39.45235571939465	39.44283843929544	39.48121089004555	39.45461518016557	39.47775322828143	39.487914434496496	39.46763151532726	39.45007052800222	39.431426111135615	39.42378647251065	39.419174428441195	39.40302317260326	39.38876109823182	39.37780137943538	39.36996094100091	39.364521667810074	39.355756443848335	39.34189429493467	39.336173777681935	39.30601163653254	39.25567580226326
MHW003_trimmed_clipped_R2_paired	38.88822822219353	39.06892448659488	39.14869584447235	39.32251251160814	39.456303584735686	39.50075588958762	39.41929735223724	39.43131972058616	39.50343891551607	39.487379556682484	39.526830771054016	39.560318614483975	39.5203586331945	39.533184188963006	39.51264400914561	39.515505248815785	39.4912897264149	39.46247621673188	39.44702684537227	39.418842248115126	39.387323517063166	39.35907656856386	39.35996334881898	39.332843185286315	39.311547107712116	39.28467650363051	39.26362519969507	39.24131837799265	39.21639362504844	39.19269988125931	39.183534669194025	39.166075487020315	39.15254211142738	39.12964286683469	39.12212432823372	39.13982635094034	39.11316352639003	39.04614146648921
MHW004_trimmed_clipped_R1_paired	38.99249309849969	38.906057465375476	39.23797710563184	39.24831999868989	39.448455012802334	39.46294093482987	39.335373796473434	39.339949808266034	39.45170326014861	39.41547037389765	39.55276601512186	39.589785054686914	39.53852655888921	39.53786590564752	39.570813003673415	39.574282594676504	39.54923014549569	39.51016923322464	39.49826262239635	39.52904975459744	39.50757259869935	39.52741741609235	39.54376366850585	39.52527786718805	39.510457332148746	39.493412314190685	39.48561767078843	39.480767550771006	39.46571147673292	39.45082421990329	39.43685916290963	39.43023011227498	39.42299095696596	39.41446322727068	39.39848965272506	39.39256605165716	39.363017237213185	39.31775074719666
MHW004_trimmed_clipped_R2_paired	39.20399237179538	39.259478617795	39.307062483572004	39.43843205737992	39.54887356364215	39.58008495112789	39.502038120749205	39.512216233641844	39.584657972520986	39.562894745027606	39.59953437326887	39.631728720567025	39.59265315210838	39.605661320164145	39.592436171096715	39.596270827587524	39.57661896370157	39.55415168876233	39.54022972259172	39.51750686520144	39.490271322306626	39.46367776346737	39.465222962998084	39.441973337537135	39.42407601242106	39.39986758911898	39.378586183296676	39.359601165248804	39.33659664291558	39.31196170110438	39.29933937912699	39.28205716312434	39.26585322554632	39.24172722661317	39.23126814739736	39.24447360566732	39.217820007629804	39.158498263275824
MHW005_trimmed_clipped_R1_paired	38.90870832634127	38.90808865027741	39.22438931577238	39.20453614593817	39.31344505740117	39.21128989172697	39.25359416766125	39.27277534319517	39.410476631252045	39.366161345410845	39.50442061072342	39.54528364209808	39.48591419679556	39.4724587484268	39.512260122006126	39.50930218579422	39.46828305503662	39.40787856755136	39.386789057994406	39.405116131022304	39.383132658566296	39.404562677552896	39.4124174914236	39.38724326278467	39.36643106544043	39.34697200676891	39.3398884529951	39.340163780436576	39.32743898808428	39.31927375097354	39.31203892480554	39.31496115377793	39.31807629688403	39.318806695440685	39.31393927374104	39.32148923883534	39.29939052015972	39.24671152384281
MHW005_trimmed_clipped_R2_paired	39.18101076455248	39.24139017250785	39.303623465125405	39.42453786627659	39.54091691547762	39.56572664610932	39.489631376118766	39.49246166519816	39.57270872752633	39.54463706976203	39.579920486729215	39.613358653524195	39.57107594041411	39.58083726779537	39.560491398858055	39.5621094064078	39.53534077161387	39.504056704222066	39.47855050947015	39.44492389645121	39.40234201584686	39.366818070283486	39.357458095918666	39.325345924514565	39.29930914304346	39.27496297581744	39.251448909336276	39.23558239435401	39.21407683453329	39.19655066602311	39.18790160705304	39.17981518099541	39.17282358960051	39.15989135238671	39.1593742874879	39.18450052723706	39.16717977239606	39.104113088670346
MHW006_trimmed_clipped_R1_paired	38.95305111380815	38.693002665444055	38.98720163968975	38.95514954891642	39.23850279419473	39.22144905823616	39.1161417832587	39.14660814292471	39.3026794062469	39.15887391652013	39.32640970106998	39.349602747134476	39.28380400803203	39.28715373163179	39.337584486908774	39.351143060921984	39.295647294199995	39.21905083287585	39.18385238049289	39.19594543035505	39.167406965811175	39.196455981999684	39.19194356641408	39.14784471731545	39.104362802890115	39.06698773658868	39.04226827906388	39.0315573332384	38.998909374693845	38.976288937918824	38.958377488480465	38.95438464939441	38.95170156479089	38.9556448579893	38.95408358194386	38.970527116279406	38.93770942227662	38.824538726454755
MHW006_trimmed_clipped_R2_paired	39.12078739173881	39.13276369590434	39.22049021558853	39.354163509970284	39.48255280749544	39.51471172870993	39.42649361500742	39.44260493148742	39.5353328799082	39.511556450271904	39.54827214946421	39.57979428115055	39.530312186891365	39.53756989717667	39.50916867914669	39.50582139202628	39.470771177497184	39.43125869269047	39.388955290335794	39.333324844745995	39.26541386852593	39.202848803399306	39.16477942029057	39.10439017196221	39.0409020496822	38.98705955728856	38.932582595234976	38.89313145061358	38.844940197478195	38.814555009729645	38.79259982258348	38.78185640934448	38.77066348555843	38.7622427297055	38.76894155393954	38.8131623432362	38.79106276501249	38.66770375637826
MHW007_trimmed_clipped_R1_paired	38.93096287816003	38.887998579748945	39.14677763691633	39.23407920347034	39.41677338931771	39.31432199297726	39.293828223034694	39.3781620071234	39.4362975318239	39.38392918904877	39.52789757130907	39.56348553284753	39.51233848638789	39.51014257943906	39.54475359136223	39.54724596377687	39.521367217686404	39.4701479871705	39.462943428474496	39.49973859236549	39.47352259256729	39.49731884843156	39.50751684629953	39.488228359606055	39.468936296789664	39.45094336801169	39.442008493443275	39.43660080319073	39.41884028627889	39.40329153707124	39.38978700330083	39.38114857194111	39.37407398824269	39.36448216842318	39.350126124757765	39.34334806245623	39.312114196046096	39.26013808009901
MHW007_trimmed_clipped_R2_paired	39.027439797124984	39.11191494826777	39.1753561442	39.34558949157093	39.46879136490056	39.511349397852904	39.429380263041686	39.44999187496709	39.524781012999455	39.511026607292635	39.55105570501327	39.586691659587125	39.548326887297215	39.56234565882501	39.54505412451737	39.54909088892905	39.527712130757706	39.49991062539466	39.48563546486084	39.45989174703675	39.42999298707608	39.40275925362032	39.40334206808855	39.37570774391649	39.35442303755924	39.327025143870095	39.30386671837532	39.280124713071935	39.25423472771629	39.23025212782153	39.217752289348056	39.19825486081133	39.18386966695215	39.161418497464155	39.15090412956373	39.16744830581697	39.13891885108242	39.07024789215345
MHW008_trimmed_clipped_R1_paired	38.89200705144143	38.74533152184244	39.10727124067911	39.21263714817001	39.257533345718755	39.41690364978828	39.32661608344185	39.287691176727506	39.41895626419725	39.37647127506436	39.524359915016795	39.560797404313135	39.504822101190655	39.50164419864033	39.53427252737315	39.5379091555929	39.51045748813068	39.46121478741194	39.45240524727176	39.485462555418074	39.459472622515094	39.48312320676246	39.49483145781555	39.47535838319658	39.45703841578432	39.43792639429031	39.42949896995263	39.423167861696456	39.40685124607086	39.39037389486962	39.378275186413944	39.368437722459795	39.36191713208205	39.352344146977195	39.33748517923938	39.3302933226406	39.29716914531912	39.244418271460425
MHW008_trimmed_clipped_R2_paired	38.95198780510314	38.987516879593954	39.08271899202065	39.2729672004397	39.40301006261048	39.45201246036991	39.37971971695338	39.404590205922986	39.481519256366624	39.47939087881214	39.524001688105656	39.56303540004974	39.52728325472835	39.54284015744429	39.5288982073818	39.533179840854125	39.511068561822185	39.48401298553641	39.469261503255154	39.44359491295178	39.41511267726325	39.387410948547895	39.38751249744547	39.359740370478924	39.33726555808762	39.30789363223958	39.285005819655304	39.26009451868448	39.23445043405537	39.208237480855146	39.197837361430814	39.17813453820851	39.16453575450204	39.143100009150146	39.1334335634341	39.15030557119601	39.12047375898746	39.04632459167449
MHW009_trimmed_clipped_R1_paired	38.88036459695413	38.64333900049594	39.22190170644141	39.23717966213287	39.191920584821126	39.31115728539344	39.38939228763427	39.40427892881945	39.45589185124941	39.41405376561163	39.55340343666886	39.587685993520864	39.53199737757775	39.52688643845315	39.55693615450179	39.55863167036332	39.5320899339922	39.48272915956619	39.473454122947615	39.50653852405693	39.47987562766613	39.50125534445	39.50878217970543	39.488770883832174	39.47150570804671	39.45117971113382	39.44375746927767	39.43791927976631	39.42137269626001	39.405540427142064	39.39418197238979	39.38518532043287	39.3767710637063	39.36753285651121	39.353029456514584	39.34550078327273	39.31305787494021	39.26279629988784
MHW009_trimmed_clipped_R2_paired	38.80094814513569	39.129829836798585	39.17717699194399	39.353283123891096	39.47755139077273	39.52428368857999	39.44255382006575	39.459146956484545	39.53303707738695	39.51823332414229	39.55533077082969	39.5849201673546	39.549294974510886	39.560332204101485	39.54052523650169	39.543345754289916	39.52021805523257	39.492787840842894	39.475322457748426	39.44850098110114	39.41644326688896	39.38887756852758	39.38639593042213	39.35653379004316	39.33413761225071	39.307593733323515	39.285438195196186	39.26243112487644	39.23719135178884	39.21300096104286	39.203071903184345	39.18297238403137	39.16884352345752	39.14514215347303	39.13530148023962	39.14986039754855	39.124036719952606	39.05739161825086
MHW010_trimmed_clipped_R1_paired	38.98962352707824	38.81822605118111	39.18189823630583	39.21768955622216	39.39901554400862	39.43067834088419	39.256683543959355	39.309908621117025	39.42279832020057	39.3767311770752	39.52880359840777	39.56530611491346	39.51327694931108	39.511035562714355	39.54350596990692	39.544035317964315	39.51883229391093	39.47454646332939	39.4624955485221	39.49285620458578	39.466982743568	39.491372470230665	39.500676079941	39.48008359558652	39.462262732834176	39.441122109446965	39.434014262801846	39.42701012001446	39.40981099584826	39.39264943310566	39.380446199650265	39.37157821395705	39.36172628159655	39.352237162848766	39.33776728744821	39.328149217760426	39.29647448338375	39.248509967835425
MHW010_trimmed_clipped_R2_paired	38.58475412943138	39.0580096189872	39.09912388057825	39.29490163970144	39.43590908679486	39.492392639796535	39.39818713427905	39.420847064294534	39.50916517479592	39.49079557456615	39.53062483227698	39.564930556225974	39.52772626920155	39.54390948962562	39.5252492390677	39.53116781360224	39.50844442559135	39.48210503171193	39.46611168883636	39.43805513861008	39.40657410310932	39.37746314966039	39.37584040259363	39.346034308844104	39.32463779303591	39.29609884708573	39.27341863271889	39.249434692204815	39.22271644776031	39.196426240370506	39.184753191014735	39.16412863895638	39.148180207277	39.124240325374394	39.11303826264045	39.12732458119224	39.099206109170154	39.033619291446946
MHW011_trimmed_clipped_R1_paired	38.916782206017054	38.77506434776931	39.09410826633716	39.151938910491346	39.40503555591545	39.44189968296469	39.29964240544345	39.34849347920377	39.456033559593536	39.41057369138477	39.54973427068593	39.58380275696842	39.52946935602789	39.526978769729645	39.55825277864096	39.558435907832276	39.532606591200505	39.48704583576311	39.478373770695	39.510261510028315	39.484335330844644	39.5050314757337	39.514118162801005	39.494028630830655	39.47709301666228	39.45695121854489	39.44933943963504	39.44281138963578	39.42572937865695	39.408733685485004	39.39654710898532	39.38691861132806	39.378376927378966	39.368001289686084	39.353272355896145	39.343876655372426	39.311691802283974	39.26162485241232
MHW011_trimmed_clipped_R2_paired	38.82212945600576	39.14189499258792	39.18564121956769	39.35905835295399	39.48169669122256	39.5243899290581	39.44400773878817	39.46150429823854	39.53674898641689	39.52113469417345	39.55763812842156	39.587754739793425	39.55281860581711	39.56560467315746	39.54773524890406	39.55065810345816	39.52847815558788	39.50126365861022	39.48510352866841	39.45960213543306	39.429053166710034	39.40205499059185	39.3997429124816	39.37083640322168	39.350379508438095	39.323712140540565	39.301043056853906	39.278672386064	39.252953781308385	39.22722132932249	39.21609049815942	39.19683712730294	39.18093154654097	39.15771631321161	39.1461990641252	39.16054598418866	39.133398726885744	39.067825088953526
MHW012_trimmed_clipped_R1_paired	38.89525350494442	38.870210262950295	39.20335334231834	39.21146787732408	39.41640647819359	39.45153366899261	39.32188676481287	39.3364990949634	39.44839190569106	39.41337261300909	39.550232801588905	39.58708071886533	39.53134841039169	39.530915866534	39.560919190357524	39.562427672023546	39.53747369089924	39.49590515286714	39.484934008891045	39.51172247029136	39.487267022681735	39.50586795845017	39.518250612704286	39.498415356478894	39.48158552595766	39.461257466019035	39.45307497479396	39.446824276042136	39.42971067839598	39.413164171969015	39.39958999203692	39.38978389914176	39.38093269947167	39.37169082975892	39.35568415319535	39.346265642903994	39.312891081120505	39.264091565877116
MHW012_trimmed_clipped_R2_paired	38.9404092974726	39.170012517615	39.21406311842241	39.37830002677073	39.50200340635579	39.543087888028765	39.46050049004506	39.47921182064414	39.55600209552599	39.53902723972178	39.57509069727466	39.60589573322038	39.56961639866715	39.582608281494366	39.56654427831958	39.56960744032871	39.54802638878422	39.522419524797655	39.50621470224319	39.48070483279605	39.45003917565816	39.42192510922141	39.419600540426835	39.39087855437505	39.37168879511901	39.3445544211367	39.32177347633816	39.300137573321834	39.274265162198745	39.24841508742351	39.23518087539431	39.21496632033317	39.199180941740416	39.17573613667784	39.162626816135734	39.1764022766795	39.14719805324022	39.082968749303504
MHW013_trimmed_clipped_R1_paired	38.87078091742029	38.86487166092315	39.153055488883375	39.178048423529965	39.280668897423574	39.15800368092825	39.20975901791441	39.23929597181332	39.41162644767063	39.38030407228032	39.53040272127201	39.57238901384058	39.521103980380005	39.512789462728186	39.547067960444814	39.54249729366238	39.512999331225004	39.47200780424056	39.46247870452206	39.49290152012764	39.466882655951764	39.487689935771314	39.4998285129548	39.47903177477647	39.46177822480368	39.44058677628794	39.43267050928761	39.42571345181172	39.40796887740952	39.391361702588824	39.37806640718875	39.36803770725119	39.359101480369816	39.349243525646074	39.333000675410275	39.32414247180233	39.29151577281384	39.24374771111968
MHW013_trimmed_clipped_R2_paired	38.340804305226115	38.94931615281722	38.99710269651719	39.239007458190855	39.38715142974824	39.45394216928462	39.35694650444714	39.38316256136691	39.477458931357916	39.46394921031277	39.50603844226294	39.54163205412421	39.502629306608526	39.517481983832305	39.50008193778856	39.50695137765631	39.48280665164738	39.45716706524905	39.442023617021746	39.41421742889003	39.382372819307626	39.35372199079693	39.35361507392506	39.32542151905477	39.30391446956443	39.27603243490267	39.25342056797463	39.23022887836711	39.20338497201466	39.17793563213762	39.16707520672459	39.14582186809121	39.129961248731966	39.10686807042405	39.09634936821316	39.11161192841606	39.084568538646934	39.020318255941994
MHW014_trimmed_clipped_R1_paired	39.03869082852032	38.923880456072446	39.07998503867907	39.20211969201792	39.3302732836729	39.42850638606969	39.2221933164939	39.32943253099809	39.43415708542822	39.38497823843172	39.53410469308186	39.57148520124774	39.52097294307792	39.51847140538822	39.55207793523999	39.551658625316904	39.5253878931711	39.48338560984974	39.47388424772413	39.505187175625515	39.479716686758124	39.50058029711934	39.512474648623574	39.49253328148429	39.47524408749829	39.45446626593559	39.44613481887559	39.439206967039624	39.42181784149552	39.404947831613	39.391426250348744	39.38190561442591	39.3718332397773	39.361663595039886	39.34555440094485	39.33548587223808	39.30210827843812	39.2509768515907
MHW014_trimmed_clipped_R2_paired	38.76408196989227	39.09748837710394	39.14232665026303	39.329860103747976	39.46499182461578	39.51160407383978	39.426356326655075	39.44923426782172	39.53273412696368	39.51749169653358	39.55734634256553	39.59085393346011	39.55597285351205	39.572048254688085	39.5556583798318	39.56174096231065	39.54115878740358	39.51569066637413	39.50006979073994	39.473916874497014	39.44417006885192	39.41581245595203	39.41416255374587	39.38548826258837	39.36553770794971	39.33907800625416	39.315251169603975	39.29244198796598	39.26594983285349	39.241198467465594	39.22757532812114	39.206410097384754	39.18979474450792	39.165835570396894	39.152384115225345	39.166633359333254	39.13666076276739	39.07188856862358
MHW015_trimmed_clipped_R1_paired	38.924917423750465	38.80830484820411	39.10744514296051	39.146726313923146	39.411643113722675	39.430821503344795	39.301447189137804	39.33522000268763	39.44928681890835	39.3974049036048	39.54030084178695	39.575679283483	39.52194925479046	39.515272700018464	39.54620365002532	39.54595590538494	39.516690658749766	39.47014970742747	39.45958584569564	39.49441130240979	39.471733739835145	39.49291528686108	39.50350027094946	39.48491789919861	39.46730991115168	39.448246942159145	39.44020718897244	39.43344758041492	39.41761478297208	39.40268905685702	39.39062640252667	39.38189490753222	39.374101827719066	39.36455468926045	39.35029032108257	39.342955465789174	39.31145287692648	39.262296571704354
MHW015_trimmed_clipped_R2_paired	38.72654990927939	39.093580203512076	39.129230256547224	39.31001347691842	39.45286063766083	39.492020245058505	39.41685881894169	39.42354212575142	39.50587965412695	39.4857024500465	39.525217755239424	39.556935551472385	39.51465227821429	39.52797146729483	39.51033902737075	39.513871413734314	39.49090404530331	39.464179082144575	39.44817018074358	39.42097585627916	39.3893467465153	39.36116393764953	39.360993131617995	39.33535182738335	39.31371389273146	39.28716903836744	39.2639302306592	39.23996595358716	39.214009506152	39.18973859868574	39.1783379551321	39.15730090110502	39.14313430781581	39.117631480642245	39.1079244573775	39.123617756997376	39.09591842120048	39.03003549884247
MHW016_trimmed_clipped_R1_paired	38.81463942063468	38.89807019965013	39.11145964583108	39.242584681670735	39.41121753389276	39.30167665129941	39.29893876554421	39.380432276246886	39.4463069288797	39.40038400241913	39.5403151122904	39.57432945883956	39.5202043119312	39.51805856573763	39.54961026158135	39.551055430062924	39.52594245370714	39.478823048013304	39.470695268189715	39.5027708861397	39.47673706291245	39.49979960725953	39.50901927668707	39.489337327610215	39.47159408108345	39.45110020037815	39.44429110682438	39.437659528674445	39.419654531928416	39.40398144665706	39.39186945845055	39.38246168069016	39.373561493177775	39.36444659481374	39.34788916808285	39.33887222073617	39.3052367226555	39.253142141253626
MHW016_trimmed_clipped_R2_paired	38.78238219185362	39.04069750928971	39.10798902310995	39.302771414186424	39.43905159649071	39.48771213395981	39.4078880294015	39.42747664062533	39.51009417601651	39.49895452008333	39.538626862438	39.57198616148756	39.53586902185266	39.54937454765657	39.53219977792666	39.53640685414195	39.514766363851464	39.48851104638905	39.472318930400995	39.44665986094877	39.41728885246802	39.3909960931033	39.38988196045952	39.35984544372028	39.339443633177474	39.31181436839598	39.29020119604821	39.26646459970856	39.24024119517797	39.21599017296793	39.20592028838155	39.18517085687337	39.171012169625364	39.14861816839655	39.13767733692957	39.15201104334961	39.12394658382567	39.05632815332683
MHW017_trimmed_clipped_R1_paired	38.89108540978408	38.770900262842794	39.124435194315446	39.234683283814825	39.25340842066885	39.44401562454048	39.36358435504315	39.339237312665475	39.45601085996903	39.41598356886383	39.55472507977366	39.58818588864307	39.53310842115095	39.53337684971872	39.56382761391345	39.56825202395492	39.54218742992704	39.505156334636055	39.49434085476629	39.51996523508658	39.496961983811666	39.51367528675475	39.528775085354894	39.50863913676739	39.49200388776275	39.47193497315766	39.462655140196844	39.45625390018553	39.439437147365055	39.422301769649025	39.40739227559219	39.39771802978226	39.386847478928026	39.37606360947461	39.3588197059813	39.34758090235831	39.31361207285324	39.26345103878619
MHW017_trimmed_clipped_R2_paired	38.896154294577826	39.1186729243769	39.17520496068035	39.35033585434129	39.47820992603096	39.52066298293445	39.44607655457093	39.466892902333846	39.546933441470316	39.53424827687566	39.57379165375242	39.60661032304596	39.57197995648677	39.58805651121132	39.57738001379501	39.58158304221157	39.56117633823477	39.53670288117316	39.52144089452365	39.49731343297759	39.4681031286119	39.440837710486	39.43959537316173	39.412305187439344	39.393544265068684	39.368158743009836	39.3447824401303	39.32452235449578	39.298503640296005	39.271225015712886	39.258186325951236	39.23787363243031	39.22012124997485	39.19686823773141	39.18429916275142	39.195824376680335	39.16589531368514	39.10079540904913
MHW018_trimmed_clipped_R1_paired	38.67494140291898	38.14483564264496	39.07109300896901	38.887728886267	39.093466645027405	38.99081751236686	39.12400311603713	39.08091238281414	39.229157854208346	39.07267262706844	39.274566114746904	39.30117360918765	39.20215979214426	39.14329911874077	39.168831077659846	39.15975619264394	39.015681399905795	38.836662158528995	38.70342803282132	38.64607917367834	38.54766733791805	38.578462832979696	38.48636267189916	38.38761653456028	38.267562033308636	38.20338727440887	38.14110379156807	38.150206108452906	38.10305694444047	38.11163136082339	38.12025959239389	38.19097501422242	38.25977847080385	38.335988689436256	38.41024887156251	38.508135812251794	38.5346136874202	38.378671418876856
MHW018_trimmed_clipped_R2_paired	39.27814353633273	39.2441094177781	39.3487700610517	39.426221051192236	39.542350438753296	39.52694310236297	39.47013669632382	39.44395860765394	39.541120394911474	39.486744325061615	39.52393225799399	39.544574611329075	39.47953052686324	39.47829807722096	39.42616940529703	39.405744233161585	39.3296522545178	39.24953147453637	39.12805447346303	38.99025627645268	38.80614848855591	38.657087596095494	38.50448374828702	38.36825970073503	38.19431555178301	38.100430603822915	37.97228823163819	37.93255440472099	37.865332037479924	37.86378080574944	37.85737752550222	37.91929280117904	37.96896953922716	38.043079275093405	38.12023199253474	38.25975280241413	38.31363996377111	38.19968863657545
MHW019_trimmed_clipped_R1_paired	39.18691191345076	38.81336980833268	39.25475962456623	39.18769927511703	39.44806318289857	39.38772815558794	39.297815256775095	39.252264766069025	39.430689630795406	39.34205020502742	39.486840264902796	39.50958281431277	39.44632450265928	39.42968898279485	39.45901137989301	39.46013034872688	39.39777798644184	39.31831296608631	39.25205987243915	39.24108344388104	39.19602933353771	39.216886942195586	39.192134798624366	39.14150012028604	39.07753221547389	39.03374755452019	38.991411579337864	38.98106097855325	38.936110737506546	38.91959673507467	38.897851835507375	38.90913945770252	38.91731925443578	38.93235599611879	38.94296286343251	38.969747226710304	38.94394228141815	38.82743725961507
MHW019_trimmed_clipped_R2_paired	39.297260202485816	39.33319787077631	39.391228825129446	39.495464191081375	39.601797843803276	39.613162257482166	39.54705124460071	39.53916808589592	39.619476406107694	39.576376001362014	39.613313503262056	39.632687909272484	39.5769585573094	39.58297150142249	39.55805004486596	39.552825936048436	39.51432454316669	39.47262165138167	39.41924839808713	39.356529427069844	39.27202006355242	39.20223005853106	39.145711302434194	39.080241419189875	39.00331089461925	38.94893258930333	38.882130712454014	38.848047194794134	38.79620830595434	38.771140670865215	38.74323584536286	38.7440029182664	38.73885463779963	38.7438866688982	38.75488368197382	38.80680009225824	38.78697877748026	38.67199187223114
MHW020_trimmed_clipped_R1_paired	38.74807607796859	38.54033081070319	38.98175910741436	38.762814915349836	39.21303694304651	39.11342965876021	39.0394034641762	38.94541487986966	39.20613683727155	39.098520681866646	39.3055509040481	39.355703785290174	39.268673284696895	39.215632850598126	39.23775082724729	39.209956319047635	39.06051165576814	38.8739631958648	38.734889609868375	38.6446090056306	38.594131944145076	38.61220953228893	38.55371627439126	38.477575067642	38.41953765431758	38.39290486188933	38.395876133906526	38.44092459229877	38.457977903421444	38.504497111073874	38.55822626019609	38.64381827119209	38.726258735990044	38.804993253000525	38.87583089550914	38.96496030353702	39.007312726090426	38.94251944535095
MHW020_trimmed_clipped_R2_paired	39.21512957847183	39.17456276696784	39.31471552739691	39.357825169652024	39.50844309242576	39.45811930789279	39.42121487206687	39.36855981962956	39.49499566498308	39.426222795665964	39.47471612749046	39.51422014236624	39.45785556034023	39.445909876359224	39.376542825086325	39.34559163409116	39.25355965773245	39.1581408149963	39.040190947203975	38.917120069433224	38.76765855265349	38.660417897096025	38.57204582195861	38.488803227488944	38.39792061260265	38.37244585755205	38.32717233593718	38.351117170983784	38.350408066697796	38.39159553891725	38.423388273441034	38.49650700525996	38.55002733052453	38.61031955627651	38.671191285883694	38.783169148049296	38.83556725114682	38.77454817706112
MHW021_trimmed_clipped_R1_paired	38.807997041777284	38.729619692205894	39.12278913869455	39.07242778597057	39.32108117083836	39.27217702005307	39.191147226271305	39.17553657416079	39.29750441631996	39.21996535867192	39.37089973580704	39.416590643872006	39.31934094094025	39.280613915068976	39.30232800944994	39.29272533809301	39.18482269358431	39.04505947788177	38.949953917651506	38.88714389058009	38.84247093698094	38.847071566542986	38.80721078693303	38.72239751351561	38.6584662170808	38.60077062969689	38.57838984744792	38.575445698749704	38.55794677597106	38.556185006363926	38.56879294903037	38.61034952204214	38.66108658728264	38.7100191968752	38.7588996687764	38.82605739022223	38.83852957734756	38.72412646665422
MHW021_trimmed_clipped_R2_paired	39.23818917408167	39.274998323886194	39.34511066958451	39.4382394544777	39.55510944700112	39.55436014586529	39.47781224540224	39.469905284792574	39.560843472442095	39.51276793782855	39.549938652593525	39.57573647771676	39.5167871829933	39.51766170198969	39.478876006390735	39.463980542682904	39.404971824190355	39.33645251127762	39.25242263122614	39.15074455580492	39.03111181309422	38.91906360693877	38.8374753557908	38.73738492001409	38.64343881254754	38.5739124778932	38.50586314044733	38.472785284768044	38.43783762586452	38.42240890662871	38.4214141141692	38.45106275877136	38.48006791423469	38.51069496471611	38.55804107121557	38.64519670543756	38.66784635820451	38.55196140607775
MHW022_trimmed_clipped_R1_paired	38.75526884473288	38.513819600563224	39.06275372417499	38.96933197894357	39.19519857194164	39.06545989438929	39.06526666318359	39.04424716053517	39.223875755067425	39.11648465919518	39.28410651019847	39.32576697055446	39.22073817377262	39.16341887266251	39.20253883201827	39.1829058759776	39.05359221841919	38.89586529053601	38.79508089149358	38.74731215383355	38.68015282538694	38.70286540818247	38.65284409254398	38.56948195163638	38.49167863385662	38.438664228754796	38.41506556918655	38.427132888746556	38.40814987081425	38.41864158608364	38.44096764562154	38.49477988421485	38.55589623490556	38.61559732368548	38.6734216193522	38.74892434662022	38.7781364650079	38.67623284265911
MHW022_trimmed_clipped_R2_paired	39.18643858823505	39.162962253722505	39.27278418520061	39.34741501641396	39.482741131179836	39.465211360495346	39.392401646204554	39.37092771900009	39.4771299346455	39.414567231810054	39.44987186420775	39.47949325704285	39.4119176090474	39.41259163683895	39.361718756724706	39.34580383289591	39.27091303878406	39.1933079132284	39.08874851669614	38.966068729570935	38.81757558864727	38.69122082396417	38.59291851603745	38.49028311422633	38.383334443825206	38.3176550859882	38.25122768248791	38.234039313553374	38.21124598200606	38.21645541207971	38.23584326484588	38.28433321676696	38.329650781951564	38.38048447866171	38.44262620777827	38.54927712379687	38.59667476524272	38.502231241542674
MHW023_trimmed_clipped_R1_paired	38.981228109956575	38.83795322718687	39.06352290164214	39.11645701206124	39.31205899690197	39.334721240792035	39.20049628647685	39.20959569894093	39.367814750190696	39.28134319266566	39.4238159374856	39.45461041598009	39.36813553354621	39.33723155193708	39.35967970230128	39.35269299140183	39.26737069578735	39.16297638486082	39.1017673033448	39.08348941627802	39.04414347842594	39.06092810245745	39.03711650743701	38.9751207832274	38.91962389631425	38.87031942985403	38.83891954597214	38.8250453696346	38.78813914116986	38.76749067389759	38.75269893770307	38.75641639560201	38.76734501462554	38.78384059911868	38.794759713301765	38.82578244066877	38.79559624707734	38.653487836624805
MHW023_trimmed_clipped_R2_paired	39.24111498383483	39.28377365634779	39.338596546232495	39.45738338070066	39.56215204236035	39.57539804077782	39.50572638320997	39.50568359033403	39.584129037819565	39.54876023027274	39.58662349263033	39.60842539900911	39.55521898406225	39.55500504089647	39.518457152572616	39.50721796239447	39.45964672639984	39.40592864118638	39.34248359303651	39.26758779419059	39.17458814604063	39.092035090527695	39.03194653028447	38.95172134136712	38.87036984090766	38.80728604443975	38.73715889426044	38.69640642054588	38.64389002365117	38.611713032476665	38.58692999009127	38.58450573483931	38.5814886211888	38.582248998010435	38.5949469637085	38.654060642498834	38.63339094374265	38.48686697067669
MHW024_trimmed_clipped_R1_paired	38.40998489318183	38.20778827489014	38.965502267596676	38.87566840086178	39.04515652537107	38.97623174646779	39.030978227767804	39.06573325764268	39.159750617254716	39.04370443220788	39.23235770455136	39.26911314821397	39.14493062143326	39.08129935198896	39.106631260790564	39.091652123657916	38.9378123731765	38.71079407998765	38.566995249145954	38.46954126346803	38.39700167847148	38.402721090745985	38.31952165290305	38.21392567328293	38.13112024950634	38.06757267144555	38.047459602016076	38.06401146080424	38.0583217738209	38.08721360789083	38.13142002997601	38.2130228959551	38.30249783844429	38.391459624527286	38.48129753381477	38.59297692687737	38.633613682380975	38.4887751934481
MHW024_trimmed_clipped_R2_paired	39.27243432580766	39.28204918466724	39.36257700877411	39.43855251813106	39.56357999522274	39.558153736539886	39.48805621375509	39.475084608097355	39.56964037351206	39.51510017771861	39.54304819359826	39.56773593342219	39.50733940272171	39.49762940196514	39.438868743526335	39.410421525100396	39.328348327273616	39.2311488862438	39.09413650109029	38.933064926033595	38.73364524279394	38.562495437019194	38.40672336275848	38.25460289602469	38.092825003924354	38.003071953578555	37.89948203971461	37.87732350206251	37.84021320714992	37.86318622982766	37.89021389803803	37.96912496752393	38.03514802933631	38.12036113826986	38.212379852685686	38.36111581380615	38.43960252543996	38.34072805830992
MHW025_trimmed_clipped_R1_paired	38.99450769419112	38.64356497722672	39.1241504353017	38.97145731549809	39.313085607999675	39.19598749676736	39.105278871797694	38.995821349920114	39.25819797651858	39.12419099662021	39.30786533781098	39.34147712827732	39.24446551914848	39.2060769902151	39.23133263105585	39.21986740217669	39.08947259300015	38.90284852030452	38.75173240214543	38.65456615611864	38.6067160105563	38.62006213081632	38.54986424131481	38.46362995903387	38.387176571833386	38.33641219107509	38.32088303039466	38.34205415193404	38.34089715250857	38.372436464556685	38.41412762590369	38.49119936650292	38.56976530198301	38.647936724310156	38.72153681413225	38.81335973018871	38.84727363953141	38.740793512652345
MHW025_trimmed_clipped_R2_paired	39.25930325026729	39.28551336534687	39.35991158417071	39.44119934908796	39.57591797305205	39.57227510400308	39.496501132496526	39.48440927323606	39.58640632372998	39.5314122858256	39.56149981569513	39.5892725751123	39.531857181817195	39.52759852812968	39.47544031216948	39.45193062684315	39.37663385724086	39.28838505649783	39.16975020730182	39.03738575602293	38.872853156153575	38.741862578306105	38.61958899121779	38.505558412335574	38.38261740122711	38.32405361328026	38.25122935387323	38.25065804196551	38.229933664407	38.25901331728043	38.28485688506562	38.353372143666164	38.40996349456719	38.47737152560633	38.5472354161111	38.66401825528938	38.72056210020683	38.63655995214002
MHW026_trimmed_clipped_R1_paired	38.77115377622588	38.59374465085294	39.00498494199626	38.843164346520275	39.24600212030402	39.18808748992087	39.082558923717464	39.03484901098456	39.254848957055636	39.15597064300788	39.32362647777261	39.344996387988814	39.2362080718974	39.173077685847275	39.197121735698744	39.177911514296014	39.045927110557884	38.860781892105514	38.75259069830355	38.68757346443462	38.64359843424002	38.65730240494763	38.620836918544455	38.549596202407415	38.50057297800184	38.458846283293845	38.451226099078625	38.46378292573642	38.45968850224941	38.47576780756779	38.5029551535722	38.55272579766937	38.61064611229078	38.66541412136439	38.718618048973916	38.79072358885837	38.7926838885707	38.65203744594217
MHW026_trimmed_clipped_R2_paired	39.2435885061275	39.21806528384374	39.33516318789275	39.38817488740671	39.534777836091486	39.50828459660092	39.449730738736996	39.419231088306944	39.53342428269914	39.4638247514293	39.48852415969467	39.512724265457095	39.44430188790589	39.42681379236226	39.35667216089213	39.32730503759866	39.24090161784345	39.14917586513616	39.03294515722249	38.90341079554587	38.75717053425252	38.64420355843614	38.559785396955654	38.47678216815122	38.392959377434174	38.35441192414819	38.308758585007055	38.312965448028955	38.30493803750322	38.32780214216119	38.3504401718926	38.40210447924526	38.443072800356404	38.48958507918648	38.54273345331879	38.640755823357416	38.66628419513278	38.54656307028975
MHW027_trimmed_clipped_R1_paired	38.712624520946385	38.729545493616854	39.02097376067622	39.03040971788731	39.20717974276355	39.258589984476686	39.152094996824054	39.178264173173986	39.264380535354015	39.19523467601188	39.33026021655284	39.40376177496982	39.28974674286016	39.265079199415176	39.28756894221992	39.27917540270339	39.166721366971196	38.995872544513325	38.89431870108906	38.79898823244575	38.78540333293235	38.7745201578427	38.76072003241729	38.685823946277914	38.6680936301692	38.626799209314804	38.651560414146545	38.667815073095475	38.69552703838862	38.717251798798216	38.766589450416156	38.82181337133396	38.890421564117375	38.94062251997705	38.99590339928669	39.060796764993185	39.083930338024345	39.003264401609854
MHW027_trimmed_clipped_R2_paired	39.25873285175621	39.32704252803633	39.36370916826141	39.457935100037815	39.56950472098978	39.58967604436686	39.49162538557492	39.50499517941328	39.586781098433434	39.54444717270499	39.57503695054099	39.608860478113	39.5565985113861	39.55579631494093	39.515495474891985	39.494685208647034	39.43363104797047	39.35390131577561	39.267050719482526	39.15413183168338	39.03858110807569	38.92205698899836	38.858563889516226	38.763046535554516	38.70445156771868	38.650640823079	38.629153240894404	38.61828131476296	38.62926268273851	38.63885816076167	38.678126081832396	38.715217224322615	38.7629480824483	38.791841970290896	38.84414251931038	38.92333772097889	38.96019355002243	38.88174279422727
MHW028_trimmed_clipped_R1_paired	38.63357855108297	38.53867916338902	39.055566348902076	38.98569297006471	39.20636414400691	39.08637342119555	39.10577682699907	39.090833217819224	39.24194219477294	39.12886050693531	39.27750981273503	39.30877816838946	39.18392724687975	39.11356213104631	39.15957430351547	39.14100022717148	39.01131359645372	38.828252108175306	38.729948673482355	38.683066585869994	38.63740377157132	38.661108553524656	38.61637734847041	38.542690181458354	38.478201491970026	38.433776117742916	38.41431287025699	38.42450164933095	38.41138213353764	38.42968253555584	38.451687166162614	38.50899092380103	38.57298400668933	38.64152025973439	38.70777601098899	38.79427235994039	38.81335472545697	38.6897140686014
MHW028_trimmed_clipped_R2_paired	39.237189876363324	39.214560276442846	39.32880389688248	39.38404800986363	39.5350139755737	39.51221761453673	39.44714939724434	39.41714438462888	39.53567203921068	39.46334613678711	39.48631228704061	39.51419808850273	39.453546107087206	39.44620054725209	39.38885158759425	39.371013904526386	39.292895503246015	39.213204343323355	39.10263083574111	38.9842508482212	38.83625029026842	38.72149591671627	38.626266586983135	38.53756952751757	38.43755750504276	38.38854503318706	38.32673034291051	38.3225643617708	38.30184223490117	38.32348284385036	38.34242350848059	38.3992186950847	38.443978208378596	38.49738523063252	38.56053408186151	38.66871478638401	38.708764406017146	38.59820334045709
MHW029_trimmed_clipped_R1_paired	38.78732527619775	38.65265804064562	38.88505797191464	38.9030639565744	39.197082891909005	39.15477772406643	39.05945161735679	39.006824116470256	39.19606900933785	39.07391610516954	39.24384475603737	39.297290151060714	39.187678978224554	39.1651832407583	39.19277974334953	39.19147886131954	39.0753646958655	38.906267409277646	38.802272849016674	38.72245123403493	38.70203612455815	38.707289978568504	38.68161983004802	38.60576279444441	38.57617012835586	38.534673393681004	38.55212319597645	38.56851096211348	38.59053801223316	38.617980997990884	38.66789920567668	38.725151120745736	38.79514659699162	38.853122198274406	38.915489117331454	38.988282499139366	39.01256471920639	38.918779710687936
MHW029_trimmed_clipped_R2_paired	39.27334019476184	39.335781833752115	39.38215727798819	39.476554851152905	39.58930449487846	39.60462337359117	39.519405591549535	39.5226560735099	39.6087050586828	39.56595532894189	39.597200092081934	39.626878376545605	39.5752418258944	39.57186253620474	39.52787886313829	39.5065122747886	39.444305732863384	39.365723438954106	39.27155040583741	39.153725186046934	39.02131893308622	38.89813855528565	38.812165705448216	38.70554220781979	38.62256317817183	38.563418903067586	38.523675148319285	38.50964545649267	38.51049345076592	38.525561411403444	38.56417951161957	38.609032530329436	38.660889082131895	38.70053559606089	38.76196300201125	38.85480340337311	38.897815816247615	38.81348761308594
MHW030_trimmed_clipped_R1_paired	38.43688739488581	38.504289150440435	38.91243538069459	38.78584215092356	39.2034163323367	39.091406776136175	39.09584409845765	39.03873795329559	39.181430486073225	39.071784721840956	39.241344118622365	39.27746779289006	39.159865154613485	39.11282432536753	39.144396868607586	39.14259149146229	39.02943499651017	38.851166661811874	38.74859875268753	38.69295274632706	38.65147104868017	38.67283461097176	38.626302195745836	38.5533519472718	38.49302211041006	38.448528237489384	38.43757919322259	38.451406027531725	38.446495996182406	38.471076531247576	38.50426424982676	38.566580405090974	38.6367503250597	38.705522223225266	38.77239824651297	38.85716501725905	38.88158232866329	38.763614199791405
MHW030_trimmed_clipped_R2_paired	39.18086340455835	39.174638033761546	39.282867709919046	39.35067893309752	39.502857009050835	39.49118898736054	39.41593207042115	39.393372664167224	39.50888622405313	39.439490529125706	39.46519619763546	39.50151213528059	39.44291883475927	39.43795304979826	39.37873313260934	39.35854815310884	39.28184562619479	39.20032087125294	39.09027572964733	38.968841255140944	38.81922501108538	38.7051062833567	38.60978097996971	38.51675292412615	38.4171612533831	38.3728496003789	38.317319271415435	38.324656838029625	38.31418503177721	38.34702008544656	38.37748026642693	38.440479605384155	38.49017618342206	38.55327665300708	38.6203602269762	38.73248425598284	38.77882472798849	38.68915083337931
MHW031_trimmed_clipped_R1_paired	38.609946275564724	38.454006864292964	38.84214373855289	38.91027670131203	39.121143307897626	39.08886714315314	38.923562776650044	38.99602990511012	39.130630157137716	39.02114257835585	39.20688095838249	39.26281625332276	39.13969553856559	39.07759335869561	39.10021732785445	39.08214009899285	38.93294594380641	38.7016840469816	38.54631473425439	38.413946898260974	38.35944659720346	38.3454030753645	38.28174502841476	38.175923729230895	38.11532879285771	38.05530084947826	38.06158151812833	38.086681560691915	38.10800031665482	38.14778661942753	38.21174674783117	38.30131847210983	38.40443405378777	38.49529665176003	38.59069609105215	38.70136947062328	38.749488492432796	38.62916124658524
MHW031_trimmed_clipped_R2_paired	39.255619134277566	39.262759596581276	39.328445082444766	39.42348546847987	39.54065667171388	39.547384060922056	39.4618704788484	39.46149004340592	39.5517460080406	39.5029586853167	39.53248691374288	39.5590789526002	39.497464694033155	39.48636225749108	39.4295476116945	39.39544084560508	39.31358472060692	39.206449561360806	39.07125038416646	38.905884174637094	38.722287153499416	38.555389716759166	38.425667080065715	38.287828196984144	38.167066939249096	38.09017976096336	38.02664685443166	38.01164665745409	38.00826101454762	38.03330898722452	38.078525414450645	38.15273073232214	38.229824096589525	38.30037823640596	38.39093079771774	38.52864523917985	38.607257003957294	38.511579690470434
MHW032_trimmed_clipped_R1_paired	38.895611830346226	38.68074770575767	39.19411865939038	39.23115028344115	39.20561511117255	39.31921488275362	39.370490442114644	39.39225412847315	39.44596891558616	39.40147147598121	39.54417872901331	39.58023052783938	39.527557837841115	39.52024662623043	39.55146894459942	39.55255266162078	39.52525387737235	39.47592632396766	39.46517791088207	39.501449913851836	39.47344057143903	39.49610679943769	39.50518295779919	39.4844340656353	39.466479625756946	39.44720841081445	39.43919045641121	39.43299854879547	39.41720821275737	39.40193948529964	39.38913850087036	39.38145128818266	39.374378223684644	39.36573013585521	39.35168307680975	39.345138922117506	39.31475990364762	39.26889890399469
MHW032_trimmed_clipped_R2_paired	38.408449153024925	38.92424356067238	38.97250431570265	39.201397824850496	39.36522076741823	39.43141705981534	39.338842644152656	39.36521393336123	39.45459412718097	39.43716618857708	39.48269638639927	39.52298822934439	39.48249373062093	39.49780824009254	39.474286679970795	39.48234705909422	39.45717960171986	39.429147933346016	39.41319872305183	39.38393861493167	39.35089260098846	39.322332499942064	39.32243310386781	39.29285716160767	39.270849195756014	39.24067935191814	39.21845680656907	39.19428593026114	39.16772709907128	39.14106783239799	39.13019959856819	39.109420138292656	39.095672794246966	39.071857215342355	39.06132006219492	39.07999639623599	39.053132715128015	38.986222550787495
MHW033_trimmed_clipped_R1_paired	39.00719710825352	38.845029253614584	39.20903576897202	39.23232936926903	39.427781298126156	39.442644314311714	39.29738686381931	39.331990182920386	39.43647422576826	39.38846320242549	39.53585342800414	39.56922605411539	39.519786433236504	39.51687212174421	39.54783548654457	39.547950932276066	39.522959653372716	39.476127395502445	39.462827114447535	39.4964169348449	39.47047668905976	39.494233689270395	39.503884109359106	39.484262266319284	39.466286555361414	39.44762976527838	39.44073840317881	39.435469532106495	39.41955966494478	39.40526958920795	39.393596808635685	39.38568415218563	39.379251453987706	39.37068275223596	39.35657257200211	39.34993839325588	39.32040879684869	39.2725478772258
MHW033_trimmed_clipped_R2_paired	38.69981601972512	39.00447639868811	39.060860932113144	39.254800637332686	39.408913390955476	39.46621085949267	39.37316954632219	39.39763683184739	39.483255407763444	39.46072632460529	39.50380537345452	39.54342975867179	39.50147406318434	39.517582438530496	39.49406669107187	39.501597275403256	39.476673295932194	39.44800036098023	39.431209853167346	39.40293560538028	39.37059229117324	39.342485557920874	39.34167918878958	39.31312020714364	39.29041800184732	39.26159101482686	39.23906336348192	39.21534079350742	39.189849622363376	39.16443933628168	39.153411741934136	39.13369434072574	39.119731040051256	39.09622099648114	39.08636792350252	39.10276244996369	39.075245089425	39.00687751711545
MHW034_trimmed_clipped_R1_paired	38.954102106512465	38.82601526856506	39.12166130087099	39.177039209276714	39.41928739782321	39.451019024298716	39.31688209220356	39.35952005089772	39.46266522408513	39.41688330566662	39.554090353754496	39.58742908486142	39.53649397079677	39.53146126871304	39.56173169867365	39.561454379017825	39.53463479685196	39.48790306429198	39.47805780903237	39.5129161512358	39.48665559665133	39.50878086701072	39.51794310953858	39.498253316833676	39.48044556406835	39.46229780329423	39.45421223258344	39.448204968333485	39.43212547419707	39.41688624599554	39.404875291867654	39.39658931392543	39.3898716011873	39.3801126570275	39.36551870684796	39.35912195138186	39.32812963913064	39.280815439245565
MHW034_trimmed_clipped_R2_paired	38.69156607915824	39.03682679356804	39.079272654934826	39.27251909559799	39.416012453702976	39.47205152905376	39.386546126292686	39.40988100712289	39.4904076091602	39.4695677164363	39.51100696846579	39.54876806145474	39.50791881020677	39.52339204009771	39.50167724420912	39.5092681596894	39.484744476757825	39.45769396018967	39.44114424311446	39.414345389762026	39.38274365723415	39.35540118632216	39.35575752381514	39.32704693143796	39.3051922939254	39.27649441105852	39.25378144684858	39.229911397892316	39.20391172273803	39.17881982514666	39.168238455510654	39.14802964996413	39.13222844776667	39.108979573450696	39.099193012213526	39.1146459146283	39.08675823309047	39.01865839193611
MHW035_trimmed_clipped_R1_paired	38.89480026209412	38.862404378841035	39.182672767154045	39.22113949282598	39.41646561310109	39.44441427658053	39.305820785286436	39.30551267499414	39.43624863539506	39.40086987677414	39.54485233204278	39.582137817461316	39.53044839595198	39.525251356028036	39.5542623214004	39.55329733384916	39.52657463436968	39.48252851202009	39.46832969009867	39.499328264351064	39.47453307140081	39.494563217533376	39.505799336587856	39.48675023006983	39.46847226262422	39.44952100415371	39.44208697217034	39.435489973462964	39.41957174329101	39.404869189089496	39.392548722272366	39.384183159574874	39.37765763689014	39.369314962842665	39.35501870137823	39.34817669552649	39.31843467113815	39.27146648796461
MHW035_trimmed_clipped_R2_paired	38.56591469258026	38.96415415488733	39.02022484643381	39.22831748518917	39.38928247933651	39.45052963350221	39.35678873910427	39.382307058951426	39.46964700633946	39.44808280014517	39.49261123967366	39.533418115855696	39.49102775589138	39.50655253656832	39.48393247088825	39.49151315034486	39.46654499768822	39.43960473952067	39.423360557426754	39.39492474658582	39.36231818228561	39.33338245560811	39.33380465896586	39.30512184388185	39.28299024931149	39.25398364844971	39.23169767489751	39.2069756142274	39.18131694884234	39.15488284310216	39.14375068412134	39.12362381855717	39.10936761003044	39.08551414610345	39.07597612117646	39.09270738107602	39.065283906095644	38.99669085689991
MHW036_trimmed_clipped_R1_paired	38.966558329889196	38.89314599510233	39.18947959614274	39.209943435199776	39.31232740541705	39.21533576754655	39.2457849391537	39.26231360675771	39.42472311007845	39.399163573119445	39.54631963941572	39.58476144484475	39.53563409600893	39.5257348211185	39.55779601948174	39.55155919891301	39.52242209107261	39.479606477539214	39.467621527119135	39.50047654074417	39.47483685619808	39.49435819632847	39.50588661894087	39.48650669570733	39.46909876908941	39.45050320826886	39.44206086767959	39.43627676592211	39.42058950963282	39.406330975139355	39.39417105649367	39.3858870213012	39.37986702413788	39.370814099950586	39.35764240816312	39.35113987406326	39.322099570340455	39.275419057165905
MHW036_trimmed_clipped_R2_paired	38.54902424088922	38.944889362848045	39.00810359999349	39.22508366316315	39.38420343510986	39.446821973180725	39.35585454755287	39.38028618699962	39.46599694733525	39.44571069400327	39.49050460098652	39.53099992962511	39.48878288835394	39.504385474334	39.48187375076587	39.489899874431785	39.46425886346497	39.437338540801164	39.42045211761621	39.39292767365631	39.36020425688082	39.33164153504017	39.331980093921985	39.304632347292895	39.282536613706775	39.254357859271906	39.232447854457256	39.20919434255437	39.183377945443674	39.15834853731622	39.14749495856682	39.1277385680812	39.114903624034866	39.09171504158825	39.08307987171357	39.101372702335524	39.07630500688698	39.00988697609979
MHW037_trimmed_clipped_R1_paired	38.97422083761629	38.929328782275974	39.116236297640036	39.207199648652825	39.34493297277747	39.42659206004876	39.24032905880425	39.33556594950008	39.431760664437036	39.38180328869545	39.53351932988717	39.56872854176007	39.52181036616162	39.51542701147004	39.546768850618285	39.54369835015636	39.51579325236807	39.46844921198241	39.45711657180605	39.491965524688474	39.46566996241311	39.487909569166085	39.49768169204371	39.478351712374305	39.46031921381658	39.441254302152444	39.43374002462976	39.42801005122341	39.412062124607914	39.397400523470374	39.38502391280459	39.37721993062509	39.37091088831859	39.36223559601463	39.34771691679466	39.341726081440726	39.31213658605951	39.26453396666039
MHW037_trimmed_clipped_R2_paired	38.61199772783586	38.97895946508058	39.03944403443086	39.243348186762	39.40027441861615	39.45995371255502	39.36757301996732	39.39122429089352	39.475285463031504	39.455622221294824	39.50030291842535	39.53993854292871	39.49783526394366	39.51257760088164	39.48759833412129	39.49498196996514	39.470248288747314	39.44204174010464	39.42463342781444	39.396027774958874	39.36319958189405	39.33457544184814	39.334637780650766	39.305174412453695	39.28331042067996	39.253662851759586	39.23135021923545	39.20751543193386	39.181167658746595	39.155497302361724	39.14379389858777	39.1238964773306	39.109905993881924	39.08606102109759	39.07648022850652	39.09441352366014	39.06748431327116	39.000940524082196
MHW038_trimmed_clipped_R1_paired	38.92593567708697	38.920165861660315	39.16471955082629	39.25358502462929	39.42907405870572	39.333864719198004	39.31387033247891	39.395165662417675	39.45711864434458	39.40799628711686	39.5476981013316	39.58162289262892	39.530647407644366	39.5271515009956	39.557841275670626	39.558527842021306	39.53390988698395	39.486081117069205	39.47583824655436	39.511366764806766	39.48480087087613	39.50709189936521	39.51619995421915	39.4969796368978	39.47871051636207	39.46028640188324	39.45198120248964	39.446380795194145	39.43031810844146	39.4153590780286	39.40285650041103	39.39466270672684	39.38795419407164	39.37827154618085	39.363464763948166	39.35710875030826	39.32710042381207	39.279531610236866
MHW038_trimmed_clipped_R2_paired	38.698050313736054	39.009663117795235	39.059605243314316	39.25908465789565	39.41098778229954	39.46679699725951	39.37613215194467	39.40073147481273	39.484543418463076	39.464677167178024	39.507676761840116	39.54679558474372	39.50649872212018	39.52115238488573	39.499546335489256	39.506869356039616	39.483078058741434	39.45550632135455	39.439327204489956	39.41290698840669	39.380576352934305	39.353403460202095	39.35348279658711	39.32412118829994	39.302967139821305	39.27399895193796	39.25135580722408	39.226955440186956	39.20028484566196	39.17567806935723	39.1634809883616	39.14355910667176	39.129098580804836	39.10561407306845	39.095527468192735	39.11198348256561	39.0847523173842	39.01687333058987
MHW039_trimmed_clipped_R1_paired	39.03100037970809	38.590423581151825	39.19131788630669	39.25839690326736	39.17801696259892	39.287099147491254	39.37709689284277	39.37067194163893	39.38042513895147	39.38832398803528	39.550791589336505	39.58242180695987	39.53273504379279	39.51907641315139	39.53049729207356	39.52702110792023	39.518410767919036	39.50555687627106	39.4833180259313	39.46769283026436	39.451428187004936	39.436694813355714	39.42062848884713	39.39985145324705	39.381955091350946	39.35683975557184	39.3374580610792	39.318007440757995	39.30032884677202	39.290359861948765	39.281090369858205	39.26938649964253	39.254941540958875	39.24606502750875	39.23029747859429	39.21561926492079	39.181583863652634	39.12379048712013
MHW039_trimmed_clipped_R2_paired	38.497904341658064	38.99408766220328	39.14284466080654	39.30647741199414	39.35645812148784	39.42336268774694	39.39293756374184	39.430435075135996	39.434417221974186	39.46325170716687	39.492459287759324	39.50117272016904	39.479616680474116	39.47490686331995	39.46765662000958	39.45230373732263	39.428502646012625	39.4000332383887	39.36647418405171	39.33137077327642	39.30387314598159	39.270423274622054	39.23428810316736	39.20007626343642	39.16796588446393	39.13731365508973	39.112973844580154	39.09380619217572	39.071330562984755	39.04660179270205	39.02732414093574	39.00263030054238	38.98445755037049	38.97001797763966	38.95081643971812	38.9714578222048	38.940830998270734	38.87301579630236
MHW040_trimmed_clipped_R1_paired	39.1548473341017	38.813532813555994	39.264737644021864	39.322088413115836	39.42136837242103	39.45988792215215	39.3692027921763	39.359947708862066	39.418898131418636	39.41808095082783	39.57384766144857	39.60333352281434	39.55782679241668	39.5430169375193	39.55535450829908	39.55119498859274	39.54251192468431	39.531084474987495	39.51132224446225	39.49631822553014	39.48125421849803	39.46763199164975	39.45301961100862	39.4331134077668	39.4177033024519	39.39360237255413	39.37446249767413	39.35609719854802	39.33952007331213	39.32994570642553	39.32077926919935	39.3087430761903	39.29464273886005	39.285305288425185	39.26875481204833	39.252529315973206	39.220102010136166	39.16268301680226
MHW040_trimmed_clipped_R2_paired	38.83485658393207	39.19605886270108	39.30115345460394	39.42423931967357	39.460077567372274	39.513285637205435	39.48439409439489	39.51531420411755	39.51847153396444	39.53604348516305	39.55972591884711	39.56499189532743	39.54352469992925	39.53814410054885	39.53060228399321	39.515688704190865	39.49245290582009	39.46578595938072	39.43463400637315	39.401413134850294	39.37478776171427	39.34380347970193	39.30928270876455	39.27794574980623	39.2467238715335	39.217464879007196	39.1944478101856	39.176012243968344	39.15331650143218	39.12899009536883	39.11008300774505	39.08442324587925	39.065699015785164	39.04956701301543	39.02859190721269	39.04578134638508	39.01392032075387	38.94746981879445
MHW041_trimmed_clipped_R1_paired	39.069405375055666	38.768545525732435	39.20469497923431	39.230503936522396	39.37211019653651	39.435061331813756	39.36253118836888	39.37258243342357	39.4263641439739	39.425328963569065	39.5749272316266	39.60376630251331	39.55590172154368	39.54216213286364	39.5536810027289	39.54970557030441	39.54113244116949	39.52962240351352	39.509860006576005	39.49584098946302	39.48178373555913	39.468183003985544	39.45440429072161	39.43495529437097	39.418832966576986	39.39507058054018	39.37748643869746	39.358440911534935	39.341215347339684	39.33092898415846	39.32212111733968	39.310399376417976	39.296190953881855	39.28571801290509	39.26979313341511	39.25329557078865	39.21980467178636	39.16120397659099
MHW041_trimmed_clipped_R2_paired	38.82073878731179	39.173917209492906	39.282446235839245	39.40962826004268	39.44796618076288	39.50122682070133	39.47236002551604	39.50333530955237	39.506884144702255	39.52507862060389	39.54924720792176	39.55468072235554	39.532395620372505	39.52786479822829	39.52098007498102	39.506082272722395	39.48375820960775	39.456749853096966	39.42591129475152	39.39336409942647	39.36839676041031	39.33720733367686	39.303927817892124	39.27313024660536	39.24195771447736	39.2134024200493	39.19076160572157	39.17253389672168	39.14963851102219	39.125731071391314	39.105786052386335	39.08179565326471	39.063008070820075	39.047972398763264	39.02719563531902	39.04435787581039	39.01253223241351	38.947617732699086
MHW042_trimmed_clipped_R1_paired	39.010827721006955	38.78361665801116	39.21831342076693	39.26926776191378	39.39415943362024	39.43558033609217	39.32669396499417	39.304112785229954	39.3881004088897	39.40796541464418	39.56471088100346	39.598490680471734	39.550830524253435	39.53538157421073	39.54573408253498	39.54036439846988	39.53110139376832	39.51859994100628	39.49848209479439	39.48327102220983	39.4697260567281	39.45496807945324	39.440380152297266	39.42055634899509	39.40401767434415	39.38046577287084	39.361425100786484	39.34453963496852	39.3275034293956	39.3184409152563	39.30860447672053	39.29828588604171	39.283931097624375	39.27441821553204	39.25863182757449	39.243411693861326	39.21077042564141	39.15456098783395
MHW042_trimmed_clipped_R2_paired	38.63700939325021	39.092503209302734	39.22230096151865	39.365038154586465	39.40925413788266	39.46931839710728	39.44184015855012	39.47259029703142	39.47853263778371	39.50048761466722	39.52564078764806	39.53214761081623	39.50939630200121	39.50372392626957	39.49649499277499	39.48117388699917	39.45807424590324	39.43043204906881	39.39853067488733	39.365476485113426	39.33844403296591	39.30690375000311	39.2725180883649	39.24023869844406	39.20956432987407	39.18033539179562	39.1579139855177	39.13928614480687	39.1177584185696	39.094943945452954	39.07601278026404	39.051362689662774	39.03390893616583	39.01889080396868	38.99810769094391	39.017425883083625	38.98755480448617	38.922871623162834
MHW043_trimmed_clipped_R1_paired	39.089667536598924	38.780921386823536	39.21438178284736	39.27303843044182	39.32243723440481	39.21900913687296	39.26109113349086	39.25605377931293	39.3705228194778	39.40213470421979	39.56236985275122	39.5980070495251	39.55202418917912	39.531461677236884	39.54543226489739	39.53433097847717	39.524796715117645	39.51309272981656	39.49424895651415	39.47842711782165	39.46411245113807	39.450227902523544	39.43578688952503	39.415836436313846	39.398972596784816	39.3752424135118	39.35610229806669	39.33845808709389	39.32120314160274	39.31217293741755	39.30227975939157	39.29154449239363	39.27744617358976	39.26751896114219	39.2522604848401	39.236146755493714	39.20330172570911	39.1473390055578
MHW043_trimmed_clipped_R2_paired	38.61544329369602	39.07693445245904	39.2079789189005	39.35439011146456	39.400695517998884	39.46158813148232	39.433126480266885	39.465067202288566	39.47048276286313	39.49331103695559	39.52000337003409	39.52680801964603	39.50393907841394	39.49870965637914	39.491266189300035	39.47534564009644	39.45234283497062	39.425015436515345	39.392699979353466	39.35903747080521	39.332722160859	39.30121922044515	39.2660475728153	39.23466205951909	39.203003142083695	39.174063913722776	39.15071231425583	39.13341960407799	39.11127588018678	39.088325424959024	39.069086347990485	39.04477715755248	39.02688895000612	39.01196718534683	38.99193326863815	39.01255306922552	38.98232688635083	38.91768911436233
MHW044_trimmed_clipped_R1_paired	39.185914404735485	38.88266180973399	39.19296988519711	39.30617319235072	39.37640725151791	39.45914140646812	39.31309532086321	39.37431669340118	39.42314156500046	39.42002336651477	39.57567474656836	39.606410262707435	39.56117434855351	39.54482843878466	39.557167526629534	39.551027489456416	39.542334009400506	39.53060271708788	39.51232293147069	39.498004595814514	39.484265912343616	39.47046156310306	39.456641001376546	39.43680664792564	39.42002570741122	39.396078650067885	39.37732578429677	39.3584533997212	39.3402443973873	39.330062741803864	39.31983366255	39.307463314834656	39.291855341325686	39.28188351170191	39.26413417218666	39.2475083142415	39.21286291209715	39.153466526915246
MHW044_trimmed_clipped_R2_paired	38.91000811982388	39.22776385071927	39.328701440580566	39.449740481869156	39.48146175787755	39.533961959931595	39.50467887364804	39.53528114205883	39.538292559938206	39.5532888703644	39.57517327964326	39.57965114094195	39.55774310202101	39.55195796611073	39.54419863747496	39.529593764830096	39.507797963057975	39.48191750462981	39.450348800768644	39.418472383082374	39.39321650867465	39.36208232273667	39.32902103040992	39.29771086289136	39.26660569805109	39.23745646992836	39.21351991356954	39.194773732863865	39.170763792345056	39.14556499619751	39.125359931372635	39.09937495792924	39.07969036885942	39.06228124439163	39.04071770096725	39.05589104357363	39.022895010785476	38.95450091896884
MHW045_trimmed_clipped_R1_paired	39.123357045395544	38.86117920720922	39.21447106373777	39.33418375237689	39.4162231748737	39.35904604168911	39.36193294346323	39.42151210922898	39.439593384091715	39.43684942492339	39.5819970509641	39.609497212622614	39.56200403321156	39.549696908906206	39.561175698898424	39.55823417243712	39.55178198139737	39.539815133923355	39.52087807570658	39.50663676750787	39.49319756108805	39.47925596655555	39.46549124566434	39.44684247085782	39.4301080778521	39.4069231097222	39.38818790573273	39.37024523963041	39.35270022578507	39.34214724994589	39.332128484011676	39.32015509785	39.30516500360959	39.29468280957479	39.27794164466995	39.26130135121603	39.2264612126396	39.16741893270803
MHW045_trimmed_clipped_R2_paired	38.925428244875	39.23365110320303	39.33175757074922	39.450989959584	39.48214548077867	39.53212844767855	39.50435421369434	39.53426798030349	39.53718080619364	39.55142289027889	39.57323170746979	39.578502685325034	39.55661773221137	39.550923981881965	39.54448839868618	39.53043246740835	39.508528890805856	39.483118990289995	39.45253448702383	39.42138723925181	39.396831195052926	39.36655612368287	39.33330785682409	39.30410261899868	39.27347461768481	39.24485388638353	39.222162805361805	39.20422171349206	39.18093127783261	39.15748017350093	39.13741656519201	39.11205389372789	39.09278180907063	39.07676726301662	39.054213316615765	39.070035418924434	39.03826045917919	38.97100124780076
MHW046_trimmed_clipped_R1_paired	39.021248297349175	38.73777336949945	39.1741941005549	39.290152402142176	39.29327702867534	39.419331343569205	39.360583685144455	39.30782152142289	39.38932257069483	39.41002310229103	39.56786039376773	39.59819259225207	39.54962911461702	39.533964467370026	39.544282140520714	39.54054309396038	39.53156561493224	39.518463598183814	39.497613128998736	39.4811870802951	39.46731762947204	39.4522553224394	39.43770161986548	39.41744948781917	39.40102152159619	39.37706529251004	39.358842783728974	39.340615137522946	39.32313204497054	39.314496941358016	39.30474031708981	39.29367648827839	39.27899248337771	39.27009974647458	39.25398196315954	39.23874215100645	39.20566551342317	39.14746754069248
MHW046_trimmed_clipped_R2_paired	38.76022494688742	39.14639455086985	39.26262496423578	39.39447962355449	39.43484791780665	39.49102672877461	39.46130611832573	39.49241890199634	39.49663328759405	39.516639541455895	39.53989777884182	39.544896952793145	39.522305339784936	39.516148918518695	39.507950263437564	39.49208556230447	39.46860698684874	39.44081295370975	39.40889653038733	39.374889923512214	39.349127700765386	39.317591368282685	39.28300582443978	39.25104676752361	39.21983169558416	39.19071485240065	39.16748744691144	39.14981900863831	39.12734519908304	39.103928988037694	39.08472456223114	39.06049915518072	39.04239891233019	39.027770372097336	39.007612383101275	39.02637110540959	38.99531288790786	38.92803867194552
MHW047_trimmed_clipped_R1_paired	38.98818696826858	39.02040817647643	39.28202061503148	39.266890571706796	39.37397523010124	39.28814855075743	39.3282219245128	39.34217260001658	39.48568398216057	39.45494299744145	39.58099660699377	39.61562578679857	39.56473180610469	39.55604646548271	39.5855009437578	39.57962186590164	39.553590459182985	39.505737083745586	39.49669678426082	39.528161106660455	39.50338528122335	39.52236853897962	39.53221875037614	39.51227637497018	39.49525748799936	39.476928631220446	39.46948657959507	39.46269419844755	39.44602600158639	39.43122440567814	39.417851275108305	39.409994194484845	39.402055145057524	39.39192869964113	39.377133328048515	39.36944214012143	39.33795405507775	39.28647987267989
MHW047_trimmed_clipped_R2_paired	39.001189314673006	39.213846697600886	39.25111915018151	39.40672233697549	39.52292918951385	39.56502732901715	39.4781972300975	39.49127971635801	39.56674351872823	39.549956726075685	39.58317795167369	39.61493066006336	39.57738835513675	39.58529378781922	39.566575466473545	39.57046607865988	39.547611561341206	39.521315704617884	39.50567868443519	39.480575668528886	39.45077129481747	39.42417831623855	39.422197718004966	39.39445075124297	39.37312377314053	39.3464608348699	39.325509231944714	39.30206063264747	39.27733947572792	39.25308279013192	39.24186499447101	39.22250039760728	39.208653701510016	39.18543022034235	39.175109377405725	39.18742757977835	39.15998886313773	39.09415160044001
MHW048_trimmed_clipped_R1_paired	39.13344502694816	39.0272039015628	39.164133439839624	39.23609449668853	39.389376237704454	39.459899367746544	39.28910744600892	39.38471557140546	39.477576853541	39.4202875742185	39.55341789945017	39.58096363668531	39.53516339063821	39.53394022768533	39.5673303208267	39.56721046650753	39.543698813013364	39.49430089906546	39.48575880671906	39.5213405982001	39.49675243980596	39.518938195076075	39.52768778516309	39.508631094086375	39.49193506260544	39.47480989921499	39.467513520085575	39.46151446714722	39.44483847022034	39.429827305125116	39.41750832181679	39.409404092001374	39.40238943984895	39.39198477020076	39.376799281693344	39.369410860109966	39.33720794525848	39.28596837037062
MHW048_trimmed_clipped_R2_paired	39.05749632116971	39.24467764941534	39.27867261999901	39.42538321128455	39.53823358504028	39.58034729876457	39.49078281551652	39.504446792985135	39.58003406436709	39.56233298696594	39.59553442013008	39.62616429480384	39.58918852407272	39.597346732754964	39.5773406720577	39.581110248579066	39.55839487325045	39.53219772609303	39.51608581788702	39.49116772618008	39.46141016189306	39.43630011383754	39.43338524419035	39.4053770657017	39.38411368548852	39.35750568474716	39.33756371507238	39.313693296273414	39.2900478868206	39.266078539085974	39.255500686686204	39.23499300430432	39.22147693344958	39.19738717108576	39.187408032795915	39.198869735737766	39.17143790190342	39.10407761250533
MHW049_trimmed_clipped_R1_paired	38.977111433298376	39.00610294873296	39.21033187687062	39.3090146807359	39.47509677048704	39.37467722818694	39.3638276523799	39.43484489403295	39.49418662499228	39.44442771608759	39.570057323192465	39.59850779012014	39.54701252738221	39.54459257649461	39.57370287238583	39.57351382285991	39.550416884771685	39.498066198355204	39.48879533360388	39.52368711503555	39.49833726194547	39.52014794830124	39.52748642195957	39.50841369100038	39.4913297986614	39.47310188475635	39.46597811286917	39.459788893497475	39.44284815681142	39.42851940664256	39.41599454846739	39.40737725195051	39.400391047430354	39.390782853979644	39.37571638453475	39.36877666374662	39.3364688250068	39.28386947324066
MHW049_trimmed_clipped_R2_paired	39.03522840292263	39.21997479687568	39.2607598891141	39.41169406562851	39.52698738404645	39.56781065490099	39.48058133906927	39.49349703273068	39.56784369881606	39.55096376058473	39.58404356644091	39.61486035871586	39.57693914651807	39.584945546251845	39.565653107347245	39.5679372504676	39.54523851412163	39.517867320907	39.50116217790979	39.476342252022874	39.446587072085165	39.42122580737775	39.418895226200235	39.390984020227265	39.369891469922024	39.343061673230395	39.32238585254892	39.29918212078899	39.27499816518908	39.25167251678404	39.24174020045509	39.222609120514775	39.2091618653411	39.186310138870766	39.176628050533026	39.18889585390035	39.16200108899991	39.09438600259545
MHW050_trimmed_clipped_R1_paired	38.93709698625876	38.85355713324184	39.1908611359958	39.276707352823806	39.33135867369099	39.47561174531194	39.39807835139411	39.36111627457357	39.47931506501252	39.44045335913362	39.56943717739226	39.599624252363085	39.54530280343772	39.54370661431204	39.571692495397784	39.57364814684014	39.548343939482024	39.50060001367593	39.489742326955444	39.52150030321502	39.49682400045454	39.517161163817335	39.52651103530367	39.507949228341865	39.49072788637882	39.47261750519759	39.46542897807035	39.45909716213889	39.443085124530384	39.428220338133784	39.41595512204789	39.40810002108982	39.40088470770596	39.39096987185343	39.376173896491636	39.36935654364423	39.33655160657098	39.284089020660495
MHW050_trimmed_clipped_R2_paired	39.02628532426046	39.17460880736242	39.224450833096704	39.384006582645355	39.5013200037102	39.54422874136689	39.460122847698024	39.47660381852845	39.552738941652926	39.53773697654155	39.57308231641777	39.60629872733184	39.569545965183956	39.57942396168305	39.562401097600784	39.565184949852245	39.542787539880834	39.51623774612951	39.49996689163528	39.475806463821236	39.44680755335004	39.42027093394491	39.41863642825093	39.3908346387734	39.36999542940357	39.34238580579099	39.322862067802276	39.29935175782309	39.275358173745246	39.25116426481528	39.24202534455488	39.223148763502515	39.21063147036823	39.18787816591967	39.17913806152162	39.19146788542709	39.16384212581919	39.09397647532336
MHW051_trimmed_clipped_R1_paired	38.92677301854279	38.74730143481902	39.225551610165816	39.25550761197529	39.24382673910501	39.34769067084918	39.38474345913397	39.406700576197835	39.46500984215539	39.41738587731862	39.551989687441754	39.58593966938022	39.53187510537123	39.52497647038439	39.55475039378782	39.55698777790298	39.53073010584387	39.476809933546434	39.46752930011763	39.505263636026314	39.47840060232486	39.50061077175165	39.50900502462463	39.48814862641591	39.47066641025388	39.45168425630105	39.44334791985288	39.43768195604937	39.42065434699744	39.40483515458087	39.39301813198351	39.38408882452082	39.37720815442685	39.367206219399904	39.35282977605563	39.34590735530644	39.31430146529013	39.265800874921496
MHW051_trimmed_clipped_R2_paired	38.72092493081435	39.09952416148454	39.13315022882202	39.32331429452475	39.45692984954883	39.51251939748777	39.421120824199114	39.43801821597306	39.52027343964908	39.5040157291498	39.543185311917604	39.57665962060399	39.539421240080266	39.55008762285326	39.53024873332329	39.53472080959749	39.51258264969481	39.48434596478998	39.4695141102933	39.4422159823815	39.411132339696294	39.38322377841101	39.38275347186654	39.35341404469683	39.33121583997905	39.30284469809705	39.280523733365726	39.25678517795083	39.23091649331499	39.20477537331705	39.19326427323834	39.173150683579436	39.15876927983133	39.13438310811438	39.123795395226495	39.1372070257256	39.109987522986906	39.04398002049184
MHW052_trimmed_clipped_R1_paired	39.00554439971456	38.830258131989105	39.200638931137085	39.21682475201006	39.42103551832092	39.43184486681152	39.2788236572715	39.31805622111936	39.428480992594174	39.373933899974375	39.522376584691656	39.555238698106145	39.507284705158824	39.50646329254672	39.539188587698845	39.54181800251641	39.516121010607726	39.46696239614732	39.45394921025196	39.48924089634535	39.46251247943347	39.48662650665797	39.49570739211224	39.47523220389212	39.45698328874795	39.43761752528518	39.43011201184	39.4240828580393	39.407239965836155	39.3912437644851	39.37937173624151	39.370856234851516	39.36464546892131	39.35545040812001	39.34138890136527	39.33488882147065	39.30396810729167	39.255354580862125
MHW052_trimmed_clipped_R2_paired	38.81349603399639	39.07781714930037	39.13104983741015	39.314380671601626	39.45479792599701	39.50827504900188	39.413727056494174	39.42974186739512	39.51302375853632	39.49601800005925	39.53701806222612	39.57188106669382	39.53295660747246	39.54603275825028	39.52582740812214	39.53133078430629	39.508007898001246	39.47993742442678	39.463982738906466	39.43597498194504	39.40421880490352	39.37583024654037	39.37475459968239	39.34596545512158	39.32344353312793	39.29469341057242	39.27162894269482	39.247333608779755	39.221010973349436	39.19555522160152	39.185109962388466	39.16463181883488	39.1497228043576	39.12607696680662	39.11655141954335	39.13126434788291	39.103211165838275	39.034171404102075
MHW053_trimmed_clipped_R1_paired	38.95037162021278	38.83703491241895	39.12104684201497	39.183300619383104	39.43063840348355	39.45711290650975	39.3079702716259	39.358765389657634	39.46402120454649	39.41568053830879	39.54982688717287	39.58156660978364	39.52984801283991	39.52528601578577	39.5550813270158	39.555466924747556	39.52828021655272	39.47646013274881	39.46749942441231	39.50367763548519	39.47725188157362	39.49918665720694	39.508390836777195	39.48796256676544	39.470634345001386	39.45240189874589	39.4451651947346	39.43948841616593	39.423599489533444	39.4080541155695	39.39613634401971	39.387605230091964	39.3823450661281	39.37229573085739	39.35825919535249	39.35175933286466	39.320543143114946	39.269402210478546
MHW053_trimmed_clipped_R2_paired	38.90503525394586	39.13331008425458	39.18306418243421	39.355480716357114	39.47818855580014	39.52766723451302	39.44239237810672	39.45525324292664	39.530280740957174	39.51667256341884	39.55452478903727	39.585344652189676	39.548112217525954	39.55823928420351	39.53968408723629	39.54223496443136	39.519540512800624	39.4908112317505	39.47606773427638	39.44909852737474	39.41871559455281	39.39204239002044	39.39103819310314	39.36259092631136	39.341365737843276	39.31398477287405	39.29314857732082	39.26988442314412	39.24482435322812	39.22031957774967	39.21051064963421	39.19060805850083	39.17637622433371	39.15383496790447	39.14508671803644	39.15878249441016	39.13199216632158	39.06475855306299
MHW054_trimmed_clipped_R1_paired	38.90563399813459	38.87407941435168	39.205996659562665	39.231418262181755	39.433385118035865	39.452994312654035	39.32190568348713	39.313926718330194	39.44053888803125	39.404193467162386	39.545356859461215	39.580863107395416	39.52689213603445	39.52094092450193	39.54778949276818	39.546325376998176	39.517881313650555	39.46945321261787	39.45601657016014	39.487642208325745	39.4621609245771	39.483057236539494	39.49361583023849	39.473612073637796	39.45606919942681	39.43764239620714	39.43006043328733	39.42484442264457	39.40886953986098	39.39443088500583	39.38278807630102	39.37520180003568	39.3692552110014	39.36068334928249	39.346683914929116	39.34085773624367	39.310997320724724	39.26128649612288
MHW054_trimmed_clipped_R2_paired	38.80824670495366	39.0759211689266	39.14718283209358	39.32092655806769	39.46283717526227	39.513529944703826	39.42380686286412	39.434852873023395	39.51533027233451	39.496830426428666	39.53712091327998	39.57022987810527	39.53071256713455	39.540817659185834	39.52044807910728	39.52328205392235	39.49909000078975	39.47046729858236	39.45384884707588	39.426046033537276	39.39479629700757	39.3653034293405	39.36522356628666	39.338141896864705	39.31637556656826	39.28900254397192	39.267494211420704	39.24509496080142	39.22025437526364	39.19585252283405	39.18569264603263	39.166785042965444	39.1529463082789	39.13011539651986	39.12141652977682	39.136982653855675	39.11089952242945	39.043329577726
MHW055_trimmed_clipped_R1_paired	38.98758426850624	38.96469260497714	39.25693014337277	39.24558731266024	39.350595538067736	39.258869030311324	39.297960006770666	39.31421029718474	39.46026412740207	39.42790589818682	39.56094775672012	39.59676114430831	39.54606849574585	39.53709200382796	39.56760053258607	39.56318923882261	39.536301836090914	39.48721317496616	39.479099165049796	39.51237667744462	39.48734995475975	39.50691279487655	39.518982559351876	39.49909214222501	39.48209805182235	39.464170339531755	39.4576443972815	39.45184186479467	39.436372855900125	39.42189000405721	39.40965004775325	39.40177458330072	39.395716955168666	39.38681778228962	39.37208082996067	39.36534214895524	39.333987986442224	39.284519918152135
MHW055_trimmed_clipped_R2_paired	39.03084847198658	39.20174383874608	39.24065595968606	39.3961077982225	39.51684117528197	39.56081448357702	39.472547399906716	39.48475066893073	39.55956241967612	39.539655419047726	39.57421227522367	39.60578636310211	39.567093449893406	39.57621070996146	39.55722180486836	39.561637040884854	39.53920048105802	39.51154225727083	39.49649860586589	39.47195102834144	39.44271145367654	39.415506930381056	39.4152925463802	39.388776785152444	39.36790394582792	39.34118042693519	39.3208149418638	39.298340149436804	39.275054566790715	39.25045974379462	39.2410240821073	39.22230611887895	39.20908401835967	39.18652551886619	39.17713624248123	39.190526716799596	39.16310510521964	39.09841597284668
MHW056_trimmed_clipped_R1_paired	38.9843394223074	38.94910287431836	39.116743386783135	39.212802219299675	39.35203508421305	39.43553093415336	39.24601199153761	39.34033926115865	39.43826939673542	39.385322533541625	39.53180607480856	39.565515608569584	39.51640137204013	39.50998177332892	39.53955851841151	39.53710323085865	39.50810855310467	39.456656610771354	39.44696874680699	39.483539889739646	39.45638255063069	39.47913766655086	39.489795871426985	39.46942542598203	39.451977795728766	39.4331538970034	39.42594877917444	39.420119619379875	39.403919896378355	39.3892138339635	39.37784627427965	39.36979004715089	39.36374457318868	39.35485739299658	39.34065615259438	39.33386998731324	39.30259810285999	39.25419411357802
MHW056_trimmed_clipped_R2_paired	38.74829416391507	39.0728018455595	39.121003984301645	39.311025968374665	39.45331534276467	39.508154688390356	39.41611649530163	39.43166278576793	39.5134489633743	39.49663671525866	39.53759757014038	39.57112753403734	39.53265517776232	39.54311053415768	39.520780763333335	39.52512464535452	39.50175407623678	39.473505280522865	39.45740847337493	39.429197133109085	39.39870155206461	39.37029464705199	39.36971121706362	39.34216877550615	39.31983230188139	39.29246780700461	39.27108360797573	39.24817889119786	39.22274231153706	39.19814399036509	39.18719278869891	39.168008869149936	39.15417196910365	39.130643312682764	39.12110071554993	39.13605173722823	39.10995705823939	39.04246170797867
MHW057_trimmed_clipped_R1_paired	38.91826052893399	38.94438441620046	39.16678031351385	39.26333265154445	39.44192397944784	39.346290011992814	39.32551150575037	39.39968746999122	39.46132909973913	39.40986515032883	39.545029537444144	39.57699753412959	39.52432377527872	39.51856332404769	39.54918700934991	39.55022919396294	39.523703269383034	39.47076481322716	39.461328598605306	39.498340580850524	39.47135746799367	39.4943984129939	39.50383653448482	39.48403797927314	39.46693704748054	39.44872331411442	39.44109694211723	39.43601932617783	39.42003840557307	39.405335984692975	39.39379341380361	39.38568790654367	39.37960913112205	39.37034661086862	39.35575568702948	39.34861916445143	39.317580032767715	39.26881651695356
MHW057_trimmed_clipped_R2_paired	38.899767650033745	39.13458499981675	39.178457315555555	39.34886074324351	39.47976393455652	39.52992582794326	39.43993425352292	39.453660278275834	39.53158975311317	39.513898495971105	39.55192858573929	39.58471760521241	39.54587230978264	39.55567523692754	39.53537331441152	39.53867998758345	39.51582182416915	39.48770700452578	39.47258971379808	39.44569558869078	39.41580234436431	39.388560970243184	39.38867434227179	39.360551358449015	39.339386641541296	39.313294409626266	39.29178328770925	39.269975423693325	39.24465740801685	39.22094826266732	39.210801203883406	39.19199645003886	39.17826969515608	39.15583148947886	39.147333462556915	39.160753309461086	39.13443432503713	39.06820709458728
MHW058_trimmed_clipped_R1_paired	38.89935698317444	38.8042185791549	39.14621408008184	39.23833223377654	39.298719543994075	39.444821688380515	39.35556098834752	39.3150209523222	39.447050136100714	39.40701973578187	39.54721527678968	39.579276963911866	39.524928701526946	39.5202666658342	39.547616906211076	39.54964529513055	39.52170009775595	39.472399909796714	39.46125463348001	39.49420839703812	39.46864616788684	39.4895002781593	39.50104505934667	39.480831454581555	39.46371990491785	39.44515561262019	39.43835134540227	39.4326823642454	39.41664925127027	39.40189729938828	39.390193067029614	39.38242155285711	39.375854169236035	39.36691920854037	39.352854702147766	39.34585820042941	39.314608851509526	39.26448327635657
MHW058_trimmed_clipped_R2_paired	38.83484602143484	39.07916920887033	39.13161925703743	39.317968117414004	39.45515021119315	39.50676458000667	39.4203538122434	39.43554714954259	39.51773446947679	39.50353603178168	39.543095489556606	39.57687088215721	39.53900983472067	39.54990711746153	39.53122303675154	39.53453448748037	39.51125617056253	39.48329941827729	39.467909749821686	39.441764887807125	39.411884466011344	39.38440667833165	39.38397823748579	39.35648299204159	39.335433593239415	39.30852283389368	39.28735799647386	39.264810095230835	39.23969420784852	39.215227650351224	39.2056793638827	39.18678665601144	39.173006266946174	39.15075122378719	39.141270658586464	39.15627308496423	39.12862119662593	39.06233951999793
MHW059_trimmed_clipped_R1_paired	38.90254210877158	38.68944282175842	39.19642318413159	39.23310957777898	39.2135632773651	39.32153737613352	39.36407178568475	39.38682219466498	39.4440407670554	39.39603497841713	39.53844192420895	39.57448125174536	39.520205613050614	39.51236343961786	39.54356937058164	39.54477808902449	39.51702734645761	39.46217186667698	39.45315221120287	39.49229585245166	39.46448049915521	39.48785965367578	39.497588620477615	39.476026836003726	39.45875492206003	39.43909767115396	39.43206609875831	39.425751678941374	39.40954445811032	39.39376651959181	39.38105216307883	39.371653749173404	39.36519105911226	39.35418961010078	39.33902940543749	39.32975154199802	39.29812337325594	39.24794016930641
MHW059_trimmed_clipped_R2_paired	38.714638299161884	39.05404702228433	39.09393621747238	39.287768763151426	39.414287871859436	39.474228728035165	39.38363734466713	39.40284163661254	39.481484138445694	39.46675560198595	39.50417057528089	39.538411348983075	39.49483333164953	39.508267139085476	39.48553866656845	39.490792255447026	39.46618794211908	39.43809917198796	39.42072853533926	39.3936664910436	39.36057045922492	39.333860034765095	39.33310941195307	39.3045927646702	39.28163919044208	39.252671037205495	39.23131613880496	39.20734378210693	39.18206479843536	39.15564115779449	39.144743600937446	39.12414398950881	39.10980641289366	39.084222045907076	39.074056718792534	39.08960575545555	39.060534797827565	38.99077885670304
MHW060_trimmed_clipped_R1_paired	38.98091777116913	38.812212662965614	39.184310643236174	39.207449444205025	39.41022860264042	39.42394482083331	39.26705317919353	39.30196262806525	39.41378133061727	39.361986852436516	39.51640241681071	39.55176316136338	39.50140326529352	39.49676340001567	39.52863340485802	39.52820550316826	39.499770972146294	39.44759778315806	39.43419983758531	39.47049036309093	39.444590881405254	39.47039282024487	39.47994021122344	39.46030454095715	39.44227523719098	39.423073331883096	39.415794101067306	39.41082060803891	39.39438201337775	39.38023710391822	39.36834053893488	39.36065738912287	39.35441697085014	39.346181075151875	39.331335983216256	39.32495141989564	39.294504509573535	39.24420761302078
MHW060_trimmed_clipped_R2_paired	38.82100851422777	39.04693970451475	39.105421442053256	39.286168615434605	39.42160260714324	39.47709064743019	39.38231216182436	39.40058651656118	39.47929698546791	39.46169049938506	39.50098121997465	39.537238771231834	39.491636075180615	39.50489135330983	39.480439751062725	39.48577678729322	39.45996364139955	39.430758188774675	39.412269516679864	39.384367178561014	39.351458852036465	39.3232849304031	39.32278991520946	39.294283946406594	39.27166938569506	39.2435755314207	39.221383211928256	39.19781705891462	39.17221532680951	39.14702454148807	39.137734458668966	39.1175955043848	39.104298208112745	39.08075024701145	39.07163958102237	39.08872774314157	39.06169252800862	38.99321471039391
MHW061_trimmed_clipped_R1_paired	38.89108806905999	38.78488677783011	39.08008644795431	39.12527619168316	39.38277933768817	39.42363963064193	39.2647947958039	39.31724363250804	39.43173386559882	39.38331060971015	39.52999561955532	39.56596750375435	39.51275355743543	39.50661775535295	39.536952480152294	39.536294112666226	39.506980394755104	39.454368466998815	39.44562459434072	39.48366320446654	39.457037397736045	39.480099893276474	39.49156108585486	39.470617771472426	39.45309726952889	39.43339656315531	39.4268359109656	39.42131416986168	39.40428658456271	39.388815807623885	39.376878893062866	39.36823727813201	39.361701342017916	39.3520374766088	39.33673690276489	39.329123568503675	39.29766953196929	39.2499861033715
MHW061_trimmed_clipped_R2_paired	38.695544243143836	39.01536831994642	39.062154864487866	39.26182556923846	39.39716982525476	39.45837339440336	39.3669554697036	39.385809926774925	39.466740648750914	39.45325376798146	39.49252594103642	39.527717040395785	39.483059744983855	39.49799678902713	39.47490435806731	39.481061062527125	39.4551822183413	39.427355199570464	39.410200729933386	39.38334053377283	39.35020617491656	39.32297215318503	39.3245409051331	39.29625643349079	39.2739713075551	39.246215785212314	39.224543769996345	39.2006467205992	39.1743978580014	39.149299806047445	39.1390341541386	39.117860366968344	39.104612762500885	39.080795997270215	39.07174034087448	39.08714872864416	39.06072485093553	38.99344324995858
MHW062_trimmed_clipped_R1_paired	38.899551577165305	38.855114383735184	39.18063200721362	39.21357107901642	39.41178505674705	39.44013167035853	39.30008866504378	39.29256500416312	39.42817241481948	39.39092757673107	39.53595353117766	39.57405929091867	39.52123322776086	39.51515982466929	39.54405230039877	39.543380764627614	39.51530385309144	39.465842358476145	39.45414699818747	39.48836170791	39.46389254808776	39.48564815445401	39.4984975631408	39.47792126970678	39.4610711601854	39.442306980409384	39.435185593121524	39.42935598056226	39.41330263345105	39.39832048248698	39.38639097032433	39.37819136507683	39.37144418617747	39.36187213126267	39.34678133255365	39.339227359200194	39.30829025232371	39.26023221164634
MHW062_trimmed_clipped_R2_paired	38.81716423293278	39.07697439454232	39.11920881828922	39.29968773809507	39.43081341116479	39.48710842428291	39.39103200513938	39.40991078861057	39.49053924256893	39.471194458956724	39.509688196944786	39.544084274722536	39.49832247511644	39.511530413395384	39.4900561429732	39.495853299013206	39.47104109318663	39.44391894395341	39.427283396577096	39.400729119758424	39.368308675844595	39.34112816672927	39.34121612481819	39.31463708133467	39.29258098754327	39.26490077266819	39.24298594213272	39.21919167271032	39.19354805079734	39.168962052112	39.158784662641565	39.13846389085841	39.12477504611991	39.100733607942644	39.09131550101308	39.10690617033535	39.079619619850064	39.0130821596598
MHW063_trimmed_clipped_R1_paired	38.949925113590076	38.87460577807407	39.16865053307587	39.185083926523355	39.29815144791397	39.19732245472781	39.22963561418907	39.23543310828184	39.408268628098284	39.37972145694675	39.53004092530964	39.57067040108052	39.51911584384326	39.50803002347885	39.539276030980645	39.53254522735032	39.501268448745165	39.452549823415474	39.44265860580573	39.477463592515505	39.45194543044232	39.47293955545123	39.48580075119277	39.465381513349115	39.447047924103884	39.42812889969529	39.42034128970305	39.41461564947798	39.3977442728108	39.38231426216836	39.36998259047111	39.36174562487034	39.35527018444584	39.34589743407694	39.33147592851001	39.32397099520879	39.29346936932227	39.24425094776387
MHW063_trimmed_clipped_R2_paired	38.6876408261916	39.014619832822845	39.066812901758965	39.26590246521731	39.40352724327209	39.46374563946439	39.37049690070789	39.38846814902896	39.469922774177995	39.45407171751324	39.493374321728865	39.528757486718646	39.481821186096404	39.494921920457486	39.471450929307274	39.47796126522836	39.45195995874576	39.42400286234912	39.40670499287167	39.37890515741928	39.34582927930781	39.31814284651248	39.31873862294658	39.291266233655925	39.26841548926254	39.2401045934788	39.21895765727437	39.195012448641975	39.16891911169742	39.143431181843425	39.133638167944845	39.11320530770907	39.09927897302706	39.07615784895216	39.06765190082005	39.084898398762725	39.058376415143236	38.99144014762244
MHW064_trimmed_clipped_R1_paired	39.003068393557456	38.91592065556927	39.10211566933454	39.187747239103956	39.3336166873464	39.41193289373088	39.22263443740278	39.316457583565395	39.41822469829242	39.36154034630455	39.51597332363663	39.55128156700562	39.50409666225043	39.49952719604819	39.53133609237881	39.52900155832596	39.5000740776869	39.44730747501613	39.437825184277855	39.47565605612313	39.44945917309984	39.47350787696856	39.484947978032025	39.46411560231801	39.44643781561748	39.42775171269952	39.420994732295	39.415890931152916	39.39915452588633	39.3845526850838	39.37237887108425	39.36458699101281	39.35835479227577	39.34884739169367	39.33513304370531	39.32800473837839	39.29758325086587	39.248338843165186
MHW064_trimmed_clipped_R2_paired	38.86367260383254	39.08023397866059	39.13067324500004	39.3087703663601	39.43759635747665	39.49191396139251	39.39939859273803	39.416572410712405	39.49305928237771	39.47661534111186	39.51458756858881	39.549022606843366	39.50427217329404	39.51666890335807	39.491236845485105	39.496801737347354	39.471842689248724	39.44311011909751	39.42526724307034	39.398219878181976	39.365703856895784	39.33852595960098	39.337146658263464	39.30994139536072	39.28656781882829	39.25881558882007	39.237007370291174	39.21321145300382	39.188068297030235	39.16316672635271	39.15272038142833	39.13331458361209	39.1187239258254	39.095806660273524	39.08633141881719	39.10272540271441	39.07591481311681	39.00756696167802
MHW065_trimmed_clipped_R1_paired	38.89079194123698	38.87795470077683	39.13585711468862	39.2230643220882	39.414372982811734	39.31777521336399	39.292328799053806	39.37098715105963	39.43267163085433	39.380644226188664	39.52856908706856	39.56358437408254	39.51040683413305	39.50422320052161	39.534346170649115	39.53413545854255	39.50540068132235	39.45104333364262	39.44085294787713	39.47910585309505	39.451753901693806	39.47549778636767	39.485771222160885	39.4657264154619	39.44751311158884	39.428561494135394	39.42116681553657	39.416119338003995	39.39992154192298	39.385388978392655	39.37338660051556	39.36617117525515	39.359971781439796	39.35033812287129	39.33619376418105	39.329924297024995	39.299413795957854	39.24975967764572
MHW065_trimmed_clipped_R2_paired	38.83473857055834	39.04709380642883	39.11409567475636	39.29378265760011	39.42633419090308	39.47875300301279	39.39004996526814	39.40732462427583	39.481848928116705	39.46453660708287	39.50335411172312	39.53761904271615	39.49230772797528	39.50423462661765	39.4797875375602	39.48428119850015	39.45834343094266	39.42910139649581	39.41104808298454	39.38393342004357	39.35068262714053	39.32383850148905	39.32361440612881	39.2962221901498	39.273678432141445	39.24587775005425	39.224871014673525	39.20126969758821	39.17657571616033	39.15255336125904	39.14254395500383	39.12343636877698	39.11087430501737	39.08693351670388	39.07895660135459	39.096034572630906	39.07031485342709	39.00112280092373
MHW066_trimmed_clipped_R1_paired	38.84903827994162	38.749227810531124	39.098930641079015	39.19242634140688	39.25568585476643	39.40601484605933	39.30522297068644	39.26233395066929	39.40854524585825	39.368766599874604	39.52293505885323	39.55969906641072	39.50460035332024	39.49762117871143	39.526285195202995	39.52836611819661	39.49741643126379	39.447815228838714	39.43582877042695	39.46973007473113	39.44341054654332	39.4656233476838	39.47788924431918	39.45723804151809	39.43928266069772	39.419980937858966	39.411927191238405	39.4064671365078	39.390311943215224	39.374974458104575	39.36289193864331	39.35498097522837	39.348500006208404	39.339570019911854	39.32517391137286	39.31766269314617	39.28720411705673	39.237357556705845
MHW066_trimmed_clipped_R2_paired	38.6871411530965	38.974869204276004	39.03960718567568	39.24162154109003	39.38771619793493	39.445163994628295	39.35674430464613	39.37536859222857	39.457506471567946	39.44354368344038	39.48427299363269	39.52070064327543	39.47471854176574	39.48875336514725	39.467100391862	39.47150226422391	39.44513191463208	39.416846038068684	39.39938128787916	39.371817007468984	39.33854549360446	39.3102306555628	39.31075477633084	39.283329836043535	39.26095925540625	39.232213307687005	39.210109580465605	39.18617683559195	39.16023002193028	39.13503378188236	39.125034150268036	39.10563469156095	39.09203715569613	39.069088037933945	39.06092331998402	39.078719824741206	39.052023870288174	38.983075731071374
MHW067_trimmed_clipped_R1_paired	38.854548050686205	38.68993878709887	39.185748964624814	39.22737070495781	39.21277394845413	39.320431551270595	39.36346156330984	39.38499928122006	39.44291129210135	39.39520168849006	39.5392321442995	39.57600091328201	39.52225941307324	39.51363618616089	39.543816258761176	39.544337001140846	39.51571798402294	39.46326892749399	39.452652989975846	39.48991020090474	39.46252196495781	39.48498697725076	39.49381164377756	39.472343443555005	39.454398430635344	39.43428691967236	39.42620439602884	39.420391090941905	39.403071336744695	39.38769553232474	39.37503249524063	39.36641582690852	39.35983913647883	39.35003441535459	39.335508681371664	39.3278467073426	39.29709781035781	39.24987414931901
MHW067_trimmed_clipped_R2_paired	38.4646873458961	38.995672969212656	39.035583811806234	39.24922272513353	39.40199508338956	39.46678146993922	39.37317792224665	39.393561177730824	39.48038574022877	39.465428806897286	39.50614512864401	39.542553082405576	39.50254125364116	39.51527895464818	39.492406857748456	39.4977789483808	39.47305615749996	39.444230349513134	39.42837585513013	39.39998961702308	39.36708138048336	39.338894337476766	39.3384630700107	39.310169675054475	39.28745931601348	39.25876362529502	39.23712250639455	39.212869226768255	39.18765121126032	39.161786242074356	39.15066956129815	39.13096267387569	39.11682619738831	39.09227631481276	39.08352130761779	39.09956592355627	39.073489127569694	39.007133995665676
MHW068_trimmed_clipped_R1_paired	38.99407932409028	38.8359580117077	39.20427999592155	39.22851921345212	39.42824397889728	39.44143493478437	39.2904226473687	39.32540428877753	39.43401852765396	39.381760416579844	39.53011107685355	39.56364469921588	39.51355492883481	39.51005442891167	39.54090690243636	39.5394216970321	39.512740655719256	39.46259101783797	39.44957843415316	39.484062046493136	39.45678450793881	39.481494235402735	39.49054836217151	39.470241028712174	39.45192141123878	39.43289649425439	39.425271431332206	39.41943316347623	39.40333779530562	39.388247307038604	39.37629938484075	39.36821520195578	39.36199231121049	39.35263951623394	39.33825444477266	39.33146476675488	39.29982024920797	39.25149867117076
MHW068_trimmed_clipped_R2_paired	38.80100022648162	39.07044294849192	39.12543355945949	39.305053409366806	39.450237445471686	39.503465510700394	39.41142433244612	39.42730013342013	39.50978115259355	39.490511919837154	39.52984018521882	39.564580444499576	39.524770078633686	39.537560250433415	39.51422712774685	39.51881620159964	39.49372151184459	39.46457609115116	39.44769466225104	39.41955149903375	39.38799489975314	39.35969883805416	39.35887192982824	39.330774609116624	39.30852083310388	39.28070724354113	39.25886075847002	39.235622057585196	39.21063840520138	39.18602264192463	39.17591462957059	39.15642526461494	39.14299935033986	39.119290214522195	39.11100347513885	39.125584703990675	39.09998624956751	39.03235143121294
MHW069_trimmed_clipped_R1_paired	38.96368810818202	38.908556269614195	39.20389885371275	39.219181022151005	39.32907833211871	39.235180230040044	39.2680845687113	39.27770192982278	39.438073622519866	39.40873091942549	39.54963295974861	39.5868781304829	39.536025611706755	39.526302718277705	39.556456332764746	39.54975061774304	39.51990013732377	39.47311286654644	39.462823178181615	39.496042991482526	39.47016532695534	39.49127298906476	39.503072234126066	39.483466156023965	39.465415318848365	39.447091768842384	39.43988490636358	39.43500158243738	39.418581910661054	39.40440979762237	39.39234958765512	39.38438405795133	39.37738228856509	39.369146234877086	39.35420387801757	39.34846475725096	39.31769802862855	39.270416207990294
MHW069_trimmed_clipped_R2_paired	38.754429869035704	39.02625780385997	39.09125219711514	39.29078998536744	39.43161444205723	39.48615994750485	39.39956297250643	39.4170142891174	39.497717486144374	39.4853867035572	39.52619692420763	39.56083435554942	39.520917844262385	39.53250723493679	39.5116335526382	39.51631534159462	39.4913855643747	39.4633229392811	39.446870905551656	39.419568683574454	39.38883511610334	39.359596841339616	39.3600822661237	39.33287129596423	39.31154879729937	39.28418137709188	39.2632181188524	39.23978159029154	39.21480728766365	39.189893503441525	39.18090885389752	39.16143807093572	39.14871024059484	39.126297024676205	39.11781396985014	39.132402853417204	39.105936054752064	39.03936773926455
MHW070_trimmed_clipped_R1_paired	39.031472537774874	38.94926006242556	39.11796232926895	39.21116032780284	39.35269202212452	39.436531624056535	39.24725908707402	39.34470074242829	39.44214396896885	39.38685873801324	39.53158227546355	39.56411704571109	39.51664269772029	39.51271920988089	39.54385525939503	39.54221974277683	39.513714150436726	39.46380628632939	39.45391217433387	39.48974997954997	39.46398173892129	39.487788265830716	39.49811272536416	39.479065175277	39.46171922138667	39.44380635998489	39.436705450890635	39.431753354933605	39.41539556319659	39.40106110956648	39.3895276342912	39.381623094087615	39.37490812401061	39.36673598487657	39.3521381859872	39.34592008081121	39.31500957452613	39.267213220218494
MHW070_trimmed_clipped_R2_paired	38.83856464942564	39.041125910290575	39.104495331034805	39.29756712233086	39.43302701514819	39.48610822738799	39.40015341435219	39.420784796364835	39.50246044907463	39.4922677015898	39.53507099758907	39.56976537070968	39.53151077490935	39.543704983927256	39.522472498272215	39.52690116656188	39.50363748921569	39.475449821498444	39.45883090316319	39.432066220614715	39.401365265868954	39.37381854578557	39.372937798703006	39.34457845337299	39.32293194183775	39.29523674618937	39.2738272371815	39.249976515240846	39.22540979533356	39.20034323108273	39.191262584132716	39.171731904786874	39.15801151186361	39.13566000813795	39.12625834314376	39.14147132386013	39.11414735168429	39.042914777761766
MHW071_trimmed_clipped_R1_paired	38.868459667193264	38.97155205891441	39.1648464987527	39.2801594351258	39.4559114343782	39.35604988165843	39.32856573128085	39.400945074117914	39.46220901308351	39.41472367971555	39.55021959624225	39.58136242940459	39.52719130204404	39.521216528111836	39.54961108900046	39.5491245144551	39.5205135332527	39.46837161955194	39.45696164516016	39.492568862466264	39.46775078897213	39.49141525718393	39.50087920092042	39.482557801591334	39.46450648901079	39.44818555355981	39.44007361298101	39.43584077095644	39.42053545823783	39.40733860723539	39.39550256872313	39.38801748957874	39.38203493637557	39.373167219400706	39.35957704121731	39.35346709087943	39.322211212151196	39.27231352257029
MHW071_trimmed_clipped_R2_paired	38.82853048276627	39.05521160002386	39.128412546352614	39.30913425220119	39.44137807017158	39.49298407931395	39.409491105081834	39.42043548081213	39.501803057501625	39.490080182377525	39.53043315057677	39.56500384266395	39.52538928496868	39.536925455163	39.51670268272185	39.51969649082538	39.496064634569436	39.467443491738834	39.45073923122446	39.42475214347861	39.394838777325184	39.368172109385036	39.36778275580382	39.34071956623841	39.32098119628271	39.2948872325796	39.27391911138273	39.25101998115734	39.22829324500642	39.204627277115684	39.196262102162414	39.17842668443431	39.16555123566785	39.14336466714231	39.13523640991978	39.150824557230166	39.124276363705704	39.05340081947262
MHW072_trimmed_clipped_R1_paired	38.838933124887724	38.78791153666988	39.114223358588546	39.2057696101628	39.27370736763448	39.42402389581548	39.32137565303671	39.27730734802641	39.42812250234353	39.388518340007046	39.53522719106262	39.56995892569216	39.51649420014411	39.510939308966286	39.53978027791955	39.5412223886824	39.51169093800655	39.46479891877405	39.45278162569945	39.484729744040344	39.459805940965246	39.48146084962029	39.49365471595803	39.472999206656084	39.45505296600972	39.43626232710871	39.42881062733613	39.42314387862308	39.40712024630916	39.39123433126957	39.379374211454476	39.37108628799503	39.36435585112407	39.35517862095344	39.34053048419719	39.33504689583786	39.30345332702944	39.257406032010906
MHW072_trimmed_clipped_R2_paired	38.48916215228291	38.9504337480008	39.006023145560015	39.23159867140839	39.38987716084255	39.45263485379292	39.35962474475617	39.37719691546143	39.471086625192754	39.45849651863866	39.50111896825303	39.53841088940501	39.497121425658285	39.51076259182715	39.49198353056909	39.49642023355907	39.471183647443254	39.44373025528695	39.42813061589785	39.39978215715648	39.36812111236519	39.33949743067246	39.33968002341955	39.31232660618835	39.29008270853501	39.262028586274575	39.24075910405594	39.216909867163324	39.19061272154012	39.16474683309134	39.15490314310713	39.13461614766921	39.12144371622029	39.098263680631405	39.08804571849207	39.10473164139596	39.078261612761644	39.010802849337736
MHW073_trimmed_clipped_R1_paired	38.97847430559023	38.787407858692646	39.2793806078551	39.298788226026254	39.31154376010338	39.39027137435408	39.43491114004112	39.44648166600632	39.49723131561104	39.45041260144612	39.57386181025923	39.60428312054887	39.54844556323961	39.54234093513833	39.56782685099795	39.56933605670856	39.54297664545912	39.48785691865233	39.47797288981077	39.51468994228915	39.487764018740464	39.509812816857234	39.518305051529296	39.4982278817634	39.4809377468557	39.463708605099875	39.45628889367456	39.451564510387925	39.435696045767486	39.42141681387396	39.41048174513815	39.40250496912492	39.39580033275828	39.38690197515576	39.372947188667204	39.36563851770704	39.33510794206156	39.28532560231223
MHW073_trimmed_clipped_R2_paired	38.89228479836814	39.14635078207067	39.189880078286734	39.36210328440826	39.4893656969544	39.536745977875775	39.452891900481724	39.468682704765996	39.54259039001996	39.52591807608366	39.562289884648756	39.594197511256425	39.5582208979491	39.56740370503468	39.54672735586657	39.54843512397124	39.52446143600238	39.49505681238324	39.47948269612915	39.45233766639592	39.42235159007954	39.39440117605904	39.39275781419271	39.36479116528217	39.343402597985424	39.31674287707662	39.2960025607034	39.27360879422558	39.24960588568299	39.2260121472935	39.21649570454521	39.19852988877178	39.1850629272583	39.16227202153739	39.152982725817544	39.16691022990199	39.14041342762969	39.07428848165729
MHW074_trimmed_clipped_R1_paired	39.06794451995196	38.90301198980737	39.24903147779873	39.275164909755865	39.46163299228652	39.48099859593999	39.33851323024582	39.374611154548425	39.47594401375696	39.42717966543841	39.560062910920166	39.590978164038056	39.53825906265529	39.53385183798059	39.56188719671367	39.560978517823116	39.53610299857682	39.48687578769106	39.47458488500992	39.50788229623786	39.48257039805665	39.506280686122274	39.515468456316185	39.495760737416035	39.47852501028644	39.46033131044511	39.45298880029482	39.447712913632095	39.431517042919864	39.41647345331013	39.404436274386725	39.396874808987384	39.3900067406933	39.380379659956716	39.36610878714954	39.35944994459804	39.32914286391157	39.2824778930847
MHW074_trimmed_clipped_R2_paired	38.76424521167654	39.10038279648403	39.13555580178905	39.322774485174826	39.465818848208144	39.51918180979566	39.4256329634583	39.44486006685321	39.52667565766523	39.50794638381092	39.54668890193991	39.58199888381371	39.544683395772914	39.55671035822015	39.536260642789806	39.54071322138003	39.517436153583546	39.48917263635549	39.47299100070505	39.44555855646798	39.41569570365181	39.38804304287454	39.387204229521345	39.35904188178888	39.3373777835029	39.31055033694317	39.28896781355811	39.26581601022879	39.241118291264	39.216592237989616	39.20640773476077	39.18680564912157	39.17302961691628	39.150805021706745	39.14018388355522	39.15444573134731	39.12854993424311	39.063064386731426
MHW075_trimmed_clipped_R1_paired	38.98014823990105	38.85809204952283	39.153203711218254	39.208410322147714	39.45187585383258	39.47364105193867	39.346226778964954	39.384488178950676	39.4830000443013	39.43646160059599	39.565016857297316	39.59489723786085	39.541557127338976	39.536240706340266	39.5624309066654	39.562713557109454	39.535081305684436	39.483176323245615	39.47256823749985	39.50901903079848	39.48201082408248	39.504202874711176	39.51347700186369	39.49328451245448	39.47624973865923	39.458350936251705	39.450824845335646	39.446009114392396	39.430179976275305	39.41583428973475	39.40394719799853	39.39627531079894	39.389447740908906	39.38040489962921	39.36605954806192	39.3593759392485	39.32856261561852	39.28025984353857
MHW075_trimmed_clipped_R2_paired	38.811622160903106	39.0809148871412	39.13828817289085	39.326802014918684	39.461066282419154	39.51262617176973	39.426860151367556	39.44520164290309	39.519714264135835	39.50568420709166	39.543597614700765	39.577631958354836	39.54165873188679	39.552459164820895	39.53133697425337	39.53391227332418	39.510650594764634	39.4806896963306	39.46476091088424	39.4370665322762	39.40634040706486	39.378795346156394	39.37872135462254	39.35064765176723	39.329707959324146	39.30271947670363	39.28211432874117	39.25939481651755	39.23448566684609	39.21111552917539	39.20139009639264	39.182468156562045	39.16968555926385	39.14784094124022	39.138411952877085	39.15338514836719	39.12737927460044	39.0614775570175
MHW076_trimmed_clipped_R1_paired	38.96580632491326	38.931960224856724	39.25373824304903	39.27583656643123	39.468539837104245	39.49037269552724	39.368747134851674	39.36944734160544	39.48447817788261	39.44538122088553	39.56977438624852	39.60195977815874	39.54766898674864	39.54362043660055	39.56870547144665	39.56866145855111	39.54305781666928	39.49395236998533	39.48182041385637	39.51352073787919	39.48921344285522	39.50993049180677	39.520877541348476	39.501510954467264	39.484750977334365	39.46715696773587	39.45997359092881	39.45555043855211	39.43925534953541	39.424718411554224	39.413442450106096	39.40566600150466	39.39918464987456	39.39019028314827	39.3754472617362	39.368806901435	39.337039922111714	39.288494755150886
MHW076_trimmed_clipped_R2_paired	38.9214470184956	39.130335182579614	39.17667220590621	39.35061440060353	39.4831814140773	39.53350704699078	39.444218495468434	39.46097455156512	39.54182076268674	39.52344834880741	39.55994545860386	39.59370894546163	39.556293934255386	39.56706707768535	39.54839496606182	39.551135480784694	39.528475461340776	39.50068011831599	39.48472208049395	39.458815501922565	39.42919239790316	39.40141037605504	39.40064106319679	39.37339578260122	39.3523625426211	39.32565640071814	39.30516715514542	39.28217271443249	39.25764559504445	39.23427979916173	39.224554496319236	39.20556691870324	39.1926782631741	39.17063297124889	39.160950610477784	39.175020699339996	39.1486371982053	39.08237708236025
MHW077_trimmed_clipped_R1_paired	38.98278390651139	38.98757134178299	39.28114223877756	39.27576394554381	39.38197381427344	39.29644232399796	39.33704488060746	39.35634500004592	39.48922053863066	39.452613525469694	39.57540426166693	39.6081858848978	39.55645795569245	39.5487274348002	39.57649429111609	39.57295574899446	39.54683950737261	39.497799967140544	39.48877656910064	39.52252008603651	39.49788045117152	39.51766458129724	39.529205870081924	39.51013160868469	39.493964248986664	39.477108256671514	39.470007875445276	39.4651233942508	39.449460220657066	39.435211425128195	39.423560392914645	39.41617381128516	39.40939094372787	39.40045825959349	39.38582144318981	39.37870257182179	39.34740777967533	39.29778340412325
MHW077_trimmed_clipped_R2_paired	39.01588699189889	39.17270685521629	39.21164260372737	39.38281677612	39.50487301926661	39.550518289919744	39.464139891588886	39.483395773458405	39.5571542922697	39.538891939253794	39.57436316526106	39.60784797938079	39.57214698484987	39.58212338409683	39.563477668477624	39.566602683861916	39.54461571397046	39.51725683801167	39.50191531367765	39.477516928068546	39.44860017808625	39.422213828483585	39.421135498412625	39.39480288926992	39.374363812774504	39.348113513090524	39.32774525578272	39.305697570013514	39.28205921849071	39.25906098744188	39.2503263902004	39.232731315427436	39.21985687812409	39.198423327822574	39.189168907088174	39.203594224679854	39.17721506214645	39.111597326441824
MHW078_trimmed_clipped_R1_paired	39.105514194060135	38.956608873005045	39.13689132929171	39.21640646843748	39.37872099643331	39.43713239439045	39.28018622816074	39.37080421555095	39.463651760475265	39.397786633563925	39.53391835065025	39.56015278115165	39.5151767314645	39.51764440969252	39.551256306726785	39.552965550979344	39.52862533848465	39.47941461025167	39.47130985146092	39.50768026936019	39.48272342834842	39.506531326898845	39.51678674106165	39.49778998556838	39.481324923790424	39.463985815377	39.456653194048236	39.45186231973073	39.435967538399666	39.42141028289962	39.41033593386879	39.402239715299444	39.39592295242388	39.38672228037829	39.371767563077654	39.36549561244523	39.33381030398418	39.28325704649482
MHW078_trimmed_clipped_R2_paired	38.95623087808379	39.11529882587954	39.166004379073755	39.34731707543852	39.47654814619266	39.52511758010082	39.44020827708918	39.46340630564085	39.53939905490866	39.524928365715475	39.56302794522083	39.59768186596483	39.56258652471884	39.5743739852814	39.55420084663606	39.558134466983915	39.53641181486056	39.508500311067856	39.492977266712586	39.467748843586165	39.43822942113078	39.41175586744596	39.41080800529003	39.38281020724877	39.361515833858824	39.33527583414413	39.31475630760924	39.291475594481724	39.267009595305765	39.24379332299391	39.2346663713427	39.21629532827728	39.203189258231056	39.181381308314656	39.17155594946191	39.1855926951009	39.15852653235851	39.091047800646386
MHW079_trimmed_clipped_R1_paired	38.92432393981188	38.95492084726113	39.178415614387625	39.27933614053643	39.45370243607613	39.37020038152726	39.34936689784672	39.42189507800236	39.483129942618774	39.43223650619019	39.561339276728845	39.59307772530068	39.53910626808017	39.53345078043692	39.55972706037462	39.560276354290544	39.533992056739145	39.48228294945146	39.47234337531424	39.5074080516196	39.48083615827336	39.50341125843752	39.51255301911133	39.4919334963646	39.474704547703425	39.4571757375064	39.448392551315656	39.44290743165112	39.42641744460592	39.41123697734638	39.39842750117479	39.39050509490225	39.383190927153194	39.373794841208486	39.35817784549308	39.35146324808984	39.31943658222353	39.27170921085234
MHW079_trimmed_clipped_R2_paired	38.69079669757851	39.03667903587025	39.08086765061213	39.28611883254849	39.438443466297166	39.49266094290439	39.40151459798123	39.42400168903663	39.508442366011636	39.492407021062476	39.53291852234	39.568921614033215	39.53162551574532	39.543196739285584	39.52296062991143	39.52694501613898	39.503705514817895	39.47485126884881	39.45924290722765	39.432152437079026	39.40157826328264	39.37396448251137	39.3736560375155	39.34560562642704	39.3235176484773	39.295990463989526	39.27400316886845	39.25140820754963	39.22513175657044	39.20103942367237	39.19030097174932	39.17146724050556	39.15757475961533	39.13545357687876	39.12594747754542	39.14025839542794	39.11416416837049	39.04735006126412
MHW080_trimmed_clipped_R1_paired	38.91961372782212	38.82410427881364	39.160770022829716	39.25853478140261	39.318967520315844	39.45923525425975	39.37838660717019	39.34265790100783	39.46696478909087	39.42425456091381	39.55739597618394	39.58843747151482	39.532696538775284	39.528770525732874	39.55362227302636	39.5555453638863	39.528045082782896	39.479411569698364	39.46775014348286	39.49946497933353	39.47384664591861	39.49465485475467	39.50557887896635	39.48493480912474	39.467446983581766	39.44945996085831	39.4413809157264	39.4359072006938	39.419770284377364	39.40524745173319	39.39269726276263	39.38511644993054	39.37717700734767	39.368439435509096	39.35319744294529	39.34643113116096	39.314663361872505	39.26595614549
MHW080_trimmed_clipped_R2_paired	38.71251514480028	38.99582557266033	39.06061404147344	39.26983695382915	39.422366171787964	39.47749385870877	39.39263446417491	39.41391925348142	39.49850927721574	39.48551906279137	39.52731518294764	39.564312756966174	39.527350132760276	39.54001636042099	39.52120394544018	39.524197126673165	39.5005380853113	39.47169564446691	39.45600747161847	39.42846806266601	39.39844539852493	39.37014083125699	39.36952543851219	39.341277359954745	39.319600539335894	39.29229617766414	39.27073724960197	39.24723143445597	39.22149415109694	39.19767480549852	39.18787391962883	39.1690427971778	39.155701857978556	39.13390712423304	39.12423552684935	39.13876266432654	39.111411265570794	39.04368609598155
MHW081_trimmed_clipped_R1_paired	38.97201992975876	38.70917192898555	39.22793750910805	39.25635372985564	39.234490804134204	39.338531690145224	39.392988699173564	39.41139575202383	39.46339882498011	39.41524976149863	39.55102964058903	39.58548235265682	39.53137356592626	39.525248725351005	39.556917811890855	39.55930504928061	39.53185671263437	39.47805229075067	39.46939709004543	39.508380996618385	39.482331221478695	39.50475155994708	39.51418575270771	39.493755142858426	39.47611897213643	39.457743469576776	39.45046073499922	39.44435879292744	39.42711101994736	39.41172274194332	39.40025372899329	39.39149534485723	39.38483255087792	39.37537402774248	39.361385478307156	39.35313509520821	39.322444251130435	39.27513644002018
MHW081_trimmed_clipped_R2_paired	38.86876805913066	39.13478730336739	39.167368024700906	39.34693201944014	39.4674133671128	39.51544671894329	39.42907911685641	39.44709078725381	39.521985646952324	39.506674731896666	39.54325921106566	39.576226142298594	39.538498642787054	39.550207212125486	39.52992550769104	39.534716290342786	39.510956276861315	39.48436727964075	39.46778342777537	39.4424529282223	39.41036195697852	39.38432229360311	39.38300409676371	39.35419138021744	39.33227200850231	39.30414422408642	39.282292897892006	39.25812085038598	39.233493686562525	39.20747038743338	39.19709070868547	39.17727488336543	39.16314287970569	39.139216083800676	39.1293586755515	39.14329696465435	39.1161165836087	39.05005588682942
MHW082_trimmed_clipped_R1_paired	38.95998601499832	38.84037053971262	39.1955194640563	39.2309399685224	39.42214531630082	39.442866210936145	39.285744255556345	39.32205889707917	39.43045791595007	39.38197362445199	39.53123687459986	39.56594666841007	39.51413032643016	39.508117281700486	39.539484332196004	39.53870280401725	39.51105046808912	39.46110700976318	39.448034419599125	39.48259045487977	39.45731650312318	39.48149889152813	39.49228380596692	39.471448969461306	39.454013573244865	39.43453334321277	39.427262743501714	39.42187998482291	39.405370035279404	39.39028772618316	39.37906161254343	39.370343046579485	39.364444429862516	39.355221866450336	39.34116195316235	39.334097478984305	39.30487500134351	39.258265766477706
MHW082_trimmed_clipped_R2_paired	38.71081948079217	39.05309930061954	39.10415424809384	39.29146088780925	39.43480146051741	39.48597659093283	39.391507242022826	39.41045471185374	39.493766763244714	39.47690043766911	39.517473578523564	39.55275819404698	39.51157052294819	39.525754537251565	39.504366491851286	39.50978779342729	39.48473041212904	39.45670926252905	39.438978632388626	39.41199567963759	39.378808521254776	39.351173345544865	39.35039376336248	39.322085583096495	39.29989128678618	39.271612818432494	39.24978862749872	39.22590110603416	39.20064726518305	39.17485074390695	39.16382111849762	39.14390775987345	39.13017783696496	39.10626052678467	39.0971161351771	39.112165762964494	39.08661840247674	39.022006863222224
MHW083_trimmed_clipped_R1_paired	38.95198261574769	38.816206163215995	39.11589385023192	39.15830254257111	39.40732204913544	39.44120315846946	39.304060716080116	39.34399635012259	39.45307903002839	39.40449089479286	39.544933779960296	39.578162632936724	39.52653463408929	39.521157147684974	39.55260245508244	39.552776864388264	39.52421517301462	39.47362731369898	39.464771664826756	39.502294660040576	39.47604895680401	39.49899715054697	39.50946388409436	39.48939656104757	39.47216953516393	39.45349982664393	39.44645280008868	39.4405537022673	39.42380583149476	39.40876501415294	39.39661674869497	39.387951670508386	39.381173965981006	39.371465892500495	39.35710780694237	39.3501852241194	39.319809100834625	39.272426070821865
MHW083_trimmed_clipped_R2_paired	38.81853640643705	39.0984329416092	39.13976199620283	39.325271380993584	39.45070333364892	39.49837987980497	39.41277154939044	39.43211740601856	39.50613536982956	39.49170351202724	39.53041101073025	39.56330793901055	39.5245197837434	39.53769128956194	39.51819260224183	39.522615394990126	39.49847151947468	39.47156480227427	39.45517974591454	39.42959885144313	39.39801167361952	39.37080754967837	39.37145452721793	39.34337016325751	39.322079312387324	39.29464083487973	39.27288657446615	39.24950307268828	39.22423569207948	39.19933049138531	39.18944967208139	39.16955227211258	39.15499352760706	39.13160302017841	39.12205496855485	39.13672595194975	39.1103447943227	39.045487801802885
MHW084_trimmed_clipped_R1_paired	38.89573975434844	38.850889430753284	39.16711130948488	39.21276024564282	39.4102073845855	39.43826988437831	39.299801396475736	39.29698795313764	39.4302159936783	39.39142800760301	39.5357388818516	39.573779582216716	39.520592469587214	39.515846809702296	39.545934335022636	39.54529079327616	39.516999894281206	39.470377809013165	39.457997325874466	39.49037269249861	39.46605800112426	39.487464735513115	39.50011274499183	39.47981573238506	39.46201468139412	39.44344414632549	39.43581944895029	39.429543577829484	39.41303748124356	39.39815117256394	39.38611870058278	39.37812226655346	39.370721450715656	39.362257564642825	39.34702181092638	39.339952529228285	39.30910861582662	39.26357540884898
MHW084_trimmed_clipped_R2_paired	38.72625851354697	39.03187419747984	39.08487650266285	39.28272494604482	39.42641346094301	39.478947118097025	39.386280660221956	39.40552890293836	39.48896989069221	39.475040574798776	39.51535150745342	39.550913699335204	39.50978241141284	39.52301143223	39.503858548558355	39.50924335964062	39.485130206688524	39.458236692051244	39.44207648533325	39.41577955247338	39.38373722897671	39.35563317234526	39.35608683339551	39.32865749647745	39.306991879154545	39.278590461700766	39.25715211228568	39.23309239558668	39.20716989846754	39.181952424163384	39.171608615517144	39.15159694748407	39.138033199111824	39.11439521460282	39.104486624988105	39.120038458435225	39.093833645340325	39.02833490684609
MHW085_trimmed_clipped_R1_paired	38.98656396429844	38.92211394936688	39.22856401688917	39.23200742090909	39.336738240912716	39.2369056378484	39.27455818277509	39.29477087157655	39.44363614572497	39.41378510521057	39.551230827822316	39.588657292025346	39.53825182679653	39.52916117298277	39.56115960051149	39.556280307557685	39.527088246687896	39.478429824683005	39.47022629441051	39.50405588747719	39.478783898593804	39.49970293293963	39.51172252130377	39.49134903174435	39.474465064634266	39.455785971028305	39.44853211972047	39.44313930510911	39.42618631545337	39.41223213535351	39.39939306216989	39.39123548292675	39.383612720322276	39.37531467235594	39.36097723357452	39.35313557817142	39.32120941203034	39.269447734327514
MHW085_trimmed_clipped_R2_paired	38.99771276721842	39.141318817520386	39.19313250437803	39.36353950599882	39.4788884645184	39.523403399888494	39.437903561955096	39.458338694275525	39.52946415733926	39.51397718669925	39.551199009845966	39.58339892542807	39.54408143896833	39.55541844300994	39.53536261775878	39.5411473396995	39.516728030318845	39.4895488648216	39.47293151031952	39.44838604088996	39.41711705906947	39.390493881229354	39.3897758601008	39.362469411614576	39.34037860236463	39.312764224751454	39.29222299496806	39.26796701646592	39.243280400979884	39.21924101669572	39.20969698601125	39.19055209287835	39.17695034786152	39.1542924134312	39.14483507491073	39.15928377280703	39.131399513991596	39.063471348651774
MHW086_trimmed_clipped_R1_paired	39.00213473031366	38.913228946041	39.10304202159314	39.20216427794387	39.33975269548211	39.4257339641138	39.233527947955146	39.329256267611235	39.42754239232564	39.37460085186689	39.52426376211157	39.56015166987023	39.51047188712916	39.50436730144499	39.536460307319565	39.534727239347504	39.5045850625785	39.45364733000652	39.444396609792854	39.48236848225177	39.45580660154562	39.4799960998743	39.49119186044432	39.470636121390065	39.453685569609505	39.434551955965354	39.42759669648666	39.422194090224174	39.40490370804538	39.39054101679328	39.37836510861865	39.369630108475086	39.36299294237987	39.35430820253816	39.33925727581136	39.33207920828066	39.30012136123424	39.25333702870129
MHW086_trimmed_clipped_R2_paired	38.763684934373146	39.017937927466676	39.07245488278674	39.27924457050434	39.41903198180587	39.47164328113993	39.3831315772282	39.40805340429927	39.488348923121976	39.4786367617436	39.5197436593444	39.55607380811995	39.51739174171493	39.53109485552699	39.509841891940276	39.5158225724761	39.49211876792565	39.46441444658673	39.44788717464598	39.42128558164109	39.39045121070855	39.36253404994277	39.362601105521605	39.3343285865732	39.31205849240956	39.28324643418798	39.261897007215744	39.237311303550634	39.2122360656078	39.18682261372291	39.177029447786346	39.157131914664994	39.1430288648882	39.12113993545187	39.11045596139384	39.126416980124944	39.09865533661882	39.030120225739545
MHW087_trimmed_clipped_R1_paired	38.91479682944871	38.90526704092636	39.14151380896804	39.24034327683527	39.41966440439816	39.32793429882144	39.3062130109514	39.38561759854848	39.45153650306358	39.398358874476436	39.538644334991204	39.5733621610113	39.520312712536125	39.51486706522531	39.546925551968144	39.54797197902244	39.52074775312623	39.46934302682581	39.46058363735792	39.49712170752782	39.47099582771242	39.4945900318996	39.5048025492561	39.48458156242021	39.4668957817067	39.4477084375042	39.43941644734264	39.43385748756579	39.415461455537994	39.4008972063105	39.38846358089264	39.37995665744178	39.37247724769344	39.36221301145406	39.34745894087194	39.34010016903563	39.308656976012045	39.26046177787671
MHW087_trimmed_clipped_R2_paired	38.79004887928496	39.05711330805518	39.10385398422383	39.30076623826459	39.4364798526296	39.48605600144312	39.39683208199052	39.41835232023277	39.49881106560786	39.4847805368745	39.524377565546146	39.55905119222531	39.519477633843934	39.53172561026765	39.51263248115689	39.51830031861972	39.49478501134261	39.46804197351931	39.451928257941326	39.42593484368777	39.3945043966494	39.368001244324475	39.36805714185833	39.34002181736534	39.31809550886811	39.28936414159066	39.26774200278689	39.243063357385715	39.21687577145507	39.191555698048106	39.181770903473	39.161068620488514	39.14696622051641	39.124060310982316	39.11427196095868	39.12950921622309	39.102077342360246	39.03531522232017
MHW088_trimmed_clipped_R1_paired	38.82834799422981	38.74583833509047	39.0915596947181	39.18279493600347	39.24283721572412	39.40193984474198	39.29572676003494	39.26053282424465	39.41058252697365	39.37005922728581	39.523336009993315	39.56038179714288	39.50631369663101	39.50170582855982	39.533365165833395	39.535559358243255	39.50628025546217	39.46010179159082	39.448296924291604	39.48173958538635	39.456381620527885	39.477528284551965	39.4901768790742	39.46901639494594	39.451161750377565	39.43101722937708	39.42267972234808	39.416467953879405	39.398427455410925	39.382945370499925	39.36992361675502	39.36208091823535	39.35381049067515	39.344436472095474	39.32910990950704	39.32185930056412	39.290152431997896	39.24432963306838
MHW088_trimmed_clipped_R2_paired	38.46966754566176	38.93021851776872	38.98026984327881	39.21851503337822	39.376337417134636	39.437205316767106	39.341873132403826	39.36772374716206	39.4567529028537	39.44698054632641	39.48943365723601	39.52775429798136	39.486670585931265	39.50159968359809	39.48367858085864	39.48975111805436	39.464510431425616	39.43727839870799	39.4223614807763	39.394547808004695	39.36179356553988	39.33367122248446	39.33444123850668	39.30638592971979	39.28431244035609	39.25472994469893	39.232310363365535	39.207519989822075	39.18033483999441	39.154367018349916	39.143021765963965	39.121974732139044	39.10810051755304	39.084500779782374	39.07392305581581	39.09077727265612	39.06382599806948	38.997595963192616
MHW089_trimmed_clipped_R1_paired	38.88031702324111	38.63398122846686	39.16681479748819	39.21585601448546	39.160993322439374	39.29161249563046	39.3466371951329	39.376269289161655	39.43759961040421	39.390414782401784	39.535815042317495	39.574273057591036	39.52200437567451	39.5158433264844	39.54938579986737	39.55204702414073	39.52442954853109	39.47645052575065	39.46739739491427	39.504845694921656	39.47847793910616	39.50078564175205	39.51119268139722	39.48970641379373	39.47164801633669	39.45191777158453	39.443985095329246	39.437656531970205	39.41993222274881	39.40374359119903	39.390805136621076	39.382109751022696	39.374300789246284	39.36483728203838	39.35006738579449	39.34316583595591	39.31230717458309	39.26462467491568
MHW089_trimmed_clipped_R2_paired	38.53302964854197	39.01016285044008	39.04360824666196	39.26513645681114	39.40001765134407	39.46555921082171	39.37499126900902	39.39481914178742	39.478606231880775	39.46515564228073	39.506247850557784	39.540727105723114	39.49661999528221	39.51161819135851	39.49392262083326	39.49991723753821	39.47665853088415	39.450207948849894	39.43523527411466	39.40734743193703	39.37452073259168	39.345569155184975	39.34667671530694	39.31845334209533	39.29594653927474	39.2671802985594	39.243859036653916	39.21855585149999	39.19015250955039	39.16511716183061	39.15263760293532	39.13227543863709	39.11579938034145	39.09186194050713	39.081112997100874	39.09714115965365	39.069716013865204	39.002656875936175
MHW090_trimmed_clipped_R1_paired	38.90109221878799	38.81431252236288	39.15838415562025	39.206433952243515	39.391794009726674	39.42413141628514	39.25421728760729	39.29676840290081	39.41742213531871	39.36675600203198	39.523205585158806	39.56114189552554	39.51017659915191	39.505391470406195	39.538882878313956	39.53926084137549	39.51261888107902	39.467959825861186	39.454827261100185	39.490088923185766	39.46448872164617	39.489315102593544	39.49995183651494	39.479410878726	39.46087947839398	39.44161690525415	39.4340136872205	39.4270759759342	39.41027036074338	39.39519080347084	39.38259048467014	39.37419303908479	39.36682043986101	39.35795428357663	39.34328609313853	39.33643521086556	39.30754766601085	39.26158391394637
MHW090_trimmed_clipped_R2_paired	38.58004941583619	39.00218062000446	39.04716404905604	39.25677115571297	39.39960694713013	39.46638405584159	39.36942816567573	39.38934587435718	39.47485562048949	39.459500241049945	39.50233217768023	39.53871724110262	39.49234159285977	39.5092531779662	39.490781236689244	39.49780933668877	39.473370776113185	39.44746588722064	39.43217837054125	39.403820252471874	39.370665083215485	39.34152246694772	39.34208062071369	39.31448192348435	39.291853981917896	39.26256381149794	39.23876123616511	39.214198343974644	39.18626510358615	39.161232982584536	39.1474951916773	39.12756371911809	39.1122992230318	39.08788133138569	39.076776093800675	39.093299635322865	39.06626987700152	39.00094514877277
MHW091_trimmed_clipped_R1_paired	39.18708150376504	38.95283248439113	39.2718327439442	39.39818270226131	39.471005724014965	39.41080667177224	39.422438898957935	39.474535070039074	39.49150888135869	39.48633401988011	39.613840249826254	39.6378945070744	39.58976673705802	39.5773783944736	39.588360641617335	39.5857126490337	39.57907838286652	39.56688683680274	39.54867856614899	39.534230906548906	39.520828976158455	39.50666214740327	39.493514941862124	39.47508724755649	39.459184823807085	39.43570281850585	39.41909571885301	39.40138793498338	39.38303300202091	39.37375489833151	39.36430396228454	39.35234040704485	39.33780805059257	39.328404036063304	39.30901078063415	39.29371474917687	39.255448100509156	39.19118677499077
MHW091_trimmed_clipped_R2_paired	39.203506189222075	39.38777255056627	39.48180696399745	39.55689394475623	39.57948269833222	39.61741025956348	39.594960511502784	39.618783606160136	39.6196386646224	39.62164403006785	39.63943973520909	39.643441779384204	39.62114463156066	39.614386408517724	39.60629352596196	39.590450537609286	39.568805531428495	39.54398567268801	39.51434654797878	39.484742326021106	39.460187084016695	39.43228488113107	39.40162947293125	39.373151298171976	39.34308228242043	39.316293394181045	39.296232812874216	39.27756072650228	39.253369337978384	39.231970016371534	39.21246710600023	39.18590252441429	39.16586172022825	39.15159537622712	39.127355450941806	39.13870813156513	39.101560666038274	39.029521006502335
MHW092_trimmed_clipped_R1_paired	39.124933165385414	38.80659138943627	39.26900455330776	39.36982906576265	39.370911792653295	39.50623613839338	39.46530148016594	39.419987405634835	39.47670307026882	39.4859197635255	39.61614605574349	39.64015764848874	39.59004125587331	39.57663205397462	39.585093625977294	39.58248729736809	39.57370808327316	39.559162292820425	39.539667969697504	39.52327576631597	39.50798788721846	39.491376440817845	39.47751337415018	39.45665772307994	39.4395933291883	39.41463905823337	39.39700540340457	39.37679640957545	39.3575673558707	39.347228237659905	39.33632669705311	39.32317892416433	39.30901529314372	39.29841811445419	39.27898443566909	39.26333187892942	39.22259947938614	39.15077079341987
MHW092_trimmed_clipped_R2_paired	39.21708661771654	39.39865823571411	39.49330687193897	39.56565746815875	39.586541724760814	39.624850331645	39.60272650029216	39.62674233676949	39.62608297058423	39.62855352017513	39.64509710406586	39.64826958697388	39.625364397567765	39.61753427049295	39.60734666501917	39.59011879281037	39.56655290563667	39.53976783950402	39.50833678091805	39.476857099348834	39.44890328099658	39.41956337001101	39.3871465864281	39.35560541317487	39.323857900494104	39.29400391316166	39.27238678457802	39.251526992045136	39.22503986113547	39.19988203111251	39.17955089829839	39.150963922381194	39.12967279078729	39.114195878300016	39.08938719477072	39.10067404825982	39.06045731414274	38.97761978070896
MHW093_trimmed_clipped_R1_paired	39.216569259934566	38.764356695389424	39.35387826572914	39.365747585615686	39.30693023393607	39.40391359544854	39.49587723825853	39.477544750280536	39.482667218107764	39.4816898082889	39.61226572669396	39.6333320158409	39.58112823944631	39.565221388769274	39.57388922718823	39.57126201403588	39.559714133572	39.54111780965362	39.51709118834092	39.4964987931439	39.4762381782943	39.45493288702225	39.437466573416415	39.41276629534202	39.39061155645747	39.3601500693925	39.337822470166884	39.31132022565028	39.28747806540541	39.27229883922901	39.255406538477544	39.23821062503355	39.22135851474645	39.208023262318825	39.18252059295703	39.16319272598105	39.11750719163549	39.029049113246266
MHW093_trimmed_clipped_R2_paired	39.244943614938315	39.41733862937977	39.50611632285988	39.57329588874224	39.593797867501614	39.62933188058792	39.60844621966931	39.63109097080559	39.629926739442105	39.634750566503364	39.65076099507412	39.653962907155744	39.62977541161921	39.622207084709814	39.608151913450754	39.588666012727245	39.561920135196075	39.53219489897606	39.49587627078286	39.459860071377435	39.42705651798523	39.392607642163526	39.35628300563699	39.32011770172396	39.28243964332994	39.246125549532806	39.22059923687223	39.193703851615076	39.1624791800393	39.13205806258696	39.1073131793651	39.074986807916396	39.04957469142719	39.03433160849302	39.00663316256216	39.018959639792286	38.974001754595996	38.87268744848578
MHW094_trimmed_clipped_R1_paired	39.32050715550935	38.838821639929144	39.3392001863908	39.36834985661701	39.471497711682915	39.51038764118559	39.419551560701436	39.4087602783738	39.463314140444226	39.455659486386985	39.597404442392026	39.62106395509451	39.571162903461776	39.55294295602229	39.56118055157599	39.55638727217659	39.54423957852551	39.52505537014987	39.50044826454024	39.480190838500086	39.45933923807068	39.438516362279856	39.42178224007829	39.39761683806723	39.376183072121385	39.346164596178916	39.324863677386354	39.29972330741507	39.27668232256421	39.262249158169936	39.24670986183661	39.230720985210375	39.213818573737434	39.20118982746912	39.17673253810412	39.157952051834805	39.11274901390076	39.02484254909661
MHW094_trimmed_clipped_R2_paired	39.23255501051118	39.4068574440757	39.494536607676686	39.56353252388715	39.583144279974334	39.62147162803899	39.599674715500335	39.62233931699261	39.6215787458696	39.62676199219058	39.64261568490319	39.64453639848548	39.619860109755294	39.60958697238107	39.59449831270313	39.574014203546774	39.5457434039749	39.51403700736374	39.47570180776644	39.43821113304257	39.40435615591529	39.36960300400138	39.33164177725391	39.294534672268476	39.25792686968653	39.221299790900495	39.196600307051376	39.169592562540885	39.1406886804296	39.11075948178492	39.0870181700639	39.05452738382819	39.030799318057085	39.01632848257589	38.988747361668786	39.00241449273336	38.957053573297614	38.85895864546769
MHW095_trimmed_clipped_R1_paired	39.16471116412608	38.81858546819498	39.27662574444322	39.31504892605829	39.45066882426125	39.50694283600628	39.43804730868935	39.44250791792376	39.488903280755565	39.48044663348698	39.60904453022182	39.63310435652195	39.58350610678002	39.568360584164104	39.57858941240859	39.576561952029714	39.56661147358208	39.551928399064856	39.53134985250887	39.51456642226101	39.49803141541443	39.48117737630287	39.466750120824756	39.44533544467558	39.42640983617363	39.399986425637465	39.38030982784659	39.357538803398405	39.335708437666646	39.322964921692154	39.30845817123809	39.29231402181282	39.27536460584075	39.261461616582935	39.23744829728014	39.21669994474007	39.17296382818405	39.095978313377195
MHW095_trimmed_clipped_R2_paired	39.22682478139517	39.40480015268149	39.49234333904506	39.562000945606236	39.58400346858275	39.61943256640158	39.597846925739006	39.62215632475391	39.62143571797077	39.625678576872	39.642232615251054	39.64528999915226	39.62205676200504	39.615162869947525	39.604806025485566	39.58741526466317	39.56241059104892	39.5360892650101	39.50351858120055	39.47120253270393	39.442634124521554	39.41231660675547	39.37915473665364	39.34768858644803	39.31421573817909	39.28249472838081	39.2619521417901	39.23797378350103	39.2103054303317	39.18465653231185	39.163179370009054	39.13251023404346	39.109881380023246	39.09430428718201	39.068366002335836	39.07967881175514	39.03611829635072	38.95130033022657
MHW096_trimmed_clipped_R1_paired	39.136485461857035	38.863031597854835	39.323850239613826	39.334379685571584	39.46161267010568	39.50537433222169	39.40866062605151	39.39842359829618	39.45944118703743	39.47013032716421	39.6042283836558	39.63286132294117	39.58501714596433	39.57067013207209	39.581360601529916	39.5786799407764	39.570225048334926	39.55592807714256	39.53700264599006	39.520862416492335	39.50605918064148	39.49027583829841	39.47642321563147	39.45631017999554	39.4385887589154	39.41318161515723	39.394553366247045	39.3741093372589	39.35380486049631	39.34300078996255	39.330060726989345	39.31595134907717	39.29960777004018	39.28814725069851	39.26611468599354	39.246356492831374	39.20621438117699	39.13771550343769
MHW096_trimmed_clipped_R2_paired	39.194385610499886	39.38796440498292	39.47466281609937	39.548498786231406	39.568805483966536	39.6084510191583	39.58575003136433	39.609380089845715	39.61144670686897	39.61664308022447	39.63319244033926	39.637908026127114	39.615333596034894	39.60899400108548	39.59976135753959	39.58424467859819	39.560933862699144	39.53632444884755	39.504054760089346	39.47346861248919	39.446947031957635	39.417395588917955	39.38510163054814	39.35426524446899	39.32281379199131	39.29347821442057	39.27225696885995	39.25083589702331	39.226319637121165	39.20114721559347	39.1816940075997	39.153421670140915	39.13339272530112	39.11728876244613	39.09310923561986	39.10619753298399	39.06828860005336	38.9929388065848
MHW097_trimmed_clipped_R1_paired	38.940812564655694	38.94451153430914	39.16324376753376	39.26888419213942	39.43882575231233	39.329139117288044	39.32617245715989	39.406616301401954	39.457573823029605	39.40294854179848	39.531694954124006	39.56223999885168	39.50540344707886	39.501589794323216	39.528076084574735	39.52213364794912	39.48987182963624	39.41802540913598	39.39960583840111	39.42419070382546	39.38724848726522	39.407052435053096	39.40373938983813	39.37587795037825	39.34691195156405	39.31640392153649	39.303253225981294	39.2925207900417	39.26531658346326	39.24385531695189	39.22425881745495	39.21359476728349	39.20483888734002	39.19866615604706	39.17929406379421	39.18120552769007	39.137008076613704	39.035778380254875
MHW097_trimmed_clipped_R2_paired	39.18525341608654	39.23710617872767	39.27213394411222	39.41738287956775	39.510543863710716	39.55697880972059	39.48118229059789	39.49870517730408	39.55607776244664	39.54182141424765	39.57602304642671	39.60673285033367	39.56286328295304	39.569521490558785	39.54073718175082	39.53553565843721	39.501980587713525	39.46083220737212	39.4299499298906	39.39283908435177	39.345106601289146	39.30734007439655	39.29075640141626	39.245756342651035	39.20843543565762	39.16667118956572	39.13360663512249	39.10034833676558	39.06300991139853	39.03128412761939	39.0098805680296	38.98414862681412	38.96496584011091	38.94740765405373	38.933580318154455	38.95597182940533	38.91739204407181	38.79340976763947
MHW098_trimmed_clipped_R1_paired	38.955776511000764	38.80488681276915	39.158025596187514	39.247544766948785	39.29138021263581	39.45693881671713	39.37946790206339	39.34959453089963	39.45847260750441	39.415875773068635	39.548662940683656	39.583559968920305	39.52602450721308	39.52030113767849	39.54730098198023	39.54585920459878	39.5169914260719	39.45224548029692	39.440877193345464	39.47039718089698	39.438925983019885	39.45890053119908	39.463948062539124	39.44015092796517	39.417347050100815	39.394258556367156	39.3842822186172	39.377454575220085	39.35743388449773	39.341351488928936	39.32608401708327	39.32023958759	39.31319603211965	39.30719806997623	39.29120587620761	39.28679543345547	39.24812648056865	39.17703710876899
MHW098_trimmed_clipped_R2_paired	39.132712903400346	39.18502264771791	39.21513347521507	39.370193609487124	39.47332019381595	39.520243731497615	39.447092942300614	39.4666588853766	39.53146701995358	39.51948376258146	39.55808740187321	39.592091500941336	39.55186669365432	39.564250969207244	39.544834693099865	39.544290752992445	39.51768547332741	39.48268837915104	39.459091913215694	39.42662274896469	39.386275668561574	39.352019042587344	39.344984668163974	39.308347739862064	39.27950249461752	39.24491825937181	39.218367887824705	39.19136144671732	39.16183538023023	39.136480638206386	39.12282223493891	39.102530249009746	39.08785542236417	39.07085059319612	39.060065800602175	39.077805740223205	39.038033580401276	38.94280876300113
MHW099_trimmed_clipped_R1_paired	39.06841882846494	38.815772229393865	39.3165356147512	39.32449302738777	39.30758791439085	39.40065005298576	39.4692262608331	39.47813572719272	39.524037729268635	39.47350427318348	39.58789641806097	39.61589831727546	39.56067461323628	39.55430551019968	39.58273250420949	39.58246956394376	39.55778398127176	39.49340527882892	39.48716733236339	39.52378384102896	39.492762081266164	39.51223815289923	39.51547889568009	39.491068181689954	39.4702829291119	39.44701592394172	39.437417029450785	39.426863123006775	39.40631121378252	39.388054764406895	39.373249261590516	39.362866323525985	39.35362628792649	39.343474770285326	39.32582253013102	39.31847043257618	39.27836454831263	39.21020475766758
MHW099_trimmed_clipped_R2_paired	39.237826489335596	39.34633619166625	39.349047040338284	39.48386992167003	39.57592249810571	39.61474850172172	39.53439374024983	39.551081073446454	39.61150277058976	39.587944863130794	39.61785201705756	39.64447265839665	39.60900887185446	39.616352222694196	39.59506448472606	39.59563406736143	39.57220376981728	39.54178330297401	39.52272563440723	39.49555949241106	39.462555814732376	39.43303268239401	39.42641516792793	39.39119678022631	39.364511019728795	39.33053805274385	39.30612573745124	39.277364491136595	39.24869632886425	39.220051471811146	39.20643938283167	39.18306449396615	39.165378480482886	39.142113324029026	39.12876067000517	39.139552574669764	39.10079684497303	39.012600557979695
MHW100_trimmed_clipped_R1_paired	39.21714635724098	38.90703492737089	39.28905448231373	39.28915257658889	39.481496262809756	39.49755662490643	39.378603050881125	39.401925417906426	39.498323088640454	39.44401904005122	39.56638718030289	39.59577775844407	39.542208608466055	39.53772093944487	39.566533519081375	39.56545107805145	39.5404742762162	39.47567950327539	39.46428310914989	39.496382069681616	39.46521064743455	39.48427541650722	39.486230535979985	39.46081810589233	39.43735555815928	39.41261343443756	39.40072153916564	39.38964164743933	39.36781276196952	39.3498085674265	39.333820608798774	39.32426344528867	39.31639297711342	39.307607123453735	39.28971139368163	39.2825781513308	39.24167430227966	39.16984939467559
MHW100_trimmed_clipped_R2_paired	39.22758993711577	39.33092164688471	39.33235528588542	39.46109965507253	39.56772042918064	39.608252976242724	39.5199678081268	39.53832857538182	39.60656422845559	39.5790154914299	39.610950301001445	39.641135079969374	39.60369500357241	39.61341312165045	39.59058920008557	39.592063709530706	39.56730813434185	39.53466575795452	39.51249009037954	39.48210991941645	39.44545712664141	39.4119195021611	39.403238348727754	39.3650066242247	39.335403798773044	39.30003289577203	39.27272617832157	39.243141610697286	39.21281974779342	39.183545010454985	39.168425033736504	39.14476806999552	39.12672282931135	39.106323506259585	39.092870658189234	39.10329851980559	39.06239057953644	38.97065723339539
MHW101_trimmed_clipped_R1_paired	39.069894628297625	38.885107887481745	39.18543829241086	39.253270687359844	39.473920187346124	39.5045856571768	39.38969432171515	39.42402374440515	39.5224883568734	39.467899422944114	39.582755533749044	39.61163723960683	39.55778866540748	39.55144031826539	39.5804023348385	39.578584545217296	39.55355683042721	39.493069738725005	39.48720139864143	39.52276761320855	39.49423619335715	39.51398432335701	39.519634141338514	39.497081075943775	39.47740321683776	39.45614612360073	39.44684160873544	39.4384644021147	39.419874667645146	39.40170187434925	39.38784260689514	39.37772246455527	39.36973851496024	39.35834839481216	39.339826007556105	39.33058411028212	39.29113653282521	39.2293958888787
MHW101_trimmed_clipped_R2_paired	39.16581155109036	39.31704885701112	39.31717056623962	39.46015840996943	39.556498976775316	39.59711726334001	39.51707643244817	39.53465531361781	39.600313628840404	39.57593901108897	39.60683586027428	39.63406035324099	39.598369136489126	39.60730658979194	39.58815930800489	39.58966025865267	39.56631179098211	39.53716024796588	39.519152806950885	39.49224563645588	39.46092679574963	39.43140187849808	39.42735893474596	39.39428656575139	39.37004652190715	39.338724069774315	39.3159944610623	39.28916306045004	39.26337358960253	39.235742957379216	39.22308392836852	39.20059985402511	39.185155575660545	39.160288894383534	39.14744029201433	39.15472857622061	39.117496578231254	39.037153987767645
MHW102_trimmed_clipped_R1_paired	39.01611395246065	38.920415098473455	39.26338353561361	39.26954884349115	39.46603533958969	39.494608817111185	39.37601739327485	39.38944556775409	39.491815964065346	39.450708525204895	39.57064538030036	39.60363527753234	39.54857656214231	39.54425263834625	39.571577311472836	39.570911265831285	39.54612185827473	39.48567168144328	39.477088260374316	39.5084149542529	39.47968911149577	39.49777652898986	39.50419864162352	39.48084810404723	39.459047200469726	39.436329569771964	39.425954494663905	39.4160632099197	39.3955678560953	39.3784179709662	39.3623906767039	39.353261288128806	39.34363424006757	39.33505428802267	39.317452535098866	39.309725147367814	39.27066800614956	39.20418466490849
MHW102_trimmed_clipped_R2_paired	39.15291031177834	39.2810713572966	39.286675238819285	39.4307132091968	39.53891868294453	39.581629055229925	39.4936016413177	39.51475769770507	39.58410927370698	39.560324935509335	39.59383497491335	39.624326487468764	39.58754058149431	39.59695032476601	39.57769467533058	39.57948792060512	39.556693763284564	39.526536410989294	39.50706661897349	39.47979874683498	39.445497408353674	39.41428181689605	39.408593785936716	39.3744283616518	39.34758406182033	39.31474131727415	39.28888267279639	39.26175069393439	39.232206268233924	39.204647629346695	39.189963866068695	39.16821432212239	39.15057510792896	39.12890955676108	39.11583736023038	39.12665101970024	39.08887698695906	39.00266119021794
MHW103_trimmed_clipped_R1_paired	39.023846600219926	38.96902593560808	39.240839725923834	39.23597590568902	39.35355188608878	39.25488368938441	39.292631484851704	39.318290255467595	39.46796651261162	39.43215117004106	39.560866875531914	39.59757764529085	39.54656907404645	39.53696377886017	39.570162233831795	39.566430332219845	39.54054057727036	39.488889717387444	39.48357983686627	39.518117356484844	39.4921783739657	39.51204197300448	39.52329182231317	39.50258011249525	39.484152763385474	39.46467188175099	39.45607518125198	39.44889732899982	39.43061425862966	39.41461122504141	39.40139593760918	39.392055999526065	39.38328869514645	39.373543636574375	39.35698867858259	39.34777334696976	39.31391442056525	39.26220016107402
MHW103_trimmed_clipped_R2_paired	38.90716522480572	39.19679740714554	39.198027130754305	39.366338001344914	39.494585420839655	39.54290599698083	39.44906994246219	39.46996096139674	39.55030766545536	39.5271492525524	39.562883073875426	39.59597862491358	39.55817192228606	39.56969325913959	39.55223781879116	39.55801232727596	39.53645309202438	39.50874000824258	39.49407104551434	39.46816353700102	39.437970191647764	39.409799110586036	39.40940339485561	39.37974773345777	39.35801778367128	39.329124662159245	39.30646923246303	39.28159128838041	39.25480287788187	39.228898545800135	39.217197726946516	39.195844251506124	39.17945540844161	39.155822393034335	39.14364317198797	39.15634810988984	39.12444516014584	39.05444480976384
MHW104_trimmed_clipped_R1_paired	39.183763082788715	38.984695094498164	39.136856829538196	39.22257857187436	39.384580990440796	39.448519196895106	39.29503023329926	39.38534247989652	39.4744745375567	39.40951578387643	39.537779019753444	39.564698899671086	39.51617390222574	39.51730776925274	39.55345839073973	39.554082236562145	39.531096052401075	39.47264231547973	39.466601743083864	39.502159194920964	39.474518994415256	39.496648882955064	39.502705888321294	39.480830675849305	39.46068748928767	39.43988532070882	39.430586101607766	39.42188524329972	39.403239695786695	39.38615835967805	39.371201984721225	39.36121513784916	39.35320230654831	39.34205429541129	39.324077901301806	39.3152582640732	39.274609224777244	39.20467696468337
MHW104_trimmed_clipped_R2_paired	39.19272431744852	39.25410734975125	39.27972637026341	39.43085507410412	39.53195099858724	39.5753606220993	39.49278646708259	39.518474144087875	39.58209573836568	39.566144537324135	39.60103046395848	39.63288339217367	39.597482195543314	39.60732956024857	39.585422134137	39.58762012203242	39.56489331674423	39.5350047725024	39.516076196342425	39.490440755922606	39.4587381279082	39.42948733596672	39.42295557021585	39.39042115227462	39.36549362040898	39.33413368382704	39.31045038640168	39.283645815978026	39.25575978560229	39.22890730797585	39.21565167810442	39.194495324344544	39.17793948778972	39.154274606488	39.141050697441656	39.15215803659439	39.11377628221746	39.02382242080944
MHW105_trimmed_clipped_R1_paired	38.982481339545856	38.9875539950389	39.19504744434618	39.30192344015506	39.4665807173607	39.362229367562186	39.363301659445916	39.43785831183543	39.49225880048162	39.436522071395665	39.55780556103589	39.585189736875336	39.53324615085985	39.53305328088477	39.56572420851054	39.567330652509575	39.54489364181033	39.48783080222499	39.480985787726226	39.517237593231656	39.489679506132134	39.511970435752914	39.51882534426579	39.49819080684493	39.4794081751487	39.459996063391955	39.451830474997855	39.44538326336637	39.42650798928588	39.41056062596247	39.39674823443256	39.38779516011779	39.378861422182425	39.369425713152296	39.35264251980649	39.34659690517995	39.30773043030714	39.244108637388564
MHW105_trimmed_clipped_R2_paired	39.18841029301423	39.26969620385279	39.29144828343671	39.436720644003024	39.538782627098364	39.58242576580385	39.49732625446376	39.518931555348445	39.58441426157671	39.564419487612824	39.59895194419414	39.629996794824265	39.59267308061771	39.60170396249307	39.58267649551789	39.584661238898185	39.56225801564054	39.532890050332014	39.51567355324288	39.49086717821451	39.46035391596887	39.43345742685683	39.4300803898384	39.399539977003606	39.37577976185039	39.346659992227494	39.32482215139157	39.299907933710756	39.27349260596985	39.249517169390764	39.23880362797079	39.21898479448489	39.20321781014388	39.18128478721988	39.169093907730314	39.18065087784821	39.14758775865037	39.068677078564875
MHW106_trimmed_clipped_R1_paired	38.923064479719685	38.810264771765794	39.144131099869746	39.235432031447345	39.286840927217064	39.44915285250276	39.35660049488156	39.32775162014014	39.46028891759523	39.4163200952486	39.552232851005215	39.586050014879184	39.532677387965556	39.52829504096568	39.558583779847865	39.56122925104626	39.53528223420308	39.484233687923904	39.47582104939629	39.51082467803594	39.48472316224949	39.504486007579736	39.51563875110016	39.49407446345526	39.4756158924234	39.455119656008	39.44683873995458	39.43896789175403	39.420868177229245	39.40491598592353	39.390624836840956	39.38069680691276	39.37216553760187	39.3614992192832	39.3433216303702	39.33493970491791	39.29869009604452	39.24549647072481
MHW106_trimmed_clipped_R2_paired	38.751932538619926	39.11022786679174	39.11497698558652	39.31435194480149	39.45190221195148	39.50522671985032	39.41104869946057	39.43690764602745	39.52121614691344	39.50221428842066	39.541285608933215	39.57579164010163	39.53941254383906	39.55252695365643	39.53645704086149	39.54091184183693	39.51892713563285	39.492316274246484	39.477031659837536	39.45064790530261	39.41970362386257	39.391366246394234	39.39147201769693	39.361531005262776	39.338533166197394	39.30819960003994	39.28613360954584	39.260675601781884	39.232984532109	39.207301861685416	39.19424108819608	39.17304054900262	39.15723150979741	39.13249912487039	39.119639845097325	39.13095445758241	39.09797259100649	39.023784357878505
MHW107_trimmed_clipped_R1_paired	39.06933685429645	38.81984742911894	39.32243087778979	39.33575308731542	39.321484983053836	39.415593749279495	39.4791037600362	39.48707516387388	39.53367103983469	39.48981471310173	39.601401096680405	39.62918296526164	39.57533018233	39.57183134085997	39.59787094750824	39.59893355303177	39.5761003423377	39.52126734057643	39.513686000083545	39.549406120621434	39.52295997501896	39.543785675913504	39.55074544578017	39.5305532238033	39.513072899208325	39.49500820556139	39.487659508958586	39.48118394006832	39.464767007552005	39.44945105070605	39.4375505669199	39.42780129411255	39.42143565874843	39.41104878088447	39.394647245086645	39.38690512881113	39.351873062467035	39.29774857098025
MHW107_trimmed_clipped_R2_paired	39.188288684583796	39.31373054359095	39.332844769155756	39.46928774562339	39.569888900007676	39.60665278844273	39.527169253905065	39.54092824280207	39.60935132344561	39.5872966142572	39.61608092146117	39.643423013770736	39.6082960019117	39.61520300802787	39.59614216633784	39.59764726051107	39.5754006422756	39.54843507653162	39.530700448444	39.50751146836077	39.47695446146595	39.451497337622946	39.447268780559966	39.41794273220744	39.394586389616464	39.36787854861391	39.34692040645457	39.322406725239574	39.2982959163567	39.274248674227415	39.26450918906075	39.24442919625901	39.22955609525438	39.20660059931065	39.19527141202414	39.20476729009098	39.17307197469886	39.099135089263754
MHW108_trimmed_clipped_R1_paired	39.23757514261701	38.92886456168927	39.315568526064304	39.317803734256145	39.50883122920782	39.52171845035857	39.40267905203828	39.43221819970525	39.52718939787276	39.476014397684445	39.59144011712628	39.61867487926489	39.56684803881764	39.566302430589815	39.59325400087458	39.59302115522435	39.57164321860954	39.516645781636115	39.507418662296466	39.5406468035459	39.514124857836556	39.53585760254897	39.54184917776655	39.521003712104374	39.50258358446486	39.48292463766364	39.47432281000325	39.46614246495539	39.44821508155028	39.43169802237669	39.418096673378145	39.40817991929888	39.40077659735224	39.39023659524694	39.3722042303415	39.36356937466603	39.3269677567665	39.26960656497202
MHW108_trimmed_clipped_R2_paired	39.22248758692735	39.332064945498516	39.348808318817106	39.47654728224871	39.58484909007678	39.62040461419741	39.53589109140825	39.55047745071637	39.624028617797784	39.59700756205636	39.6252224650907	39.65400764891378	39.618096547815455	39.625820064080735	39.60695408856688	39.609481634361146	39.58736473689127	39.55977686416359	39.54106798857149	39.51673950124352	39.48539125483752	39.45844911118985	39.45222267629328	39.42089074190134	39.396930399096796	39.367372020638655	39.344727642251094	39.31864305882129	39.292291953003385	39.26643104682523	39.25362046845676	39.232093549551294	39.216836394658344	39.19235412211834	39.179020942493835	39.18695053687223	39.15164824429063	39.074640272631285
MHW109_trimmed_clipped_R1_paired	39.048942772993804	38.895516176668394	39.202200976583605	39.280747536600146	39.49918656163478	39.523328282915266	39.41906855411352	39.45050829454594	39.539642241435814	39.48973143761677	39.6005756718867	39.62668199968429	39.57419304437427	39.57100618551966	39.59690850778152	39.59581001784536	39.57255389293995	39.515351459773875	39.50916606918996	39.54356815945064	39.51591872952363	39.53585605502526	39.54225071655206	39.52124886736026	39.5032583040054	39.483705175904106	39.47539808849565	39.46724371520418	39.44902313865949	39.43276836305991	39.41918413498668	39.408880382812036	39.40070750582248	39.39051269143965	39.373141683738496	39.365186274488465	39.32799751692985	39.26942587805433
MHW109_trimmed_clipped_R2_paired	39.202944232639005	39.319073364351155	39.339233221259136	39.47616859750155	39.57284319630285	39.607945010569445	39.53207160836694	39.54648172555125	39.61261128718836	39.59152241449186	39.61929649823444	39.64666177269298	39.61116280490236	39.618689343632994	39.598786184670175	39.59938496086267	39.57660390474097	39.548464278133615	39.52954850058167	39.506105479472204	39.473699656601056	39.44708071419656	39.442664095244474	39.41223236527336	39.38717795781058	39.35744886795476	39.33638013660133	39.31096556895337	39.28384461452468	39.25858543385419	39.247370468619046	39.225935320301176	39.21044925442905	39.18727924535516	39.174853186689234	39.18391427298595	39.14953605015038	39.070855130494444
MHW110_trimmed_clipped_R1_paired	38.99424396840887	38.93889211817021	39.30360584570372	39.301481356131184	39.50114873828836	39.52606040523167	39.419767527370524	39.4362641862738	39.525449402582616	39.485515353495735	39.59475842546571	39.62433988744298	39.56798239269766	39.566920333058675	39.589652443446326	39.58710179679521	39.56264868823213	39.50286005282899	39.492685972622425	39.51984350964265	39.49055810608028	39.50774346017821	39.511362812103236	39.4889502171297	39.46712885775289	39.444986940367784	39.433526236860516	39.423571969741246	39.40199892027834	39.38386257806885	39.368370010668386	39.357591343792706	39.349067407555346	39.339110046353454	39.32120029520407	39.31379707344957	39.27282076905092	39.200009415286296
MHW110_trimmed_clipped_R2_paired	39.22883671173747	39.31603458284661	39.34387586045898	39.474033044236215	39.5783475593849	39.613474450847065	39.53298454215112	39.54839460998276	39.61670995818018	39.59433327822013	39.622179747050765	39.651856058054385	39.61439189431148	39.62081360047441	39.59984273286335	39.598448660933535	39.573669926315425	39.54231232623323	39.519571209142676	39.49267179021156	39.45738177437934	39.42657358205374	39.416686419616425	39.38200574496617	39.35417288695241	39.32101678591988	39.294818274126996	39.26697394725968	39.23761919649577	39.20996808041549	39.19530044603931	39.172727197675684	39.15593093767491	39.13376350987595	39.12095976952956	39.131399259874875	39.0918430459217	38.99841050392145
MHW111_trimmed_clipped_R1_paired	38.98462889422971	39.0094969058087	39.297002581643184	39.28424004187888	39.39326929386173	39.30281684330642	39.34915537693759	39.37835488907321	39.50326711070203	39.46964065946551	39.58736929718538	39.6200494893781	39.56941121731845	39.56347435591574	39.59276888211632	39.58835271996038	39.56382411778074	39.51397780514357	39.50678360348837	39.5382138747603	39.51180524849045	39.53156318093767	39.541598500991526	39.52192396932982	39.504476371696086	39.48691303780137	39.479017980565516	39.47193382291348	39.45511296591452	39.43974741451463	39.4273324211769	39.41858213777183	39.40961306068554	39.400675067848624	39.384161140570924	39.3765215482879	39.341636931881844	39.28595536591797
MHW111_trimmed_clipped_R2_paired	39.13558740208847	39.248414896476824	39.28067552153832	39.42838020382623	39.53794402149164	39.57710293966987	39.49560460258113	39.51188222122116	39.58406064141612	39.564876060537536	39.59617760503334	39.62677169012257	39.59077419922887	39.59880796039209	39.579890449333504	39.5830241594612	39.56035761568047	39.53424042973442	39.5158982591804	39.492632224651615	39.462566200512164	39.436035389861594	39.432574549082155	39.405355521951115	39.38177759800384	39.35492630188909	39.3334407286586	39.30955278645678	39.2841194856628	39.26078725720764	39.25066107498711	39.23099554392005	39.21749145075645	39.19505869311018	39.184341774569326	39.19511647770466	39.16497341715227	39.090570251365314
MHW112_trimmed_clipped_R1_paired	39.17548971065382	38.94965444991866	39.12107520640572	39.17247776702025	39.37617474445179	39.40976683762131	39.28671848446881	39.37389569170365	39.46406289622876	39.38604707468262	39.51979714195478	39.53875942368371	39.49531941029729	39.505460755591095	39.544997849543016	39.55103493822028	39.5323713786432	39.479555716587285	39.47462815682469	39.51031593824755	39.483799287979565	39.50752964539369	39.514401346015354	39.494203616622464	39.47607899412436	39.45576515368107	39.447306950819915	39.43973785277764	39.420642702521654	39.40504951881779	39.39112222307066	39.381115064139586	39.372904921853994	39.36206595587836	39.3439652358103	39.33690657986752	39.29710246811253	39.228248983047216
MHW112_trimmed_clipped_R2_paired	39.173367842135804	39.25450687291052	39.29078718192639	39.439450890937024	39.54471754120541	39.58337764126714	39.50530686380002	39.52605459868949	39.595453524316014	39.578093763016774	39.61000117739674	39.64112913130053	39.60646192956267	39.61530038877227	39.59387149965962	39.595712086168504	39.57243860159883	39.543510991660284	39.52303844442355	39.4988087930232	39.46673942772857	39.43884347817651	39.431401287823455	39.40045569838291	39.37393228746019	39.34432275864826	39.32075096069629	39.29480983531475	39.26718358391109	39.24147491686081	39.22913455504667	39.20739119775603	39.19140120769043	39.16878745917958	39.1561692063831	39.168001189089395	39.1315375873794	39.043007293254114
MHW113_trimmed_clipped_R1_paired	38.97949459318592	38.995453737821	39.20122729086702	39.319594989634766	39.48461475328072	39.377984056063404	39.39007907426491	39.458895476537414	39.509643582146445	39.4538791862305	39.569679775590046	39.59195852009735	39.5383689229833	39.53930449414453	39.56746592917773	39.56769577315489	39.54512979614124	39.48367800467021	39.47369888371692	39.50368457788623	39.47301398545066	39.49246074887353	39.49510737028096	39.471996436789354	39.450209844432756	39.426884042799045	39.41562576746378	39.405185484097096	39.38332843829954	39.36570242041604	39.348684636798126	39.3373542160725	39.327841741475815	39.31900846850992	39.30082641398805	39.29508199260358	39.252566395252984	39.17202635785925
MHW113_trimmed_clipped_R2_paired	39.20872816946439	39.29680164329826	39.331308849384705	39.46641087327854	39.56883540830781	39.60483887541229	39.52845772061439	39.5455065673774	39.61063616158746	39.591072076312926	39.62061149544591	39.64945493524985	39.61326788669898	39.61900158232107	39.5959176870956	39.59460298842993	39.56852840119074	39.53598184203548	39.51192964026445	39.485078001595035	39.44759187045546	39.418005438587	39.4065151084814	39.37053884298715	39.34062258383669	39.30700806765533	39.28037158430871	39.252081024134526	39.220574159812834	39.19388051208444	39.177387997502834	39.155251950711815	39.13725896126872	39.1169313333799	39.10390140217603	39.11718216350663	39.07806643135392	38.98069892470867
MHW114_trimmed_clipped_R1_paired	38.967388941734114	38.857831142229216	39.18793520638548	39.27814909195622	39.33741990886935	39.48962128730384	39.41930249972164	39.389296988003714	39.49847826921901	39.45382327372534	39.57813080776701	39.60793354643762	39.55203040206158	39.54941547185888	39.57445576164209	39.574022869222944	39.54914119902347	39.48857326896453	39.47834944460945	39.50885123691868	39.479261988692954	39.49583819771447	39.50071551357924	39.47637067351245	39.455441886954	39.4338088922331	39.422941134175666	39.41284659398752	39.393008102903046	39.37663766280519	39.36094138713374	39.35139510718232	39.34224641514887	39.33337086205346	39.31603322257742	39.308254010589884	39.269050368328806	39.20503083289934
MHW114_trimmed_clipped_R2_paired	38.984202693638935	39.189157432407185	39.20958692175303	39.37062838469074	39.499478144728236	39.54215955058261	39.454696437560756	39.475943242727006	39.55701851889774	39.53929807326017	39.57222703488604	39.60677363857931	39.57165476839525	39.58271805419948	39.563818211714164	39.56469975912266	39.54037531110106	39.508690843289024	39.48672284593105	39.45824422715924	39.42101711235513	39.38899106399881	39.38205774117837	39.345709447397816	39.318635312306256	39.28536510617857	39.25881485558406	39.23052104025921	39.20002991129247	39.173225054460886	39.15836355912744	39.13647662148553	39.11952634594782	39.09776165897723	39.08463596717864	39.09667626727761	39.05771291736029	38.971956976980664
MHW115_trimmed_clipped_R1_paired	39.00856331799813	38.947253637918095	39.30107541092707	39.29254205744915	39.49131003352656	39.51362147415678	39.404093046811674	39.41954660075694	39.51373236166093	39.47460543026864	39.589365055000414	39.61991394496861	39.56620081500404	39.564517088382686	39.59137038964907	39.59025572345282	39.56783040698845	39.51532764726984	39.505787395434254	39.536453207554686	39.51132496469732	39.530919871071596	39.53855995100294	39.51837713051704	39.50055841737308	39.480992158785114	39.472925897257845	39.46447573551505	39.446612892104596	39.43099736899715	39.417419637168315	39.40761505579176	39.39943527475985	39.388604198464385	39.37148054411337	39.36376735489244	39.3267549134484	39.26746914666001
MHW115_trimmed_clipped_R2_paired	39.22987763921193	39.32723116207044	39.35102943122871	39.47492666487983	39.58091351138747	39.6134564350976	39.53210797367669	39.545805705964995	39.61572050437299	39.59098779543669	39.62086201153965	39.65084362483682	39.61370431857138	39.621321360143135	39.60282079633375	39.60553475587282	39.58293007781262	39.55688449316224	39.53940682751913	39.51594817995071	39.485564257716206	39.45883500544985	39.455252122933935	39.425038608732635	39.40296277086179	39.374017665365955	39.35274593458125	39.32792318135428	39.30305119360865	39.27828493075157	39.267215757672375	39.24692453743444	39.23152231782201	39.20848419932564	39.197415005923816	39.20677297741044	39.173739245500904	39.09751639012294
MHW116_trimmed_clipped_R1_paired	39.07237000952852	38.779785487378795	39.30475757349284	39.31383424888676	39.290771285485924	39.38950029968295	39.45653659478502	39.46531521501582	39.50904041592285	39.46437258525339	39.58470582158925	39.61309343657429	39.56061549074301	39.55690446599651	39.585321652577875	39.587079103279834	39.56349692218568	39.507119195838165	39.4996838796756	39.537126563597006	39.510481150601024	39.53238755223807	39.539368971653026	39.51975848170898	39.50232166527779	39.483819683560306	39.47655025426569	39.47034275126282	39.4530967913728	39.4373949290137	39.42599576013406	39.41668658053282	39.410131062652844	39.400281418798244	39.384902645858645	39.377957812669536	39.34314540546303	39.28613231250874
MHW116_trimmed_clipped_R2_paired	39.19996508502214	39.30997983339118	39.329197051674115	39.4659814697712	39.56033748866781	39.598600956138135	39.520059945602796	39.53553161272934	39.59805067025665	39.57814134955354	39.60906634272656	39.63714115780357	39.601546948771585	39.609666432345705	39.589710996279564	39.5920166881917	39.57006718152062	39.54255735886103	39.52498517277783	39.50129833070882	39.47070570904838	39.44382196597401	39.44115021247681	39.41123822911704	39.38942342292681	39.36044542428346	39.33941338482237	39.314075972801504	39.28871579619883	39.264399621746065	39.25503180572442	39.23416194358348	39.21902279774684	39.196150400728854	39.18582622637224	39.196950159896794	39.16481423206189	39.08774161190155
MHW117_trimmed_clipped_R1_paired	39.212905268753715	38.87436112103486	39.27523577193997	39.24121007947289	39.462134535510515	39.44979901811072	39.3505573130718	39.37491362020024	39.47283379947082	39.40803674987167	39.539671245485884	39.564859636759735	39.52009978599492	39.52737610350159	39.563961002075786	39.56768257605786	39.54853493447006	39.49433172179975	39.48618551441682	39.52113573080504	39.49524247117183	39.51871080660033	39.52625362897174	39.506813232748186	39.48904076859425	39.470001091749666	39.46253401891792	39.455711751502335	39.437774543637474	39.42242486519073	39.40978707972226	39.40024852629473	39.393306994557264	39.384596547481294	39.36819401578735	39.36146716504193	39.32505370575087	39.26427955226283
MHW117_trimmed_clipped_R2_paired	39.22300461732749	39.31583806774141	39.33337419392987	39.462381480410606	39.56395313054847	39.60200555841045	39.51707366567594	39.533442564667965	39.602379380066196	39.57780279495177	39.60989181756392	39.63994293956953	39.602250511864	39.61230465530222	39.59115689850008	39.59422000237012	39.571280300337165	39.54325451582026	39.52502936320336	39.49984641743181	39.468490275668934	39.44036769359563	39.436783394701905	39.4053876884337	39.38246518079678	39.35266100784422	39.330482537441206	39.30483465671814	39.27862198026277	39.25372232746983	39.24219049743952	39.22142148471066	39.2056524606307	39.18298357203596	39.17076105035881	39.182425543188955	39.14715689892058	39.06616253383735
MHW118_trimmed_clipped_R1_paired	39.03508707168299	38.87211540549959	39.182449389328056	39.24511734133751	39.47054220344042	39.49753433638145	39.38699363627154	39.41791940033966	39.51182448378034	39.461579266751116	39.580765216985704	39.60804904924068	39.55721933754943	39.554369798757406	39.582775922197	39.58313302063355	39.55929931481943	39.5031002643129	39.496788674874175	39.53365888862009	39.50731627145256	39.529347834784	39.53664469219961	39.516367122398904	39.499195738331	39.480615786581936	39.473002890749555	39.46615210374041	39.448906647364126	39.43349719435206	39.42048253869414	39.41126094459821	39.40393201888868	39.3935290291412	39.37794278896001	39.37060455138219	39.33555227512756	39.280273262136774
MHW118_trimmed_clipped_R2_paired	39.178258595032844	39.296550242796826	39.31431465755118	39.45515797275232	39.55015378555992	39.58825936887365	39.5104747526418	39.52605020050141	39.59132664040322	39.57142042841332	39.602979974843	39.63063165774903	39.59466302375552	39.60426695020533	39.58448357210095	39.58686753973483	39.564672098404735	39.537192024594866	39.520174037062276	39.4962567145329	39.465760368605316	39.43929750676209	39.43713603815553	39.40702404979255	39.384758181725886	39.35606716405149	39.33446482128829	39.309701381680426	39.283677446828065	39.25917742325511	39.24875894345911	39.22787860999086	39.211666039932176	39.18991091397605	39.17838470475962	39.189574243526	39.157337243851686	39.08218909456597
MHW119_trimmed_clipped_R1_paired	38.97513038166699	38.91353264372367	39.256776671196164	39.26131823019556	39.45867183915493	39.483280005562186	39.36093981183015	39.372068555402755	39.47640594732882	39.4401066015197	39.565540125022586	39.59856947342931	39.54622730152833	39.54654184347189	39.57455846468507	39.57435775583288	39.55102086471989	39.499468365983056	39.48970208963791	39.52143084155641	39.49601031115688	39.51630352084756	39.52602815266492	39.505891652047616	39.48819590975343	39.46923978079635	39.461642091666064	39.45447711546681	39.436716133662706	39.421533542795416	39.40879875462157	39.399391386870846	39.39146618237869	39.38247553187712	39.36698102576197	39.36098979952626	39.325077716311824	39.26518656027808
MHW119_trimmed_clipped_R2_paired	39.15282051436289	39.257441256142776	39.285349233269564	39.426917907522586	39.535138927652184	39.5756914816397	39.488667486221985	39.506905224824315	39.5768599982983	39.556444277699406	39.59078820847794	39.621915851451334	39.583952782732474	39.59429621030097	39.5747308542326	39.577312660665676	39.55446097883752	39.526994620837655	39.50953930573075	39.48536908690831	39.45371126696986	39.42540628671334	39.42308927957606	39.39286721792707	39.36986798437192	39.3402302377861	39.31793566079413	39.291958519901286	39.264735541337004	39.240505560163726	39.22945728990525	39.209408448121216	39.19391663328074	39.17146223836253	39.160223724089626	39.1732283017849	39.14044544914235	39.06214085938181
MHW120_trimmed_clipped_R1_paired	39.21421840531895	38.74161271777294	39.341839235871426	39.35320143800787	39.28131886903201	39.391000797716124	39.48740195610435	39.47217845632306	39.477595363303614	39.47928216840961	39.61036919483598	39.633464313234995	39.58171487460856	39.56659764188821	39.57583596481838	39.572240834518695	39.56243439455512	39.54554148455662	39.523242104773715	39.50415647544219	39.48541956537808	39.467041460506536	39.45083658523896	39.427133573232965	39.4059455758093	39.37769394644865	39.35822264635432	39.334043354915764	39.31161780640824	39.29871939113922	39.28634679315837	39.27099348674697	39.25415377743388	39.24398470177785	39.224691342318216	39.20873986642474	39.16495604255236	39.07908174296958
MHW120_trimmed_clipped_R2_paired	39.24304714332001	39.41376945270622	39.49746313954372	39.5654674987312	39.58737192670012	39.62612283031129	39.6034674381226	39.627398836098706	39.62620656151598	39.63091135964362	39.6477308435504	39.65075142939564	39.62763754685626	39.62076417107066	39.60811538752116	39.58951294144387	39.564128986339846	39.53589768654161	39.50121277709762	39.46710433450683	39.43573691417513	39.40331002993711	39.36873635020784	39.334241393409556	39.29848710893831	39.265740829102796	39.24221506194118	39.2165479003379	39.18778486257209	39.15927483311808	39.13843351072706	39.10604094080408	39.083155801754344	39.067557366210366	39.04285558739819	39.05476795318092	39.01122641011724	38.91495546667977
MHW121_trimmed_clipped_R1_paired	39.268079621742864	38.82511059602248	39.306444098306436	39.346976142695006	39.44283884242707	39.48752439873415	39.39569227298971	39.38691400488696	39.444446859475455	39.44063295359219	39.58693859552234	39.61542072337322	39.56955107617133	39.55485544769183	39.56811399589343	39.56521020501605	39.55735865680287	39.54482275025659	39.524605483514314	39.5096252512094	39.49429268530904	39.47999353056268	39.46639731991412	39.44551687749277	39.42961387011207	39.40412227285443	39.387653950966	39.36652020413198	39.347722783983436	39.33822638057304	39.3287883554118	39.315439572121804	39.30037594382314	39.29162451978494	39.27266198143154	39.256677142206044	39.21801119035841	39.15333425201729
MHW121_trimmed_clipped_R2_paired	39.12934844590056	39.34960519395025	39.43756382090366	39.522858905602604	39.547990757701	39.59289834692934	39.56716201541427	39.59394233732792	39.59528036130418	39.604309434308185	39.62236464489754	39.62738220938677	39.60537021620668	39.60022859826086	39.59102496904561	39.57612418362865	39.55353987102113	39.52925161195863	39.49702957787893	39.46582491348662	39.439719680702694	39.41044990636827	39.37791173044981	39.34678934884131	39.3156295744422	39.28657556480723	39.26586992953727	39.244707898544846	39.21999648648711	39.19531998969188	39.17618207811024	39.148491101747126	39.128498068519086	39.11294688093902	39.08951634277875	39.10194083073841	39.06462948744972	38.99084051608104
MHW122_trimmed_clipped_R1_paired	39.162881108885905	38.81210941083456	39.27090199774317	39.30218986063424	39.44381742677645	39.5018868968932	39.43541896374903	39.43946009887664	39.48855688375677	39.48280023139741	39.61072293667446	39.63585507187963	39.586169539871406	39.572347611372265	39.58472388733416	39.58148089722617	39.57310247508544	39.561077719610346	39.542007988232484	39.52763234658552	39.512875203735476	39.4982749494943	39.48515701867225	39.46454637640388	39.44851158508256	39.42410891215055	39.40690136714992	39.38638873802285	39.36804204955609	39.35713370909859	39.34708799709423	39.33427695442917	39.318961317430634	39.30895910502501	39.28910211301475	39.27220417112644	39.23237178023415	39.16482984060776
MHW122_trimmed_clipped_R2_paired	39.22803836723975	39.41036978628097	39.49327110035892	39.5627636207123	39.586709056899004	39.62513828045191	39.601333614213395	39.62463561472316	39.626003401808326	39.629681828563925	39.646016081740655	39.650161283643286	39.62720669230538	39.6217709112437	39.61310988425395	39.59793322594358	39.57535949387289	39.550784096258795	39.52030765850719	39.49056974862323	39.46399411326978	39.43655133388491	39.40581865891019	39.37670617084458	39.34580279774646	39.317495165726974	39.29818057312358	39.27721330803595	39.25430509348345	39.229229965609136	39.210383215001634	39.18311059432525	39.16215590646765	39.1472008717952	39.1235567248699	39.134502042254006	39.09644063996589	39.02048925477931
MHW123_trimmed_clipped_R1_paired	39.11442144118913	38.84312625434499	39.29853270900194	39.31131635967818	39.4405441611061	39.48779462318676	39.388402543432775	39.378457043166826	39.44336779320892	39.456203040574756	39.59456154055657	39.625422975594425	39.57855479216166	39.5628949653441	39.57492213101781	39.57023923822253	39.56198418313533	39.54811356477791	39.528642734625905	39.5133070232349	39.49852422674047	39.482874814998794	39.469124683752845	39.44789994767571	39.43098220372281	39.40566468036895	39.3878619362363	39.366541520404155	39.34765992838233	39.33741761441992	39.32744807412312	39.31398582003878	39.298080825020335	39.288509154168665	39.27023413255706	39.25358348540681	39.21434010163538	39.14621507710105
MHW123_trimmed_clipped_R2_paired	39.14578593900823	39.35842488118107	39.44646775016684	39.52767102425104	39.552129214566165	39.59547085530356	39.57018133325179	39.59677553137523	39.599656264385324	39.60643520013575	39.623465889220725	39.62846035232958	39.6060793009312	39.60018915223151	39.590333595585456	39.57495484602901	39.55254566469159	39.527675202157695	39.49575863894539	39.46524028736487	39.439309078563966	39.409339499400275	39.377002729194786	39.345019624510954	39.31395370464137	39.2843230314055	39.263635434111784	39.241928768456255	39.21728932909878	39.19222407246296	39.172936943265036	39.144577934506984	39.123653413357	39.10865648557192	39.085072434150604	39.09759602147799	39.059332968291606	38.981764250129785
MHW124_trimmed_clipped_R1_paired	39.12911871698416	38.95558122278113	39.360205789856956	39.36012225181243	39.41282180448519	39.31227387904086	39.3817952971132	39.38722522053705	39.47151203576951	39.485980041264774	39.61267567555095	39.6405829490307	39.590713982276675	39.56784206761382	39.57865677465965	39.56807753471735	39.55510412936735	39.53651602023785	39.51452863981112	39.49446455711181	39.474994221599665	39.45460656811904	39.43887036123553	39.41362684311987	39.393314356407494	39.36274870986699	39.34326946275962	39.31753665523216	39.29449821451883	39.28123714483563	39.267548428870626	39.25205557790748	39.234598729401355	39.2247254384294	39.20184938257915	39.18529453237314	39.140251871253724	39.050917737415055
MHW124_trimmed_clipped_R2_paired	39.27588860328766	39.43540171549122	39.52222820270204	39.5846099286628	39.60770188668037	39.64339598894152	39.6225732327525	39.64239630166765	39.64408171849036	39.645507109067196	39.659974377139896	39.66165554048719	39.635107186423326	39.626165972770465	39.61184934015817	39.59177575011587	39.5644724513424	39.53501639487278	39.499038255124375	39.4641682671475	39.43273652020751	39.39939397687844	39.363791361166264	39.327778166283565	39.29330782530593	39.25703732634095	39.233024832062156	39.206133404989046	39.17734311360435	39.14714213819186	39.12217760696201	39.089998693063464	39.067313691183166	39.05146125218125	39.02330912786204	39.03509245827071	38.98918224310068	38.889636714591035
MHW125_trimmed_clipped_R1_paired	39.28810559535437	38.92816537420387	39.21198806777975	39.32775829192919	39.40320083513929	39.488846236862905	39.348416835237586	39.40198432361784	39.45231466829522	39.44667239455036	39.59155177551577	39.621464059841664	39.57642261125814	39.560806511298516	39.574062288265495	39.56938517932859	39.56113959837093	39.54995378413434	39.53192783515992	39.51783773151334	39.50492912608985	39.49051753653201	39.478421124727745	39.458502947078	39.443370506132844	39.41868990795299	39.402610398810154	39.383540260594785	39.36598008321921	39.35733900637847	39.34820852066955	39.3353960536909	39.320277952118545	39.310743422103656	39.291927193367556	39.27563441302201	39.237838824882054	39.17494401136462
MHW125_trimmed_clipped_R2_paired	39.16568456066076	39.37282603677597	39.46045226955137	39.54266396946889	39.56555200656065	39.608362518362824	39.583740851774394	39.60961480029462	39.61130909589529	39.61773418967308	39.635113352299996	39.64024712643394	39.61859396070864	39.61334779478079	39.605026316055195	39.59096821880329	39.5692074371507	39.54603243277846	39.51557569408757	39.48683653724757	39.46330499533418	39.43546542028936	39.404196980981695	39.3754391744762	39.34621434725753	39.31887788170172	39.299075191670156	39.27969027565232	39.25682640115669	39.23301325016897	39.215431660601354	39.18950550919092	39.169798778071026	39.15463430210586	39.131590435194845	39.14238711848089	39.107783090677536	39.03950284486526
MHW126_trimmed_clipped_R1_paired	39.18334740075244	38.95759705306098	39.27434006328002	39.4027876854286	39.476528508088066	39.40734852936708	39.4250917182633	39.4749610885395	39.488161317627046	39.48216355621236	39.61079159905556	39.63078011494446	39.57701613661232	39.55771318336666	39.56269105707154	39.55329022319229	39.53917704482943	39.51448126747606	39.48679247496111	39.45958500323118	39.433322989326406	39.40736662244783	39.387632525487426	39.35711855175305	39.33057016120675	39.29434125637971	39.27127944395338	39.24044833418135	39.212564100036694	39.193959136139554	39.175964293658	39.15742458687067	39.138730579002456	39.12954896782786	39.10406985853576	39.09096739976429	39.04150062827125	38.933360402037124
MHW126_trimmed_clipped_R2_paired	39.28457071021395	39.44057018155937	39.52815161906773	39.590001692178284	39.612668471245634	39.64658490497386	39.628666371371395	39.64859928040865	39.64467404013631	39.64830426864571	39.663823091761735	39.66412440883004	39.63650345197368	39.62565402271524	39.605980793478686	39.58295145310748	39.550932719375396	39.515833053021126	39.4734231333404	39.43260280300534	39.391258604713705	39.35331709035438	39.31227842923733	39.27001044175303	39.227423708380755	39.18580987692765	39.156180009951896	39.12414062396791	39.08784052462185	39.05177466624018	39.02128578240474	38.98322059383126	38.9555829081227	38.94411113224121	38.9098676516897	38.92641121493716	38.87463225214977	38.75068376213373
MHW127_trimmed_clipped_R1_paired	39.115512635907585	38.78633847922172	39.25447528662271	39.3610329666033	39.356733194566964	39.499041191082775	39.45593412786723	39.41141158529201	39.46593390772249	39.476809283044	39.61072872179291	39.634139485579496	39.582975045383186	39.56557982706771	39.573745670645074	39.56845318403832	39.557805039625165	39.53939519407627	39.51685900492728	39.49729375537076	39.478501565686216	39.45836605188883	39.44354200368218	39.419108389249686	39.39899348433034	39.36954638678162	39.3497685121214	39.32584628236597	39.30327549084957	39.29026561836773	39.277114235011496	39.261422792716516	39.24440914915889	39.2338216031863	39.213117970272506	39.19751941963692	39.151719894144044	39.06604094021699
MHW127_trimmed_clipped_R2_paired	39.250624108365145	39.41933822625027	39.50383979550949	39.57099283772591	39.59265799293921	39.6302241733735	39.61025244640632	39.632721206764124	39.632527399946774	39.63625674485205	39.65178520223702	39.65427251579328	39.62974385597035	39.62160094744438	39.607827274498206	39.58921430963885	39.56217653519825	39.53289120892885	39.497451893515084	39.46269510001389	39.43141661165406	39.398418340540225	39.363818498025395	39.32841543344746	39.29319289952908	39.25852098485496	39.23603661028533	39.20971705887524	39.1807441809763	39.15146855671419	39.12918032406425	39.09660716721839	39.074008608320455	39.058669015388546	39.0324764750969	39.04475202978531	38.99974197269307	38.902667101588584
MHW128_trimmed_clipped_R1_paired	39.243963724595396	38.83207367178391	39.39574873396408	39.4095609640674	39.35899846209565	39.45556833052133	39.53786827262502	39.525998270634084	39.533713931398204	39.53512131100746	39.64789516529462	39.6672252450591	39.61894548560997	39.60684918500647	39.6152798819259	39.61328461793396	39.60571374393764	39.59381749171711	39.57543312674045	39.56130699765347	39.54709136431269	39.53315797793718	39.52007278366925	39.50172861095977	39.48617790782196	39.46423777702127	39.44789461162371	39.42891890066919	39.41120603463435	39.40164242581107	39.39239692608787	39.38058173496782	39.36612104318898	39.355478473001156	39.33822292505148	39.32200834253315	39.285036315451485	39.220489503955115
MHW128_trimmed_clipped_R2_paired	39.210492878261306	39.41638266812932	39.4994937819684	39.57509712476365	39.601883290897156	39.6398509456481	39.61567084263696	39.64047050733265	39.641427691209834	39.644640273161485	39.66281385232428	39.66736710676183	39.64582950495171	39.63951553822864	39.63078490369883	39.61434177537696	39.59394098908778	39.56846131127336	39.540304816348986	39.50990009799043	39.48615850811727	39.45701378579004	39.427172069897985	39.39683317191685	39.36681816191697	39.33833359653066	39.31833020928353	39.29692143199313	39.27219665197997	39.248521001275876	39.228643961960145	39.201482278546855	39.17946953916795	39.164395499597795	39.13936396253741	39.14910330972499	39.10976005942999	39.03607762544888
MHW129_trimmed_clipped_R1_paired	39.337060418671285	38.91627401000636	39.382942838041345	39.415804483324415	39.51320573648167	39.552916938652	39.46115267881885	39.460324958606634	39.517576522069525	39.513644697726775	39.6351976384566	39.658321112630105	39.61333459644917	39.59995110600048	39.60908648791083	39.60601865196903	39.598034173383	39.586814396452745	39.56823454576031	39.555108505764125	39.54130673437493	39.52825502611647	39.51520832254431	39.497306401742584	39.482539832189694	39.4604521964445	39.44491328884479	39.4269449757736	39.41070409932166	39.40222627931241	39.39344649154822	39.382076176260156	39.36836025755468	39.35903503395088	39.34160726952446	39.32624432461429	39.290589125671296	39.231766190723064
MHW129_trimmed_clipped_R2_paired	39.15372313037741	39.387693003288334	39.47283916191003	39.55564999730851	39.58261618447547	39.62497855860725	39.59847544966033	39.62428816809453	39.62687133532541	39.63164990029818	39.650263602458935	39.654562571908926	39.63344263172354	39.62717960728182	39.61876998751753	39.60260213438245	39.58185986233453	39.556463737205874	39.52775963969975	39.49744054447026	39.47423147878068	39.444646929099655	39.415800213169575	39.3850893593492	39.356334634476625	39.328952745679075	39.30834778613022	39.288330318673786	39.26512908527929	39.241532260065014	39.22243656451891	39.19689664184276	39.17611029689506	39.160697810315924	39.137022618036525	39.14734908362344	39.11088780854223	39.041909957267436
MHW130_trimmed_clipped_R1_paired	39.190377200277666	38.873940719146105	39.329798698792985	39.37404914654723	39.518750879260516	39.56493943024101	39.503715561108294	39.50381004610969	39.548291041716496	39.53991917437987	39.65152043792293	39.66808723746356	39.61647698102324	39.59649674067259	39.60025546867888	39.59157529830663	39.577063860086525	39.55666259364055	39.53223862392085	39.509476530935835	39.487017272115416	39.465122658849005	39.44684323482359	39.421015760184176	39.39982599326145	39.36905847956929	39.34868220038264	39.32184345376354	39.29859066900707	39.283394937017455	39.268000880288504	39.252520069049055	39.236465643288675	39.22575956966183	39.204490866506305	39.1904835818179	39.14609506269952	39.05276046964666
MHW130_trimmed_clipped_R2_paired	39.24756251906017	39.435556941070054	39.52886391169168	39.596917986052276	39.62416762754101	39.658126171574914	39.64081261226061	39.66040648402646	39.66000717598039	39.661044310051956	39.67744003370895	39.676964653314954	39.65037459817218	39.638794290838455	39.62223409025043	39.5992232432996	39.56947410069787	39.53542500647808	39.49886770967234	39.45922281146271	39.42484519451831	39.38817424161947	39.35154463504546	39.311700887938876	39.2739501555555	39.23563842823836	39.209454756394464	39.17906699986325	39.1467190822684	39.114610759933576	39.08703957546608	39.0510519793727	39.024922241770824	39.00906127650486	38.97910829743294	38.991431144140144	38.9451201041062	38.83466779523439
MHW131_trimmed_clipped_R1_paired	39.17125215448446	38.93699680352188	39.399867321816025	39.38978468342337	39.52685180847231	39.56530335420824	39.487384256023326	39.479984292343886	39.52637372138566	39.53410811147963	39.6483649114115	39.66942265776099	39.61936025622034	39.60202510166889	39.60627736995742	39.59958137959281	39.58806739133618	39.569071451054484	39.547288566066335	39.52601323323923	39.50580528045212	39.485724541585505	39.47008918311993	39.44521520120425	39.42458695390876	39.39583413573372	39.37602905167488	39.35083936081153	39.327171726818165	39.314027078708	39.2992784149621	39.284273406070646	39.26727582961128	39.25687371448097	39.23606394197064	39.22073790481399	39.175343919816896	39.08725651719063
MHW131_trimmed_clipped_R2_paired	39.25753866213696	39.43954851869811	39.528217002743155	39.595519224243326	39.621738314595426	39.65545564861549	39.63728686053752	39.65797657914964	39.65716361852881	39.658593051990096	39.675132461363276	39.67634999869057	39.651930380931105	39.642424625634355	39.626339619580676	39.60595421520515	39.57989844637025	39.54842162368725	39.51366911881759	39.476023035028234	39.44466078211733	39.40787231258243	39.37297834753357	39.333973675428986	39.29912813221	39.26115563170906	39.23535353568337	39.20667764864912	39.17499456845177	39.14399769513982	39.11788281847843	39.08305756660617	39.05605252162097	39.04299136487119	39.01275940340469	39.024531735976765	38.974377555728346	38.86979202676641
MHW132_trimmed_clipped_R1_paired	39.14312356659512	39.01763089726758	39.40967720463663	39.412316838632755	39.468274841026805	39.38378816720704	39.44843034524064	39.4550943480471	39.52684250767054	39.53515672499233	39.64841580751124	39.67181913026634	39.62413895119239	39.601695922569796	39.61073694368612	39.60152065303628	39.59013948226745	39.57320395302064	39.55273313124651	39.53415831149481	39.51561125871537	39.49728629176887	39.4821681496339	39.45942973278771	39.440031465486264	39.41313187472515	39.39462401903786	39.37175525470279	39.35031642139741	39.33867909529004	39.32601764267007	39.31178636767153	39.296274227678964	39.2870217344242	39.26670044662086	39.25208964324008	39.21069973995914	39.128973838427086
MHW132_trimmed_clipped_R2_paired	39.245105627059814	39.43742746275459	39.52689829644667	39.594040544131516	39.62110305490896	39.65639308787083	39.63535044377463	39.65725023081541	39.65737700160907	39.65832818386267	39.67536109414106	39.676924242114524	39.652081683135485	39.64281953302228	39.62883909424101	39.60917206904171	39.58388383702423	39.55409141166121	39.52099448518928	39.48587582381636	39.45705895341304	39.42261177111742	39.38870808493645	39.353226292117135	39.31907086564132	39.28477500900059	39.26199975732815	39.235327931951744	39.20596541032282	39.17803755782651	39.15397847063748	39.12350369807009	39.09962823929188	39.08673954273363	39.058580256959885	39.07071000188064	39.02545746361649	38.932622875202824
MHW133_trimmed_clipped_R1_paired	39.35868207344288	39.016616096164654	39.28012485815309	39.394130780438246	39.47486369619374	39.5534222083939	39.42801764151889	39.47483516163387	39.51972433845803	39.51457775168517	39.63724420763731	39.659681229281794	39.61353734349253	39.596397721049975	39.60415386549254	39.59855882868068	39.58920846822434	39.574907483226525	39.555313027577725	39.539062190252416	39.52219426031041	39.50650786183813	39.49261052642095	39.471664135140244	39.45412030504312	39.42906050798467	39.41245840863926	39.3904487487614	39.37042964459344	39.36061968788584	39.34924189433939	39.33514096130362	39.319769186794176	39.31036898700061	39.29084334903971	39.27454891984605	39.233792703511114	39.16040610961099
MHW133_trimmed_clipped_R2_paired	39.218494593254505	39.41886252173078	39.505851217327326	39.58022058767077	39.606943688711944	39.644727748257864	39.621385497260476	39.64560031694924	39.645328863064854	39.648319328865355	39.66671884842011	39.6693912000326	39.64683647752458	39.63861918316546	39.62685316066379	39.6089744583659	39.58665226702534	39.55866907628013	39.52731888802863	39.49424102680732	39.46786592707084	39.43512791993307	39.40309268924328	39.36984632525432	39.33838367149178	39.30563263177386	39.28305466915116	39.25835861024534	39.23135999750217	39.204329013857375	39.182404497236995	39.151766437704055	39.1280367602986	39.11365190514972	39.08643748674757	39.09748079205476	39.054275008746295	38.96815401450663
MHW134_trimmed_clipped_R1_paired	39.20601885643472	39.02195881086353	39.31584323648482	39.45036025210138	39.524890267462325	39.46940454336417	39.48623276687333	39.525853750722604	39.54644008816114	39.541205293955315	39.64900605851766	39.668239078271895	39.62093368037371	39.608406362158576	39.61792149566496	39.6157376781052	39.60920344497917	39.59728891876105	39.58029853291665	39.56730928620631	39.55442025937643	39.54117172699361	39.52920419477074	39.51156796948955	39.497451739736405	39.47586705840992	39.46091074889732	39.44380810070397	39.427163720513725	39.41858150005227	39.410103430847435	39.39845653446355	39.385317496772416	39.37506639144217	39.357546308310724	39.340831499614694	39.303667604726414	39.239906994412706
MHW134_trimmed_clipped_R2_paired	39.238883204749044	39.43456091151544	39.5210721178261	39.59197708116805	39.61760494524767	39.653287739919435	39.63204422526789	39.655039286445074	39.65547753604082	39.656467956165244	39.673771982971545	39.6775395660802	39.65551670548075	39.64863804075107	39.64051635431167	39.62512511008372	39.60450767314455	39.58027829083536	39.552895190914164	39.52377507796016	39.501567570322834	39.473831493820775	39.445504976017986	39.41753772523636	39.389328585640584	39.363628306870325	39.344638642046206	39.32553416589482	39.30316256851453	39.28120247598913	39.261841498192055	39.236647839582375	39.21607697898257	39.20047913724542	39.17672686348838	39.185415957023196	39.148351289267175	39.07753338037255
MHW135_trimmed_clipped_R1_paired	39.15206518743731	38.86449900049785	39.30968803675708	39.41245366713376	39.41855632892511	39.5452281524161	39.5077759468522	39.470217063355854	39.5183299668617	39.52490682761996	39.64454433764035	39.66469074880946	39.616281290866866	39.60079339786605	39.606515800104354	39.60254100724891	39.5936959878657	39.578201146608386	39.55773096376837	39.540708092223234	39.52428585702179	39.507428198570565	39.493581265117356	39.47201982867666	39.45521101427731	39.43004506318409	39.41232077817712	39.39157443611617	39.37184652128148	39.36103954043248	39.35039908996084	39.33668501459435	39.32167927289997	39.31256250851427	39.29361514324601	39.278756538897426	39.23828017990789	39.16495307668812
MHW135_trimmed_clipped_R2_paired	39.215428726698576	39.41361613719097	39.5000792347005	39.574453656693244	39.601391011480736	39.638863348452546	39.616565798707775	39.64114687721023	39.64032732621238	39.64392834687292	39.66158343590929	39.66408246697821	39.641081783434416	39.632577605404954	39.62052430060142	39.60206864253568	39.57869320530183	39.55046809174417	39.51853026115426	39.48548221403164	39.457968154922895	39.42591552817239	39.39480413617605	39.36003227015404	39.32796848877983	39.29695074088028	39.274814350310386	39.250012495358604	39.223208864139465	39.197432558489076	39.1758004043417	39.14654114975105	39.1232295075485	39.10960627838483	39.083833295877334	39.095176298194026	39.05204232076089	38.965899861707975
MHW136_trimmed_clipped_R1_paired	38.97533982254727	38.88394059062194	39.19471323476395	39.206057759392316	39.30858415969424	39.21543665054607	39.243420920839746	39.25413952004578	39.41692814507444	39.388981779798556	39.538254135183884	39.57666962754373	39.52558300505544	39.513937765723945	39.54437710961206	39.538890538211525	39.50623296573435	39.456710962365605	39.446129652579984	39.47945360628516	39.45260304603025	39.4737275682184	39.48583615221424	39.46543241538789	39.447537693030206	39.42853143136257	39.42062420840477	39.41475842301116	39.39808927910752	39.38349598416464	39.37097435567784	39.36244008516687	39.35583991031534	39.346595721434696	39.332399591087174	39.32563685635979	39.29437101286546	39.24354638941439
MHW136_trimmed_clipped_R2_paired	38.85375330154534	39.08287136484556	39.1481600481522	39.325324057746585	39.459130171961284	39.50988536125718	39.42332258600408	39.43693306841634	39.51043960078657	39.4932688306945	39.53129900615255	39.562100069807045	39.52009912096158	39.5291739501891	39.50700092926869	39.510827397609766	39.48448527775359	39.45611765850917	39.43834662943421	39.409787319423664	39.3778646690943	39.34856092671979	39.34720669266222	39.319719729525104	39.296866214430246	39.26912343346875	39.247575302056255	39.22396025776196	39.19839388837695	39.17338072649464	39.163528927017495	39.14454187119215	39.13080453843845	39.107904742417354	39.09833794128932	39.11575488320826	39.088828211321214	39.02288903392005
MHW137_trimmed_clipped_R1_paired	39.02305750417351	38.921758418411116	39.11413311143236	39.200547072719175	39.34074964987305	39.42275740810627	39.23232631469327	39.32922961931201	39.42606633179419	39.372265161547816	39.524615617249715	39.55906340109512	39.51173260876351	39.50658771960729	39.53841772222129	39.53753152129978	39.50803571891863	39.45603504584823	39.446127967532824	39.483154704681475	39.45704681237439	39.48100099003727	39.49236991744874	39.47180523533689	39.454358044615695	39.435587673116856	39.428722164673786	39.42257398171476	39.40618626762627	39.390692421122836	39.37889903541683	39.371290383696	39.36352370478288	39.35480477143372	39.33908670005735	39.331845893842996	39.30026401493851	39.25059292778781
MHW137_trimmed_clipped_R2_paired	38.888040857949505	39.11628775647145	39.159247122152266	39.340720122826696	39.466663843142335	39.52081304005691	39.42976299945391	39.449979118901695	39.52345454508727	39.506386635823034	39.54397704488922	39.57490498861803	39.53392970748304	39.54434080420525	39.52174069155835	39.526180550472475	39.501941304569485	39.47389910528649	39.45712480916734	39.42933141237013	39.39877679147124	39.37054947868192	39.370068561113854	39.34129710505095	39.319458878535855	39.29067950978318	39.26996685105425	39.24624045187164	39.2200459657662	39.196504373720806	39.185784113164445	39.16600021591857	39.151617405366856	39.12921008281245	39.11881986087171	39.13316703724532	39.1054955644155	39.03847960465992
MHW138_trimmed_clipped_R1_paired	38.924135073780654	38.89763740555497	39.14870042202248	39.23781948354201	39.421390650038006	39.32817973861822	39.30154181143435	39.384212845094616	39.443810892216426	39.392447869862444	39.53603223857698	39.56915436410471	39.51656592057218	39.5120497047663	39.54301623593405	39.54499927049322	39.51690426639775	39.46266740888727	39.45345483031257	39.489689170965626	39.46317072010684	39.48711175979927	39.4972468079081	39.47660428211391	39.458443130379706	39.440600836118485	39.43314812967626	39.427808749075936	39.41032560487242	39.39574561903459	39.38346212250701	39.37494800817639	39.36786932193394	39.35865575537041	39.34345695395236	39.33603760604012	39.304116393609604	39.25355790216712
MHW138_trimmed_clipped_R2_paired	38.911132022551136	39.110830605614495	39.16119225144991	39.338248358225385	39.46307021691778	39.51500941106511	39.42897078807691	39.44616038392863	39.5196417182296	39.502062469216	39.53964970701863	39.57018877712643	39.52939326498233	39.53951327939408	39.51766023311416	39.52160344786495	39.49715890758313	39.46938843623323	39.452095882486255	39.425221246490025	39.39387706131147	39.36560597754351	39.366045155029084	39.33760822731785	39.31611600975346	39.287487685609804	39.266989521966956	39.243866505028976	39.218110375552406	39.194131513152854	39.1837988829315	39.16477642402399	39.1503248735346	39.12774847577822	39.11839288274429	39.13391870641234	39.10648916275559	39.0379390128999
MHW139_trimmed_clipped_R1_paired	38.90443115703274	38.78192455166092	39.13619635756747	39.224279349041396	39.27465541002782	39.43076177533093	39.33595274757659	39.2959436825818	39.431396121909195	39.39370583059034	39.54075938032791	39.573752186798984	39.52017729302826	39.515678423323365	39.5454208136258	39.54878092115617	39.52058538088849	39.46999525734789	39.45962747841691	39.4926745210815	39.46680938874443	39.489000785825944	39.49972815377292	39.479788760310505	39.461658644085155	39.44236698869416	39.434839980205446	39.42785129564944	39.410467116317975	39.394908629139806	39.38224928343927	39.37313723171023	39.3657955915168	39.35598946572511	39.34045232549488	39.3331811270815	39.300456108003516	39.248865800488204
MHW139_trimmed_clipped_R2_paired	38.90464357664935	39.10214448989283	39.150096322702495	39.33191156654804	39.45689810346823	39.509166968127495	39.42409863570509	39.440682616472394	39.51744296472602	39.5020687244738	39.539856391782926	39.57105268278905	39.53022641787484	39.54191966676675	39.523587609620094	39.52732140538373	39.50333289548668	39.47643784914824	39.45976345738889	39.43297080761675	39.40207268539149	39.37387590242882	39.374007933030015	39.34435513616036	39.32202325222687	39.29306562999421	39.27111073725041	39.24623304414146	39.219505533411294	39.19497125042254	39.183452006222396	39.16400010619363	39.149275855757466	39.12654126150513	39.11580939947932	39.13044971113824	39.10182798386837	39.03159083891642
MHW140_trimmed_clipped_R1_paired	38.90561506684668	38.7041648224197	39.216233433554436	39.253318653985254	39.227881281344274	39.33782191997245	39.387124741212745	39.410565071132694	39.46523733623922	39.41897508983376	39.5548072884325	39.589595892139336	39.53637658573153	39.5286754829762	39.55969493558609	39.56097194508957	39.53403532525523	39.48251895842992	39.47249066543164	39.51039814306861	39.48269231072774	39.50476359219279	39.51417894282035	39.492376521535405	39.475357750998434	39.45644439254629	39.4490308006735	39.44372966749915	39.42651774388597	39.41154206357016	39.3995152795937	39.390925615624205	39.38386188154094	39.374615197926985	39.36025329754732	39.35420177295377	39.32329152702553	39.27853551114276
MHW140_trimmed_clipped_R2_paired	38.547165380060726	39.02807105416804	39.066587754948955	39.27671695268432	39.419045878163345	39.48361999213614	39.39230866257824	39.40992939498488	39.49139150875363	39.47532103553518	39.51682290281881	39.55021233107885	39.5088804699517	39.52223613565183	39.501856147659126	39.506315729361646	39.482041773667774	39.453774564307984	39.438220348636094	39.40942064404693	39.37729777838242	39.34860354489464	39.34880491316759	39.32021393134346	39.29838632237576	39.26940783414351	39.24729094048296	39.22382648005277	39.197891350558805	39.17279732898828	39.1616142960454	39.14133188907353	39.12683940812967	39.10374564915308	39.09353352473001	39.10858302491526	39.08291198243069	39.01773072606515
MHW141_trimmed_clipped_R1_paired	39.028702518493475	38.85943271449048	39.22130093181029	39.24117955094733	39.43634975136192	39.45009409597047	39.30523731454094	39.339601081891075	39.44561612110928	39.396517667909485	39.53901851921965	39.57100224852699	39.52131010373683	39.51820936655883	39.54945401488319	39.55047370495989	39.52490122928928	39.47565691052539	39.46265340564721	39.4978411076667	39.4715555512865	39.49567528733565	39.50528340051725	39.48580538930669	39.46788647201894	39.45001655435084	39.44279373652247	39.43755298344589	39.42124620378257	39.40673375922315	39.395562037406	39.38809592947278	39.3816652775955	39.3732477310713	39.3588552747608	39.35303282146574	39.32264041483794	39.27436312408796
MHW141_trimmed_clipped_R2_paired	38.803939234315045	39.07221254145191	39.121919515770735	39.307645432581985	39.44815142459233	39.505853702584226	39.4116682392312	39.4292308896034	39.50712553695557	39.48785104431344	39.529172961364694	39.563507638113734	39.52180340014797	39.535137650644906	39.51330089818885	39.5179519318083	39.49345775641337	39.46446487213575	39.44797303345976	39.41977627629789	39.38831023162389	39.360348857040485	39.35920317124178	39.330672105432214	39.309479500650156	39.28126190568831	39.2600897721223	39.23580153334272	39.210450492387864	39.18660932095487	39.17659743540859	39.15730624028012	39.14342042044691	39.121388569239585	39.110802683534125	39.12628841912549	39.09911212116607	39.03180413681642
MHW142_trimmed_clipped_R1_paired	38.95199369378363	38.83173431135606	39.13181209258092	39.17691225928261	39.41906165686465	39.45755331289515	39.31802164734768	39.36271773160853	39.47088481282726	39.4231993160402	39.55654748917253	39.5887495227418	39.53646544439076	39.530485913424116	39.55995402843159	39.560389246358255	39.53310112743217	39.482515535463946	39.47330428080647	39.510377905339915	39.48345707796121	39.50606229014936	39.51618294561639	39.49595444472512	39.478566958539076	39.4604625659785	39.45287033599614	39.44798169285566	39.43172196699111	39.41711029160332	39.40528503508888	39.3968173745224	39.3901467152222	39.381464503657355	39.367268390741486	39.360864836096866	39.329835922356224	39.28341097406061
MHW142_trimmed_clipped_R2_paired	38.73052907034924	39.06944977539588	39.10429359163624	39.3082439012218	39.43956316545952	39.50055501250712	39.41094514087732	39.428855576279325	39.50537205331129	39.48873957272587	39.52859649457806	39.560538243488985	39.51945034373686	39.53260992310799	39.5129022294346	39.51663404893061	39.49251374577362	39.4646978764471	39.44896080814651	39.422237197412365	39.39095776502851	39.363397941902754	39.36418328041808	39.33635277432122	39.31525799375786	39.28748377043654	39.265616157830394	39.242881625650675	39.21766009746502	39.19389514140927	39.183261430824324	39.163990999573606	39.15028611931614	39.128529103323444	39.11864365170122	39.133315684407435	39.10640043011056	39.04186072345685
MHW143_trimmed_clipped_R1_paired	38.9520418372774	38.908717987559	39.23102277340623	39.251753939034806	39.44580995901133	39.47349020410707	39.34453644098071	39.349012803820266	39.46849549977494	39.42990911106556	39.561457013179506	39.596006995873225	39.54392483486732	39.53850394880767	39.56717988960141	39.56735312731693	39.541576715187325	39.49384312296786	39.4823811172621	39.51508981498818	39.49016206083274	39.511367307717215	39.52228213952684	39.503282151940155	39.48607962043547	39.4679967783444	39.460926399390466	39.45526817993042	39.438614491870396	39.424278028346095	39.41309861507343	39.40511536620327	39.398043529167296	39.389202841839314	39.374799503733875	39.368602868571244	39.33717283680831	39.28889071418783
MHW143_trimmed_clipped_R2_paired	38.88482144237981	39.1358215274829	39.16860242386954	39.34344534078588	39.47362755379669	39.52821266084097	39.434809324532054	39.44986263676623	39.527854902826974	39.506414766481896	39.54575467959263	39.577814750057705	39.535913244516834	39.54772909762151	39.5289832988498	39.5328420770354	39.50959019246668	39.482894350672844	39.467322346456044	39.441259779647	39.41072929946668	39.382792705660506	39.382718497947664	39.35506717996047	39.33434084287063	39.30692419717208	39.285073282303166	39.26136983834473	39.2356355655796	39.211395462589394	39.201165568513964	39.18164856449941	39.16762799580039	39.14495174990695	39.134995458613574	39.14901040646184	39.12151517467226	39.05465632471445
MHW144_trimmed_clipped_R1_paired	38.99294135509744	38.94299772094246	39.24104823843912	39.24301113079076	39.35084029936608	39.254435166614556	39.29287570520145	39.31285156291675	39.4608904319614	39.4282424112489	39.56183017908474	39.5977199447874	39.54738446962238	39.53674887352928	39.567861551839485	39.56272035916002	39.534973599013426	39.4873747229974	39.47745801985214	39.511806614968044	39.485811971786994	39.506512663372725	39.51792639618093	39.49797088659184	39.48073971245198	39.46271653206022	39.45505167766059	39.44987205595151	39.433658151456214	39.419079767964895	39.407827398028275	39.39941989627316	39.39311025015773	39.38399365398579	39.36965278636994	39.363427258051736	39.33201627488678	39.28149954527463
MHW144_trimmed_clipped_R2_paired	38.882983195234	39.12256651427794	39.16174347050841	39.341925790656134	39.472091408139704	39.52564065816396	39.43504988991267	39.45059557951592	39.526253402582014	39.50508767562057	39.54496437269076	39.5766978860021	39.5345450088346	39.54553262418011	39.52540552138613	39.529747281392055	39.505272047145624	39.47774234625221	39.46224950908611	39.43512457841733	39.40498783976845	39.376690208328654	39.3771601659288	39.349450928518266	39.32841485399007	39.30137441394892	39.280302175544925	39.25633644538163	39.23113154246298	39.20716308852251	39.198188087314335	39.17925497975282	39.165930403287135	39.14327839560081	39.133772379241925	39.14866320706268	39.12132823399913	39.054491462123345
MHW145_trimmed_clipped_R1_paired	38.970980931791594	38.96026383583311	39.12404688452822	39.229884508844584	39.361981163065956	39.45109703004097	39.25265700229337	39.356528469883564	39.45605870721564	39.40402002422444	39.54642418439546	39.581014113708534	39.53198385051395	39.5247605284528	39.55567121402434	39.553949177704304	39.526432314103545	39.47785694154845	39.46811582676094	39.505175665310965	39.47834667884825	39.50125777337193	39.51225173917151	39.49152115338269	39.47395562970906	39.45541071981805	39.44761728579033	39.44204004293525	39.42523897381193	39.41003932373277	39.39752042044817	39.389505334135755	39.382234724723745	39.372986215632785	39.35847052961024	39.35083059005457	39.319961899834404	39.27462187176831
MHW145_trimmed_clipped_R2_paired	38.5959222342393	39.06131047812573	39.080780016304814	39.289783802114464	39.429121806448464	39.49484858235561	39.396970249943266	39.41853261346659	39.502912642472666	39.48333735290718	39.524872806811075	39.558585994675106	39.51592629182833	39.53012348696417	39.50964706672046	39.51585642061369	39.4921052743403	39.465032616420885	39.450011928497545	39.42215802993822	39.39124680350433	39.36310336378381	39.36279058758925	39.33461513123888	39.3129952326203	39.284520981872035	39.26223586552888	39.23835389030206	39.21197283086709	39.18666265188058	39.175222837574424	39.15600510298784	39.140892829599295	39.11727500670131	39.1064405769717	39.12212952529519	39.09421199101461	39.02796327280794
MHW146_trimmed_clipped_R1_paired	38.97066670943711	38.95413601974615	39.18890711339912	39.281431616730444	39.44840690588821	39.35828152008091	39.34424148688223	39.41982817987975	39.48021610098798	39.430091864889974	39.560044074159464	39.59134986285251	39.539781804355755	39.53622240984647	39.56632584468699	39.568027197331844	39.54430470772325	39.492106287238514	39.482922355824485	39.51972064316299	39.49227808361541	39.51575094172629	39.52415161692669	39.50424222622496	39.485805462138515	39.46711946589523	39.45874779272133	39.452037167860205	39.43320312660118	39.418116902099754	39.40587862180764	39.39558283343389	39.3877436097088	39.378622983478635	39.36309045514943	39.356162004010784	39.32330120886106	39.27000782188786
MHW146_trimmed_clipped_R2_paired	38.97006773740298	39.1640405722588	39.195094147972256	39.36639890691825	39.48750506861993	39.54008932337291	39.450554285024424	39.46852147438244	39.53993486542367	39.52021272876647	39.558090446866835	39.58890998507967	39.54861223510484	39.55971380969261	39.53996324989942	39.543633823259896	39.520799164172516	39.49338150332445	39.47730610569609	39.451964088878356	39.42121224600322	39.39367484572311	39.39321027454571	39.36373989867552	39.34112397278917	39.311071899131434	39.28924549042485	39.263641220808616	39.23668723848617	39.21202656257792	39.200949399174135	39.17997847109319	39.16472905236809	39.14283469305192	39.131124007362985	39.14477114602401	39.114283310557816	39.040681185893355
MHW147_trimmed_clipped_R1_paired	38.9389723894308	38.83323621961879	39.16714141353531	39.25284463384831	39.301811812172915	39.46093974305353	39.37033920649005	39.343483788544766	39.468001063436446	39.42731675048166	39.56111418467209	39.59343979320049	39.54068933735524	39.53730545897483	39.56688729430147	39.57027034132555	39.545865078457076	39.49806882309961	39.48874507383685	39.52286276521835	39.49730509858145	39.51850262703847	39.52899509743143	39.50837628216745	39.49066082043747	39.471919866028806	39.4633846546473	39.456393388358755	39.43839097305272	39.422962834660424	39.40928245019519	39.399604149696174	39.39183327323822	39.38179184214424	39.36617029481182	39.35899605423248	39.3253685554855	39.275044798301685
MHW147_trimmed_clipped_R2_paired	38.8385092415402	39.135312180810544	39.15403392057647	39.3381475090409	39.46632159504417	39.52380661975229	39.43214834427703	39.451447461316164	39.528777528307344	39.508964719707	39.5476732755292	39.57996917978311	39.53956385468976	39.55251185843407	39.53675502673484	39.54122080467668	39.51928877886213	39.49365559340548	39.47852629571025	39.453946849061396	39.423370167967235	39.39592059891364	39.395330743867774	39.36707525029839	39.34446486465581	39.31535120302434	39.29192317749712	39.266435908567246	39.240346569977426	39.21365402716814	39.20215659944561	39.181459695292695	39.165309114604746	39.14163212893804	39.1299507232815	39.142591083538285	39.112856386301544	39.04144518835708
MHW148_trimmed_clipped_R1_paired	39.01951261388366	38.806635500427284	39.27913062656207	39.299695381625035	39.27842535317188	39.384745255603676	39.436472733311916	39.45392988974596	39.50685023951723	39.45885299976976	39.58112219641267	39.611674882042436	39.55993230801586	39.5554314110246	39.58436078975514	39.58576123981108	39.56211202692632	39.50907347477175	39.50222043482253	39.54032134579697	39.51354064994589	39.53494911761877	39.54202083281422	39.52158127602438	39.50394150445433	39.485046747795444	39.476893300233506	39.469843573296735	39.45081641665257	39.43519550744984	39.42239186944401	39.41224444473613	39.404112184905664	39.39392806865758	39.378055685342744	39.37076053336238	39.33797500446586	39.28738412409235
MHW148_trimmed_clipped_R2_paired	38.87925519766476	39.18974724581523	39.20456268546915	39.37918675627586	39.49664439020793	39.54380753256756	39.45509264615049	39.47343511585232	39.55095441804569	39.53426892993016	39.569125040616015	39.600768104164004	39.565165161949274	39.57668606740363	39.55837430567462	39.56361939328415	39.542307405658875	39.51683092123036	39.50209363137063	39.47768492995603	39.447470815957466	39.421462542853604	39.41962823651879	39.391517376413525	39.36874410545015	39.339660195685454	39.317406433345376	39.291554357953785	39.26510898017856	39.239572029146174	39.22883462395732	39.20697208616165	39.19158560779314	39.16759732264866	39.15712257776829	39.16787044319334	39.13801684409533	39.06831566778062
MHW149_trimmed_clipped_R1_paired	39.09644795813039	38.90134933560361	39.25716755068193	39.27540320840315	39.465135700408084	39.479217202172805	39.335644895601575	39.373769578379445	39.475999569095485	39.426798904273916	39.559973168261266	39.58936659882227	39.54125821764503	39.54073469850306	39.57140883395277	39.57235814259452	39.54985143187792	39.50165987292892	39.49100477591341	39.52635955991343	39.501035190718895	39.524599912280465	39.533271408666394	39.514420224897314	39.49698058149641	39.47916603839616	39.47101968954606	39.46565426491244	39.448796664538534	39.43304961352408	39.421789244275644	39.41260698863021	39.40546357853074	39.39572758139652	39.38161359222832	39.374618835634294	39.34426248439881	39.29556353913354
MHW149_trimmed_clipped_R2_paired	38.88144390794593	39.14612237254182	39.1807591551715	39.35646197986642	39.48567199840172	39.533858930613725	39.44006124102457	39.45678443177383	39.53709862612701	39.52007418730477	39.55780257720308	39.5905761662129	39.55293860345903	39.566475598008765	39.548379837634485	39.554455106006046	39.531915850070185	39.50712319628627	39.49118339419485	39.46684042536299	39.43632717213599	39.41029272299989	39.409503724099444	39.382472298298055	39.361398396924244	39.33474833677339	39.31336496490466	39.289470107948816	39.26574200666562	39.240127718371184	39.23036830964844	39.20976465179126	39.196949334923694	39.17229299175985	39.16331165418098	39.17508943510954	39.14845946638647	39.08080128989155
MHW150_trimmed_clipped_R1_paired	39.01499872488143	38.890714064259996	39.179439576359634	39.236155035308116	39.47144157097404	39.496575107584356	39.37137967154533	39.41176869213209	39.50886870839213	39.459672703462545	39.581380455773115	39.60981773512749	39.55933826731858	39.55681454036751	39.58553558621121	39.58530197617053	39.56214087482765	39.51070434350425	39.50396236750537	39.53994286403696	39.51371482481461	39.53550196092308	39.54383159229673	39.52382436075058	39.506350029506095	39.487995135926724	39.48006734516289	39.47343576695096	39.455186396068726	39.43971365279894	39.427197296179806	39.4172120789525	39.409061611575154	39.398970381147244	39.383848018143894	39.37625517705396	39.343337470118094	39.29221898095545
MHW150_trimmed_clipped_R2_paired	39.028801045654774	39.22488096970245	39.25388828249182	39.41185767661442	39.52179492261672	39.563145751808186	39.47984137439378	39.49522855689064	39.566340851540446	39.54985231730625	39.583020461392366	39.612457739435136	39.57651733104872	39.58710734446402	39.56875055994084	39.57217667464527	39.55019288031017	39.52509017417956	39.509318470033236	39.48661745563623	39.4555732030958	39.43045705747361	39.42930692423508	39.40147461656183	39.37993683536043	39.35202508652577	39.33064378129207	39.30572132159714	39.28051521138811	39.255576450517786	39.2449380025585	39.22407912712087	39.20948227920168	39.18677706286171	39.17613309895426	39.1870766722162	39.1577697219789	39.08779026046316
MHW151_trimmed_clipped_R1_paired	38.98106469401953	38.937476027733126	39.252715360990294	39.26959789141872	39.46334666953029	39.49111834920703	39.36470735103958	39.37007062229722	39.48775199206347	39.44962708138727	39.57408482511691	39.608117582148324	39.55602291727186	39.553422609546445	39.58064099400243	39.57991571978589	39.556194972294236	39.50894405781347	39.499279419960814	39.53169595727849	39.50749313143562	39.527832954142454	39.53820342029927	39.51860778285703	39.501665287382295	39.48411859858667	39.476268991719785	39.47016974268354	39.453203717063616	39.43807134696972	39.42571869836442	39.417307770087504	39.40928898442847	39.39929690515436	39.384337017959155	39.3770915170751	39.34550345738783	39.29814754384424
MHW151_trimmed_clipped_R2_paired	38.88623454437532	39.17239902748635	39.19844878221323	39.3670686153676	39.49405888737377	39.54046304274267	39.44624656275179	39.46333855501876	39.54570457332014	39.526640934149455	39.562415668397605	39.59466663057634	39.55621544081093	39.567710675414986	39.55025112516624	39.55570745343847	39.533256450232535	39.50879359495385	39.49348639304607	39.46934143140156	39.43988098083436	39.41343255265773	39.41305704479393	39.38611154843001	39.36517769910577	39.337732259818935	39.31697791211308	39.29252520339022	39.26839186822571	39.24333821824147	39.23273307811992	39.2128712244634	39.19847124098661	39.17485237748824	39.164211110196014	39.175397803006604	39.1470216517186	39.081810991097015
MHW152_trimmed_clipped_R1_paired	39.0142422338272	39.00073745136029	39.28879893209917	39.27610776162845	39.38527967480005	39.29199092400424	39.334600713276274	39.361304191841924	39.493687708438856	39.45942603398795	39.58262982609945	39.615785643467525	39.56573659449307	39.55811545627326	39.58703138128353	39.582539175657004	39.55764654390552	39.50751334742007	39.500406315125744	39.534642259033895	39.50882420840579	39.52876391954684	39.53876978065907	39.51885675304073	39.50111547575633	39.483311237391746	39.47545819561941	39.46852226450797	39.450485295712674	39.43528225844854	39.42215474383011	39.41308179241346	39.404490142681574	39.39479236034196	39.379493784013434	39.37208636137389	39.338696792541505	39.286207024502374
MHW152_trimmed_clipped_R2_paired	39.06003410600316	39.22839200282087	39.258929522148904	39.41271157776521	39.527624336556165	39.56707873045282	39.48109033247656	39.495573321700505	39.56904962406877	39.54993867695369	39.583372905173256	39.613630011020724	39.57595573071331	39.58539504651773	39.56608204955627	39.57097235809506	39.548332782669405	39.523390962909076	39.50708697024327	39.48408798067691	39.454136005119985	39.42835883654586	39.426767711416026	39.39988467136614	39.37800543173326	39.3500464468612	39.32930196222382	39.3034348012127	39.27904968950743	39.2543442737438	39.2451093320757	39.224687351734886	39.20980067099235	39.18727429481679	39.17741975387565	39.188209079839694	39.158567517974085	39.08822811516734
MHW153_trimmed_clipped_R1_paired	39.14723385932059	39.01331992413803	39.17515898133608	39.25605684840738	39.4005921421663	39.47482725085431	39.307807979733916	39.39685433212285	39.48837251734059	39.43282674881375	39.5639977061	39.593331216828915	39.54651544818014	39.54398594869678	39.573884472352475	39.57327141824582	39.54892577237867	39.498687071105316	39.49155871378432	39.52841435120324	39.50281270541739	39.5250310976498	39.53366043498712	39.513726952913196	39.496093642778284	39.47785841305517	39.46915426722734	39.46271115861568	39.444936455913194	39.42969442228953	39.416518621648834	39.40729166934591	39.39930525419389	39.38883900931622	39.37343733445003	39.36606741349668	39.33336596478007	39.28247276800712
MHW153_trimmed_clipped_R2_paired	38.99175037928088	39.21442215808739	39.238038021420124	39.40064359834902	39.51981572131102	39.56104801695363	39.471094889280636	39.488790239891784	39.565009544681615	39.54564146538007	39.58033091203044	39.61137061922481	39.57454730144161	39.58519310288151	39.56519621725315	39.57085065302178	39.54899419193551	39.52364780262381	39.50761102379805	39.48409588235269	39.453992129719005	39.42819930486348	39.42649364079439	39.39858320166898	39.37678280874775	39.348523577248955	39.32584221308563	39.3006959593511	39.275626367347634	39.249080820962476	39.23848799677141	39.21740839468558	39.20248645050989	39.17821113650557	39.16782861852702	39.17853379573951	39.14993823683346	39.07929390896445
MHW154_trimmed_clipped_R1_paired	38.99551661787585	38.9853452905497	39.20757171429821	39.30232969624258	39.47045911242759	39.37452810951603	39.368199296557506	39.43974879831635	39.49762639638867	39.44509673632759	39.56926539104104	39.597061202627415	39.546591539138305	39.54512712396053	39.57498277494385	39.576288829063046	39.553543091041476	39.501767918613915	39.494473297607676	39.53074602784045	39.50499172833902	39.527195898157494	39.535166964180775	39.51610870035873	39.498356375251134	39.48053429186844	39.47198674185971	39.466321839918194	39.448408966656984	39.433477341660755	39.420778338626064	39.41108764995904	39.403503147397785	39.39350617618249	39.37777647515718	39.37046392741493	39.33813929825482	39.284172678942504
MHW154_trimmed_clipped_R2_paired	39.02071667049327	39.19996059460256	39.23691529534933	39.3962174677831	39.51400184987087	39.556267138178654	39.469954151827146	39.486613223274205	39.560153742441166	39.54099247852004	39.57573584744241	39.60658520865886	39.56928711114542	39.578759845401045	39.56003000292783	39.56435229171135	39.54212113557916	39.51673835531985	39.50001783584475	39.476736240453576	39.44670909547712	39.42185653428696	39.420982455914	39.39332809875978	39.371913902282856	39.34413525661139	39.323295232510326	39.298495936572124	39.27406340153731	39.2494897165117	39.239971878757885	39.219436500352266	39.204659076891105	39.1816583285831	39.17170576467815	39.18290925681275	39.15366231236489	39.08262506126499
MHW155_trimmed_clipped_R1_paired	38.944636260674955	38.85574630991396	39.18252627351718	39.269406453856426	39.32378175660399	39.475204884579504	39.386720997163174	39.356295857938115	39.48132970124398	39.44037980896126	39.570647239529784	39.60178675025001	39.55007175545323	39.54807609866181	39.57576276021392	39.5782560412002	39.55394122466615	39.50733223996316	39.497884980414156	39.53084823649936	39.50517653568072	39.52574099579372	39.53570678370867	39.51527552175071	39.497137711722374	39.47849014986172	39.469774032239194	39.4624198295711	39.44460325519113	39.42822706391026	39.41527135500208	39.40582569306766	39.39679551479766	39.38654975474067	39.37095522911777	39.36348388091848	39.33036033228602	39.281107780260825
MHW155_trimmed_clipped_R2_paired	38.79483232245592	39.12217020815316	39.15227054973919	39.33931198749378	39.47212600909623	39.52191501038684	39.429421806824585	39.4476380735713	39.53219260429941	39.51657948914515	39.55394773390417	39.58749267876894	39.54994655320054	39.56258126977921	39.54679839403202	39.55195326007038	39.529857816632656	39.505521207830654	39.490796009633854	39.46624600683467	39.43561208091329	39.409169387809534	39.408441309824454	39.38078580951462	39.358891016263826	39.32990967959461	39.308791224844	39.283381571732164	39.25703652991463	39.23050852304605	39.21937487212527	39.19748159403561	39.18361629793897	39.1589465255074	39.14836157528155	39.15991554036283	39.13017911799314	39.06121814163911
MHW156_trimmed_clipped_R1_paired	39.215676839563734	38.85551509497487	39.30578596292184	39.35263743736192	39.45265848416309	39.493238904818455	39.39679492449963	39.39566450065235	39.45391410303218	39.4526022197296	39.5935891241415	39.620514638185405	39.57489835713304	39.56049200733922	39.57147331799569	39.56728117342667	39.55868714283405	39.54820186877422	39.529796405359285	39.516505042846184	39.50110369660094	39.489520354111825	39.475225430545706	39.45658549714351	39.44105029109934	39.41716150871611	39.40035513843031	39.38253724729821	39.36399483839631	39.35638344670237	39.34790884734944	39.33632127871424	39.32167009997928	39.31252793341157	39.29490931451677	39.28146187417726	39.24806453370438	39.1922206938328
MHW156_trimmed_clipped_R2_paired	38.87982643646346	39.231994548715	39.337555018835715	39.45014062899514	39.48643628781692	39.532707870870674	39.50312946971511	39.53261631196247	39.53900531610407	39.55525077090064	39.57892741992204	39.58575395548383	39.564859461648325	39.55888075741055	39.55202951953819	39.53615591431385	39.514803671401886	39.489199120999636	39.459097532137676	39.427866250487035	39.40303144728716	39.3736932023708	39.34101053031655	39.31096392733374	39.280657095790595	39.25262927005967	39.23207766086857	39.21217827010933	39.18966515419446	39.16614056213406	39.147446381574866	39.122441634768194	39.10312089188203	39.08753802425669	39.06652969631501	39.07997703792067	39.04663220288528	38.97858255444287
MHW157_trimmed_clipped_R1_paired	39.11707622953522	38.84044644313831	39.25829733530261	39.29032682202409	39.433099766886485	39.492146428543684	39.41284133004208	39.427934007482214	39.47829977519701	39.47639968264852	39.605654777405434	39.63080453603917	39.58466324008188	39.5716819107191	39.58184880782524	39.5784912743893	39.57083534450311	39.56080311637731	39.543290611201584	39.53024295817368	39.5158917880429	39.50433848529949	39.490282017320496	39.4731609722514	39.45778465918323	39.43395137432777	39.41832387349045	39.39993600585151	39.381651686055186	39.372871391092474	39.365027716482096	39.3534725517221	39.33908121596591	39.32911267980082	39.31172575755087	39.29793230892387	39.26456555644078	39.207338597373635
MHW157_trimmed_clipped_R2_paired	38.91975452594138	39.26148594990177	39.35891387489585	39.46764193483469	39.5022884287717	39.545542436665954	39.51466500475051	39.54463084967712	39.54917103744866	39.56642421365421	39.589334665497724	39.59561479969206	39.575783925912354	39.57033426935003	39.56376931618867	39.549235708129885	39.5282348428163	39.503378963442394	39.47387854939537	39.444338955489556	39.419995804829036	39.39228054446055	39.36070838376385	39.33192417925286	39.30146925599329	39.27467183334437	39.253902024761196	39.235252328735726	39.21217359135422	39.18861434252171	39.170769141954636	39.145147415520356	39.12612038862406	39.110866041883796	39.089584689690206	39.103077619071826	39.07037398248158	39.0049067739756
MHW158_trimmed_clipped_R1_paired	39.11883780802364	38.90645658003708	39.337983261745165	39.35077948980733	39.4804729463396	39.52403046505012	39.42710688324408	39.41585708751588	39.47930075278013	39.4928703688474	39.618532029052915	39.646186268512984	39.60065899501126	39.587398204636415	39.597755322403636	39.594962548586075	39.587781695676085	39.576620215801896	39.56076030776624	39.5465000757917	39.53258199792464	39.52015427052787	39.50674223003441	39.489226361707395	39.473503094906775	39.45017711624701	39.43346739132897	39.41512897959806	39.39284123073709	39.38237731876401	39.375485908913845	39.364559699164126	39.34953278499653	39.33956866820164	39.32179700803006	39.30914257563887	39.27410372844335	39.216594823592615
MHW158_trimmed_clipped_R2_paired	39.04648965792887	39.33607597445773	39.42812165403936	39.520756750450964	39.55096173419768	39.588755540015505	39.56008603672357	39.586530485015786	39.58950781565998	39.60244783678353	39.622844401263755	39.627877038107115	39.607378151600905	39.601581764913604	39.5942785715625	39.5794607395805	39.560094619827986	39.535896647587705	39.507308309672965	39.47779122625575	39.45353838574644	39.42494478092321	39.39402263411223	39.36385629509914	39.334194157658594	39.306044913183754	39.28516399116737	39.26437927436458	39.2398525184874	39.21553384246175	39.19496402562622	39.16792047159565	39.14799357785649	39.1322916397735	39.109954477962475	39.1213691684893	39.086170265186055	39.017024873696066
MHW159_trimmed_clipped_R1_paired	39.12800433657476	38.975552167117314	39.361230610030695	39.37325165853891	39.42680954873975	39.33909820911447	39.395056819277755	39.40008352460865	39.48283981748909	39.49968278490335	39.623345651352494	39.6514728528527	39.60689855325686	39.58865837274724	39.602498747724994	39.59617675565026	39.5887998841708	39.57761392546902	39.56133716320686	39.54731099270042	39.53253173412675	39.51925522367017	39.506078494155716	39.48797897034315	39.47172821822447	39.44636937877818	39.43019140802876	39.4101147842759	39.38590850825213	39.37364491191478	39.36716623166602	39.35577676716092	39.34052604939127	39.33088770538235	39.3116409356592	39.29992003989656	39.26280968595406	39.20154000787895
MHW159_trimmed_clipped_R2_paired	39.09262522682917	39.36479162855637	39.45485502074182	39.54144555237475	39.57115716460977	39.6073505752254	39.5807004971229	39.60637791793598	39.60736693206065	39.61796806022169	39.63727515195668	39.64224765637988	39.62229198682418	39.61583412843372	39.60761688427393	39.59250854974294	39.57290337446942	39.54817513494788	39.51939960447578	39.488954844242116	39.463916048076904	39.43424432557436	39.40307668361239	39.37278393432554	39.34257701326221	39.313266187546404	39.29142108062255	39.26950967252473	39.243508299021556	39.217968725531435	39.197320463430984	39.168236532402055	39.1473457741253	39.132996918707654	39.108295698368046	39.12029151176931	39.08294289578784	39.01077148187649
MHW160_trimmed_clipped_R1_paired	39.218506844611184	38.96068627125164	39.226455476188235	39.33591817797038	39.412155290218074	39.496465387363074	39.34832118559732	39.41072735177025	39.45957941136975	39.45746932145219	39.5972154188251	39.62490250603029	39.58058169950336	39.5646358286155	39.576716818946956	39.571265520163344	39.56309024427767	39.55330322240528	39.53579634281415	39.52263348529692	39.50883742238349	39.496809768193465	39.48320206142256	39.465475735850724	39.450037227535155	39.427317624154824	39.41083157572171	39.393948946091264	39.37522605804145	39.36636875937419	39.35942503398235	39.34808987763249	39.333828637528995	39.324300386687	39.308238099562345	39.293949530717214	39.260705432819464	39.20569802538429
MHW160_trimmed_clipped_R2_paired	38.904225625160024	39.265957491673255	39.363213526066374	39.46975605274608	39.50593689101123	39.54879599573668	39.51761678165972	39.54730903844504	39.55165521315493	39.56941266339784	39.593239907393055	39.59938666535961	39.57939010308551	39.5734444474257	39.567020824909264	39.55196237156696	39.53137300702557	39.50674819839786	39.477836825091984	39.44735806353125	39.423663023463476	39.39525785540248	39.36324304603535	39.33395806606647	39.3043440161303	39.277584745861745	39.25684232721802	39.23853536573564	39.21644057556034	39.1921340838562	39.17326245722562	39.14782903095683	39.12929075161719	39.1138396280057	39.09235891172209	39.106247460915036	39.074690695448	39.010512157071595
MHW161_trimmed_clipped_R1_paired	39.15341566460267	38.94717011712025	39.2652655436177	39.382637733494306	39.46256804033879	39.410016320412836	39.41427835569556	39.46570550421887	39.485514773346864	39.48229233376179	39.60978586829558	39.63337717374076	39.58641570864809	39.57393187256282	39.58435611777803	39.58154757441273	39.574568213700715	39.563799180401915	39.54673290623924	39.5333895971515	39.518187991311336	39.50652638596493	39.492853743417996	39.47518867586227	39.45996567656354	39.43702028860171	39.42025875151725	39.4030172441926	39.383681036911206	39.37498581663064	39.3659383004109	39.354887612533055	39.33996307990498	39.32973679706812	39.31125076552006	39.29714251630876	39.262794381853254	39.20567073026848
MHW161_trimmed_clipped_R2_paired	39.00046007019975	39.30322499990974	39.398622286964795	39.4966750779339	39.52913047745117	39.56997532470524	39.541704837673954	39.56829465467301	39.57267621816613	39.58619434538436	39.607369066278615	39.613286020844285	39.592273929638374	39.58650050588873	39.5790654037555	39.563492606728815	39.5430158428974	39.51887438753504	39.48943209637125	39.45943076193747	39.435143506816935	39.40754428274473	39.37671661906054	39.3463640252697	39.31734825141382	39.29018435551817	39.26904441610418	39.24966247362978	39.22618474185277	39.2030374941974	39.18455222110695	39.158240569763585	39.13926661451343	39.123944916893436	39.10100128646129	39.11256221503568	39.07875121192282	39.012746597491166
MHW162_trimmed_clipped_R1_paired	39.10481580072545	38.830694208491295	39.26310208379413	39.36545016634688	39.371111035929054	39.498302225603844	39.45160194457466	39.40731526488194	39.47113390263113	39.48230713325374	39.612006910842716	39.63652044564798	39.588868261177026	39.5761647498865	39.5855132214669	39.5832920745237	39.57609560566575	39.564855189370135	39.547920695950324	39.534971323132446	39.521033760634786	39.50921386970152	39.49647269029735	39.479817689448794	39.465178113531394	39.44297908688692	39.428215418931345	39.41109228389803	39.39316955047156	39.3860847125071	39.37753849201607	39.36703423660766	39.35272499246211	39.34343100663346	39.32541930242912	39.312229011935	39.27861590477157	39.223856280854406
MHW162_trimmed_clipped_R2_paired	39.01132890061555	39.31056010818116	39.40443043738971	39.50083973329234	39.5322791620808	39.57264534713088	39.54480442409733	39.57312112730288	39.57504145910951	39.587991245215385	39.60855440632133	39.61424627423123	39.593560757408085	39.588211240342254	39.58089388608996	39.56540720738834	39.54468099738615	39.52045407097206	39.49184768969438	39.463160828018076	39.4403539831193	39.41313822830748	39.38308475435627	39.354453923400705	39.3258938887552	39.3000826617779	39.280347617632955	39.2625806682059	39.241124254468176	39.21908958210274	39.20129632588324	39.17660710872677	39.15760287839193	39.14318394502088	39.121310898654066	39.13373176790549	39.100211262292284	39.03745324476475
MHW163_trimmed_clipped_R1_paired	39.15432534375914	38.73126268285848	39.302370051696705	39.3361850587896	39.26839121497525	39.3737855621647	39.45364296994121	39.44565698052787	39.45627883227159	39.460091687903635	39.598029233508505	39.62542726982913	39.57763661359288	39.56782506296135	39.57949651443319	39.577827555642	39.571438212052115	39.56035464217513	39.541837506572314	39.528413806222275	39.514852738498725	39.50197448238014	39.48826763729727	39.46939210590484	39.45316233468343	39.43026615992683	39.41277159417975	39.39420420500126	39.37586403864289	39.36643206141582	39.357368240583696	39.34550795390146	39.330317449823816	39.320748196212975	39.30396924202633	39.28940272785637	39.25484409494971	39.19754844778456
MHW163_trimmed_clipped_R2_paired	38.99085428753294	39.27808151517675	39.37918937044529	39.48278018662563	39.51048060175298	39.55745342980004	39.53102139182638	39.5620990277358	39.5613461202438	39.57434064271062	39.59642441079654	39.60204339526066	39.582180305561074	39.577158379159734	39.57129990467703	39.556997667451185	39.53746705774885	39.512444585171274	39.4837785739428	39.45394959389212	39.42982496865884	39.400989936513355	39.369821009485335	39.339938946231705	39.30967328481816	39.28215804060019	39.260041750279804	39.240784331991605	39.215703049276485	39.19262045289715	39.17288842526585	39.1466686061522	39.12547636633681	39.1106520750317	39.08790624271536	39.10174573683087	39.068130133314284	38.999514551084005
MHW164_trimmed_clipped_R1_paired	39.248646932127656	38.84674057698559	39.31171047478461	39.353678215481224	39.453494020890936	39.49443299423952	39.395666046823884	39.395729657771945	39.453880906073586	39.45039044087957	39.59346218460134	39.62228501869071	39.57775642592679	39.565098875244594	39.57800735999141	39.575367426998795	39.56737209891237	39.556621254548375	39.538365495776354	39.52611177758235	39.5126583495977	39.50066865452966	39.48716390623442	39.46954239345622	39.45436761236175	39.431579802410305	39.414805785410735	39.3969920252976	39.378809219595254	39.37151717406742	39.36330424733299	39.352047823915726	39.33893274140014	39.329641401155925	39.312725319224676	39.29804673550422	39.26449899370385	39.20960027674556
MHW164_trimmed_clipped_R2_paired	39.05081242730156	39.31222267504572	39.40772307199	39.50308579987566	39.525722555258135	39.57359015115293	39.54661130450758	39.576732723337	39.57677390424523	39.586239799585925	39.60733431714482	39.61197081489337	39.59080327276987	39.58558402294988	39.57930957548359	39.564825843279706	39.54420024272997	39.51990420183167	39.49126146454573	39.46104503131612	39.437900786541135	39.40940547339832	39.37851342700458	39.34930058500267	39.32020599855079	39.29340215678264	39.27257913107222	39.25346398254402	39.22991819141894	39.20806380658072	39.18874966672554	39.16338043985465	39.14361630085254	39.12808361022853	39.105756076910424	39.119545557320144	39.08580941383059	39.02045156867914
MHW165_trimmed_clipped_R1_paired	39.14221420059663	38.815917175435004	39.25756730189562	39.28359133618237	39.41914208744638	39.483113121258256	39.41031565914022	39.41982385360632	39.47222263460993	39.467471959299154	39.60133016764929	39.6279461712149	39.58169441642075	39.571343695455646	39.58370802351265	39.58077755804074	39.574269977636355	39.564086758995096	39.54696552508682	39.535486844005426	39.52257972459528	39.5115683324309	39.49940368866665	39.482417082688684	39.46799511801116	39.445756106610176	39.43072300896852	39.41363557208392	39.39610213779258	39.389531142484564	39.38161899024992	39.370441375251616	39.3566096696821	39.347171570156185	39.33013394461526	39.31538386142063	39.282196192702976	39.23026583461308
MHW165_trimmed_clipped_R2_paired	39.056523672225374	39.300765132495506	39.4009156244595	39.49746189381695	39.5209042014255	39.56928991564767	39.543994938889284	39.573509434102675	39.572762746704235	39.58199925208663	39.60387672802589	39.60901666741624	39.58847877699426	39.58410401163074	39.5788830320237	39.56475159022624	39.545574799640576	39.52166969286118	39.49437571660479	39.46566188627854	39.44336000746574	39.41622468229106	39.3881385707963	39.359728724828926	39.33167663888719	39.30573571975537	39.28714267110918	39.26957867080669	39.24738268054651	39.226068227584626	39.20876229613846	39.18432439283053	39.1647105347334	39.14990959028381	39.12848481446745	39.14151572604493	39.10877763686581	39.04598014814566
MHW166_trimmed_clipped_R1_paired	39.07277674172876	38.83376606133934	39.26357460943677	39.301287248311795	39.42520765130447	39.473177632588815	39.36706748194476	39.35127964465069	39.42604511194551	39.442928535546	39.58773141444012	39.61996330053462	39.57494935818204	39.561967773282106	39.57296263301715	39.567461845691376	39.55951137661226	39.5480189221553	39.529870576744955	39.51577219311613	39.50197276485523	39.4891196756518	39.47566170976913	39.45638550311678	39.44093119352115	39.41741475487077	39.399904719137126	39.38155579616165	39.36267383372967	39.354053231421226	39.34519190722422	39.3336827966348	39.319000701834184	39.30982540115744	39.292923417509996	39.27812636309297	39.24468197169647	39.18791612798248
MHW166_trimmed_clipped_R2_paired	38.89622683575787	39.22467112272901	39.33167342895243	39.44905991596913	39.47897577217341	39.533174775473945	39.505144157717645	39.538351180386975	39.54046319143397	39.55462235392701	39.57719887150516	39.58294778966878	39.56139599683255	39.55568110087886	39.54942797667337	39.534886026502136	39.514588227879315	39.489723784025	39.460581265997504	39.42950249936524	39.406526754032406	39.3767036026047	39.34543335592102	39.3145169175108	39.284526274822056	39.25648420212875	39.234710695609735	39.215650143479756	39.19209837133956	39.16931596922194	39.149487790793614	39.12368721442769	39.10344900813654	39.08843093319795	39.06720112001701	39.081459937567004	39.04791600993409	38.981410291334846
MHW167_trimmed_clipped_R1_paired	39.14812882880761	38.90214751999088	39.30555155791302	39.33452328568031	39.387349658059	39.28910789825	39.34113044963155	39.34132552945112	39.43809493361549	39.46155094823962	39.59975577771404	39.63211179610361	39.587322561090176	39.570516869695766	39.585628963232885	39.57739340680123	39.5697557473538	39.55952605002186	39.54284585625491	39.53027323996332	39.51826825131657	39.506023638001516	39.493790031941195	39.476142027202954	39.461176385383695	39.44015915833075	39.42357931514746	39.40714125479682	39.390049300790494	39.38330939850606	39.37530634350983	39.36459558046948	39.35113055173199	39.342229239943464	39.325773550955965	39.31076337216261	39.27784523230731	39.22535659873678
MHW167_trimmed_clipped_R2_paired	39.03931099947103	39.303579925146316	39.40207203244817	39.49757834832169	39.523665964277995	39.5710555395312	39.54482772647363	39.573396634287334	39.57487668157319	39.58415240730228	39.605136717920104	39.61020850875482	39.58897627160185	39.58416640070031	39.57813239496095	39.56345778455215	39.543806641442785	39.51984568872928	39.492718797396925	39.46287421242936	39.441135778011144	39.4136521710819	39.383952279412576	39.35565562293702	39.32714584471794	39.30190812156492	39.28237063331536	39.26564501971969	39.243866637453735	39.22285167367217	39.20482070595652	39.18105795372223	39.16201612549672	39.14774838107567	39.126098867208455	39.14030138929936	39.10921067197829	39.048538140364805
MHW168_trimmed_clipped_R1_paired	39.195939397498876	38.899387144674606	39.19750417684784	39.30977551658498	39.381277208243446	39.467309843324955	39.32109868688929	39.38163033972415	39.42993117690238	39.42743255780284	39.58025754237998	39.61107430491941	39.56717441538304	39.553394480180145	39.56565171971564	39.55919079879005	39.55091269939591	39.54045636241341	39.522085844501774	39.509427671185705	39.496129235813854	39.48420752917565	39.470591742592816	39.45222448070452	39.436734976500105	39.41406550737936	39.397786870129366	39.379782916529244	39.36245513662051	39.35443971495664	39.34596016421313	39.33571513984208	39.320938680713475	39.31294115530688	39.29547048340273	39.28032313586972	39.246872799280126	39.19482651735438
MHW168_trimmed_clipped_R2_paired	38.92410171946508	39.240922070382695	39.34368512498701	39.45920622373439	39.48682012777638	39.54137820613307	39.51326772298489	39.546163213955715	39.54670543193464	39.561794713183396	39.58469960270787	39.590406716589484	39.56956008095774	39.56428615005318	39.55795670966915	39.54330466276362	39.52328248066764	39.4987153253554	39.46956852839513	39.4393980370839	39.4164837592527	39.38742211140781	39.35642850303077	39.32700393488623	39.29781991253784	39.27032205908368	39.24960867504304	39.232088250104376	39.209354318973304	39.18657996386013	39.168252946663124	39.1438014827894	39.1244538372604	39.10926445367945	39.08742477775691	39.101907525322055	39.06913168228329	39.00619470054757
MHW169_trimmed_clipped_R1_paired	39.122650812996405	38.92647423381598	39.248413926691605	39.36137587011278	39.445307715655076	39.38993811343633	39.387368094210146	39.445885467518046	39.4648364338759	39.46186481592623	39.59848480294433	39.62547292002689	39.57911961440925	39.567802326789	39.57942224918519	39.577040984719886	39.57009447013602	39.55881307499974	39.540869491851765	39.5274546431237	39.51434771129724	39.501701979916064	39.48868746524578	39.471008441627596	39.45540939980792	39.43357589983021	39.417005963464455	39.39964816053649	39.381425931607566	39.37346514908422	39.36508413446303	39.35451115307417	39.34094659704346	39.33092883164713	39.31422834722996	39.29925300210213	39.265697963602214	39.208937686900406
MHW169_trimmed_clipped_R2_paired	39.03265824813332	39.30883039677491	39.4025533227783	39.49987203909304	39.52559843366068	39.57339909238638	39.54422623820215	39.572600364433946	39.57501477159303	39.585715091295135	39.606962164753	39.61168173689951	39.59049592125844	39.58411664506947	39.577878232463696	39.563446080604066	39.54314207955569	39.51876811723929	39.49084237160743	39.46087259443429	39.43730588902012	39.4092049935189	39.37870715730786	39.35050411231472	39.321663179920925	39.29469126691603	39.2750080407699	39.25642455423314	39.23366143302154	39.2118198812217	39.192606969122664	39.168209085124026	39.14775209502279	39.133809161126806	39.111286497237785	39.125343368294196	39.09200421463048	39.02832457243443
MHW170_trimmed_clipped_R1_paired	39.11103059193834	38.82506449055276	39.264787408443695	39.3629141966989	39.36767926958348	39.49979379837483	39.44456185764307	39.39815257498822	39.46503183012106	39.478566667230275	39.61151288815141	39.63850606314892	39.59189294445298	39.580286523878975	39.59196948758502	39.59050012380244	39.584292608289516	39.57257288424172	39.55521389318264	39.54254070220122	39.52943102292036	39.51696877088801	39.504301085917746	39.48718344422825	39.4714485138702	39.44954078185512	39.43382193964849	39.41557135307693	39.39651916426963	39.38793163183043	39.37936466162049	39.3682545530591	39.35453924751202	39.345197091286074	39.32725370170496	39.31325458270964	39.27861916704197	39.221351346864495
MHW170_trimmed_clipped_R2_paired	39.13182345202664	39.369254168479856	39.45818699839337	39.54166114440244	39.56369974272089	39.60620507546539	39.57779196609648	39.60625705532485	39.60594674115401	39.61260146938744	39.632314714502385	39.63592479725726	39.614595637750405	39.6087783516535	39.602731495954984	39.58774021802641	39.56843758710382	39.5442931053152	39.51802037041283	39.488106637410226	39.46568798859272	39.43824828973144	39.40889675864516	39.38014773900073	39.3513325207685	39.325105379427654	39.30491286259404	39.28547891568469	39.26213216308716	39.23883487090076	39.219252632788915	39.193060729045946	39.172545412667546	39.157443221094944	39.134576568552895	39.14721288688944	39.11143834241059	39.04594967689632
MHW171_trimmed_clipped_R1_paired	39.12856605257931	38.694550938928955	39.27135282506591	39.3117295680142	39.239250154536045	39.34682196548356	39.42965253262384	39.42171539224148	39.43251340542424	39.436699149360926	39.58086130649801	39.60819777857786	39.559658290156584	39.54662116905063	39.56114578546935	39.561084931413276	39.554269659971276	39.54314470007218	39.524271731950094	39.5100976949145	39.496301872096666	39.48304630086655	39.469059772174674	39.45020656282064	39.43439453921496	39.41101751964317	39.39276371076349	39.37455413914596	39.357369607729716	39.34805893292858	39.33932444014731	39.326735273297295	39.31231163896531	39.30345859811421	39.28698670301124	39.271612402515856	39.23737794094352	39.17879514397062
MHW171_trimmed_clipped_R2_paired	38.91379978935816	39.21840056519719	39.3245749202156	39.436809269488315	39.46703113331016	39.52187532560235	39.49496217454965	39.525804133682925	39.5287909754801	39.54268026662923	39.563143329496526	39.56975432394047	39.548878824826645	39.54442537617575	39.53780739834967	39.52295453423747	39.502146674519764	39.475984074330846	39.445726460570725	39.41422569266689	39.38915040971351	39.35949081025467	39.326843095185254	39.29542478301874	39.264436638166785	39.23613949996506	39.21400475316375	39.194689249564604	39.170587705534786	39.14752533530083	39.12784607292671	39.101615920531515	39.08159865889288	39.0666437292508	39.04541239490058	39.0618037331842	39.0278524674424	38.959287583357884
MHW172_trimmed_clipped_R1_paired	39.19780027235266	38.81226295291922	39.27720288942319	39.32737336001343	39.4255712476528	39.47002558374401	39.369311186836626	39.36821103367565	39.42976183940078	39.424043412364576	39.57543496120489	39.60501647510313	39.5598454013939	39.544793173449854	39.55953978469539	39.558132538853094	39.5509520598994	39.54071704144693	39.522300040598616	39.508717799500126	39.49518790803828	39.48246070163253	39.46985262896166	39.45078402352532	39.434838006485975	39.41166293791314	39.394422176690924	39.37611034732777	39.35898372631077	39.34965989624938	39.341647204084	39.32983003851615	39.31517756800635	39.30578689911849	39.288842213053485	39.27363793170582	39.23863669328699	39.182462682565706
MHW172_trimmed_clipped_R2_paired	38.97569623534154	39.257292841324904	39.35377084893085	39.45965269452647	39.48527116910751	39.53845836379872	39.5135777106063	39.54413610849354	39.54634977231521	39.55717172193451	39.57601389186723	39.582087698569666	39.560830005424194	39.555808098345395	39.549011662279305	39.533767566700206	39.51285982874658	39.48779490243478	39.45730032193923	39.425905730836845	39.40148037808653	39.37144833968269	39.339315044888906	39.30859115026982	39.278027213168805	39.24938133780742	39.2283531005006	39.209192137817396	39.18428413090981	39.16161619022302	39.14231561700319	39.115908136415435	39.09497850444275	39.08032427163482	39.05842916850162	39.07358423539376	39.03892178969313	38.971528787633204
MHW173_trimmed_clipped_R1_paired	39.07050050491334	38.77316686633849	39.20579804517775	39.23311866409588	39.37606783831214	39.44240753421897	39.36314255847604	39.37791330742487	39.43121737103708	39.42894878696503	39.574700807625625	39.60364171241789	39.55602135314606	39.54227863753982	39.55656607534352	39.55493425415904	39.54808007239787	39.53738783080489	39.51924978393811	39.50593409725378	39.49217814479808	39.47943412467397	39.46565306664225	39.44769351346256	39.43238326418864	39.40870778445765	39.39149093444955	39.373696910113566	39.35678408071793	39.34822897622563	39.339648714353224	39.32816155721089	39.31367722741986	39.30472204884112	39.2879076611454	39.27278946423079	39.23939879011395	39.183176098010506
MHW173_trimmed_clipped_R2_paired	38.87910880570999	39.206638318965204	39.310294438650125	39.42587860054465	39.45804020139778	39.513230807763286	39.486698280393135	39.51862983450534	39.52287088215462	39.535943217738016	39.556396445929074	39.56312544070552	39.54171540085032	39.53755038257559	39.53209557744328	39.51698464712185	39.49590463439615	39.470642901371846	39.44045450745744	39.4090598323415	39.384263895646015	39.35483870033103	39.322498479087876	39.29172810445892	39.26204626597281	39.23369455643284	39.212234533109765	39.1943422928274	39.17164860610659	39.1484511473337	39.129162359577336	39.104675484337875	39.085964433008314	39.07061040419673	39.049036153650256	39.06622027803358	39.03446726853141	38.97137292666583
MHW174_trimmed_clipped_R1_paired	39.06434472056115	38.82473897779413	39.26530603795585	39.29677492579829	39.422298480511955	39.46783097179573	39.35976937779938	39.340603312393995	39.42012160422242	39.43628490335937	39.58109757923868	39.6135366770466	39.56725457257855	39.5524473052537	39.566029012186206	39.563914366352414	39.55636964981824	39.546100086492046	39.527859860946975	39.51450012400064	39.50142080345286	39.48784510357673	39.47586104935953	39.45769906082876	39.44235022306492	39.41980446496716	39.40302917136385	39.38575370629924	39.36916456962823	39.36054821689182	39.3516978228624	39.341046913506645	39.32656572977568	39.31728461834853	39.30115562240332	39.28525720743801	39.2520203170064	39.19811908547416
MHW174_trimmed_clipped_R2_paired	38.92981356949244	39.24704953603644	39.34426985284528	39.44984159654531	39.480587315064135	39.533115580776155	39.506033947272066	39.535893331389694	39.5403780802314	39.55207042623603	39.570944148749575	39.57696634488417	39.55526810047975	39.55022911338423	39.54350892322343	39.52897154675958	39.50843309313446	39.48341922257965	39.45418522274683	39.42298658173276	39.399296416729534	39.369560377324355	39.33728919910951	39.30728593651193	39.27782314629966	39.24965931084076	39.22888620684422	39.21128067274644	39.188265116001205	39.165568044159116	39.14620841070469	39.121537985447276	39.102396895495296	39.086952279636684	39.06551650094788	39.081812755462565	39.04924806696168	38.98615291276119
MHW175_trimmed_clipped_R1_paired	39.135995707811674	38.89529134667352	39.302509426411746	39.330138148341156	39.3811343558253	39.27951207105087	39.33599864184119	39.337604722243356	39.435002068186265	39.45513856655957	39.594698916203484	39.62632120496141	39.58152948343461	39.563152422160556	39.58021564731278	39.57468835926328	39.56795673858958	39.557392509158305	39.541753698213384	39.52923791064738	39.51756193866096	39.504423933344114	39.49215962506812	39.47490074939803	39.4594945377605	39.437085453669795	39.42025067003813	39.402537573935334	39.38514154311575	39.376605174619215	39.36745401550261	39.35616205378681	39.34126647268393	39.33177857954513	39.31475212634729	39.29910293269765	39.26461300855506	39.20853268565819
MHW175_trimmed_clipped_R2_paired	39.068451647039986	39.31161634641459	39.402411812656204	39.496913868705434	39.519673180653754	39.56819101684963	39.5418006708538	39.57201277643618	39.573617130259855	39.579581236215866	39.59737395337991	39.60220177090419	39.581191523102945	39.57612646090077	39.57071559395307	39.55663031337008	39.53675217736484	39.5128755477228	39.484016054281994	39.4542806726178	39.431987942775564	39.40256432580553	39.37180862797236	39.34308117442915	39.3134106127052	39.286393768055234	39.265702460990944	39.24692238581898	39.22343132454808	39.200031441310806	39.181120054142085	39.15559934768747	39.13613749635549	39.12060665570176	39.09852023063118	39.113051178974175	39.07994993590168	39.01616365992637
MHW176_trimmed_clipped_R1_paired	38.95884026515486	38.91703092939056	39.230616195159705	39.25168271006141	39.45920853962459	39.463358255376455	39.33585994205405	39.32885417355331	39.45662026529369	39.42089396152966	39.555582104362315	39.59284489466484	39.541257922391615	39.53744829367581	39.56784942884194	39.56686364532187	39.54067148321415	39.49804313481034	39.486137287722094	39.51448652107914	39.49257075333621	39.51307190074608	39.52464073801113	39.504883913045205	39.486962807272164	39.46888964592679	39.46028487485736	39.45455001018768	39.438203092040695	39.42181277572694	39.40845090397867	39.40059752353976	39.393542868608826	39.382803291940846	39.36782370601363	39.36119327547354	39.33008331678941	39.28152256993487
MHW176_trimmed_clipped_R2_paired	39.032955443608586	39.22985945175085	39.26559753324615	39.40036405345527	39.5189059671114	39.55120838690685	39.470183519352986	39.47296415274172	39.55573251896922	39.53290666348438	39.5707318921978	39.60108459598772	39.559103750917544	39.5706568483194	39.55530243856271	39.55854470230624	39.535820726496944	39.51070270852085	39.4955724859776	39.469386203036436	39.43817768652915	39.409776791695556	39.40820691566341	39.38098516442281	39.35944662161528	39.332807345299884	39.30937585440693	39.286476272337744	39.25989477229416	39.23371387640341	39.21938329803788	39.199750290505754	39.18391300095234	39.15806637392292	39.147765996099906	39.161398142179955	39.13194979558981	39.06429967291274
MHW177_trimmed_clipped_R1_paired	38.98561504089491	38.88451359233726	39.183868630986964	39.20315478172893	39.311529527483046	39.210849914814	39.24390445144267	39.26063817056347	39.42236575873814	39.39491228299745	39.542407233358844	39.58122650574661	39.53104564624528	39.52135677993202	39.552759373454606	39.54563338040301	39.515753067789674	39.470603840414036	39.460018011995295	39.49204892122122	39.46706673347501	39.48588064327824	39.499073758819	39.47887600644455	39.46107706255797	39.44228574964718	39.43310169652767	39.428118157833104	39.41166312600682	39.39662298890985	39.38401699059183	39.375747050584	39.36881520144467	39.36060731169804	39.34554657808626	39.33909638597707	39.309775275124196	39.26203152503715
MHW177_trimmed_clipped_R2_paired	38.84235213644356	39.070104788260096	39.12883596309467	39.313890524281064	39.44170175611806	39.494817353048916	39.41137990293567	39.42772773885862	39.501754700960554	39.48801853137361	39.529469603891044	39.562709830015216	39.52048638537982	39.532530992574145	39.51251231335629	39.51616643899713	39.49123935421047	39.46238198227336	39.44565230249418	39.417502470579635	39.38548576588947	39.356092936305515	39.355702801631026	39.328667890788026	39.30733425624847	39.28049262389085	39.25681514152578	39.23502827339289	39.20919644790221	39.18394363617271	39.17122653147705	39.15325077749913	39.138172615103244	39.1155937119249	39.105006420655286	39.121249407854265	39.09560090352388	39.02809288042584
MHW178_trimmed_clipped_R1_paired	39.031918904402204	38.91054140726485	39.110459630697	39.188860061596934	39.33272185885565	39.4094187528646	39.23027600618792	39.3262329247094	39.421963114202065	39.36503719095116	39.51927502919459	39.55449763652362	39.50911738441744	39.5072592667074	39.54010371285945	39.53862621411616	39.51006139474165	39.46350359583544	39.45227403634992	39.48686755378971	39.46119721938279	39.4837517155849	39.49518486099502	39.47518615255516	39.45802948558179	39.43882528633788	39.43113071293112	39.42670861871021	39.4104104488061	39.39510105544654	39.38222643789165	39.37487010534054	39.36841896960457	39.35995943054274	39.34583833407849	39.33912060141736	39.30919585696613	39.26144833340782
MHW178_trimmed_clipped_R2_paired	38.9120686809934	39.07517737920646	39.13972590985889	39.32226751357727	39.44569202095181	39.497885876562876	39.41552942827925	39.43500848074708	39.50618514741575	39.49457298345994	39.53727887181298	39.57133682847106	39.52990045330752	39.543301273719635	39.52178369582231	39.5262574600047	39.5015129676304	39.472601001674754	39.455238983323476	39.426842982817064	39.39544398890958	39.36615022862485	39.36523689516059	39.33824624126063	39.31649765854866	39.289621858625694	39.26660705202846	39.24383136126251	39.21806114085729	39.19318849392588	39.180797291179246	39.16282186222652	39.14695532637955	39.124074091976055	39.113565975303004	39.13130756947332	39.10440439302407	39.03631201370683
MHW179_trimmed_clipped_R1_paired	38.88972220077208	38.87338904718053	39.13807363856802	39.22059211553684	39.40655847695426	39.31311717252855	39.28737255966291	39.37466265160753	39.434747373601176	39.384035733793596	39.53176184537018	39.56780582211874	39.51470666314701	39.50933727117196	39.539421907040264	39.53787887777877	39.51014227245327	39.45982200633896	39.448298137104516	39.48349899467438	39.456571863127024	39.478522995265784	39.48911517536518	39.46814760006058	39.45062494095133	39.431091602401935	39.42267105270779	39.41688392808108	39.40027409604478	39.38501879652002	39.371639052403495	39.36405547262901	39.357329291331205	39.3485522427275	39.33415051949176	39.32856154115963	39.297850311757884	39.25074779252883
MHW179_trimmed_clipped_R2_paired	38.76982968526946	39.028975022137296	39.09136220412509	39.28895797673525	39.421990953099794	39.47876420700952	39.39425976968335	39.41259662088972	39.488707231113494	39.475886085878514	39.51881493222917	39.55273782616216	39.509849146566765	39.522263801913184	39.501603503618774	39.504038117303054	39.47807331257162	39.448363454322745	39.43099396052196	39.40124161521553	39.36915322182157	39.34038273465664	39.339416248086536	39.312006244979955	39.2890813730816	39.26149465503191	39.237996180246185	39.215217369759095	39.18850239900233	39.163714150750685	39.151146559842836	39.13228970963561	39.11681065635537	39.09499015066909	39.08467026518014	39.10280580874284	39.076299431087364	39.009057349637274
MHW180_trimmed_clipped_R1_paired	38.83553032669259	38.752968208355625	39.09735160155604	39.17759412771964	39.23585629632496	39.394408173950296	39.294957279209804	39.25237841209154	39.40248273439822	39.36269591703945	39.5212743760206	39.55921153245661	39.504271214820214	39.49897987554317	39.52913208972401	39.52951282548842	39.49966542785238	39.45228841100139	39.43889070136496	39.47042328578569	39.44416753613657	39.46531384257729	39.4770571113282	39.45578748749551	39.43706399161391	39.4170243604222	39.40808988217698	39.402481652329975	39.38445727834498	39.368968793377945	39.35535133684526	39.3473413269182	39.34077848238867	39.33193058085062	39.31754151088056	39.31118005692671	39.27986228544519	39.23173250143105
MHW180_trimmed_clipped_R2_paired	38.54625376599841	38.962364878509234	39.02188465509012	39.23707090611081	39.388253482423984	39.4492316348755	39.360641361003324	39.38163918469462	39.46284410133988	39.4508427657263	39.49433604280476	39.53105242060132	39.48692598792222	39.5005364690103	39.48173302212636	39.485102374772055	39.45898271938001	39.42942327243175	39.41199055064546	39.38153902211035	39.348363349154134	39.31806458124521	39.3179590315112	39.28895075243353	39.26655892535207	39.23778759495728	39.21366195098567	39.18957331407905	39.162150182964076	39.136465406075104	39.122792940969774	39.10380204648708	39.088817523810654	39.06618907831824	39.05501789959818	39.073631140696655	39.047225419753076	38.980068234458216
MHW181_trimmed_clipped_R1_paired	39.01057046344317	38.768481873279754	39.2561866398364	39.28191779471663	39.25166648204951	39.36099592961666	39.41781614487322	39.434561413655004	39.48391353895323	39.435472904400285	39.568443689490216	39.60264690024775	39.551093152290235	39.547187304074626	39.57610068713525	39.577079920040646	39.55102705332681	39.50139760219671	39.49226225639631	39.5277429465413	39.502036527526755	39.52195645202645	39.532518153322464	39.51138207356088	39.49466211298682	39.47608097679809	39.467677641362314	39.46199700464893	39.44550655991533	39.42981146562058	39.41526068791247	39.408153399294505	39.40073702205252	39.3906454406533	39.37476404392025	39.366795832855715	39.33705991923798	39.29146108982799
MHW181_trimmed_clipped_R2_paired	38.92995487682796	39.170861440362906	39.19223843478383	39.3672196376689	39.470847294211296	39.52309372811978	39.4404065166803	39.46423140459312	39.53181891265468	39.516987847010164	39.556497638863355	39.59016193443034	39.55388875009024	39.56614258976576	39.54955715245118	39.55368369738912	39.53135626863667	39.505101669537495	39.49035523255292	39.46406172205466	39.43445831717513	39.40618989205768	39.405725534685686	39.37947513757124	39.358110508441975	39.33236694382972	39.30915337194257	39.28739649062244	39.26156824796669	39.2356677186882	39.22146784908382	39.20202967224558	39.1862543078248	39.16150323272117	39.15046170683816	39.16286183709171	39.135628250602224	39.07330958351838
MHW182_trimmed_clipped_R1_paired	39.07672105734221	38.87708863494192	39.23000317835215	39.24873545597355	39.44615253399596	39.454866539517916	39.31741948350302	39.34582444646803	39.44990005737433	39.39769184891584	39.54253618875521	39.575643501149294	39.52599958037608	39.52310222037033	39.55397223952396	39.55220024860574	39.52494038536001	39.47489353921938	39.46196698925941	39.49479815977669	39.47008544848772	39.49258297444242	39.50161323872766	39.48234671000502	39.465805777771244	39.44732067595207	39.43982427529204	39.43439835794388	39.41802055750905	39.40389831026981	39.391645338048264	39.38441808714863	39.37808753452225	39.36986695313914	39.35585076581014	39.34932714904225	39.32081206444725	39.2734650739959
MHW182_trimmed_clipped_R2_paired	38.9433536255427	39.12115195940481	39.160670120294796	39.33289906772816	39.454221382951424	39.506747593707566	39.41577261511499	39.4387267132391	39.51065530543779	39.492557090957234	39.533609215126	39.57082499954605	39.53061921787886	39.54376316845581	39.52307777258748	39.52691675339343	39.502332272703924	39.47356753154602	39.456574548362056	39.42844852180194	39.39698799755194	39.36872974663475	39.36778679170598	39.34023798126978	39.319036926880486	39.29304732876952	39.27023936851949	39.24830410598936	39.22307057023581	39.19874308374209	39.186668534724205	39.168217325554146	39.15344006479127	39.13141113710065	39.12131965860796	39.13622673182323	39.11024603723175	39.044850270825066
MHW183_trimmed_clipped_R1_paired	38.95943440929985	38.841329783724284	39.125795657889654	39.168746777608476	39.40810606959234	39.446159754812705	39.315574857809224	39.35557571192434	39.461533298474265	39.41141769317055	39.55153121697316	39.58634585946907	39.535273078805936	39.531574641740576	39.56089127698853	39.55912902236854	39.53132595537531	39.482754254002316	39.47215787339889	39.507214445746314	39.48151404290148	39.502084601955275	39.512662840682964	39.49092130304571	39.47370802571737	39.45498348868142	39.445601650702145	39.43922416811331	39.42281498262462	39.40668392978878	39.39207869480846	39.38499822845796	39.37704616143582	39.36774004507313	39.35278312563295	39.34466313847306	39.31538891812578	39.26928840501025
MHW183_trimmed_clipped_R2_paired	38.721185405847265	39.078968409927725	39.099184971314514	39.29993022090479	39.419963074377605	39.47974534547337	39.3915819403466	39.41807489410609	39.49170484528037	39.4777467710005	39.519498358929425	39.555752654141486	39.51773733882295	39.53278168537629	39.51499910902431	39.5193052755378	39.49555329992863	39.46774531234272	39.452189934389125	39.42362586228054	39.39238553490242	39.363749101663814	39.364178306961115	39.33634008012291	39.31511240298183	39.28859796836754	39.26437612998431	39.2415895734547	39.21564440755534	39.18987964592463	39.175691925847815	39.1557810094457	39.139816117361896	39.11696285689036	39.10503311959732	39.12054779762457	39.09345756687698	39.02895827118822
MHW184_trimmed_clipped_R1_paired	38.94618526671644	38.89454556145837	39.194028808340626	39.23502777666848	39.429756392707716	39.45441714840601	39.320126048865816	39.32082957232019	39.44847232557004	39.41122065350039	39.55111066237194	39.588704580927626	39.537014402662784	39.53282761920239	39.56209819535203	39.560260070892845	39.53268090938214	39.48632825438417	39.47504155166593	39.50498770887438	39.48113129954738	39.50096300173966	39.51304500049048	39.49259261363236	39.475365727306674	39.45624505889774	39.44837589368895	39.44252259223187	39.42550007572119	39.41037874336503	39.39578756036443	39.38880789144714	39.38070789733321	39.37170508945636	39.356331354275746	39.34889381033499	39.319613498514045	39.274214991427044
MHW184_trimmed_clipped_R2_paired	38.80091376341163	39.089595401117	39.118786075767595	39.30620564468236	39.433105150733574	39.48815075210445	39.397266181483644	39.422776222360795	39.50003815622546	39.48250879617499	39.524488605340274	39.56200937982115	39.52163955885626	39.53595525208189	39.51903760553155	39.523749355490445	39.500229789523864	39.47361380428486	39.45836609294374	39.431275914654705	39.40049526330709	39.37133649028232	39.37123906964524	39.345051225679505	39.32461405100078	39.29760061007359	39.2739255586276	39.25189756019417	39.225993563631164	39.19980072276724	39.185966248683485	39.16735745639379	39.15085931321234	39.12777155689851	39.11625405610767	39.13027663664299	39.10354661175936	39.03742423535047
MHW185_trimmed_clipped_R1_paired	39.008004447152224	38.95357579358653	39.25168836871977	39.249775392001894	39.35377400841543	39.258072678093534	39.2984349265282	39.3172486612007	39.46164625859107	39.43086437639531	39.56506803727278	39.60171470771969	39.551942890288416	39.54564843991547	39.57680119797003	39.57231168008992	39.54315947315424	39.497877583116235	39.48879097505902	39.519997623685796	39.4962525118795	39.51578360705838	39.52770608377769	39.50831701976233	39.49227714701418	39.47464156876705	39.46623826908309	39.46059448977179	39.444905305686596	39.43111646719827	39.417646720903164	39.410695664654725	39.403540903956596	39.39510154348468	39.37994553161758	39.37361680757365	39.34333989458086	39.295755925791994
MHW185_trimmed_clipped_R2_paired	39.07182455821164	39.15789201666626	39.19665179448679	39.36701276738114	39.469335343108966	39.520579680866994	39.437518563509585	39.4626290136209	39.52694255485054	39.51332402386025	39.55430124027505	39.59041630827752	39.55317646983222	39.56573966149118	39.54880927004488	39.55312718065251	39.5303158788666	39.50350747064589	39.48873499126297	39.46356816721315	39.43420769183699	39.407162005248765	39.40678200863514	39.381872272187636	39.36171221543062	39.33619773443113	39.31405938464231	39.29314465550722	39.268694473091436	39.24506445033178	39.23328870809287	39.21506069130609	39.200651908132606	39.179305269673065	39.16878787316229	39.18336269695487	39.157430975884886	39.09058542074259
MHW186_trimmed_clipped_R1_paired	39.15551397915574	38.74787341629416	39.30352529646142	39.34043413899768	39.27883401691575	39.37778064299641	39.45664031874671	39.4478933802779	39.45573252404442	39.46353446512734	39.60057073798649	39.626653009071376	39.578831793119406	39.566469082027425	39.5780450297657	39.57475917961967	39.5672494079487	39.55567276193826	39.53523491692831	39.521065293333756	39.50685770286249	39.49246710835259	39.478441317343105	39.45853294188635	39.443885528245744	39.42051849355643	39.40270064646066	39.38560594789944	39.36898670311433	39.36013467210711	39.35053703752626	39.33983947199681	39.32634957238799	39.317390838573544	39.30091630613852	39.286006670255574	39.25454859959563	39.19942857835877
MHW186_trimmed_clipped_R2_paired	38.89228194393464	39.23779791491078	39.34624887035637	39.457217187994864	39.490040089104305	39.53838011559959	39.51151907154868	39.540613099210454	39.543549132447346	39.560336029482805	39.58114881055182	39.589331129264664	39.56841133623614	39.564122687710416	39.55620192192832	39.54046097098243	39.5186008982463	39.49256481004429	39.46133459357758	39.42949952684762	39.40554777396629	39.37558004024527	39.3426197505582	39.312866649724164	39.28261296221555	39.256254561159146	39.23326314905928	39.21647517179652	39.19464130315722	39.171169782839186	39.15129603764052	39.12776752932961	39.10910168995736	39.09395516795231	39.07323380908646	39.087925501405806	39.05901711314781	38.9964301003266
MHW187_trimmed_clipped_R1_paired	39.209345999734204	38.86237536505396	39.30744789149661	39.35522240799672	39.45802210334735	39.49304299675226	39.402086549479606	39.39921215954468	39.45417784812191	39.454443322816715	39.597515987705975	39.62461057169676	39.58018889566147	39.56572832156459	39.57738510975861	39.57229358394602	39.564840695923046	39.55381912176812	39.53414848738103	39.519899874135234	39.506186116275636	39.4921702070407	39.47767937903942	39.45884201877978	39.44364439531716	39.421464949048456	39.40325041058286	39.38615096200859	39.36902212709145	39.36063977348082	39.35016803607957	39.34060073223224	39.32695472422461	39.31726986384913	39.30048698198326	39.285836136254986	39.25425751777787	39.19965831016062
MHW187_trimmed_clipped_R2_paired	38.94203808759572	39.2670196359181	39.37132401933348	39.47772677614735	39.50749626929119	39.553485064472085	39.52747607887383	39.55593432904592	39.558863302534036	39.57379788115681	39.593812987527954	39.60103940271821	39.58002924373439	39.57500951919765	39.56708160448024	39.55173549020682	39.52898754089669	39.5031082771082	39.47243575925618	39.44089839698859	39.416064287172944	39.38685961205041	39.354392813880345	39.324084134242334	39.29426064600951	39.26804413006336	39.24524120884072	39.228325845084186	39.206622148210286	39.18199578107685	39.1619460725189	39.13851777288065	39.11954155953132	39.10337509914045	39.081193572317254	39.095515043940466	39.065684320795654	39.003374463878565
MHW188_trimmed_clipped_R1_paired	39.109476874705415	38.837408672553366	39.249578979889904	39.282932743698794	39.427345087187916	39.47730744978225	39.40718278576925	39.417104830629434	39.464619742229836	39.465719237806994	39.60090291864313	39.62756735394282	39.580916129889225	39.56770784503109	39.57881188675706	39.57364185970982	39.565558037306246	39.5548707751057	39.53517586555425	39.5207991792733	39.507577610691655	39.493564171191	39.479497936073756	39.46096667316097	39.445680186565696	39.42381668026712	39.405490421045464	39.38901634088867	39.37312239371925	39.36443473277586	39.354946944937446	39.34451621008734	39.331077888765876	39.321514408391124	39.30584141329553	39.29099745321186	39.25927674943639	39.20509538672997
MHW188_trimmed_clipped_R2_paired	38.9209143467191	39.25269969533903	39.360398601447706	39.46488694295642	39.49875812248392	39.54390084894144	39.51695868330636	39.5450523812435	39.54841997942841	39.563736106115144	39.58375488976377	39.59150238867268	39.57011667128059	39.565794098534084	39.5586039558334	39.542936833074606	39.520144810584455	39.49439079210119	39.463623160086414	39.43276477415718	39.408056232940154	39.380224385728226	39.34751496235163	39.31805791634753	39.288904828135344	39.263640016877424	39.241019027269274	39.225096316123896	39.2035710647407	39.18103440712154	39.16169024211426	39.13837898957386	39.12045745708052	39.105121766380975	39.0846811266862	39.0993503814836	39.07109957389967	39.00969790721434
MHW189_trimmed_clipped_R1_paired	39.06935530967587	38.85734449205468	39.27708657859516	39.31498743604487	39.44231592538103	39.47985114841063	39.375052344624386	39.35961835015039	39.43372070378588	39.45368502398806	39.594784757369574	39.62483981442753	39.5785678497836	39.56318663092054	39.57420820765325	39.56731901393009	39.5590687296869	39.54717998499483	39.52717412842117	39.512990972682985	39.49909755723913	39.484233333066086	39.469818407790285	39.450625557622246	39.43523033320523	39.412907845437005	39.39403866483603	39.377478010297025	39.36119794224005	39.35250156351166	39.34251232068702	39.33293442715386	39.31902326701501	39.309813672976176	39.293402124153154	39.27887726100546	39.24755717171294	39.19310080188937
MHW189_trimmed_clipped_R2_paired	38.83178189923412	39.208637142255306	39.32467267214444	39.44121544468553	39.47691089515389	39.52585307967866	39.50108594746579	39.528584037174916	39.53406651500136	39.54988900688429	39.57044363366435	39.57787499595278	39.55602301686467	39.54997521536505	39.541531319839066	39.526117988792315	39.503067170204794	39.47737507156103	39.44560882254567	39.41375937974546	39.38878430403763	39.359148285950894	39.32559228903864	39.295942737430785	39.26594739352448	39.24013466210428	39.216266864900305	39.199939396260966	39.17902140378525	39.15542669211349	39.135750119326374	39.11194622754939	39.09477817622984	39.0790177261267	39.05784843613381	39.0736307106006	39.04447496700826	38.98348512290201
MHW190_trimmed_clipped_R1_paired	39.15935528013025	38.950753810976785	39.33598685897989	39.35814056797101	39.40981621148256	39.318988397875486	39.36904864677144	39.369435078619986	39.4632708591875	39.486761901102845	39.61782150477494	39.64812755554436	39.6045762298844	39.58667213686695	39.601717699724155	39.593726086432845	39.587030752577256	39.576882393730486	39.5599114820483	39.547089986294985	39.534492239427586	39.5208951460631	39.507528223101374	39.49022555523658	39.47620337928366	39.45488251162982	39.43739467792539	39.42104931084348	39.40466696184444	39.39646901815665	39.3859718142527	39.37598214912873	39.362465240008746	39.3523323013817	39.33604881852503	39.32062636811723	39.28937297104446	39.23685980817809
MHW190_trimmed_clipped_R2_paired	39.085162827583495	39.34832962683045	39.43705726955658	39.52640340419311	39.55225556137403	39.59289161545206	39.56694477531253	39.59333037533976	39.59634176261724	39.604965465970295	39.62312071821367	39.629339041931416	39.608726047163614	39.60405973698685	39.59720232239117	39.58335262298715	39.56214787804787	39.53852880921896	39.50970921583867	39.48096278818108	39.45800981128541	39.431526583611955	39.4002826841361	39.37221622560209	39.34475141518942	39.31939064581338	39.29765492976022	39.28202421090317	39.25990996384926	39.23692711446223	39.217200702532054	39.19322370362948	39.17575988057958	39.159225073835216	39.13786619647383	39.150903725024854	39.12228683848295	39.06388910543662
MHW191_trimmed_clipped_R1_paired	39.18316839982119	38.922049721464504	39.21683940850608	39.31845021518686	39.392209329014904	39.473674408863644	39.33347931754012	39.39091727304033	39.436608844126596	39.43770617701661	39.58695601567854	39.61595880495556	39.57084260930841	39.553876151410705	39.56552189784781	39.557152908389384	39.5482049144143	39.53669470138864	39.516400309868935	39.50187415732122	39.48753197096702	39.472847395461415	39.45873048633968	39.4389096669786	39.42375489565411	39.401602532376	39.383025973209996	39.3654312761523	39.34889089251327	39.340676323258975	39.33167005793503	39.320974307396376	39.30737725824533	39.29845458393562	39.28237194829002	39.26758012667826	39.2353893196233	39.17951552367298
MHW191_trimmed_clipped_R2_paired	38.87676022054535	39.23043261104649	39.33966207998267	39.4524716336928	39.48641445470245	39.534520712351366	39.50765656567066	39.53632702622254	39.5409410980505	39.556725668571175	39.57722138115313	39.5843881938894	39.56238119067327	39.55668162091117	39.54746201980553	39.531477324723994	39.50806867246539	39.48102323620406	39.44952769487005	39.41771533885158	39.392424645465894	39.36203750122343	39.32846710318429	39.29838469441438	39.2680632665794	39.24175975339675	39.218064985919945	39.20172656139135	39.180443739432555	39.15662329006095	39.13768670066463	39.11458479753381	39.09685532101797	39.08200034570489	39.06009005669852	39.07629626551709	39.046948056854475	38.982685156722496
MHW192_trimmed_clipped_R1_paired	39.19053732868659	38.96099603153188	39.280697413024455	39.40360904443901	39.47817520980391	39.41770003034957	39.42271368074409	39.47533648963681	39.49315422298222	39.491484299429786	39.6181357023734	39.64213053983352	39.595653552219616	39.583882705034874	39.59601596730235	39.5930091310761	39.58648347109916	39.576010708122475	39.5581964710206	39.5444626671564	39.53146599327853	39.518504786388156	39.505153040151434	39.48711770285625	39.47284899411217	39.4516498099837	39.43318911616661	39.41709744633154	39.39977549563384	39.39151843669361	39.38152131069086	39.37083450152947	39.35681978415388	39.346445004525535	39.32933061149635	39.31284119003069	39.27947315794387	39.22412424039198
MHW192_trimmed_clipped_R2_paired	39.14604790377737	39.366877506625116	39.45731737414801	39.54107316255966	39.565508451236184	39.60272074021172	39.57960250293373	39.60384242028337	39.60572155490033	39.61314138873371	39.63097917889088	39.636232635573705	39.615173045235025	39.609418052828104	39.602904591359774	39.588427631328855	39.5672417534269	39.543099123656795	39.514214585102934	39.48534813911421	39.462508680824044	39.4350774288627	39.4045109653221	39.37715995209638	39.34822474553645	39.32398164673771	39.30111083722022	39.28496398553821	39.26337544840493	39.2396041339755	39.219093584603414	39.19592314330214	39.17719433790745	39.16062164441659	39.137980612736115	39.14967433677553	39.11883097224354	39.05578286339979
MHW193_trimmed_clipped_R1_paired	39.097512722799316	38.8336782665535	39.26255080359672	39.35758799337025	39.362546418810616	39.48863608139888	39.438067494391376	39.389364029600245	39.45707099306997	39.475056546777886	39.61091402332586	39.63678423859321	39.59021937566875	39.577611930017056	39.58782897283586	39.58479281866967	39.57775786791255	39.566336920162335	39.54750288977709	39.53360476521687	39.5201171773214	39.506099158290574	39.492375522875975	39.47360299782774	39.458573648015594	39.437473693534244	39.4191514219405	39.402151992300446	39.3856730581633	39.37709476691774	39.36741199038814	39.356988939565994	39.34343249091161	39.33356056952614	39.31697907381796	39.3019149819113	39.26979577940967	39.21494254631065
MHW193_trimmed_clipped_R2_paired	39.030919839452	39.313216915718684	39.41099470940944	39.50490049270479	39.53380925441466	39.57616364932654	39.55116657479555	39.57697857792251	39.5795047253071	39.59044244055306	39.60942843636614	39.61572721516275	39.594956275059324	39.59036405919412	39.582666466256924	39.5677920797713	39.54586794600217	39.52072877795562	39.49177561319903	39.461716844478644	39.43767274608423	39.409937700934634	39.378468588120604	39.34976626031689	39.3205935958798	39.29534525196541	39.27280429563628	39.25702802057389	39.23466038727816	39.21156871079163	39.1921841826571	39.16770052036398	39.15021370721857	39.13377257941728	39.112719047095574	39.12616157071817	39.09630330357315	39.03531479939177
MHW194_trimmed_clipped_R1_paired	39.12778335879184	38.69389025121159	39.2729704962719	39.31448908458445	39.24018523251059	39.34497735067837	39.43003592292805	39.41916024946257	39.42851092668731	39.43341513988243	39.58005895104207	39.60836308110442	39.55876545894717	39.54652791877913	39.559297393508054	39.557267197641444	39.5498552970166	39.53912340590257	39.518800266240646	39.50518664844229	39.491494007626144	39.47770727306735	39.46324514143735	39.4439817725669	39.42929958851827	39.40664923239405	39.387772052401	39.37116222784608	39.35426940841546	39.34489612746404	39.33564259734223	39.3246865281921	39.3116994928723	39.302305607184	39.285438512175084	39.27074573785244	39.23870487392021	39.18333451494047
MHW194_trimmed_clipped_R2_paired	38.95105772426924	39.25431295934109	39.35402246073344	39.463295005858605	39.49228198295805	39.53980272538771	39.51361077981943	39.54456063221227	39.542879203088326	39.55463017230197	39.57764525703257	39.58381077876574	39.56281541021707	39.55882459702049	39.55172950455622	39.53679818690183	39.515632743011736	39.48882226098756	39.45877771334441	39.42655565922284	39.4033850009619	39.372969947222366	39.34169075965941	39.31101065368478	39.28205100454721	39.25512254403632	39.23247800044571	39.21688735810818	39.194408159253484	39.17074528435358	39.149758745872106	39.1266759307251	39.10702393165286	39.091322368255575	39.06888104027756	39.08597968203044	39.05648109305107	38.99462499487592
MHW195_trimmed_clipped_R1_paired	39.17780063125609	38.80669691447612	39.26794028988062	39.32217979868101	39.42268125870478	39.4597938711803	39.36174916184718	39.3577863118468	39.41679088243916	39.41479661038925	39.57112475634654	39.60181076320257	39.55539248313752	39.54016987144763	39.55400521828623	39.54928385582666	39.54165504568668	39.53062338872452	39.51128734695567	39.49692241523938	39.48322951813003	39.46873088139181	39.45441229070711	39.43514890467471	39.41985469890136	39.39621024685597	39.37847880763893	39.36073301341939	39.3432362975481	39.33519036260603	39.325484378444415	39.3149867391477	39.301047908386955	39.292269625104495	39.27510023498763	39.260304255511315	39.227775965324824	39.17045460195002
MHW195_trimmed_clipped_R2_paired	38.97005805631924	39.2561256408623	39.359580214290574	39.46759855877455	39.495937003332116	39.54392965825629	39.51904956303001	39.54809148522415	39.54680399361275	39.5580870308136	39.580444968071774	39.586064519090016	39.56442477058792	39.55938174591957	39.55240291298335	39.53679342277986	39.51539576557536	39.48775865446008	39.458367717597625	39.42496044618211	39.40183956490601	39.37076815904623	39.3389035839803	39.30776541700056	39.27846731186936	39.251288537805706	39.227854359263986	39.21146694275344	39.1895614382271	39.16593905814786	39.14474951112843	39.12095897161571	39.10076553830375	39.08579864813187	39.06295584036779	39.079665310029064	39.04879507638744	38.985839380870495
MHW196_trimmed_clipped_R1_paired	39.205496350470945	39.07886876539018	39.18301484573821	39.249306929630876	39.39952959457287	39.46383814814367	39.315730811699346	39.389203840448985	39.483776572878206	39.42654331011758	39.553669828310305	39.580491517522745	39.53450489255021	39.53876680796549	39.57600258622436	39.580098179873076	39.559124651423716	39.519559000198136	39.511735296960005	39.54212893845222	39.524879834388564	39.54619255445804	39.55955469090854	39.543117389814334	39.528015141837805	39.5119785039729	39.50508268952316	39.49845514493386	39.48350139160766	39.467693300210776	39.45400621992624	39.44547015365722	39.43714742520839	39.42621208264578	39.41128790544244	39.40698711089652	39.375638853344824	39.32847258829567
MHW196_trimmed_clipped_R2_paired	39.247545484607606	39.28725592873517	39.31985954554994	39.461802788975916	39.543891307175954	39.58803646950104	39.50287885796251	39.53114293989309	39.58938640020506	39.57574232099044	39.62320041815623	39.65727203169267	39.622496130680815	39.63498611388875	39.62191488633441	39.62519601887415	39.60612894132824	39.58507592152405	39.57158999517002	39.55070235764942	39.52465121759487	39.49945445127055	39.49856537340905	39.47511778185185	39.45471696536135	39.430931987610805	39.40997733103743	39.38801441530925	39.36174680798431	39.33604271928171	39.32078575494875	39.29951005303974	39.28443367275914	39.2572732636391	39.247881290895016	39.260279160282934	39.233389432863895	39.16776085085271
MHW197_trimmed_clipped_R1_paired	38.954975335547154	39.12285743792744	39.24190020817394	39.37683829170995	39.50620194507397	39.40126698285684	39.396825571243824	39.45593548188425	39.5127919958133	39.471708706090716	39.584969103528195	39.61654898628015	39.562528966446486	39.55943127539093	39.58822306555434	39.59005997614597	39.56522327556466	39.51884816807773	39.50831526738021	39.53334588578612	39.515467094945954	39.53393703051853	39.54591966418227	39.526693306359924	39.50957823909689	39.491022437203654	39.48332816373879	39.476372315527385	39.45936001454796	39.44221600445986	39.42796751198684	39.418369616959254	39.41083658481842	39.39885923051948	39.382528002214386	39.37545088102358	39.34198778244871	39.287406583983916
MHW197_trimmed_clipped_R2_paired	39.23965669320446	39.308914808929444	39.33826876652621	39.473210344832246	39.55785439935226	39.59859573054684	39.513144263131174	39.53526562550507	39.59689313561235	39.578692897408835	39.621251519524385	39.65187021215226	39.6147822297281	39.625685773176166	39.614107899324075	39.61613587231352	39.59748225214082	39.57442603107759	39.55977243356467	39.53609612106636	39.50816391336862	39.48004111062461	39.478154436376	39.45241836045652	39.43233272719178	39.40668957252582	39.38527408650479	39.36283829871651	39.337220317163435	39.31019759853713	39.29561875814938	39.27461731308652	39.2579926098101	39.231071319026356	39.22149271943807	39.230529377546404	39.20052085651664	39.12850716760878
MHW198_trimmed_clipped_R1_paired	38.96466565811528	38.96374141588807	39.17427156109106	39.3316215944858	39.369730462191725	39.51404624206931	39.386957389845726	39.42306536583667	39.49433857425574	39.470731126922445	39.57301500782317	39.6085046160998	39.548352421158086	39.54521173841224	39.56587827938775	39.57181939638321	39.5420417624847	39.49659803342336	39.47338791453469	39.47342245062383	39.46626476519802	39.47264137753824	39.492490698286886	39.46369958596991	39.45565899402082	39.43071110440563	39.428082291870034	39.41800093324058	39.40693954043202	39.38745117965017	39.37738189182783	39.36908518065164	39.3673052259749	39.356237892595686	39.34661717888409	39.34439927584169	39.313609255658655	39.251095471855706
MHW198_trimmed_clipped_R2_paired	39.29296900888988	39.37678653268569	39.371353137635296	39.5145591850281	39.59446637887772	39.635023097177736	39.547386118968404	39.584263829836765	39.64050532138942	39.61695343291166	39.66084188770084	39.68887074316278	39.64689253149296	39.65373676388704	39.6434300785533	39.640057572020076	39.618719459558214	39.59145989621463	39.572952670177436	39.54396993340741	39.51049925588532	39.47338203765766	39.468965053091	39.436972989641	39.419693135156436	39.38392398537154	39.37308093737168	39.348518538539864	39.323888199484365	39.29532959801703	39.27967242265701	39.25512085951127	39.242348504902914	39.21481379493899	39.21115664665557	39.221075342910964	39.19330221509773	39.11269175926015
MHW199_trimmed_clipped_R1_paired	39.042890938996116	38.92854644284603	39.35518566960014	39.354809958058894	39.37121120192848	39.43563725344978	39.48729373363365	39.49049736519099	39.544177896708355	39.497188153861096	39.606536378787965	39.63585368376697	39.58503835087656	39.584218073961374	39.61069229062975	39.615370419544625	39.59278930823918	39.548618862178884	39.53823013328814	39.57143688994716	39.54884002289158	39.566147970333645	39.57833044193062	39.55979581435783	39.544575802409895	39.52776439745928	39.51933863905173	39.51244131805125	39.49698686979663	39.48027021351832	39.465936316781765	39.45802319898784	39.44884071657519	39.437872755810744	39.422689847876754	39.41464311941401	39.38280773491336	39.33596874464635
MHW199_trimmed_clipped_R2_paired	39.28595876809373	39.38294486996143	39.41058176751601	39.53499606866371	39.61734090572398	39.64898559734776	39.57540993683051	39.58686146878865	39.64905851888535	39.62525764679608	39.65871901223069	39.68334635447364	39.64884146667311	39.657990914893375	39.64504199268618	39.646723501688975	39.628185653841655	39.60607722256183	39.59166526953024	39.570752052446245	39.543034891433294	39.516951518346346	39.51502969404483	39.48978368164357	39.46990281827235	39.44572067776034	39.424406824565196	39.40313592488859	39.37914813607944	39.35288158047234	39.337754134132055	39.31807137300094	39.29957334621757	39.27455964625882	39.263128959968455	39.27096740105193	39.24164690960239	39.180159230823904
MHW200_trimmed_clipped_R1_paired	39.019210390145915	38.898769897811505	39.220215816665565	39.25682463301574	39.44350357502229	39.465902435588355	39.3219660195567	39.35865439244029	39.46300844056772	39.40928657184171	39.55014517525673	39.584586168897104	39.53510162651156	39.53215613925371	39.562491101940836	39.56410743998674	39.538474195846135	39.492932232966936	39.48139454515662	39.51477147423483	39.49073396044737	39.51142348483758	39.5233040286664	39.50268176691757	39.48542768441813	39.466972560192765	39.45798611134836	39.45226903950049	39.43533576866247	39.41861470869813	39.404122823323874	39.39638707987821	39.38835385767882	39.378404647245	39.36233606743953	39.354976431852194	39.324227326528614	39.280168598571066
MHW200_trimmed_clipped_R2_paired	38.76039349405808	39.145935024609514	39.16563482107968	39.3463889431665	39.47124958387437	39.522707859031094	39.42706336349443	39.44865846373309	39.532392050599086	39.50914610529308	39.54789655751034	39.5819931909356	39.54278521613496	39.55873323949514	39.5409478349795	39.54707770661862	39.524668298600425	39.49874560951192	39.48362420661018	39.45739623388424	39.426429920061864	39.39774611759106	39.39807783526583	39.36982495591641	39.34857616868017	39.32207746901969	39.2980051768284	39.27551683322713	39.249315736566885	39.220664785012104	39.206536780569785	39.18667995794224	39.16882006240094	39.14415254871466	39.13233836217508	39.1438956504591	39.116602307706465	39.052499029065025
MHW201_trimmed_clipped_R1_paired	39.049714719953556	38.96191925373635	39.200613576694806	39.299948614501524	39.529095268574125	39.52933846802874	39.41896183787653	39.44197819954948	39.543273520153626	39.4952209055888	39.601966496141394	39.63042027920212	39.57898177572248	39.57816942237521	39.60620305366424	39.61093278162161	39.587424809966045	39.54733361542993	39.53544791057891	39.564727871155455	39.54591254769703	39.56233554494665	39.577388201290475	39.55962255525442	39.54530942185087	39.52926718607538	39.52102748113076	39.51494608317576	39.499678174688334	39.482644207200664	39.46937274502811	39.46144189223337	39.4533008738416	39.44160550443299	39.425770382901064	39.417872164265724	39.3874907482796	39.34196804515961
MHW201_trimmed_clipped_R2_paired	39.30231143269433	39.398084769894524	39.426402541900266	39.54947160327435	39.630395966636364	39.6556750877167	39.5870440440486	39.595758210285794	39.658049148413575	39.63234575442872	39.66759163695465	39.69030484332576	39.65297341816482	39.6622526718554	39.65008506164521	39.6512201588725	39.632082452761026	39.61047102260069	39.5965900990591	39.57550445947042	39.54811828782816	39.52294252853253	39.522417754209336	39.49824054830533	39.48068887617069	39.456364304485824	39.43815083151169	39.41792562604797	39.39391245626588	39.36880538022742	39.35350804453526	39.334116289458755	39.317024108304096	39.2896532885547	39.279234559791306	39.287379794542936	39.26003554513142	39.20045135009921
MHW202_trimmed_clipped_R1_paired	38.96066967613423	38.986969204127185	39.3220660107943	39.32622006963218	39.52967944806161	39.537435904576675	39.430008035004555	39.436722971383716	39.53532925667554	39.49632524512247	39.60022586212773	39.63438597545256	39.58303025470981	39.5835230444246	39.60841447049442	39.6118151983604	39.58986283709801	39.54524065553123	39.53460613515457	39.55776772086499	39.53834823392606	39.55308703165538	39.56547808068403	39.543703090045696	39.52797626230643	39.509359408862835	39.50016145035281	39.49139604797764	39.47372923308983	39.454301607478456	39.44077447748019	39.43165512396164	39.42365718463905	39.41094106530395	39.39580172139275	39.38891029470672	39.35542522505272	39.29949443985065
MHW202_trimmed_clipped_R2_paired	39.282048263044274	39.377536739092896	39.41145438820335	39.53796019911454	39.63480872994485	39.66164103751435	39.5760466685171	39.58576197219883	39.65864090961762	39.627853271131855	39.66327037087501	39.6878525331548	39.650303998331076	39.66005544640292	39.648388533089744	39.65003504744652	39.630450218048075	39.60906123364047	39.59413465344492	39.57221697975952	39.543503170647725	39.514944663667826	39.51223462628087	39.484446286836	39.46464326891925	39.43801806476135	39.41587645759745	39.39372701299156	39.36730918647079	39.33911583116154	39.32289504797885	39.30224943636557	39.284079674911396	39.25707593160526	39.24776811925612	39.25606993136286	39.223971427555384	39.15331045768571
MHW203_trimmed_clipped_R1_paired	38.977590463465226	39.08457502487192	39.290338346064395	39.28908616089254	39.376919433697516	39.29971178483396	39.338206746321745	39.346249970785934	39.49492388321427	39.46099044260557	39.579412590245674	39.61708728075375	39.56833214800946	39.562244262735454	39.59511282611101	39.59347278058409	39.56920445265538	39.527387806037346	39.519436686791686	39.549285268658515	39.52812592691366	39.54535833956576	39.559662518511075	39.540373258658875	39.524204711624726	39.507630260299365	39.49906991948531	39.493959334423764	39.477376513216626	39.461226567519475	39.44763929390505	39.4401086653023	39.4318060418546	39.420855877311375	39.40525134819161	39.39676814848294	39.36500985334236	39.31940637972789
MHW203_trimmed_clipped_R2_paired	39.14233065490689	39.29126833715142	39.319124659734655	39.466005921147634	39.567737618116176	39.60000776967332	39.51451892079577	39.5273710427935	39.60644774698479	39.5816764703108	39.6173984759602	39.645897297151535	39.609315330349474	39.62128753059558	39.609070822734736	39.61451033358607	39.59456210901571	39.57236822763106	39.558792510801894	39.53593771860242	39.508168014771684	39.48052675333749	39.47950976722161	39.45426088836886	39.43539825681322	39.41022459536613	39.388513134764025	39.36650401934455	39.34179242467843	39.31575357996492	39.30284077072654	39.282543536788026	39.26649933212863	39.24055765577477	39.230674752791884	39.239107400148114	39.2115975492119	39.14885231504588
MHW204_trimmed_clipped_R1_paired	39.190184783922916	39.072088705335844	39.16435683459972	39.2666726684268	39.414263819248305	39.474391644309016	39.319562559767114	39.404881727721154	39.502679512245386	39.441858036322664	39.562641950649905	39.59034223035728	39.54445792629788	39.54604681639049	39.58103617058786	39.585519538431534	39.56413702757619	39.52099711379128	39.513099025928156	39.54167207417497	39.52107450426177	39.539876726918514	39.55193704083892	39.53122686318803	39.515273124076444	39.49783936660649	39.489485177082166	39.482188838234904	39.46523547078294	39.44753554786281	39.43499003331308	39.426147648926126	39.41799263177212	39.40617464352564	39.393052801328864	39.38725037523566	39.35520696463881	39.30396167824912
MHW204_trimmed_clipped_R2_paired	39.24531957153328	39.31802321347991	39.36330611488422	39.50806500638855	39.599395601918125	39.63029966636198	39.54980559228193	39.56873776592892	39.63486473246447	39.615733679376866	39.654447194957086	39.68159608498676	39.6476230059758	39.65826944753505	39.64429973847275	39.64559664454356	39.626568784705455	39.6033253723166	39.58781889063712	39.56545611413961	39.536649048814695	39.50875943478948	39.50534672199162	39.47695503999934	39.45576058602641	39.43057253331733	39.40685169969985	39.38403048601854	39.356602924553826	39.32975866701956	39.31460567400076	39.29257764750593	39.27660929434137	39.250402869346075	39.240513217073826	39.252298797949024	39.22249842672152	39.15396818646892
MHW205_trimmed_clipped_R1_paired	38.92798410941048	39.137724526849944	39.24554299916158	39.38657498132593	39.52553119186802	39.40461704012005	39.41481485899328	39.46844248129687	39.53330389251362	39.49532619279846	39.59769152515797	39.62729671238974	39.574710836504906	39.573812958004524	39.60047283524061	39.60503640630533	39.58752472349662	39.546212973196575	39.53447903544083	39.5604068865607	39.543888891158794	39.55985650120293	39.574493848948705	39.55534605245474	39.54212039284476	39.52566898768764	39.51645490263856	39.510274065709396	39.49470925708706	39.47532481189342	39.46224547160462	39.45294518478556	39.443594996671074	39.430734266027976	39.41639656886319	39.40913342286296	39.37847652786593	39.33246083996213
MHW205_trimmed_clipped_R2_paired	39.30266613701489	39.39415100862794	39.41422028281996	39.5387388482544	39.62747002155972	39.657089080363754	39.57723419022589	39.59346463571718	39.66151863909854	39.635799440863515	39.67161543825132	39.69692010228683	39.657382948969754	39.66363173688968	39.653568206382005	39.65515573962013	39.63581777893305	39.61437318106533	39.60141936680144	39.581454099958634	39.554516062466185	39.52912020811076	39.527734632773516	39.50304735079206	39.48657793952727	39.458541877572095	39.44186842813515	39.41981891095258	39.395813356512186	39.367719577792776	39.35203453132671	39.32755322568248	39.31013736715933	39.281102667229106	39.27405553582061	39.281706461777375	39.25282835709685	39.19146116948422
MHW206_trimmed_clipped_R1_paired	38.94686747145754	38.93424302307924	39.1796203819732	39.31621598189494	39.37078400652985	39.50965486593061	39.39793765224657	39.421471168785274	39.49252833905096	39.459529610664084	39.55969686650418	39.59244959925706	39.52820531670592	39.5167551215035	39.53723310837088	39.538564458980474	39.506713880291485	39.45347452793738	39.422605599478636	39.418287683863134	39.40001141079155	39.41378805297892	39.44083750495541	39.42412381194431	39.41778014798157	39.399395330690126	39.39692867407989	39.3931614487734	39.38738045989482	39.377381302571436	39.37527663786082	39.37410596517472	39.376145640536095	39.368681214674154	39.362940790662265	39.36552714712317	39.3393188968506	39.285389429682574
MHW206_trimmed_clipped_R2_paired	39.262024384393925	39.377695443159745	39.39166486898359	39.523764915455914	39.617921261668556	39.65214781876066	39.565195278595674	39.589209847336825	39.652579001840444	39.626060098833065	39.65927186843338	39.676971503936	39.6212106926745	39.61935826502821	39.607087795608024	39.60124504196379	39.577188795713795	39.5461803583784	39.5186067297647	39.48496359293445	39.44733373589543	39.41799126987264	39.42229395019524	39.39895879202799	39.383915461967334	39.3561435152572	39.34028924158364	39.319138629713	39.301859721610285	39.27751991815435	39.26944435435054	39.25287479487177	39.24311984986033	39.22082202685264	39.21973712352773	39.23680901482205	39.21566428434551	39.14518906521519
MHW207_trimmed_clipped_R1_paired	38.85843467546732	38.963040125856864	39.29168635457942	39.30654665111947	39.336421181741784	39.3861490978183	39.38848408096993	39.44891580121377	39.47812626599913	39.45386482333946	39.55830561766157	39.590598217810495	39.52304763086497	39.51189411037295	39.53651598393386	39.5409860726828	39.501646829585845	39.43574795525998	39.412386338049394	39.41238667918951	39.39880006376565	39.40710205881812	39.41827855658568	39.385440877601965	39.369264935665534	39.33796672181903	39.33156231363178	39.32312793123285	39.313230265564144	39.29484546230715	39.29122027677531	39.288603261998034	39.2961422955944	39.292878671203184	39.29277453244407	39.29904584175896	39.27475683890125	39.21042685833592
MHW207_trimmed_clipped_R2_paired	39.30572380088983	39.42203461148792	39.43301257166946	39.56047361551495	39.63756269749852	39.67068868046479	39.586647637578274	39.608495207909264	39.662545286645866	39.6416735917673	39.67303775683216	39.691844319458255	39.64772440563321	39.64758545915785	39.627395839800094	39.622320074479376	39.59370406483406	39.56058936224943	39.53299315102301	39.49632530942962	39.45231724540399	39.40872439088538	39.39571924281903	39.354277588170866	39.32714450459887	39.285051613668415	39.26317889980773	39.23412562433382	39.21413027963981	39.18396255636655	39.177428448226486	39.15929951153771	39.15683029566543	39.13652633857621	39.14128758840896	39.16216652836543	39.142923705154985	39.066058761061946
MHW208_trimmed_clipped_R1_paired	39.16064501177093	38.921917882915345	39.272099498534864	39.2832581705737	39.47817965024321	39.48529155856577	39.357604519152815	39.38430085474328	39.48388380380967	39.431388675794814	39.56490358647879	39.59513717974174	39.54600658986688	39.543615212221496	39.57376297730331	39.57507441312269	39.55205359771329	39.50046977943019	39.49021990789289	39.52560858845063	39.5015232760156	39.523594236874075	39.533150112148405	39.51396614652076	39.49782751779929	39.48085797275611	39.47242652775301	39.46786474812724	39.45171233397485	39.436691277337985	39.42376171461582	39.415864578569824	39.4087567456757	39.40072678441966	39.385018798360306	39.37845496352933	39.34886114127074	39.3058621427817
MHW208_trimmed_clipped_R2_paired	39.073966713414144	39.23452709764835	39.26328932978508	39.416164522071504	39.52585183103419	39.56717984446802	39.47879053868496	39.496049250376316	39.565626703082465	39.5456370720722	39.58100971400451	39.61100429154332	39.573970488131266	39.58553959612395	39.56470683145268	39.56962601580754	39.54612330368626	39.519128007762895	39.50144077002214	39.47722491010667	39.44708485950441	39.42136763581991	39.41972079281311	39.39237219790409	39.37100668341503	39.34469632819713	39.322736124323214	39.299317195719155	39.27598149857091	39.249516451556495	39.238546417358876	39.218529363361455	39.20426113954577	39.18006835697099	39.16899162765601	39.18096926999093	39.15455023092806	39.09137090699046
MHW209_trimmed_clipped_R1_paired	38.96216650669602	38.84958009540829	39.135742798599146	39.17738869192689	39.423331621609535	39.45516317388593	39.32425466053934	39.363301612190035	39.46782569101943	39.417825297140276	39.55426571998129	39.58794571800062	39.53602992080531	39.53083917697971	39.56053011866977	39.56070437160885	39.53356392032591	39.48199190805782	39.47299932503772	39.509595378780624	39.48288038634266	39.50367375516652	39.51399963837581	39.49306283769799	39.47539985728811	39.45622719380227	39.448565610753334	39.441732597238094	39.42538548656786	39.40944433391672	39.39597805849359	39.38738890581644	39.38010428984255	39.371521197020485	39.35535245420768	39.34849123041745	39.31838761805117	39.273968787635404
MHW209_trimmed_clipped_R2_paired	38.72920593808315	39.09119403349706	39.12692858831001	39.32057423181488	39.44822618626899	39.49908593610609	39.40987163418653	39.42867583671637	39.50404259892319	39.49102742993494	39.52968553227225	39.561899969117675	39.52400453184381	39.53721532431075	39.516614382342674	39.520678595786435	39.495514729765034	39.46755544488535	39.45050218723592	39.424329412775386	39.39132678644286	39.364436465904	39.36332740017126	39.33508742388692	39.31297403480033	39.28481391464585	39.26260053942234	39.23762240265411	39.2127879972317	39.18497530274462	39.17446700812946	39.15362975499757	39.139031421403494	39.11466837498389	39.10409297909109	39.11904578458566	39.093216707277136	39.02795053632635
MHW210_trimmed_clipped_R1_paired	38.9564391591066	38.90393375704897	39.22353304864811	39.25306607160483	39.44816773576597	39.46764029084805	39.34109083542763	39.340584782812705	39.45945781373694	39.42291529842147	39.55912899875646	39.59331580908702	39.54043500436545	39.53544828379224	39.56218930856738	39.56166583771453	39.53349909412301	39.48450963666655	39.4724334565387	39.503503938942046	39.47810498966546	39.498122782911125	39.509444958689116	39.48902141366579	39.471168431924795	39.453400482751256	39.44476266034802	39.43909568157081	39.423121123485586	39.407821193189044	39.39536755035689	39.38687189739413	39.3802763127847	39.37146812335916	39.35680750298614	39.35062978723705	39.320598621545244	39.270189356564956
MHW210_trimmed_clipped_R2_paired	38.900311658437076	39.1131668924432	39.173230457371396	39.34624472902945	39.47242340436821	39.51975795727228	39.429251694103485	39.44352485075378	39.51856366507218	39.50256468247505	39.540813189796836	39.5724893209344	39.53250117513996	39.54299708742339	39.5217787880169	39.525144442257705	39.49926192925251	39.472099886659905	39.45372892962632	39.42760014533171	39.394734663550956	39.36683161545413	39.365036958373096	39.337434382639906	39.31505828548166	39.287586007326226	39.26599427466873	39.24115345413852	39.21703164383816	39.19108674824578	39.18100059879707	39.16112804743441	39.147570649436865	39.12393998529977	39.114740854656034	39.12883851819657	39.102324006729816	39.035334261160905
MHW211_trimmed_clipped_R1_paired	38.98770220906378	38.9047286025287	39.198644794809105	39.2196742880023	39.331786526126436	39.23973823808812	39.26952684884174	39.28302464736975	39.43923636990316	39.40924382732241	39.54970236225704	39.58757429136981	39.53535428492402	39.52457368226948	39.55466396401263	39.54871382196029	39.51788258440132	39.46956857922542	39.45865929309678	39.49205840237361	39.46511613160091	39.484659676977735	39.49559847602796	39.47556206561426	39.457818550744065	39.43933292736479	39.43013991267778	39.42464769153699	39.40790993009932	39.39297651943399	39.37952024290597	39.37200624478678	39.36405095031076	39.355415743745695	39.340502746801775	39.33379643382525	39.303885310555835	39.256326298558754
MHW211_trimmed_clipped_R2_paired	38.71843498086642	39.01108105846648	39.080206583807254	39.283496600792525	39.423737405931476	39.4756426240583	39.38802535830925	39.40832223555415	39.484963973249926	39.47516973577889	39.51658873612429	39.55029584772309	39.50986145429065	39.521197317708115	39.499659761956316	39.5038813022112	39.477371897802534	39.44895206243102	39.43032599141954	39.40327892988303	39.37000339540629	39.34236766602968	39.34066817089157	39.312616134889645	39.290798188102215	39.261998722046314	39.2395791603854	39.2154352622711	39.19051875367783	39.16411599162462	39.153400085890354	39.134030031049136	39.12095389992986	39.097467180008536	39.08820102126085	39.10455378077659	39.07822774059741	39.011009973038554
MHW212_trimmed_clipped_R1_paired	39.036854085374955	38.97628980823617	39.14820120835611	39.23617639986959	39.372579836562366	39.45722836101409	39.277781056842315	39.36792398692126	39.462106301846404	39.40889916654481	39.54945713650619	39.583836735201594	39.53405238297717	39.527667940677325	39.5577219547665	39.55603807444211	39.528195635559726	39.477212451767876	39.46830128235079	39.50487872960835	39.479474127911594	39.50109458637782	39.51171060847344	39.49097609462037	39.47407648296667	39.455330450152346	39.44623079875508	39.4403757955223	39.42294692598933	39.40645083491085	39.392700953437114	39.384415365980125	39.37651603290956	39.36717520534732	39.35067994281294	39.34290167443627	39.31296578051122	39.266743451282935
MHW212_trimmed_clipped_R2_paired	38.76577724341599	39.101798916048295	39.136460266722985	39.32899715008086	39.46006212090093	39.51109791550467	39.41857224370753	39.44017543681481	39.51810720889494	39.50291521296628	39.54162010499476	39.57458051570831	39.536079721865654	39.54861220444101	39.52732618815746	39.53291904757759	39.50905043602667	39.482349334253016	39.46468818360417	39.439207224272714	39.40701382269164	39.38014581745693	39.37844225934087	39.35014704084608	39.327859097375566	39.29929128977788	39.27576973379702	39.250935893877326	39.22582614946209	39.19723507098488	39.18332398256254	39.16291941859434	39.14732880876231	39.122868276366084	39.11036364329659	39.12375964595348	39.09767384735916	39.03190531760514
MHW213_trimmed_clipped_R1_paired	38.958105006667886	38.98383646618996	39.1973658235939	39.29653100118089	39.466834856869916	39.37298116928382	39.355231219931994	39.43141538287332	39.489555923731444	39.43740874197523	39.566130401408664	39.59731131400264	39.54511878411482	39.53946946101763	39.56864720339077	39.56948495687293	39.544392778915466	39.49003623949868	39.48280530746902	39.51876370213427	39.4938655391847	39.51530773835499	39.52443938093687	39.50452993610894	39.48746277147479	39.46998230886122	39.46070667328987	39.45557369389898	39.438418468237515	39.4232655905294	39.4099442469142	39.40145964986987	39.39392940201945	39.38474610659219	39.36857857529922	39.36209788225418	39.33117617937937	39.285675265209065
MHW213_trimmed_clipped_R2_paired	38.92929862687291	39.16294104531895	39.2008009164226	39.371771283404556	39.49129914876827	39.53576865857859	39.44908809244022	39.46642893357063	39.539931229374055	39.523250627629345	39.560482946055025	39.59112172155632	39.553533148215124	39.56343613810439	39.54412927055348	39.547833917733	39.524308600894244	39.49735921822925	39.47964413888344	39.455095084720774	39.424314821220925	39.39914823920735	39.39776984066173	39.3694083909695	39.348545390568454	39.32081010924102	39.29788569332807	39.27358747301009	39.248783741056116	39.222208641875056	39.2100967914838	39.18952269616189	39.17469684271933	39.15041981367542	39.13919958009742	39.15207246200483	39.125450826913024	39.059713194525166
MHW214_trimmed_clipped_R1_paired	39.01429729270442	38.76704807545196	39.2855292004575	39.30019444172147	39.30007998323394	39.3824295977463	39.43834214617114	39.44796694612531	39.49320028736632	39.449079535444966	39.57480520163479	39.60541955366646	39.55148581163183	39.546332316320786	39.573152560465424	39.5741509223309	39.54873025149696	39.494319294339	39.484085976524895	39.519872002031406	39.49342309357466	39.51463873229621	39.52190818607091	39.50264797580032	39.48562505843132	39.46822526415592	39.46026487222872	39.45493768376218	39.43973795953184	39.42572845375179	39.414132278775114	39.40651035790965	39.401074849729845	39.392093189861136	39.378972064390084	39.37310912399132	39.34182879774668	39.29043004016998
MHW214_trimmed_clipped_R2_paired	39.024688773762726	39.18810431331714	39.2374153104676	39.390662111106934	39.503735221379586	39.545645626629984	39.466174962287944	39.478645823647824	39.5472036007128	39.52847729822726	39.563418814517135	39.59375579085764	39.55680530487073	39.56523577690979	39.54385587687204	39.54542493287274	39.521094250910316	39.49179936434425	39.47386067677996	39.446960400112275	39.41555161540709	39.38831213098658	39.38587220750128	39.357744616019396	39.33596078753804	39.309022551381005	39.28787670032393	39.264604394787526	39.24088240603182	39.21693824221123	39.20715556794408	39.18853597468045	39.175714480911196	39.152149915303895	39.14358435844979	39.15730730737608	39.130814163531184	39.06087979807133
MHW215_trimmed_clipped_R1_paired	39.06553047454192	38.87988475443015	39.23043882921516	39.24434544915096	39.446147381319875	39.45182897997583	39.32145389019832	39.35278843000446	39.453759970280515	39.40068726625661	39.54256793345957	39.57250882357948	39.524430631521625	39.52446426959024	39.555017957668234	39.5550894485952	39.53106564527785	39.483136852829325	39.46935234981565	39.50214656657043	39.47553550730244	39.497838516602584	39.50652731968286	39.486373786984565	39.469109297001836	39.44987587235291	39.44197767360915	39.436287267285664	39.42027182968438	39.404882572346686	39.392501735307874	39.38474078332106	39.378311885060086	39.369758999908775	39.35487804391259	39.34936997000771	39.319549978150334	39.27091305840845
MHW215_trimmed_clipped_R2_paired	38.83531287974005	39.08593190934351	39.141372387850254	39.32130194785597	39.45739940242384	39.50737116922026	39.41575772007458	39.434784203329194	39.51353462154369	39.49494428207025	39.53428693485896	39.56869346128819	39.52916097537543	39.54204387385101	39.51973407671176	39.52270344200769	39.497676725971274	39.468147195452595	39.448896571496455	39.420115835428156	39.38775506862089	39.35858277830852	39.35712987890629	39.327264578055534	39.305250339474966	39.27691734452144	39.254219231147836	39.230417587702696	39.20527858249687	39.17994849584489	39.167816887839635	39.148364207997375	39.133417940305485	39.110930535886006	39.0994444235709	39.11535231634397	39.08774044937211	39.01912905622617
MHW216_trimmed_clipped_R1_paired	38.96146176415209	38.84700384179651	39.13345735648757	39.18157653064082	39.42637564680751	39.45572929552171	39.32838571082772	39.36648336900689	39.47040569065526	39.421208852497145	39.55645817603427	39.5888864336993	39.53769609993959	39.53164625476577	39.559862495780884	39.558875776196295	39.53181410889746	39.481325515406965	39.47072865740814	39.50552874973107	39.478847756040736	39.498962830647756	39.50893400788169	39.488110831038775	39.47057630826298	39.451804747353734	39.44355047792875	39.43835165711245	39.4220421075493	39.406759938927124	39.393696776308886	39.38586643690487	39.37867706597037	39.370367100157594	39.35558522952923	39.34920804567902	39.31927861909253	39.27227187929192
MHW216_trimmed_clipped_R2_paired	38.66735971553425	39.05369001571406	39.09691862076001	39.294334894395334	39.43259390957603	39.48412961866867	39.39736255878165	39.41633168030346	39.494043234001595	39.47995446766284	39.51942283851536	39.55230102930247	39.51329349389847	39.52612005002792	39.504705637225285	39.507971154260645	39.48238937801886	39.4528165605616	39.4354562995015	39.40660337817588	39.374665598325876	39.3458148396882	39.34528268503428	39.316555284916205	39.29483001483517	39.26681291376428	39.24464396306466	39.22045189065689	39.19542347670049	39.169424108395624	39.15776386950436	39.13780468547306	39.12308544046722	39.10038965291668	39.090361696601946	39.105791082057756	39.08010722521143	39.012468042133406
MHW217_trimmed_clipped_R1_paired	38.91956012934171	38.89398876212323	39.19685296571718	39.2332512632674	39.42834131636013	39.45297923190807	39.32052330933755	39.32161978286228	39.4487133926428	39.41202551196845	39.55046582811943	39.58677311297385	39.53525402127347	39.53121115974892	39.55818178167391	39.55702346709104	39.53043454371023	39.48367819866017	39.46985951310419	39.50067342158324	39.475282941380584	39.495139317067405	39.50600110216989	39.48550990306602	39.46765004330397	39.449002782902156	39.44006962014445	39.43401753037557	39.4173084350672	39.40275772509968	39.38993304342007	39.38233874094693	39.37463594070625	39.365862486268654	39.35131905119254	39.3455460471173	39.31506723001233	39.270216337378095
MHW217_trimmed_clipped_R2_paired	38.5429225584365	39.01185820081921	39.05703438892459	39.26389015487317	39.41358613338627	39.470507066061685	39.37448927965461	39.39564128570341	39.481503122568974	39.46483203494626	39.50574470368765	39.541749569980325	39.49962878640288	39.51312576482029	39.49228191510892	39.49636509956217	39.47079016383266	39.44205301062574	39.42503101305756	39.39512406453541	39.362527121772004	39.332861397054536	39.33260380317017	39.30415072132358	39.28289229452092	39.25416342400844	39.23151419652437	39.2072238327339	39.18144192490471	39.15528693909107	39.14308768222533	39.12429401083587	39.10958543762455	39.08547715236985	39.07448920693336	39.09128016157986	39.06477041522198	38.99852097186583
MHW218_trimmed_clipped_R1_paired	38.99971496596877	38.953805748159205	39.24467162670113	39.246425795662475	39.351785913081684	39.25955903220697	39.29624299361889	39.316068462951534	39.46086588169608	39.42987117917832	39.56495737923892	39.60038277847074	39.55073353416949	39.5417032616583	39.570864867022195	39.565185596954485	39.5372838576097	39.49007731587836	39.47914772621248	39.511389456685194	39.48504350939761	39.5045393204904	39.514812476451915	39.49534617165445	39.47690092905937	39.45866920390195	39.45045952599914	39.44446685994749	39.42858459084424	39.41440661503293	39.40137607300193	39.393275408345616	39.38640125443917	39.37738849909891	39.36336319415186	39.357213650084354	39.32646573977894	39.2777844387959
MHW218_trimmed_clipped_R2_paired	38.86273495828875	39.109731603438576	39.162933050514894	39.33784306116053	39.469932191509564	39.51563752523977	39.4296866170537	39.44451795777268	39.52097734666224	39.50194592403953	39.539907779277996	39.57226082527437	39.53193867280045	39.542723805675074	39.52156801368649	39.52530919835321	39.50074804366434	39.47184351884837	39.454799500553904	39.427158272255596	39.39614704197977	39.36707154385148	39.366487499494774	39.338407788950725	39.31706968849842	39.28942991728698	39.267426752909685	39.24372887219303	39.21860895872184	39.192970323317645	39.183003379394094	39.1634184370302	39.14980213033024	39.126721465901475	39.11712218712715	39.132704187369214	39.105691116613215	39.037229637252956
MHW219_trimmed_clipped_R1_paired	39.00192619553955	38.71712043214304	39.157688256584926	39.18116918920127	39.339589511049816	39.399917179029856	39.320793956776974	39.3310988713978	39.387302778484695	39.38943652556134	39.54937682222914	39.5815893734669	39.53254506266245	39.51840033906139	39.530785807105175	39.52508910700446	39.51613160579836	39.50505610558893	39.484151337146145	39.46970176397117	39.455430211171134	39.44090832075264	39.426007930609906	39.406164180147634	39.38945465899374	39.365588389466964	39.346605373005026	39.32905374941675	39.31253385973891	39.30320983847662	39.294534064165525	39.28339524994451	39.26972220663523	39.261073931669316	39.24526437675676	39.23089283362593	39.19794947135928	39.14164215450992
MHW219_trimmed_clipped_R2_paired	38.63017901763125	39.078429468449954	39.2101565055307	39.35274045725407	39.40040881895089	39.4578144260095	39.43385217997931	39.46584646261374	39.469449437141826	39.488346761409616	39.51398389035283	39.52156038167225	39.49922187907808	39.49527658554264	39.48902220728682	39.47332101962353	39.45087254178138	39.4231609384223	39.392515309885724	39.35843250023255	39.33365359075337	39.30243234061949	39.268968781106324	39.237827626724474	39.207324834357884	39.17969102708444	39.15718574225489	39.13986149944195	39.11820553150927	39.09623134961745	39.07734057076507	39.05399382500597	39.03655299652371	39.02145266974284	39.00252639373664	39.02210508536069	38.99320475647102	38.92929353689697
MHW220_trimmed_clipped_R1_paired	39.049357872887185	38.79979022107176	39.23549739851295	39.27995302367647	39.40357542673643	39.445897145228514	39.33658352398613	39.31915080792743	39.3971911313854	39.415060804953285	39.56876800385094	39.60252032947223	39.55476113645091	39.539704612488215	39.55236555097203	39.54738420828217	39.54023239388763	39.52899256590245	39.51071088239273	39.49638494517124	39.48291571759234	39.46853264701501	39.45488118160851	39.43508994064233	39.41923776047635	39.39632037488265	39.37762847697759	39.360360443543655	39.34335292009372	39.33433426757635	39.32507820842511	39.314230726022615	39.30038462010468	39.29074526081591	39.27487046095639	39.25988832489964	39.22717502305691	39.17254934945181
MHW220_trimmed_clipped_R2_paired	38.8538815006114	39.20280508351878	39.311236086803085	39.429246079566994	39.46415148721726	39.51515800443093	39.4906056995338	39.52215040302714	39.521363313932206	39.53443793339407	39.55760864915644	39.56286905736711	39.541963376510196	39.536451518361865	39.53033273280327	39.51551929146017	39.49421362349567	39.468021665607765	39.438285879496746	39.40593466667237	39.382937139874784	39.35229931770044	39.319325824696286	39.28924750688086	39.25930033873928	39.231994586350964	39.20948559180514	39.192025486455215	39.1706248586755	39.14634107247199	39.12661429123291	39.10285030287864	39.08403275164851	39.06800921719187	39.04690631834825	39.06525193721013	39.03413715245848	38.97121871142557
MHW221_trimmed_clipped_R1_paired	39.09917920715528	38.81117907077817	39.23501619387376	39.28015969923352	39.32713903630174	39.221980444178534	39.26780869519779	39.26226272464414	39.3751933314819	39.40587086048442	39.562886889832484	39.59936528764516	39.55332344289155	39.5323620412963	39.54863431071224	39.53790051045007	39.52991026203281	39.519599179654584	39.50130206514804	39.48722777029279	39.47444598013042	39.460614598816484	39.44631075967847	39.427636048927674	39.41179000277891	39.38924721189231	39.37036167430562	39.353652779474366	39.336630131207635	39.32830228599997	39.319468432550636	39.30933334200333	39.29613712678291	39.28636834852788	39.27051167344564	39.256270438762535	39.2242846898114	39.16984457840994
MHW221_trimmed_clipped_R2_paired	38.78866610394519	39.175531465643914	39.28803136396739	39.40989240084854	39.45028521996859	39.50132110465152	39.47639118210537	39.505709586658654	39.50678719412122	39.522235659813255	39.54606649550642	39.55184506826655	39.52989170373635	39.525187532182194	39.51840372383595	39.50343626219336	39.48128807933998	39.45540683451112	39.42518976406507	39.39305278929977	39.369109782871725	39.339096159620205	39.30783545172346	39.27706756713373	39.247771232678346	39.2205243623652	39.19831146527753	39.18239213615388	39.16072039969233	39.13868481874722	39.119405989226514	39.09678681405437	39.0791203292712	39.063772398977825	39.04313349736733	39.06328870642792	39.03427979207224	38.97192431664132
MHW222_trimmed_clipped_R1_paired	39.118395921138415	38.84397093803137	39.161451569473776	39.27621323054999	39.34639658783381	39.4326593331786	39.280847880721126	39.34253516878958	39.39058679257752	39.39034485677271	39.555787765846404	39.58898236816163	39.542893959199645	39.525972856375404	39.53921023085111	39.53193349786382	39.52302230101715	39.51204543729692	39.49219122916158	39.47794255464428	39.463370613053364	39.448984449669695	39.43464568430201	39.41449766174992	39.39830508742263	39.374495132632156	39.35546562972717	39.3377372919105	39.31934991369137	39.311010655841315	39.30184898957705	39.29031493583259	39.27625636118326	39.266742652865666	39.250583285910864	39.235803680341725	39.20159350074381	39.144315443175095
MHW222_trimmed_clipped_R2_paired	38.8377878192619	39.183183082615216	39.29711527754294	39.418981002302964	39.45553719989522	39.50882717365612	39.48236486834836	39.51482166191497	39.51518427875716	39.529939584105115	39.55359223885436	39.55962464357481	39.5374289285692	39.53229210909965	39.52472499577193	39.508856055153004	39.48694021510794	39.45987863611292	39.42955505865935	39.39630891279883	39.372207769506055	39.34121747786564	39.30740103103974	39.27627805009977	39.245450649603	39.21752245224044	39.194468767299576	39.17781152120229	39.15469875556313	39.131067884295994	39.11150574548503	39.08705719704445	39.068669298076586	39.053409770254135	39.032422948095885	39.05073952610153	39.020160280724376	38.95388862568186
MHW223_trimmed_clipped_R1_paired	39.06506291244974	38.8180449969011	39.183618473701905	39.29667535941309	39.391078249309075	39.32977392036983	39.32326103278513	39.38522375995215	39.4039224033023	39.40357808470122	39.5601258283454	39.59010236629425	39.54090914003624	39.526480612449596	39.5383921580242	39.533498480583646	39.52535870734305	39.512812080552465	39.49192678698487	39.476291676663266	39.4614512041429	39.44642762085745	39.431237713353916	39.41142875893314	39.39494236723366	39.372080880746296	39.35257416640744	39.335118015055606	39.31742397261868	39.30929073843462	39.30101309823012	39.29029327385453	39.27639570477649	39.26820095721387	39.25212772203905	39.23781352180106	39.205376078355904	39.148070097794125
MHW223_trimmed_clipped_R2_paired	38.849921734555835	39.18873042554954	39.30110878938777	39.42019653134076	39.45635542583387	39.505495907064734	39.48069259467988	39.51168849268722	39.51124331269112	39.52578875548356	39.54931504731692	39.55529237618973	39.53192803315579	39.52642405868444	39.51813179250529	39.50154037494519	39.47840882997993	39.45041791017201	39.419064517524326	39.38530037627928	39.36019603815011	39.32844776409393	39.29511485175666	39.26421235812976	39.23421557824688	39.20685685922618	39.18383331560891	39.167261533659435	39.146472427325094	39.124039464677395	39.103808816376116	39.081094513579686	39.06294471508687	39.04897393651645	39.028852183981336	39.047740675783366	39.01872893342731	38.95468870799961
MHW224_trimmed_clipped_R1_paired	38.98986266197315	38.70303124595372	39.148779942357294	39.262340592731334	39.266765071678144	39.399183691035674	39.33600255748269	39.28052915773755	39.36446642297562	39.38663686774697	39.55182123844398	39.58393795940216	39.5341710518288	39.51885247689025	39.530169510006395	39.52546525228429	39.51715773708401	39.504360958227224	39.48331930562374	39.466854444047954	39.4516106338585	39.436805791296	39.421391923696305	39.40078336029917	39.3835794837881	39.35945104113072	39.33977477259357	39.32125389268919	39.30346655583408	39.29444020429749	39.28533450749566	39.274031511499125	39.26041105528865	39.251533204094926	39.23556958453975	39.22057585037088	39.18698960555123	39.129669393221334
MHW224_trimmed_clipped_R2_paired	38.72269840639356	39.118911342186	39.24470534875587	39.38030325545797	39.42268757831945	39.479527371460854	39.45418310528964	39.487445466478476	39.489044349558746	39.50565715296308	39.52987267152379	39.53582945421707	39.513243435849674	39.50805211306512	39.50000275993309	39.4841765704703	39.460928269656115	39.432492902521986	39.40122276618227	39.36667841245985	39.34167614052232	39.30964136686991	39.275978746162544	39.24378207362935	39.21286570140383	39.184259074178094	39.16094362842132	39.143369377405676	39.121457773416054	39.097822978272504	39.078186778841825	39.05441782728265	39.03636782155753	39.022383680710064	39.00201149698257	39.021966235337416	38.99165397730203	38.9251709594984
MHW225_trimmed_clipped_R1_paired	39.12719778343127	38.724436378224254	39.28593196884577	39.32595430562894	39.26754896637813	39.361021619574075	39.44184788653319	39.43053624051503	39.43870918725573	39.447757529168726	39.58921662624162	39.616196883254545	39.56849795647507	39.55752022658622	39.56945054900743	39.56686494527312	39.55931686539198	39.54788971650309	39.52821108291509	39.51388472613975	39.49970081525547	39.486549003190376	39.4720376503531	39.453631741165175	39.43785706523107	39.4153323582412	39.39728766615698	39.38024391344899	39.363686540059746	39.35500906921808	39.34687090328433	39.336373217482944	39.323344106490694	39.3134565129681	39.298830128891986	39.28382633744317	39.25136294386345	39.1963017242192
MHW225_trimmed_clipped_R2_paired	38.84271711092717	39.20428343905267	39.317832343351945	39.43327509523553	39.470402936561	39.520329108264605	39.49313676795837	39.5226515227473	39.52315164009035	39.541817770774365	39.566930687141834	39.574217057521984	39.5537854091761	39.5490506338041	39.542191162726	39.52767037324962	39.50581468831571	39.47935210947865	39.44918543313697	39.41741772187971	39.39244181100134	39.362973426563514	39.32993185887326	39.30016513877042	39.269635800353534	39.24251530341589	39.22002949182263	39.20225057059639	39.18135418072444	39.15712484619219	39.13745287605913	39.11336223542482	39.09575496719839	39.079178166679526	39.05885668915933	39.07396004820147	39.043484055295416	38.977239731829314
MHW226_trimmed_clipped_R1_paired	39.142281599436366	38.817808509097205	39.2679343821502	39.32160275198975	39.42474205588105	39.46335471813802	39.36839381319675	39.36479331278154	39.4226346507253	39.42218634358422	39.575410901872786	39.60419156313217	39.55885336348804	39.544570601379796	39.556889177114456	39.552528928773654	39.54374979786481	39.53269238016639	39.51219437615349	39.4977393376473	39.48317595946297	39.469628545287904	39.45475402855375	39.43599183595076	39.41952737321937	39.39637039237488	39.378650294229885	39.36115742201689	39.344588946883334	39.33574340275301	39.32779117991804	39.316839964336936	39.303212620228045	39.29499284186053	39.27954623338665	39.26490888275627	39.23356642726338	39.17849543721951
MHW226_trimmed_clipped_R2_paired	38.7757173801344	39.168596109414985	39.284234591554096	39.41162826168525	39.4493149685659	39.503452167896285	39.475943647163845	39.50737343566013	39.50840660490385	39.529013506343745	39.55343822553826	39.56032591977598	39.53904084875013	39.534602870666	39.52720224061111	39.5119115814798	39.489399496142376	39.46208890093251	39.43150639620253	39.398108581912254	39.37264113494827	39.34183071076768	39.30784916788875	39.27665858679505	39.24593988434059	39.217909769036126	39.19483010415409	39.176791685568936	39.15544699419824	39.13124642940392	39.112363501350515	39.087616344619995	39.069649146789416	39.053468041171456	39.03305370047548	39.050105701525474	39.018904179297174	38.95290374929039
MHW227_trimmed_clipped_R1_paired	39.10168858601574	38.818780976301255	39.24011778361842	39.27228374327176	39.413960054088896	39.46858450212533	39.39837231894806	39.40700133337771	39.45681572273678	39.456099070445234	39.59453522595824	39.62119260987638	39.574794863096216	39.56376174617751	39.57527169836087	39.57121013328866	39.563305411699616	39.5523486897293	39.53299246967775	39.51883382128773	39.50567198522404	39.492077664773404	39.478112173695166	39.459428895037114	39.44443826831943	39.4225764277488	39.404355673637056	39.387355197277415	39.37144438197801	39.36307603299169	39.35388247538022	39.34330983511181	39.33004624620545	39.320997496191794	39.30490992234593	39.289586896404785	39.258464884643175	39.20499901191396
MHW227_trimmed_clipped_R2_paired	38.88486988971957	39.23026280409763	39.33750480278978	39.450961354493494	39.48444542809995	39.534170242997654	39.50677346213478	39.53617240520438	39.53713067449423	39.553904879490666	39.577522038520016	39.58399254754649	39.56336586828072	39.55915763153863	39.55293125753711	39.53728852470496	39.51542789354232	39.48916784524714	39.45964061061856	39.42781799123556	39.40398964806543	39.374226927915544	39.34201277473967	39.3124548954068	39.28318047763731	39.25641209878991	39.234108308853465	39.21721629590827	39.19498451408397	39.171314875888285	39.15135162349439	39.126706064645425	39.10849004797146	39.0930242579188	39.07119054788922	39.086618824743496	39.05631267964445	38.99341445056216
MHW228_trimmed_clipped_R1_paired	39.100698418970296	38.869153919000595	39.29551979615407	39.326753136598775	39.451896083773754	39.489955032139825	39.3887508493516	39.37300693897677	39.44569794820322	39.462759254406876	39.600343273251575	39.629922657424714	39.58502835654643	39.57181030564185	39.583292554709494	39.578565510710256	39.57128727525587	39.56055517776988	39.542330073954034	39.52837199966203	39.51577325214528	39.50238520675488	39.48922411132652	39.470328058522206	39.455545493911245	39.43415742599129	39.416172138568896	39.40010799929249	39.38343001411146	39.37570381415613	39.36655605940035	39.355853244734405	39.34271423607627	39.333373518825134	39.31805298402215	39.303317897098665	39.2714109225461	39.2186038971108
MHW228_trimmed_clipped_R2_paired	38.95776229651607	39.2718997295949	39.37183597605799	39.47697660441288	39.50753964981467	39.55498326564649	39.52750061625751	39.55611209988258	39.557168177107165	39.57063022158324	39.592542653472684	39.59789314444994	39.576430730622135	39.57152696881214	39.564722509517026	39.5500279575441	39.5285879394818	39.503736265685916	39.474212779741876	39.44305368130519	39.41959112867153	39.39046829035825	39.35862824407611	39.32929941770695	39.30022665331147	39.27361986603419	39.25152189616148	39.2338157132884	39.21289242651524	39.18888201854552	39.168563324977626	39.144025688284216	39.125058309934744	39.10867800796584	39.08712149812807	39.102061907229356	39.0709690557326	39.008748846667736
MHW229_trimmed_clipped_R1_paired	39.14899580350828	38.91306404132499	39.3086024938724	39.33802172216064	39.39074404733607	39.29398424587354	39.34248488503987	39.342113732145776	39.43998397223943	39.46489663915803	39.60257253684883	39.633140018166145	39.58925685317845	39.571994479392515	39.58700165691232	39.57912097723577	39.571681315894686	39.56125338635655	39.54476248068379	39.531763431270655	39.51889256078671	39.505885577378265	39.493767624056396	39.47582040470568	39.460647294018386	39.43916344267592	39.42183574804571	39.405702041376585	39.3894980905298	39.38132168807036	39.372502275843146	39.36226952584444	39.34804433879471	39.338636697264285	39.32387599933027	39.30959225451018	39.27786376533065	39.22427467712327
MHW229_trimmed_clipped_R2_paired	38.97069945378054	39.28499398305281	39.37990411995819	39.48269459332804	39.51212673637315	39.559763847239644	39.5325188745826	39.56128164904017	39.5633975016754	39.57529035932077	39.59710402627486	39.602034885383	39.580922213136276	39.57645520379301	39.56945449013021	39.555061544138646	39.53430276833635	39.509560933014804	39.48055401541935	39.45043265787355	39.42668372125867	39.397919776754584	39.36710842287194	39.337454400692295	39.308427976659104	39.28208388536589	39.260252068145206	39.243094516529766	39.221085514680524	39.19714071287554	39.178266610398744	39.153824798256814	39.13460616103629	39.11908741981402	39.09832717725014	39.11220445587823	39.081643957457594	39.0194325151325
MHW230_trimmed_clipped_R1_paired	39.17087364531751	38.910496339920705	39.20771852476548	39.311374460106116	39.38412980002272	39.46702695337628	39.32436562913659	39.38340416474439	39.43018775082687	39.42994987722304	39.58219968505888	39.611096419563516	39.56717204642801	39.5516412402079	39.563630113710516	39.556507030363406	39.54737091166079	39.535660564811636	39.51632608206974	39.502090578267186	39.48816220054224	39.47397314754014	39.45943292391088	39.440365048327266	39.42529799181979	39.402461595974025	39.383800667185014	39.367136286793354	39.35020027910726	39.34153801912693	39.3329947415367	39.32233544522377	39.30925304817382	39.30030801347975	39.28442278681039	39.26977879155443	39.23884996262992	39.184066332419754
MHW230_trimmed_clipped_R2_paired	38.842023658578235	39.21529158578043	39.324604027799026	39.443318827273664	39.47831283475501	39.52958973696619	39.50079146772252	39.531811715343046	39.531849332858535	39.55129121007854	39.57490152096075	39.58151473000995	39.560249947575905	39.554891398913995	39.54652040626792	39.53091640560322	39.50822282464922	39.48110395390451	39.44975460089087	39.4172044355696	39.39266186311632	39.362154183491256	39.329043232972246	39.298273349911575	39.2682711192097	39.24106686810864	39.217929547665314	39.20042566743516	39.17851615304761	39.1543863745549	39.13402667523895	39.11008024956099	39.091561603907245	39.07572680750964	39.05312015568178	39.07033558869765	39.03983855733627	38.97545763056268
MHW231_trimmed_clipped_R1_paired	39.15257056524788	38.926709619007546	39.25939137229857	39.372956066481606	39.45515850513625	39.394896625555305	39.39509578912751	39.45128529894636	39.47020203003984	39.46769887487502	39.602213773982314	39.62790157878652	39.58220920328156	39.57079594864801	39.58277397823073	39.57944058710301	39.57310281545744	39.56186170659475	39.543213372661135	39.52966513866839	39.51711323064454	39.504207270086695	39.49101225957865	39.47348889889711	39.4589798638819	39.43737493454467	39.42019024009916	39.40447526224976	39.38853858023628	39.380732728442325	39.37142753122167	39.36163373070739	39.34829638661711	39.33869692444531	39.32289577779736	39.30727406558605	39.27686577011842	39.223224274680945
MHW231_trimmed_clipped_R2_paired	39.007929935937874	39.29929343777905	39.394097643796826	39.49510327416607	39.52325340565664	39.56789786430747	39.54103983921242	39.569593842283545	39.56975113900236	39.58205045089291	39.60415070330863	39.609446942279384	39.58807752996787	39.58266980502047	39.5759952130191	39.560908331716455	39.53949587530815	39.51408822558627	39.484908215804026	39.454303562969855	39.431593840324034	39.40284437458904	39.37211046063051	39.342811977403045	39.31424234786671	39.28934426649367	39.26711686523074	39.25082162981873	39.229868827708216	39.20580927818476	39.186262506660015	39.162783993426345	39.144295043266894	39.127613205345114	39.10561972251382	39.12005604304822	39.08888785320549	39.028051585999194
MHW232_trimmed_clipped_R1_paired	39.09264557423062	38.82002827653988	39.2472540415143	39.34597068597318	39.35090493089165	39.47812995997142	39.42668281160958	39.375754392603916	39.446121232564735	39.46281967591561	39.601958615132446	39.628406268157676	39.58145013055828	39.56976410681261	39.58112460377487	39.57862401209776	39.57160142827259	39.56052677886625	39.54170336938621	39.52827936298074	39.51500506300236	39.501636529458835	39.48859226337569	39.47050615346463	39.455546495278455	39.43416338620624	39.41615118892806	39.39982228141744	39.3836271740726	39.37544823824318	39.366565951458384	39.355710731324685	39.34264490584213	39.33319276956276	39.317031045232206	39.30214003175621	39.270659761703094	39.216725118029764
MHW232_trimmed_clipped_R2_paired	38.99114532375264	39.29225289957129	39.38876244125441	39.488822749959546	39.51824778736187	39.563797604608126	39.53767991311282	39.56477293786268	39.564963179640884	39.578103246229105	39.599339284561566	39.604457832562204	39.583489078082536	39.578676228036564	39.57189329030946	39.55749685255689	39.53599643699015	39.51078469059025	39.48195914353838	39.45108748880621	39.428031879037114	39.399025313964415	39.367471526388485	39.338516831792376	39.30965945245798	39.283052981018145	39.261423590552454	39.24442091839272	39.22233245540652	39.197845329935305	39.178324005746845	39.153658925501404	39.13530467696741	39.11841909227878	39.09710834130243	39.11153123103397	39.08054128299912	39.01732813233971
MHW233_trimmed_clipped_R1_paired	39.07699609654905	38.60256816562746	39.20961008683355	39.26962477333779	39.18187906226734	39.29471203127656	39.383117186266844	39.376049518670506	39.38394546553541	39.38956742017979	39.551565204859905	39.58418561018011	39.53396409751282	39.52054491908084	39.536099023014145	39.53432184334612	39.52621493872023	39.51418350935405	39.49254753018337	39.47782763116803	39.463110774425374	39.44796100646435	39.43273324108846	39.412031991275796	39.39713036097131	39.37238479317581	39.352855823225184	39.33477825945006	39.31742965770865	39.30914018461332	39.29892490165655	39.288261512874	39.27451997693859	39.2659428895776	39.249214522547646	39.23413944892851	39.20180518930963	39.14571451019111
MHW233_trimmed_clipped_R2_paired	38.87364419211131	39.20446662373403	39.31174997692154	39.433117458106835	39.46739979398388	39.51861935709438	39.49095587154017	39.520096871701696	39.51851903731221	39.53668459801177	39.56113407149463	39.56681507076	39.545526806962435	39.54087649089346	39.534008581818	39.51955448479875	39.49667331610326	39.46971470877135	39.43713112424096	39.40368861898082	39.3779605567101	39.34746505365465	39.313282224274744	39.2810293006534	39.25130967374222	39.22277784671557	39.199513670524546	39.181688402918596	39.16062594807546	39.13548966377986	39.11532431882497	39.090745271821405	39.07200538316475	39.05628716318231	39.035146188442326	39.05301579771854	39.02319304443576	38.96098264944226
MHW234_trimmed_clipped_R1_paired	39.06342356888656	38.74653841788986	39.215625984326735	39.27613205749541	39.38246123219505	39.420282619229155	39.32008358472518	39.31390821050333	39.37598062689727	39.37279620828922	39.54097769724974	39.57518202725345	39.5273491962715	39.51005583458114	39.52574931341224	39.52139131011313	39.512771325137976	39.501146424197444	39.48016119932786	39.465771834583414	39.451094502096794	39.43639110876967	39.42140879472588	39.40191397755693	39.385649618309806	39.361941402776424	39.34264067694649	39.324684331910206	39.30815831805877	39.299516476788526	39.29122172213425	39.2811498216695	39.26822412882666	39.25925345561525	39.24249990076963	39.228230604116064	39.195908246177474	39.14249417605706
MHW234_trimmed_clipped_R2_paired	38.80664624593526	39.19156343357838	39.30121800129033	39.422576508464445	39.46060305517918	39.51201767608905	39.48524220879336	39.51393445517483	39.51409252165558	39.53065473801661	39.55513907847496	39.55952531639516	39.537075539763144	39.53169244698021	39.5244586405271	39.50907739169165	39.484916314816374	39.457701537673536	39.42523653323187	39.39180024761254	39.36609623303589	39.33479045564842	39.30042978123295	39.26872598726657	39.23854726469233	39.21008706190382	39.18685905024552	39.169934386389116	39.148084680967045	39.12344638665711	39.1038578593943	39.078045592997746	39.06053331333128	39.04335401226004	39.02292225477637	39.04136192548971	39.011756774041004	38.94927731371164
MHW235_trimmed_clipped_R1_paired	38.985392105307334	38.68152845051128	39.135056033266366	39.15823318633105	39.3083349058583	39.37563919719368	39.29712235506333	39.30892865917258	39.36384435204298	39.365924706513205	39.53337705169845	39.56795652954479	39.518229378890396	39.50232473332278	39.51849384928507	39.5132644556787	39.50435517245732	39.492345651192615	39.470750441003304	39.4557824159917	39.44078067856906	39.425908257406476	39.41094778732176	39.39005473991209	39.37378788777367	39.34891987533262	39.32953810007268	39.311244865024214	39.2935581601238	39.28488219438604	39.27585782095813	39.26519254047439	39.252144838136516	39.24363250003959	39.22728230185929	39.21233028712601	39.17943053352617	39.124413216905154
MHW235_trimmed_clipped_R2_paired	38.712007291683186	39.116590989318524	39.24257883269167	39.38170996020709	39.422653609146785	39.480407904784315	39.45359286145716	39.48437269925688	39.48458238838226	39.50509904625195	39.531629713385406	39.53711078559263	39.51566843042266	39.51121725995666	39.50460953712843	39.48882182422827	39.464990604867	39.43782104645965	39.40446001467551	39.37075333499259	39.34424916250109	39.313227587187825	39.27877578130203	39.246310970081694	39.21618955030228	39.18727042585232	39.164658067116704	39.14704509208191	39.12528270387409	39.10095051973648	39.081438227147295	39.05751565063491	39.03967477667545	39.02471309513392	39.00401944637687	39.024487879301226	38.9949453117128	38.930472875119484
MHW236_trimmed_clipped_R1_paired	39.03700349493817	38.76933053691449	39.20933187168567	39.262457900844616	39.384621535957905	39.42713361040274	39.31407497574581	39.295310110053805	39.37353377583894	39.39499209651784	39.55706681837729	39.59339524499382	39.54708235084833	39.53008812205805	39.545753533950325	39.54096044633682	39.533429369917044	39.52185631629154	39.501692718930364	39.486827941818454	39.47333018149536	39.45767658723979	39.44393290785355	39.42392817797334	39.40823794502079	39.384450285416	39.36561281247573	39.348029623819976	39.33065820113279	39.32139306633333	39.311673458601135	39.30195801185665	39.2882052006816	39.27908501520355	39.261885351166704	39.2472560532173	39.214515190804256	39.15947309952048
MHW236_trimmed_clipped_R2_paired	38.91573700308111	39.22766390819836	39.33864918599608	39.45189872147432	39.483728744893725	39.53389558283903	39.50987314673155	39.537964825191	39.536316004845396	39.55147089566843	39.57458629576181	39.579245483397216	39.5579789154378	39.55327174236042	39.54708180105516	39.5318763742524	39.51003630206346	39.48345231085517	39.452257326471056	39.42020996429875	39.3957199709719	39.36496188420166	39.332305371210644	39.30010798069828	39.27051562525635	39.243425746209134	39.21972141588094	39.203869368678966	39.18228479806667	39.15758343149491	39.137339833228054	39.11243891970223	39.09447619466792	39.0778975619953	39.05685404174239	39.07469788878437	39.04419665671909	38.98146209123771
MHW237_trimmed_clipped_R1_paired	39.09168821986786	38.73678401687936	39.18300504546969	39.25147505040314	39.300138106982594	39.18632218946594	39.23584844345416	39.23271737581475	39.346487220118796	39.37853989740035	39.54606119125866	39.58492878780501	39.53855585599603	39.51657022372955	39.53595809023486	39.52662128931955	39.51769535411286	39.50606850992996	39.48673028936753	39.47215953175682	39.45866102026948	39.44294012620581	39.42802626904498	39.40799629027678	39.39193268594631	39.36722014237338	39.3477450621338	39.32993426892919	39.31159339632866	39.30301102022289	39.29312721906483	39.28302618578711	39.268639458508396	39.25975468735671	39.24228615671527	39.22716019333262	39.19389804625655	39.13707010244544
MHW237_trimmed_clipped_R2_paired	38.83508440494616	39.18140677147595	39.29404369509312	39.42371621711593	39.457565861833345	39.51297199058457	39.485401090992035	39.51626806314162	39.5159912988533	39.53279987898279	39.556833259777854	39.562120295061035	39.54042204838156	39.535319017935706	39.528697936999066	39.51355186683584	39.491231361700365	39.46495420725214	39.432844391784144	39.40064252264013	39.37518905258817	39.34440052187707	39.31065373899168	39.27814053628786	39.24803092914766	39.21961768252527	39.19664779133014	39.178218188981845	39.15718341749495	39.13179770206619	39.11207937418361	39.086535943513226	39.06831611398407	39.052719829209366	39.03117815866009	39.04953740555122	39.020100042687254	38.957200903268486
MHW238_trimmed_clipped_R1_paired	39.03291457499954	38.77002288171235	39.11539225957333	39.234373756784976	39.303355567078455	39.39369283587048	39.236586303167755	39.30037137858319	39.3479779424272	39.34881506899279	39.52829917121174	39.565644184186866	39.52008595942321	39.5006794217559	39.51681198628327	39.51022455476176	39.50104438432997	39.48867733932449	39.46777945668346	39.45182897821898	39.4372860267551	39.421638689589315	39.40630396556016	39.38487976122924	39.36788097078885	39.342556275448786	39.32310942542994	39.304020045026746	39.285805766493866	39.27638908721133	39.26720693059569	39.2563728966839	39.24232328194922	39.233863034667856	39.21699416172188	39.20238374982301	39.16906078557514	39.11159842465404
MHW238_trimmed_clipped_R2_paired	38.75234007765705	39.13809228606601	39.259555344672556	39.39615849396881	39.434660695502394	39.49325004951266	39.46507529247991	39.496695753647565	39.49616750800198	39.51593276582217	39.54240618455327	39.54780200740761	39.526438043876944	39.52152434227351	39.514152655747175	39.499150859874675	39.475457064478036	39.44769281374465	39.41416745263849	39.38000983991668	39.353699815505706	39.32178909723152	39.28649112327169	39.25320673745872	39.22248481480242	39.192317155295534	39.16822094662784	39.150086495094016	39.12802710711507	39.10253550522562	39.08339758516846	39.05732882887795	39.03973218565309	39.023813740817324	39.00235694789492	39.022220089893615	38.99196146730747	38.926912948630715
MHW239_trimmed_clipped_R1_paired	39.033575999320796	38.75110607502044	39.135109077166625	39.260021351814466	39.34890389941729	39.293475032636984	39.2852967345695	39.35610302569095	39.373867543332786	39.37080968492624	39.53767458135057	39.572503587915094	39.52342319219669	39.50821304603702	39.52441888921483	39.521132477540256	39.513470012802536	39.50097024595782	39.47980982254031	39.46498164850276	39.45073425702372	39.43573672991656	39.42058455024283	39.400919495699604	39.3848993593472	39.360345001388964	39.34030517617947	39.32215930504767	39.30483979960494	39.2961381209724	39.28654123482521	39.27584710945083	39.26276888001497	39.25339730284709	39.23708399644671	39.222035168884965	39.18958276556685	39.13365470836316
MHW239_trimmed_clipped_R2_paired	38.83203959133159	39.18045164548239	39.28708849444881	39.41568385690762	39.45004235996307	39.50469457821573	39.47721601043833	39.508418881798036	39.50768640988889	39.52536953847329	39.550370230869255	39.5550993998458	39.53307213990016	39.52768174174061	39.52216106639768	39.50721749205582	39.4842956023068	39.45748499970862	39.425143088648234	39.39213134863651	39.366793889667825	39.33595852206567	39.30230281557105	39.270289150237545	39.24012865433896	39.21161732668209	39.18876813888941	39.17117021959665	39.14983966010253	39.12534162767292	39.10632501321475	39.08165223494982	39.06459399594775	39.04818690431286	39.02731344917344	39.045845743934294	39.01689688816294	38.95283181251894
MHW240_trimmed_clipped_R1_paired	38.92124202568748	38.62879517052246	39.08700250756249	39.215364892064535	39.21849009127643	39.353984303380024	39.28245428681686	39.22737690989972	39.31896749595631	39.3432205974032	39.52207695940344	39.55967887877868	39.50945806457758	39.49300330146142	39.50832708387644	39.50509255388096	39.49710429782574	39.484620472823835	39.463123062734425	39.447597045584814	39.432476924081115	39.41719678041862	39.402302348410636	39.38096975136763	39.3641800557826	39.33859195814857	39.31848153875762	39.299953063979274	39.28199261288701	39.27283259979761	39.264421748150866	39.253063191420736	39.239419825710414	39.23115730282828	39.21442992937404	39.19965325185682	39.16691094753429	39.109185843931
MHW240_trimmed_clipped_R2_paired	38.61337810574148	39.06301536589203	39.198802849621565	39.35050551796992	39.39384727617847	39.45843670784385	39.431041283370284	39.46601992398409	39.46628263204576	39.488845399047555	39.51584012206325	39.521612368597474	39.50053592335455	39.49605998149216	39.490137797755054	39.47541895917624	39.452080814192534	39.424795667582075	39.391860737085075	39.35883985906018	39.332207585196876	39.30009398941017	39.26532967971275	39.233042782155756	39.20173013208466	39.17164199967263	39.148902363078534	39.131071703417724	39.10881358626143	39.08395226864672	39.065334912987986	39.040027452188426	39.02286168828041	39.007576631583035	38.9877814420545	39.007972331863016	38.977911196992615	38.91185019512143
MHW241_trimmed_clipped_R1_paired	39.09621798511057	38.61868217299933	39.219908177001095	39.28231252090773	39.193254880661954	39.3087085030949	39.39532526827263	39.38978549451474	39.398004719578076	39.40426579029595	39.55945912433819	39.59149365200902	39.54140003275943	39.52738417266985	39.542159752891806	39.53994388512501	39.532637151203254	39.52088019253298	39.49957741665149	39.48401743763668	39.470269248336194	39.455170233014414	39.44036190384522	39.419174845788014	39.40350535611462	39.37790400672985	39.35971692753147	39.340847702714925	39.32330207015396	39.312618089702354	39.30375739775167	39.29241735489074	39.27826856850185	39.26892127216641	39.25193554579939	39.236267683207494	39.2030956191271	39.1463103951487
MHW241_trimmed_clipped_R2_paired	38.831711238009035	39.18737480479181	39.29110534231765	39.424639543688535	39.45868780709913	39.512195979934106	39.48030441294951	39.51585809246675	39.512662139652655	39.531447258114824	39.556447308539326	39.5630350349803	39.541077604348494	39.53724907944668	39.530516427276176	39.514712532616215	39.49245694680449	39.46527646154131	39.433968616010894	39.400567548342195	39.37637725556663	39.34531123016684	39.31182808935141	39.27958700922942	39.24962315857025	39.22079749382995	39.197179167337836	39.1795465872884	39.156433994311755	39.1313168216276	39.11046390521986	39.08620883973552	39.06669370178091	39.050690968398705	39.02804702320405	39.0458344457969	39.01528693155607	38.95023680511534
MHW258_trimmed_clipped_R1_paired	39.1397794822372	38.8579297387815	39.28026313785078	39.31876746201038	39.369333161788134	39.25832275111556	39.31959632331473	39.32058993576457	39.42016096077163	39.439614692836486	39.58411370675309	39.61739716142696	39.570841885351825	39.55180690433415	39.56757051913271	39.56080509916753	39.552505083788596	39.54104396666297	39.52404826182161	39.51148768918212	39.499442133744765	39.486213135227246	39.474448581202594	39.455776135702266	39.440998627295	39.41815230465671	39.402135531093855	39.38447567659425	39.36731917484428	39.35930802462394	39.350872635378536	39.34040033937117	39.32588215516927	39.3166952019156	39.29918418518976	39.28140524070183	39.24651964611287	39.1870308915554
MHW258_trimmed_clipped_R2_paired	39.05400646160137	39.29736357150291	39.39212575606174	39.49217661753287	39.513419728767296	39.55947546680101	39.53394346570272	39.5619809077342	39.56548415626738	39.575552218806806	39.59308958120612	39.59844930124183	39.57680858034094	39.571016730785445	39.56394693889855	39.55030436168619	39.52904995528114	39.50507631667349	39.47424211637231	39.446441006281894	39.42143649905067	39.39500722773263	39.36322742028648	39.3346424144662	39.30502733202893	39.27870945022586	39.25964336945252	39.24133117502029	39.219514647293764	39.19878883378526	39.18229999793274	39.15820915074558	39.141264162858555	39.12793369455869	39.10728869889127	39.12238836859335	39.091303841406315	39.027951809352
MHW260_trimmed_clipped_R1_paired	39.19678162809946	38.872080800300566	39.18439122857697	39.29636760523082	39.366895764262175	39.456229858003134	39.298961775914535	39.36542732421279	39.415020684693665	39.41017576287925	39.56713390403559	39.59841347186945	39.55171598625911	39.53486313420255	39.546964799078715	39.542156142662684	39.532136413144535	39.519614707697336	39.50020358654306	39.484917714985684	39.47038329237408	39.4556777543426	39.44143331812704	39.42145886225284	39.40462284082594	39.38046087366169	39.36173694613323	39.341975528070066	39.32355621215159	39.313366687958116	39.303153855405	39.29065272269331	39.275540596235636	39.26540192609302	39.24770813118348	39.232031719138725	39.19613102492464	39.133355696109106
MHW260_trimmed_clipped_R2_paired	38.97536835460135	39.259911696731876	39.359404367852484	39.47145719222029	39.49603430000713	39.544985478957386	39.515740022616484	39.545902045160695	39.54953732371289	39.565103744130035	39.58403716292451	39.58916079371411	39.56718644252059	39.5599479918704	39.55172838810936	39.535469393300204	39.51317596355359	39.48701201172905	39.455067343698	39.423387581830596	39.39663400920555	39.3674169981342	39.333245773702686	39.302502590553324	39.27126488036441	39.242045066973134	39.21927224248826	39.19961002012674	39.175867618370454	39.14994417935652	39.13036755971733	39.104789551652274	39.08486220654009	39.06885685212965	39.048422788929905	39.062893894960595	39.03026645624654	38.95792416366759
MHW263_trimmed_clipped_R1_paired	39.12424894394123	38.63074485929854	39.273762138973396	39.31190877479045	39.2156014299815	39.3329711708734	39.43812750680508	39.42531160421887	39.43884618465747	39.440650693561345	39.582222558212536	39.60938939853689	39.5575506373691	39.545740028915695	39.55568805038716	39.55512520110545	39.547266919794836	39.53585738168494	39.516883705148665	39.50408913816733	39.49067610011332	39.4779325711538	39.46471241763247	39.44561600615977	39.43051662369953	39.40705174083355	39.39141768424812	39.372264071745136	39.355853486266696	39.347584768995745	39.340136033640725	39.32904454038968	39.31517025817247	39.30660966300928	39.28941792432291	39.272577873473914	39.23673591131768	39.17608934671742
MHW263_trimmed_clipped_R2_paired	38.97455077532321	39.26311950523374	39.366447768648555	39.48243758716294	39.510146183834316	39.55858756399859	39.52979444478906	39.55747413439959	39.56333879885684	39.57371157800411	39.593106457784515	39.5982093084342	39.57763488636022	39.57067959158961	39.56409356220031	39.548868228746905	39.52704976649187	39.50219674026316	39.470495458332024	39.44136647394814	39.41627258402842	39.38867854138381	39.35642065784993	39.32706890066347	39.29685598498155	39.269276316555825	39.24990166499867	39.23181192150086	39.20962284038647	39.18762516075395	39.170957370464485	39.145772063116134	39.128542378247836	39.11351519247417	39.09316841039971	39.10537792141636	39.071820616412765	39.00549597911159
MHW265_trimmed_clipped_R1_paired	39.25279029371641	38.82797679526055	39.29125240405348	39.33699386175709	39.43284634465358	39.47845277588306	39.37122716828922	39.37323734021565	39.43568034305672	39.43003276510696	39.578904098047104	39.60837796376233	39.559735955786394	39.544135658060604	39.553083473644975	39.54902755778219	39.54155995156151	39.5298864975508	39.510278359224515	39.49549064385401	39.48137565104467	39.46726153141751	39.45330219091692	39.43210875715668	39.41529821140105	39.39034985016395	39.372226675742525	39.35039313849772	39.32973888942725	39.32047743555139	39.31144899608323	39.29828684338815	39.281682953676984	39.27221206674729	39.25315874344825	39.23576207008103	39.19672547693822	39.13122105419694
MHW265_trimmed_clipped_R2_paired	39.05567722165806	39.312235117287884	39.41271605547814	39.514257280404536	39.540585267114125	39.583965901671654	39.55738642566197	39.58241600172705	39.58567252621844	39.594977000501174	39.61227494354838	39.61560708701844	39.59334582904613	39.58418908562139	39.5745090688004	39.55717413108651	39.53464484403448	39.50848048003472	39.474165323349595	39.44261690337392	39.41504174609865	39.38529472020464	39.35070867621599	39.318111804542134	39.285867578753404	39.25428325696595	39.23198552596133	39.20874730408385	39.182075871851474	39.156751426142144	39.13569347359373	39.107454222269475	39.08498380091066	39.069725790304304	39.04408160001258	39.05763947856447	39.01872503032837	38.94208562620276
MHW267_trimmed_clipped_R1_paired	39.09650294769833	38.74969963778158	39.19731544891591	39.22659312479766	39.3707402537939	39.43701219914663	39.350615672287475	39.36696712232364	39.42294802476549	39.420811204475925	39.56907324553164	39.5987042379499	39.54920890300682	39.5357189520799	39.54617923178567	39.54237960087424	39.534608956072475	39.52447988037382	39.50533119868737	39.4920401060166	39.47866731788446	39.46533815215567	39.45172636669532	39.43302549385939	39.416953091669825	39.392692190161966	39.37438876115336	39.3554871973656	39.33757155396499	39.32809798639157	39.31852842139404	39.306884321313085	39.292127107832776	39.28227750525199	39.266008154420774	39.25019524687772	39.21590092430422	39.15666281027887
MHW267_trimmed_clipped_R2_paired	38.87789904309564	39.2231276675175	39.32848875420616	39.45254424032666	39.486938308225945	39.53345839822291	39.502809506977194	39.53120963319925	39.53683517029922	39.55259684757475	39.57357719378925	39.57963581035584	39.559064027830345	39.55272124611264	39.5458877685863	39.53086293562849	39.508653726095815	39.48347778835439	39.45116120073018	39.42173082034386	39.395243400640254	39.36719089428467	39.33336680462388	39.30375963921098	39.272687373913875	39.244689463510625	39.2211240927326	39.20300862063128	39.17998073824083	39.154656878395954	39.135761229522736	39.10914403467836	39.091997163466694	39.07462526541034	39.05471900302979	39.06991562864705	39.039353749095326	38.971952534838294
MHW268_trimmed_clipped_R1_paired	39.0849830818257	38.80791964040049	39.243616978972135	39.27808736617336	39.39829713589163	39.452082168548074	39.34733114187814	39.33658738876277	39.40875063633025	39.42064141158399	39.56973368286301	39.60413355471405	39.55484276919135	39.54045157605539	39.55038031459787	39.546718204368254	39.53857592783178	39.5282403279637	39.50998748478897	39.49781214051078	39.485259228260446	39.47269077320928	39.46066105605177	39.441985720264114	39.427096448532694	39.40435374901641	39.388197203895	39.37119756852109	39.354504320811955	39.347558879139385	39.33960429829365	39.329446646575924	39.31518715966417	39.307408085402784	39.292209429242575	39.27672069043116	39.243969679857756	39.188276575234084
MHW268_trimmed_clipped_R2_paired	38.871551965630196	39.21218397875529	39.32185240282114	39.449820185758945	39.48063527513693	39.53236606604871	39.50247776020032	39.533205276224685	39.53933590194295	39.55299730255733	39.57269359257779	39.57841239558822	39.558066619848	39.550640673823594	39.54428830746274	39.52923361900925	39.50781247924486	39.483600696118614	39.45224435173231	39.423571019703914	39.39854548970558	39.37185053744651	39.33861434865128	39.31019789302687	39.28050577457706	39.25388951135484	39.233637295324215	39.21539910725235	39.195168846010766	39.17283668705853	39.15639128084185	39.13225174089452	39.11530326135826	39.10073168803574	39.08199038240373	39.09765592123337	39.06795216949719	39.004640383821176
MHW269_trimmed_clipped_R1_paired	39.12268159636432	38.86768585102127	39.27884473939147	39.313943488029665	39.359013742067795	39.241823218968555	39.31561996657179	39.320413484712184	39.41704929598727	39.437981320780146	39.582398666347146	39.61715108901784	39.57059926239667	39.55004006843475	39.56527140046738	39.55659415740357	39.5495363541576	39.53891810339178	39.52204331335837	39.50896390513949	39.49730424983088	39.483101444501955	39.47090737978933	39.45201742248065	39.43634451555299	39.41248981039623	39.394795378383925	39.3765213873231	39.357548145175166	39.34869998337799	39.338124409712705	39.32648403188805	39.31172849122978	39.30159358851223	39.284376322265004	39.267812764123626	39.23343409405628	39.17372082187808
MHW269_trimmed_clipped_R2_paired	39.00236648899008	39.29527455061651	39.38979474787605	39.497525379250014	39.525804550133024	39.56954323182725	39.540372093617215	39.56642286058778	39.57229842487353	39.582846183512174	39.600307678512834	39.605334033990644	39.584029750832016	39.576333271276766	39.5698146678093	39.55489306878293	39.534091979633196	39.50956685424116	39.47910111391656	39.45025826480823	39.42526509416288	39.39829946146655	39.36552774090548	39.3366267875365	39.305427340701485	39.27830635847398	39.255487185363755	39.23593428591233	39.2131074876007	39.18834708504413	39.167394643407874	39.14225250726086	39.12300988088547	39.10588504676381	39.08499868297368	39.09988870632601	39.06767368491491	39.00005121868801
MHW270_trimmed_clipped_R1_paired	39.24427455829603	38.87730808106235	39.18028182889698	39.304964578080195	39.373496463368205	39.46270885750864	39.30605232255319	39.36952294023684	39.42451528240283	39.419047209129914	39.57173691929018	39.60160108100017	39.55380337699314	39.53474721572077	39.5459039870247	39.54000718573634	39.53058667902489	39.518918278968385	39.499866340599475	39.486890279592856	39.472872532631676	39.45917015846298	39.44626101292562	39.42542816876501	39.41020278304453	39.38558977453998	39.36948202267008	39.349915102474846	39.332251003632926	39.3242667608483	39.31675478835314	39.30383395139339	39.2901299193405	39.2810459856453	39.26362091651909	39.24671676493908	39.20865880601956	39.143067080831955
MHW270_trimmed_clipped_R2_paired	39.03029474898115	39.28975707417238	39.39424734706123	39.50110293773679	39.52893011177867	39.57300698110665	39.54468022123824	39.57046622280725	39.574705290829776	39.58414467523355	39.60187346367709	39.605690772822626	39.58347717129667	39.57475182428903	39.5665839291806	39.54914425103736	39.526501015521575	39.50085773339326	39.46770988603231	39.43677982635853	39.41109619544958	39.3819566349751	39.34817235119668	39.31798958782924	39.287443505422324	39.25854485550415	39.23879066765632	39.21807386633791	39.195886490445226	39.17201281806381	39.154660922744746	39.12943133168544	39.11085628420223	39.095210298610574	39.07296874820114	39.085105180203065	39.048421486117796	38.974334655599684
MHW271_trimmed_clipped_R1_paired	39.12779605287971	38.871934036253144	39.2161108475558	39.3540497740586	39.42038150795665	39.35635668320391	39.377493481555966	39.43234040858365	39.45394347270883	39.44699897020727	39.58568965344176	39.61235987640452	39.56280431789744	39.55046280592251	39.560422160501545	39.55827061052126	39.551517821260006	39.54093709729626	39.52305344931678	39.510814689235985	39.49888643511083	39.48649167336314	39.47433041153248	39.45567272521829	39.44150352073193	39.41935643883105	39.404898140924146	39.388033268689696	39.37123649432307	39.36462663949275	39.357590767115404	39.34730571500632	39.33453764221801	39.32545408727192	39.30912925035035	39.292669870791904	39.256564834332266	39.19819547044923
MHW271_trimmed_clipped_R2_paired	39.070168550309326	39.311107964440964	39.4097864245326	39.51191990704042	39.53760682174857	39.58162508233706	39.55518279217481	39.580143983851954	39.58639398842418	39.592350131359986	39.6093408803413	39.613497197829986	39.591968327798924	39.58496876201092	39.57824468706053	39.56405075688837	39.54214974209235	39.51809117512783	39.48737262905507	39.45939926282075	39.435081165617085	39.40895890252366	39.377857548543055	39.34940260931416	39.32118089983862	39.29540463276751	39.27789051577913	39.260646602537676	39.240965132002756	39.220282738846784	39.20452445021373	39.18212845946772	39.16599983129067	39.15173782097805	39.13183901466877	39.145310657115445	39.113588439984895	39.04900734559459
MHW272_trimmed_clipped_R1_paired	39.10224071575745	38.748116695824116	39.21288554171589	39.32754135812483	39.31454658734593	39.464691325789815	39.417963643553534	39.37161425915416	39.43635091011973	39.44677118936864	39.58784833332722	39.61578386837038	39.5642836592872	39.55089676008569	39.56005936303461	39.557840879253305	39.55041127545818	39.53862920510679	39.51980523326979	39.50661347837817	39.49385447263721	39.48064444431367	39.468343867694784	39.44897504514014	39.43463829150294	39.41168989724076	39.395604481806934	39.37742473428627	39.3602127386833	39.35229261460978	39.345189802541384	39.33427300090498	39.320096157381236	39.31104959458995	39.293756407082405	39.276328401596416	39.24002092008889	39.177839951212285
MHW272_trimmed_clipped_R2_paired	39.07444562672448	39.32090471593571	39.41697291369711	39.51578808536067	39.540795728666446	39.586744405754025	39.558426755279996	39.583949998365654	39.588592395296025	39.596019200340805	39.61189561243543	39.61605258215532	39.593892432897746	39.586301829245734	39.579065684606974	39.56319675480396	39.54117008578087	39.51672366014733	39.485087281717384	39.45662771825355	39.43176719670885	39.405378187255124	39.373626139558205	39.344708001429964	39.31498083863691	39.28891115907621	39.26886731093121	39.25018553171357	39.22947227217416	39.20712257733871	39.190637972953496	39.16557389713899	39.1472304002389	39.13224255275731	39.11149608876828	39.12360079897712	39.08916280462684	39.02092762627946
MHW273_trimmed_clipped_R1_paired	39.10683316768953	38.61256084173635	39.228780709664264	39.296295038868294	39.196546997065376	39.32150190520985	39.41189593041047	39.40921197924762	39.42011615758979	39.4229320110838	39.57141666482104	39.60141949556046	39.552606024629945	39.53985367876938	39.55346216929304	39.55180088882	39.544984037198276	39.533484554589585	39.51405029670333	39.50064418610695	39.48763606640678	39.47443712971388	39.4606214858632	39.44081780694167	39.42580401776647	39.4018315630673	39.38544073161327	39.36773775391911	39.351253414624445	39.342435012702026	39.3348888703251	39.324123316852024	39.31042591582345	39.30100128980476	39.284853921415234	39.26854356303037	39.23459823758357	39.17918859929312
MHW273_trimmed_clipped_R2_paired	38.80472241860891	39.14931936033335	39.2593195999649	39.40329603531177	39.42957278329014	39.495812746184185	39.468105682159404	39.504030634513136	39.50754982717613	39.52125789276809	39.543916296392354	39.55100610537083	39.53025389127325	39.52623721697794	39.52028407073865	39.506080150605314	39.484868987736334	39.45950639303169	39.4281137494056	39.39700135835308	39.37308597152499	39.3434432437341	39.31059006203615	39.28035573718055	39.25163423630139	39.22386433789006	39.20414785666389	39.18609940990361	39.16474862622512	39.14290839211334	39.12588637817963	39.10262736326055	39.085464795623004	39.07265107256037	39.05302663746457	39.069882129329265	39.03873113851283	38.97638895363856
MHW274_trimmed_clipped_R1_paired	39.17643548787012	38.8049561294562	39.2661041842531	39.32105724166162	39.417904742866156	39.46220919922686	39.359511238577326	39.36125578119432	39.423293121036615	39.41866991468784	39.571686941162895	39.603417268923856	39.55719686528575	39.54225703449633	39.55711329067748	39.553796986084784	39.54682136284397	39.53583884219391	39.516756113790436	39.50480062496656	39.492057996322245	39.47975709601165	39.466132758139494	39.44793623678252	39.4335204480609	39.4113702984702	39.39458392964934	39.377708628211096	39.36188314344015	39.35424442320096	39.34657812762278	39.33676486946367	39.3235296055689	39.31498948476393	39.299721977910416	39.28457733567951	39.25154931351518	39.198615513264436
MHW274_trimmed_clipped_R2_paired	38.91997305413296	39.22465611690464	39.32511556893388	39.44391035832618	39.46947993493733	39.52626476303929	39.49948283742874	39.530901930674695	39.533924123522446	39.54450024690023	39.56538628222731	39.57152310751304	39.549913321299144	39.54539108425972	39.538864817033236	39.5240365413916	39.5030470116184	39.477348196164364	39.44744714658801	39.41667396030924	39.39305285949349	39.365489476783424	39.33338543285247	39.30407081463934	39.27601200808117	39.24912783548234	39.229472235311036	39.21291086776212	39.19268065658863	39.17055629632504	39.15291925430737	39.13047114298652	39.113154092834435	39.09910343081252	39.079492581195595	39.09646328549746	39.06561103397213	39.0059283585857
MHW275_trimmed_clipped_R1_paired	39.085946480088694	38.7553130176547	39.20886160378764	39.23505445567232	39.36755054684229	39.44064568548616	39.36219434686697	39.37884495182765	39.433335810537294	39.42896712027809	39.57478125806078	39.60499074152473	39.55638784062469	39.54278063338519	39.556716277144105	39.55305402443708	39.54590486199643	39.53461512230486	39.51507512808771	39.50240203263774	39.489625795311184	39.477194080933	39.4640189083356	39.44441862943709	39.42985915718738	39.40638449100194	39.39069213759324	39.37228359579262	39.35560521921773	39.34739634395753	39.33955650894347	39.328713297615266	39.314458051239725	39.30631161973194	39.28990456803108	39.27524039547401	39.24037692613946	39.18373918588049
MHW275_trimmed_clipped_R2_paired	38.906965914936485	39.201588229949	39.30790478073485	39.43088509877714	39.45559985018685	39.5151476213424	39.48837655130754	39.52083225320357	39.5242545744878	39.53461157579197	39.55554528267273	39.56142701569094	39.53915024347232	39.53466476129609	39.528220206559546	39.51252224437306	39.491337519902025	39.46631624865531	39.43535754276685	39.40527761168085	39.38034749086123	39.35175295459546	39.320372155232846	39.29072865519858	39.26188088781457	39.23406782236501	39.215287685999854	39.19684143458032	39.174735895115035	39.15410978560379	39.137447713731504	39.11360118702184	39.09471336024078	39.082578140868144	39.06277214404955	39.079417523979835	39.04799018020093	38.98497961889764
MHW276_trimmed_clipped_R1_paired	39.10427529817271	38.84907649935952	39.281246849445075	39.318110098894394	39.43823098092895	39.483777626844265	39.3836925201949	39.36963028079329	39.439833629785426	39.45212641890371	39.59290848732967	39.62386650986765	39.57701766520536	39.56148085039536	39.574155685732194	39.56927932174278	39.56144004404958	39.54936030824889	39.53085155192967	39.516186151396454	39.50306535747283	39.48788379007114	39.47443297262326	39.45455249295277	39.43820399351885	39.41381629093205	39.3943176344571	39.375348207063	39.356243299548815	39.345907071946414	39.33468610517305	39.322750653092704	39.30670964947335	39.296873032520395	39.278264754289914	39.263900410947784	39.227402323397726	39.165201923633006
MHW276_trimmed_clipped_R2_paired	39.074621459686036	39.29995461168663	39.39891602796081	39.50040885759567	39.51882104344	39.56853049496782	39.544080373999954	39.572542262996784	39.57369956660424	39.57917643370881	39.597596111048475	39.600695126322314	39.57800776368001	39.57115173410998	39.563162873551605	39.547330994913445	39.526129543485155	39.500173702106956	39.469149331797745	39.43782347180701	39.413213064086804	39.38329528144121	39.35142189848174	39.31974452035815	39.28928939879916	39.25929700161349	39.236925950103576	39.21650625718549	39.19180612485887	39.16561194757751	39.14346240716178	39.11773916274676	39.09619126862394	39.08107553812816	39.05798880049111	39.07306637496407	39.037514646770234	38.96704935575789
MHW277_trimmed_clipped_R1_paired	39.114711251167684	38.819325353382446	39.241424131665106	39.29309365505194	39.34483267026635	39.238926225537995	39.29206884185482	39.287779749235575	39.39633129974825	39.422276004386205	39.5738470742817	39.60892438533779	39.56360566372849	39.54354671564781	39.56027084133133	39.5509582656666	39.54324846925338	39.5326352955821	39.51486919452573	39.501812397172756	39.48949289007296	39.476750416688716	39.46341235513741	39.44505053976205	39.43009216809003	39.40774788368607	39.39081451518771	39.37404499429342	39.35753504477171	39.34939211743979	39.34104506222304	39.33144160004104	39.3173424288802	39.30967438529578	39.293538182037864	39.27792334077775	39.24463340320652	39.19079731305614
MHW277_trimmed_clipped_R2_paired	38.85450673857586	39.188408656451664	39.295186683614446	39.4239755687037	39.452644612067125	39.5127982018812	39.48521896131382	39.51759083239793	39.52127919177851	39.53361685714061	39.55527587240336	39.561149312990715	39.53986906116163	39.534963086832846	39.52842330516174	39.51394889499424	39.49212758006652	39.467430625859954	39.43696752546195	39.40628481736748	39.38318163734848	39.35443118579119	39.322841059063876	39.2930447879785	39.26439920129521	39.23714122646959	39.217991263075156	39.201513394862864	39.180933507417414	39.15937089220817	39.14327737607703	39.12016230690763	39.10336634276399	39.0904761584204	39.071077291385016	39.08839309796058	39.05963178810851	39.00031644048797
MHW278_trimmed_clipped_R1_paired	39.18779131879391	38.89273632025901	39.184275003002156	39.305253470620876	39.376746685319524	39.46243356750344	39.31104707698477	39.37370683732888	39.425370909180685	39.42059401970104	39.57428938256088	39.60559198015179	39.56096611507761	39.544594297148706	39.55839744439877	39.5531337905995	39.5448536269874	39.53467431853171	39.51623516881178	39.503507278449575	39.49161745039294	39.478760590408584	39.4658454930467	39.44753802852309	39.433401327783955	39.411535532385834	39.395108846312574	39.37841906357369	39.363136663397	39.355345563207095	39.3482089461299	39.33800236595118	39.325708704851934	39.31594959355434	39.300626661002504	39.28555199994509	39.25262691582564	39.199538871668146
MHW278_trimmed_clipped_R2_paired	38.95743789700056	39.25667228661032	39.352443953576646	39.46292655564508	39.48898674447086	39.54275865570142	39.51487665544079	39.545069593095974	39.54763741452952	39.55684974772988	39.578427207656205	39.58360407036847	39.562409648482785	39.556634837296976	39.55048658352119	39.53568208639162	39.51426402978083	39.48902171538585	39.45949839942407	39.429152181152816	39.40562176566705	39.37777104471469	39.34633436027556	39.31769871408312	39.28921660623088	39.263522133208276	39.24419023456825	39.22826682905891	39.20853205557292	39.18616405429431	39.16937389167565	39.146747606019076	39.129909136140796	39.11621728454137	39.09670586946805	39.11237107391672	39.0832309465136	39.02452008936967
MHW279_trimmed_clipped_R1_paired	39.135239242522246	38.86908132033825	39.21853202918639	39.34685309715284	39.418420158861046	39.36355377037939	39.368905241272515	39.428412008124525	39.44915630210151	39.441277866320306	39.58355380425344	39.611210389811355	39.5629360249646	39.54832937019971	39.561917349676534	39.558399771786874	39.55210435559117	39.540272868393835	39.521416434477786	39.507766889553	39.49515286609444	39.48147716380637	39.46724176759456	39.44861995958569	39.43212495000002	39.40798452252379	39.39027317757946	39.37150288109755	39.35311837961247	39.343345191113066	39.3334386489027	39.321629279557285	39.306141301215625	39.297841854984895	39.28099830061157	39.265320902717235	39.22999535163427	39.16921063307215
MHW279_trimmed_clipped_R2_paired	39.035423608401686	39.27944968800487	39.37515269391855	39.48002965433121	39.49978729527572	39.551630804856735	39.52723110020601	39.55585505670106	39.557194089370746	39.563610554745836	39.5835749342413	39.586764102848555	39.5644371534828	39.557205090552316	39.55046610450971	39.53523491553734	39.513531978369585	39.4880642440553	39.458404223541855	39.4277348520506	39.40293886158624	39.37371481667196	39.34243978681481	39.31144476443615	39.28188569763592	39.252553278296155	39.23143381003827	39.21116930547163	39.18744318186578	39.16437569188378	39.144382359991816	39.119887812664544	39.09968795346141	39.085623226748005	39.06539348387851	39.08046891936022	39.04613740652124	38.97906026027331
MHW280_trimmed_clipped_R1_paired	39.06020572188048	38.748257814200265	39.195091164793226	39.30930221220529	39.3122341248695	39.44450437633882	39.38573897143147	39.3360113083274	39.413161217859226	39.42914110978578	39.57891259967414	39.60916324708103	39.56056631177948	39.54645339648761	39.559657892277166	39.55705348575694	39.54964407947133	39.53773416423838	39.5180536893006	39.5041727511836	39.49182200590062	39.47815785475996	39.46510837965092	39.44612326545266	39.43110336705161	39.408758758365124	39.39187691520629	39.37491338605139	39.35865855369546	39.35091576946905	39.3428625813382	39.333394637893214	39.31946268187043	39.310979875826725	39.294489152914515	39.27945401008607	39.24547190898543	39.19032853273197
MHW280_trimmed_clipped_R2_paired	38.947706197731975	39.233922787123305	39.33604964085816	39.451070992964944	39.479017799010556	39.533853079357314	39.50681130343897	39.53666989356158	39.53895914894472	39.55001521558694	39.57026122113533	39.57604049194696	39.55411947673359	39.54905617480206	39.542057923725864	39.5274184559825	39.50559162391649	39.47993963934831	39.45020695338184	39.41945189371522	39.39618466149069	39.367762004882664	39.33612902545213	39.30716797594799	39.27809459622068	39.25199058941995	39.232347335020904	39.21508591261813	39.19482246210591	39.17354794385187	39.1563889436031	39.13405687911719	39.11709872941848	39.10306841092631	39.08431803433452	39.10024889174687	39.07042046074742	39.00964370491429
MHW281_trimmed_clipped_R1_paired	39.139597161260944	38.685992622809145	39.265738536734176	39.31034018923469	39.22319183465584	39.34675574703366	39.43058940798586	39.42415140376259	39.43339777277446	39.43827821442634	39.5804046925383	39.60826276940548	39.55897080893314	39.54766952928328	39.560489352553574	39.55870184672487	39.552514821043154	39.541037268781125	39.52151512311758	39.50848445377929	39.49573194023587	39.48313743704229	39.469573466704354	39.45074278962111	39.43621036705424	39.41294721879331	39.397312953834685	39.37997547129332	39.363606248134786	39.35545751429497	39.348021722576405	39.33772373456274	39.32433371326635	39.31560823155009	39.300436379989286	39.28496085585381	39.25213130026063	39.196626611010515
MHW281_trimmed_clipped_R2_paired	38.834791399236934	39.1845258069122	39.293329565354824	39.42361400536347	39.457082495747734	39.509596643779204	39.47826075876814	39.51144750653831	39.52009180196163	39.53767873919467	39.55940083783564	39.56739513689302	39.54744362053831	39.543383131226705	39.53679605303994	39.52234115658614	39.500731622803926	39.47615746326724	39.44497254222809	39.41561888262392	39.39031714210084	39.363432768078304	39.329692800346336	39.30107808430012	39.270678633391746	39.24474697931864	39.22357643562252	39.2065874978155	39.18469775060072	39.16350534073699	39.146227858667785	39.1227360191671	39.10583500893621	39.09126043885252	39.07250344882849	39.08807496161806	39.05826664609542	38.99443358503574
MHW282_trimmed_clipped_R1_paired	39.266810255757576	38.826547249209604	39.30989683352201	39.350110108185184	39.44792946672226	39.4909679063208	39.392281425228674	39.39022690985423	39.450709898125716	39.44454262551747	39.58700549082614	39.61452166920928	39.568263703258935	39.55415591355451	39.56686626720191	39.56492490908299	39.557927736724544	39.54666679136268	39.52808414502401	39.51573930312767	39.50297668689306	39.49056227170155	39.47783858574603	39.45843448698999	39.44413065654462	39.42133444162449	39.40647958926611	39.38839567286375	39.372686483136754	39.364177096299784	39.357587859180974	39.3458903250798	39.33260716965871	39.32376772780599	39.308117397097824	39.2920668673563	39.25725665815719	39.1979609056572
MHW282_trimmed_clipped_R2_paired	39.03088016411957	39.2817625998848	39.387158530511186	39.48822664054278	39.51781102288791	39.55904874834202	39.53380088231017	39.561251341924276	39.56852997426223	39.57758481765698	39.594816238230194	39.60109071093457	39.57893246451728	39.57339360925196	39.565932202545866	39.550971078758444	39.529537987855676	39.504392479220854	39.4736339722776	39.44395130073714	39.41936964135421	39.39207057370898	39.3597985233226	39.33011921229917	39.299980906032616	39.27294489837111	39.25344748478253	39.23439018770496	39.212100604903426	39.18953646758414	39.17251862755276	39.147822020038625	39.12897793950116	39.114383846823024	39.093076777357666	39.10605134804902	39.07323902457893	39.005497799168474
MHW283_trimmed_clipped_R1_paired	39.10228869885092	38.78338676975589	39.229316648445035	39.2661942390369	39.40409991693267	39.4670167775195	39.387931428189916	39.40060303100073	39.45449533243784	39.45039204269381	39.58798860254309	39.61535597507968	39.567128317385524	39.55442300158795	39.56704031621605	39.5633641733649	39.556555354546774	39.54577939515597	39.52691067999031	39.514359353707064	39.5021891162029	39.48936180953172	39.47727212764807	39.4577438248759	39.4443849782149	39.42155665561181	39.40587076217007	39.38871927715838	39.37254279771786	39.364406974700074	39.35649463133082	39.34642555822491	39.33282262869007	39.324421305112615	39.3084025314357	39.29298178328558	39.26028632420404	39.20447295935665
MHW283_trimmed_clipped_R2_paired	38.93629206004054	39.23691985088762	39.34370424438287	39.45528042681192	39.48941167566477	39.53444136628295	39.50615531297807	39.535778340884725	39.54409551563151	39.55695929787409	39.57644672510088	39.583677939293395	39.5620618489058	39.557710184683	39.550443051028296	39.53564096939128	39.51365644605342	39.48905587347961	39.45811227633795	39.429184136066496	39.40474876069808	39.37806584386617	39.34520224873619	39.316819077412866	39.28717492544463	39.261263077768525	39.24098372070903	39.224370611624764	39.202897613499566	39.18059985412599	39.16354050351505	39.139894183155135	39.12241078720122	39.1087998728791	39.08922929464086	39.10357485902143	39.07353387862613	39.01195212191936
MHW284_trimmed_clipped_R1_paired	39.099060508552725	38.84036283382015	39.296800452347455	39.31276818966977	39.44049687300136	39.48643184980304	39.38603499586924	39.374242001087026	39.444403759404004	39.455605979351	39.59127314775347	39.62177102300072	39.573903575646966	39.560672623097545	39.57255645784362	39.5693192256838	39.56301817368167	39.55218490706685	39.53533772492968	39.522908686742234	39.511734435211196	39.49871334686689	39.487422080654696	39.46887012574528	39.45591609902545	39.43443051515221	39.419530052887175	39.40280288126497	39.387621729585334	39.37974514643237	39.37227129428193	39.362298907740985	39.34907257692281	39.340986899458265	39.32505792026481	39.310168382747165	39.27715852438165	39.22296485268373
MHW284_trimmed_clipped_R2_paired	39.00409846686947	39.281395352956544	39.381525482934876	39.48389231611438	39.51249926205571	39.55479070398102	39.52849366149041	39.55696706266276	39.565788119688776	39.57461621682645	39.59190002664751	39.597738977233284	39.576371608454956	39.57102142514181	39.563965254890455	39.549546545226484	39.52860016394475	39.505063867542084	39.47525712596295	39.447144739457784	39.42382377376403	39.397036484782944	39.36519486082305	39.33690989544915	39.30794093747613	39.282070079489756	39.26213206167109	39.24556985433719	39.22515025860535	39.20313995534782	39.185722249804016	39.161980328742985	39.14446163940633	39.12993850107222	39.10967498116859	39.124091193233895	39.0937664540665	39.034177161353945
MHW285_trimmed_clipped_R1_paired	39.1212151158956	38.88150550841719	39.286895985505865	39.31570531658694	39.36854137258601	39.26092442881571	39.3211852760666	39.32368944028994	39.422780788126595	39.44505611019239	39.58706519739532	39.620220545618864	39.57438483945892	39.55569984242478	39.57161379169647	39.56301385437205	39.556355155133566	39.54581366215768	39.52871114222508	39.51606517942848	39.50464896446029	39.491085174393135	39.478483947915194	39.46057608391694	39.446173814818174	39.42455409745842	39.40840236464028	39.39152603801398	39.3755527465807	39.368363289261126	39.360409835121466	39.350375037593636	39.336294538233844	39.327989214947884	39.31186466445722	39.296727745016206	39.26425101126897	39.209084603026064
MHW285_trimmed_clipped_R2_paired	38.94229093390799	39.24378993956759	39.348689291499966	39.459291364361036	39.49234841288748	39.53775458921573	39.509427551810376	39.538729842509994	39.54688344780234	39.559446898920854	39.57796520223884	39.5848801942948	39.563706472587924	39.558390168373535	39.55200215926284	39.5377050206106	39.516166530878316	39.49192399679337	39.461864744971024	39.433206764554136	39.40872167593375	39.381891286801974	39.34945217229176	39.321095918462206	39.29174345757385	39.265964430978514	39.245506975910004	39.22903026961461	39.207720980646954	39.186100216435044	39.16898841561914	39.14581070867199	39.128923248138285	39.114794925508576	39.095624473816656	39.110584829576496	39.08075237438601	39.01975462181485
MHW286_trimmed_clipped_R1_paired	39.165825576188546	38.87114940067596	39.16722236241095	39.284320970058346	39.35995708062134	39.447583331651316	39.29855185119221	39.36082717973884	39.40982870382755	39.40764965292298	39.56410829308775	39.59551336655243	39.54933944078783	39.5325370462349	39.54560013374116	39.539158379622656	39.53056385794286	39.51960284368132	39.50034145113294	39.487144858579995	39.47381200068084	39.46067208604865	39.446844841965685	39.42720910079303	39.41241633922599	39.389149098432355	39.37199802313397	39.354390974480204	39.338228988957844	39.33037259998262	39.32260272693927	39.31225932672767	39.29896357843987	39.29031367825316	39.27442029173359	39.25986488275974	39.226287626669254	39.1705138677424
MHW286_trimmed_clipped_R2_paired	38.76920808405775	39.15763656504013	39.27383826220225	39.40825774413193	39.445624723722396	39.49905717732245	39.468189792441436	39.50154612688736	39.510466526672644	39.52905557076986	39.55139213221505	39.55947922023721	39.537774590163245	39.531919001236524	39.52423346578236	39.50870443750422	39.48595964270672	39.46053845491261	39.427782411020125	39.396973548946804	39.37137819927559	39.34288919873932	39.30843390015949	39.27831414925801	39.24810474955907	39.221548164016205	39.20046932389018	39.182781228922565	39.16112193436214	39.138643506502305	39.1206465764396	39.097835494148484	39.07970119641943	39.06531015645764	39.04635832881402	39.062714420709156	39.03310540062802	38.969981760421156
MHW287_trimmed_clipped_R1_paired	39.141575031109404	38.89265946847985	39.224574925040876	39.356025055038415	39.4276178561787	39.36507194602356	39.37680395192087	39.43388701370044	39.45467615800774	39.44832335037471	39.58581687046918	39.61217106276395	39.56312603215946	39.550697794092	39.562876698895266	39.56010069609532	39.55441679994213	39.54245254423664	39.524270850309584	39.51141148742397	39.49844650833687	39.48578980327428	39.472901334097386	39.45433669468993	39.43908454050248	39.41713747558199	39.40120690477634	39.38370916901283	39.36578289205504	39.3582040464409	39.3501839552361	39.33878406735901	39.32452820027409	39.31641828532928	39.29926186744378	39.2846182144214	39.249425941045715	39.19048391385743
MHW287_trimmed_clipped_R2_paired	38.96887966528013	39.254248992780425	39.359827823243265	39.46656925252345	39.49716784531455	39.54094731802809	39.515366335062936	39.54439224148366	39.553076507527344	39.56299993484798	39.581871822268795	39.58699504147266	39.56507767660925	39.558669929237894	39.550770391522896	39.53535322698029	39.51341748126686	39.48898149133886	39.45769724589636	39.428532631542026	39.40325219476425	39.37598080402419	39.34299188130584	39.31482354009246	39.28434167430345	39.257578778835196	39.23799827736989	39.21830113235739	39.19461104418982	39.17390076855709	39.15639672868932	39.13249982820808	39.11236572546215	39.09976473174182	39.07880144621659	39.09246330711896	39.060645896385815	38.992490122807496
MHW288_trimmed_clipped_R1_paired	39.07601964184295	38.782150825833455	39.22722331986859	39.33192812993123	39.32843629623588	39.46938704950145	39.416340845673474	39.37184795047364	39.43960923364942	39.45378947473849	39.59272967705969	39.61909983054405	39.57024938343801	39.55784862238208	39.56954946267519	39.56764205518261	39.56168008681558	39.550590248343255	39.53255765763091	39.51924570129136	39.50677779945866	39.49371238500534	39.48107276162451	39.46185791596817	39.4474298685301	39.42472099286913	39.40748265707486	39.38967544686968	39.37134012904745	39.36221130818457	39.35264758617653	39.34027854465016	39.325835391833394	39.31612855751863	39.2998164376345	39.28410958739733	39.249787614968646	39.19187798540873
MHW288_trimmed_clipped_R2_paired	38.992341976052884	39.27810034704782	39.37965191112262	39.48352526478572	39.513834131792315	39.55444690205191	39.52865283524503	39.558400801627315	39.564656470831714	39.575130733515536	39.592540550309536	39.59792236970069	39.5761088132746	39.570862578105455	39.56320017119556	39.5491711375803	39.52783037785301	39.50415309597655	39.473169587265986	39.444718529227686	39.41960390536407	39.39216256807862	39.35967772320121	39.33131803689889	39.300149203941814	39.27400962830223	39.251146401181536	39.231916164402165	39.20801474033178	39.183947317046965	39.163259573980675	39.138274459823705	39.11845942140785	39.10265765053601	39.08157400373388	39.09575574853024	39.063136576048095	38.995873523931984
MHW289_trimmed_clipped_R1_paired	38.985029672242284	38.93488979328981	39.11678384091813	39.21556476145145	39.3571610449139	39.43441516707572	39.252510498783195	39.34419286154159	39.44232698065205	39.38769505892955	39.535588887559754	39.56856211581102	39.5207127681392	39.51503839153567	39.54405348167723	39.540725992918425	39.51214760595229	39.46160792244493	39.450376198083546	39.48516948329018	39.45881225745094	39.48138723730244	39.491397263331564	39.471338202243444	39.45320752386443	39.43520173880596	39.42746879260814	39.42203923832119	39.406160706816905	39.39198737938183	39.38052842934335	39.37252567986339	39.36690116032944	39.3583641239655	39.3445096145255	39.33896956130169	39.308193388613034	39.2586753045143
MHW289_trimmed_clipped_R2_paired	38.640984792642634	38.9775151703679	39.0544292351882	39.26387713855703	39.41632655887445	39.47137829395733	39.38325389055647	39.39783799566751	39.48107393336556	39.467031842372776	39.5084271162831	39.54292733806356	39.50089555706266	39.513041848039094	39.48836649948727	39.49230255550317	39.46630946242163	39.43665391632415	39.41899427705044	39.390073883612594	39.35773207484986	39.32896777780135	39.32865909673957	39.30062198746924	39.278359808939435	39.251226128780615	39.22938341742698	39.206044535252246	39.181148573053655	39.15716772150167	39.1471051583129	39.12788566885392	39.11439805923322	39.091854832552315	39.08261167754319	39.09938182902077	39.072851093991744	39.00548708024558
MHW290_trimmed_clipped_R1_paired	38.86841021509084	38.92297794622169	39.15545142149544	39.254670582619426	39.43875595271306	39.34658467991144	39.32518963437231	39.397443648986865	39.46017813984518	39.41041462054759	39.54876986322593	39.58196643956109	39.52958690736017	39.523397939947	39.55175223759727	39.55090175672568	39.52344142409188	39.472632223056365	39.460776366385474	39.496802214877036	39.47000784387263	39.49255362740951	39.501340097404906	39.482268544228475	39.46405356292054	39.44615388570079	39.43837037861083	39.433163610044026	39.41690728682263	39.402973157466704	39.39112289905456	39.38352609106467	39.377146741831986	39.3688748786471	39.35483811770287	39.34909146451158	39.319348977734435	39.272870264193465
MHW290_trimmed_clipped_R2_paired	38.60663905024309	38.97314336071968	39.05338858390777	39.25978160738277	39.41204622447924	39.46811637893831	39.379293056392065	39.393862896333594	39.47899772306085	39.46329838987684	39.50410764051371	39.539342127686055	39.49685944698008	39.50884416237976	39.48649683794449	39.49019788455901	39.46492392003978	39.43566528035905	39.418868699751975	39.390586280287316	39.35862995598583	39.32974476357011	39.33092571329865	39.30328729692505	39.28237671367766	39.25522313638716	39.23432805783089	39.21083564245141	39.18583900645339	39.161299934287705	39.151697247369654	39.13277245787998	39.11953476591385	39.096697644185284	39.08818839873045	39.1051814818016	39.079760365109664	39.01261282675502
MHW291_trimmed_clipped_R1_paired	38.8699115535366	38.782386334353724	39.11975731012054	39.228235004315614	39.29041547960937	39.431675800427406	39.349340802911755	39.301663953221734	39.437862224717776	39.39828687335678	39.541116072415804	39.57457525006778	39.51974608873015	39.51399513832259	39.54031128672858	39.54056637234945	39.511649944463876	39.46499147785	39.45083858947492	39.48179565828603	39.45612838160802	39.47730378051886	39.48844563280505	39.469258210214925	39.45160261502545	39.433478640746955	39.42531739876823	39.42076759489182	39.405394339284065	39.392573735653926	39.38101055914	39.3734573703836	39.3673785950859	39.35880029617856	39.3454468170021	39.33992977965446	39.309972225361875	39.26039593191876
MHW291_trimmed_clipped_R2_paired	38.56349652095479	38.85414741835768	38.97279923591952	39.1932384405875	39.35962696963169	39.41539893424842	39.3371716488872	39.354814503953776	39.444180907504325	39.43712982516611	39.48269735453684	39.52053772153077	39.47923640405464	39.493542244327706	39.47443801578212	39.4765532526789	39.45171344479882	39.42234726876634	39.40485077940979	39.37689802663732	39.34558627341443	39.317235417918745	39.31746813541324	39.28981172351639	39.26819654609952	39.240904143357895	39.21971090209855	39.19616157641429	39.17117887804183	39.14826878014562	39.13842781682177	39.12096069557066	39.10914248575395	39.08802887167069	39.08076043014878	39.098172833695045	39.07195060810624	39.00240726858353
MHW292_trimmed_clipped_R1_paired	38.918460948360746	38.734049406384045	39.24300096190219	39.27047083126617	39.28565877418798	39.3625393596909	39.41069661019912	39.42088670287425	39.47047213266855	39.42853207973495	39.563520540763946	39.59613839553399	39.54233712865021	39.53571265675632	39.56254302548603	39.561789356504406	39.53419995986824	39.481108384990094	39.46920188682394	39.50545637592593	39.478589994622766	39.49980893458896	39.5078649237522	39.4891381814817	39.471200565923496	39.45331497563243	39.44550083613826	39.44000215684917	39.42459349978121	39.4103349384048	39.39916847175577	39.391022523569816	39.38468098801204	39.375682792529474	39.3620813662512	39.355303692096086	39.3258984810718	39.27683543750677
MHW292_trimmed_clipped_R2_paired	38.755905288103946	39.05120052434444	39.12887038688577	39.316836219899045	39.45295935185369	39.501614783619154	39.42135447586545	39.431279955361695	39.50665813686975	39.49245369289581	39.532869364429274	39.5646909664365	39.52454736440955	39.53496376737836	39.51356040974347	39.51577073275935	39.49148467485969	39.46248571388223	39.445131503081846	39.41796371558511	39.385634404436885	39.358172262246924	39.35719427349726	39.33067109863743	39.30847019273517	39.28236615245999	39.26035870672424	39.23872026833336	39.21380116123283	39.19087356169622	39.18106696080854	39.16202470811646	39.14888053515332	39.12664538809087	39.11754962176891	39.13338689254615	39.10766663919276	39.0401267072611
MHW293_trimmed_clipped_R1_paired	38.98913462212916	38.85533215177499	39.21500320825506	39.241568146273686	39.439572386585745	39.45096779134104	39.30578997487809	39.33960228883368	39.44408584655104	39.39637565693846	39.5414455300907	39.5743516969798	39.522856579270055	39.51962257213849	39.548018707478676	39.54563732318545	39.51866221676985	39.469307675428254	39.4551793050093	39.48908619150162	39.46326231995148	39.48682662761662	39.49532473243157	39.47571967831222	39.458047103676634	39.43952539319647	39.431168243032985	39.425624287480666	39.41007597651492	39.3952373124848	39.383701146095106	39.37573028698257	39.369176635302196	39.35983109227149	39.34624190469098	39.3397046027298	39.30956372281143	39.26090614225541
MHW293_trimmed_clipped_R2_paired	38.72943201138588	39.02714388192893	39.09890108029149	39.29099537105251	39.43788758367544	39.49051128958782	39.40175098024779	39.41678822696422	39.49600657691354	39.47930527743444	39.52120116268312	39.55503115622257	39.51314355284189	39.52568948435139	39.50377873795749	39.50766652972298	39.48279446354361	39.45379658142863	39.435741186173765	39.407477371932785	39.375119868592925	39.347146262160955	39.34526466692388	39.31880074679111	39.29582842476367	39.26891959970085	39.24704962139592	39.22352619107856	39.19825136434336	39.17366812506865	39.1637698691397	39.14450408798154	39.13115358789817	39.108342395914654	39.09909312403568	39.11508127574726	39.088658506708704	39.02073723648785
MHW294_trimmed_clipped_R1_paired	38.94089356085168	38.82631087221883	39.12496994395296	39.17434204335584	39.42144603133365	39.45177959250804	39.31903607520481	39.36272108663066	39.46540471274047	39.41860763775562	39.55550493336593	39.58754756683346	39.53488145418402	39.530540239633645	39.55780642054795	39.55574467916013	39.527868369508134	39.47710336118557	39.466641502519245	39.502590129259204	39.47631014064351	39.49822640209412	39.50687898584438	39.48727105902344	39.46985091531488	39.451444023461455	39.443635430550536	39.43782448774506	39.4220736122662	39.40673252165668	39.39508972536437	39.38701893118682	39.37938238420444	39.37080080292179	39.35642664853752	39.349008748851205	39.31826802170018	39.269360442077236
MHW294_trimmed_clipped_R2_paired	38.739682320202206	39.038800178678855	39.09750075961049	39.29901416762251	39.43613228519654	39.4907370684616	39.40315218817601	39.42196843422231	39.49795119242497	39.484079989264124	39.52408659791893	39.556044736797574	39.51569586321118	39.527634396470305	39.50699901127408	39.509937536695	39.485400260217055	39.457527590250564	39.440671201276494	39.41398072677391	39.38226598464104	39.355123343812046	39.35458321992723	39.32812940080038	39.30596706323892	39.280016196586054	39.25817194517183	39.235667950846846	39.21063097336518	39.186424515930824	39.176015971069056	39.15747500101358	39.144048718781185	39.12198918686238	39.11301804359723	39.128589681523955	39.102224794037724	39.03482149050755
MHW295_trimmed_clipped_R1_paired	38.90171126364395	38.878227280705445	39.19940853658757	39.235468160488395	39.433283678439004	39.45633461076022	39.325802394302904	39.323074444598795	39.45020329540994	39.413448864452384	39.55292278720093	39.5886867533192	39.535106972849306	39.53088990029762	39.557407609068605	39.55429455955899	39.52674964240087	39.48035126455319	39.466100031186286	39.49709097531694	39.47161414398066	39.492328507297735	39.50244349703481	39.48336018513876	39.46514195409545	39.44679256789155	39.43883739607558	39.43286847699604	39.416952769993046	39.40200625896733	39.3900628700321	39.38198411250418	39.37526944238154	39.36646931541518	39.35180979824708	39.34550235236393	39.31468591755381	39.26643642293107
MHW295_trimmed_clipped_R2_paired	38.70554492255424	39.0149737081027	39.08741587128218	39.28767346700346	39.43292633596038	39.48944341440635	39.39754116938038	39.41424011920856	39.49421681185611	39.47850530720452	39.520446342951075	39.553987367447974	39.511376076579815	39.52313231571013	39.50251014870179	39.50604432542729	39.48172764725865	39.45347124185705	39.437595678199514	39.40974524243965	39.377521584441986	39.34927839194499	39.3480352874647	39.32250787470287	39.299733883834776	39.27319585188976	39.25131646711693	39.2283433261672	39.20322032030468	39.178837778190086	39.168924907954604	39.1502039229422	39.136303690372905	39.11383434429732	39.10498165833039	39.12031692504644	39.09401303973322	39.02724936804391
MHW296_trimmed_clipped_R1_paired	38.97558975794985	38.9124782972221	39.19403027645666	39.210520143070816	39.327534697185214	39.231241906795745	39.259885457890476	39.27446163325213	39.441485476639265	39.411389975346026	39.55266422453495	39.590366124450235	39.5402798134337	39.532214912543736	39.56124907199088	39.55447826557234	39.5257689268927	39.48051891429619	39.469649289841605	39.50250787766828	39.477045213084665	39.49678332127721	39.50830019811788	39.48800000432691	39.47047518619163	39.451427180903316	39.44302281234263	39.43635268147402	39.41975288520706	39.404320943519174	39.391429807243355	39.38387085421503	39.37612762267773	39.366982673882426	39.3517864705547	39.34457712774056	39.31412306665839	39.26763806297652
MHW296_trimmed_clipped_R2_paired	38.51545460399627	38.999035105132556	39.038980891316996	39.260617024102565	39.407948523240954	39.473502478343065	39.37464850740661	39.398583370454006	39.484345218029674	39.468999884236595	39.51061100052392	39.54486852988593	39.50236433219199	39.515606014059045	39.49586219099399	39.50180399768142	39.47699604862551	39.45052620310365	39.43452962168143	39.40727794061314	39.374692393645475	39.346540256422	39.34681820969795	39.32022201139184	39.2987026274306	39.27108245905105	39.249179903147706	39.22537512058904	39.19990740542376	39.17448178183532	39.16396911323464	39.14452434470394	39.130725576878916	39.108469636099315	39.098192324041904	39.115013921630194	39.08861001626401	39.023529919556516
MHW297_trimmed_clipped_R1_paired	38.98849030834956	38.93511764821834	39.11802377982919	39.211690331930896	39.354714250429836	39.4312005701663	39.25212112082475	39.344119841877514	39.43955102288569	39.38756743491107	39.535446741368574	39.5681433574834	39.5198748293153	39.516383779012315	39.54512812828635	39.541735227453096	39.51303503961812	39.46311906119862	39.45063487358059	39.4861470952404	39.4591885175132	39.48108686922063	39.4899628891303	39.47057462347336	39.45322737950358	39.43476409472662	39.426135676069755	39.42053373105391	39.40445616371252	39.39021463980778	39.379142284219775	39.37142970316724	39.36549392931258	39.35684409396709	39.34365109515208	39.337118671993736	39.30683375313756	39.257166871557
MHW297_trimmed_clipped_R2_paired	38.747404096705516	39.03120514301682	39.10038557361934	39.30087317739795	39.44050306681743	39.49566755562013	39.40643770501757	39.42320645141123	39.49957540558024	39.485526072974835	39.526606646617864	39.559121363534004	39.51916793308519	39.530200428127934	39.50738528257514	39.51013832283846	39.485963520855094	39.45714794779728	39.439563393563276	39.4113870041551	39.37840346650021	39.349320804561145	39.34825030510273	39.32163500310804	39.29975945614382	39.27405702970624	39.25126212225881	39.228040862088086	39.20436917738173	39.180727384349986	39.17067481068712	39.151809870372716	39.13939015602096	39.11654077550217	39.10895656975647	39.12529499533823	39.10044830956825	39.031322488238985
MHW298_trimmed_clipped_R1_paired	38.9212395220767	38.942244150468866	39.17845492023525	39.27527729481078	39.45441927120083	39.35772486429597	39.338229564583656	39.41135536301318	39.470117888767405	39.42178776369741	39.5573179116487	39.58878425505395	39.535609352242474	39.53044397497129	39.558174633856645	39.55577465993999	39.52881301437692	39.476547208860154	39.464673979125806	39.499782221574534	39.473849559533434	39.49587010211483	39.50370543096202	39.484282262152774	39.466493810807776	39.44823411457763	39.44023522176904	39.43516550761452	39.41831567811172	39.40401358870749	39.392391908199514	39.38429367126268	39.37774613697656	39.368668379735894	39.35450359543091	39.34791469235621	39.31691232645225	39.26662821131289
MHW298_trimmed_clipped_R2_paired	38.84530398080743	39.08010433305544	39.15061223209931	39.33013868365516	39.466307005921	39.515046436083786	39.428167137990684	39.442254833518895	39.51734824044347	39.49946818746	39.539084283710686	39.57033556863632	39.528983634254075	39.53810145727097	39.51626914570424	39.51880584448908	39.494175025449735	39.464995950175236	39.44787240525717	39.420695470045175	39.38901860754585	39.361300008993496	39.3600421823604	39.33328218380012	39.3112108721685	39.2856787267409	39.263851535977906	39.24118681152546	39.216683969850564	39.193660316025706	39.18421241251894	39.1651293901608	39.15226960447687	39.13050165472875	39.12189719936135	39.136690707663355	39.11106149361008	39.042901871861055
MHW299_trimmed_clipped_R1_paired	38.87986247720846	38.792117321860324	39.13432597661533	39.23082413441787	39.29405217996567	39.43713945444162	39.352497498259474	39.307604547428674	39.44379487297971	39.40501972021872	39.54773427869642	39.581049621583546	39.52559004941854	39.522055032045685	39.54750350828692	39.54797476284965	39.51930486873942	39.47189095901933	39.458436810434975	39.48942966872771	39.46360856163271	39.484597749641196	39.494864862689155	39.47474083529009	39.4572041039623	39.438535339337626	39.430762784603594	39.42459439886479	39.4082833798016	39.39420084655178	39.38186753798381	39.37388836560406	39.36657845333808	39.35786550790894	39.34277276074094	39.33619449532239	39.30481495409088	39.2543502874523
MHW299_trimmed_clipped_R2_paired	38.67505125991255	38.952426423979425	39.036763123290804	39.25112482543014	39.403604914143735	39.4585278459434	39.376186107671444	39.39417697498613	39.47734704960176	39.467069756547914	39.51009560363919	39.54581529114851	39.50430941562662	39.51692481994135	39.49833496376867	39.500885981061984	39.47598102927627	39.447624725443774	39.43065947626273	39.403417380299835	39.371212302088516	39.343519291861625	39.34230883108087	39.31598286276081	39.29367391198507	39.26632256831735	39.243792088501195	39.220491395552365	39.193955723561714	39.17058819441583	39.160795809460055	39.142319346493615	39.128977559689034	39.10722207037704	39.09892166749279	39.115332019195066	39.08816364533923	39.02104133656774
MHW300_trimmed_clipped_R1_paired	38.900620062196886	38.71725916664067	39.2324519149795	39.26724636972244	39.27029184791466	39.35441527701433	39.4034672579148	39.41819913536378	39.47090743709085	39.42537109047258	39.561034448306586	39.59516990924557	39.54113990648894	39.53442563534081	39.56318841459184	39.561884739404604	39.534901061937944	39.48258207601591	39.47244833068819	39.509453782499534	39.483098591791304	39.504053757144064	39.51269996686616	39.49276974259295	39.47542781404813	39.4573340432447	39.4489335535049	39.44318683556634	39.42720854221667	39.41207315235361	39.40063733354429	39.39208397050493	39.38580700798263	39.37637196741814	39.36255286612625	39.35539497611055	39.32578495674239	39.27920387917147
MHW300_trimmed_clipped_R2_paired	38.6069424898821	39.004550110951484	39.08374999707676	39.28755703862137	39.42763514017911	39.48259007668985	39.39925719843983	39.41208865387085	39.49283590360358	39.48002761852638	39.5206278468895	39.554248312915306	39.51447402161635	39.52582106287499	39.505061014737386	39.508749627494325	39.48484187527909	39.457043995294136	39.44033736527116	39.41262297634197	39.381655822414	39.353487689041366	39.35410988901627	39.326983740479434	39.30580167741114	39.27916190320057	39.258154391694376	39.23502276605217	39.20984978348071	39.18646501228325	39.17612216270197	39.156621372898755	39.143633837159705	39.120394290242714	39.11111027810287	39.12585788061879	39.100742973233665	39.034447890900246
MHW301_trimmed_clipped_R1_paired	39.01363221499467	38.86065138340574	39.22418685623971	39.247757586635196	39.445575181985916	39.453511316334954	39.308756220475416	39.342939634580965	39.44842879947253	39.39851712630487	39.54160633640732	39.574423107639845	39.52357845351815	39.520241207975594	39.55013969579551	39.548326886877	39.52157688772075	39.472210507067096	39.45827792330336	39.49254694336871	39.466874651329455	39.490631163132115	39.49940225906881	39.48026510729852	39.46254188409745	39.44456051625162	39.43666482071233	39.431511592459984	39.41563552699	39.40127982999008	39.38960922542906	39.38135299101966	39.37564787692766	39.36641545241401	39.352644095039025	39.346382806409096	39.31655673744312	39.267876311465514
MHW301_trimmed_clipped_R2_paired	38.74592270505629	39.03328945644993	39.11065600842989	39.29792659414443	39.44030750236406	39.49214042381741	39.40452779219887	39.41704504088276	39.49993124048569	39.48279789568262	39.52293803339965	39.55748929573622	39.51600427518396	39.52914067121412	39.50726482235986	39.51135025944451	39.48648829756436	39.45796328020275	39.44064711549312	39.41263367433625	39.380985508712385	39.35259572863502	39.35234584092407	39.32562005245279	39.30419162390513	39.277530203933495	39.256021520867975	39.233130758845356	39.20816671395904	39.18462972042448	39.17404683618279	39.15537179846476	39.14236213546514	39.11903569729081	39.110189713165745	39.125488345856	39.09891392265026	39.03122336224365
MHW302_trimmed_clipped_R1_paired	38.987295436939895	38.84220094684228	39.14137009866921	39.201963054853074	39.45671576861075	39.465105943269876	39.343466141185765	39.377288171885915	39.477104175147325	39.42979295181253	39.562462940784386	39.59271396849515	39.539892627663264	39.53649312623738	39.56455836603527	39.56299643986033	39.53605592194189	39.483849913490914	39.474875095713664	39.51008306522848	39.485063385852335	39.506714007570054	39.5150961612578	39.49679710871304	39.47994577060028	39.46294873495052	39.455636289867755	39.45049468035518	39.43567407104714	39.42135617157706	39.41040950611516	39.40299516749321	39.397024119203785	39.38786267807319	39.374820943237204	39.368339613488494	39.338138729237826	39.28963222459123
MHW302_trimmed_clipped_R2_paired	38.90553479555729	39.101987996697915	39.18600536559455	39.35345830622139	39.47615042721962	39.51993954733642	39.443126465814494	39.45184921251735	39.5233261522272	39.507989065629296	39.544931248747005	39.57563281395521	39.536649632114795	39.54754361948406	39.52671442806472	39.527914411806925	39.50395261877841	39.47551054207945	39.458893822705015	39.43262500481997	39.402177193273005	39.375325349188955	39.37550592723767	39.35009024176297	39.32938125824467	39.30422526239522	39.28399330485232	39.262312640561774	39.23945532816348	39.217045903927115	39.208226301622695	39.19009734343665	39.177916558966984	39.15627217837137	39.147809182955754	39.16292236631481	39.137244966523234	39.06949455315704
MHW303_trimmed_clipped_R1_paired	38.95833938597002	38.915766876092356	39.24766713195996	39.263313468306336	39.463995007430086	39.47634626635569	39.35565018366454	39.351090620354455	39.46760371200831	39.43247643107058	39.565481231661536	39.59954057870198	39.54641200205829	39.54212934192621	39.56797684687078	39.56543002898627	39.5384167443785	39.49053043751729	39.47881978781484	39.51033149366082	39.4862955682025	39.50729860732618	39.51764731559228	39.49892979271635	39.482634188759995	39.46546470223526	39.4581472966794	39.452903474149316	39.438279957077164	39.424389134118684	39.41334978668268	39.405653841973326	39.39910708447106	39.390658198250506	39.37665933683536	39.37127728077466	39.340926480917496	39.29185847637984
MHW303_trimmed_clipped_R2_paired	38.89562393104663	39.107124318564836	39.188815031124044	39.351856574121925	39.484087912202725	39.528033366392144	39.44351810367222	39.45250985182289	39.52878569607008	39.50939979696549	39.547475373892844	39.57941231133922	39.53887940999106	39.54913587272489	39.52895513895708	39.53170115431915	39.50796288947117	39.480801316527014	39.46470001061435	39.439221796649136	39.40912267164798	39.38120589361581	39.381560330387494	39.357033712331386	39.33703780061004	39.31177508211531	39.291849334614255	39.26951841274963	39.24693074320736	39.22378403087159	39.214923546857015	39.196893946175805	39.1843583034029	39.16156581515885	39.153324432310534	39.167814117600685	39.142182688763896	39.07600203095585
MHW304_trimmed_clipped_R1_paired	38.98167408958346	38.99395973101124	39.281513525306714	39.27676716351768	39.35910805996001	39.27982517463474	39.31736381410525	39.325753123257535	39.46842299824897	39.44089913540878	39.57357075215583	39.60843623088526	39.556762601194315	39.54789601431209	39.57710354593358	39.569176257685086	39.541353881609226	39.494178013941855	39.484617641725436	39.51758509940062	39.49372189797693	39.51328848265307	39.52380812687545	39.5065243672215	39.489346649247715	39.47322755548833	39.46465731574122	39.460536716745935	39.445639295169606	39.432374305467015	39.42092361228269	39.413295165456695	39.40693017742518	39.39795185822386	39.384592365873516	39.37820296171891	39.34784875439021	39.29944649312252
MHW304_trimmed_clipped_R2_paired	38.93548650942237	39.13297100853069	39.21188908272996	39.369319721807344	39.49651723915205	39.53697757766909	39.45711560847945	39.461859583587035	39.53569482836403	39.516916650303486	39.55457692081681	39.58532881215399	39.54532160333436	39.555643279880776	39.536294373378624	39.53942711025799	39.51590002477241	39.48920413029466	39.473321094382435	39.448279829691614	39.41902491799631	39.39245620824348	39.39338203253275	39.36901117360863	39.349773213893	39.326042316537006	39.30581901969855	39.28465773857623	39.263314929721226	39.24108190344085	39.232218619069116	39.21483904143781	39.202579687914145	39.180183640420665	39.17174338418731	39.18628200297406	39.16080354582041	39.095294555848085
MHW305_trimmed_clipped_R1_paired	39.06500065621882	38.95881999827759	39.13922154112177	39.22353440799029	39.37366258380036	39.43780039791187	39.27191803584809	39.35758861942067	39.453679729094034	39.39555769972761	39.53985934347429	39.569117445952486	39.52295243171657	39.52190264887712	39.55354480918909	39.55112945060834	39.52463063323866	39.474756955122885	39.46496625529428	39.501560020233455	39.476489427540095	39.49980502952975	39.50882720889344	39.490195548597555	39.47396936623214	39.45697839204176	39.44971172603493	39.44480592327951	39.42986022326751	39.41629707770675	39.405361537667936	39.39795214514989	39.39220489539565	39.382892109628564	39.36996395505416	39.36391471111833	39.33372616489808	39.28479906714992
MHW305_trimmed_clipped_R2_paired	38.89990194955311	39.111891365116	39.19135721656055	39.35652430312041	39.486520148168054	39.53038208900584	39.44746324665239	39.45660201736608	39.53163691844025	39.51381994452272	39.55155345260786	39.583191811280955	39.5429730891813	39.55341848886091	39.53065427935325	39.53365075150106	39.50971689093396	39.48157649136431	39.46458983817228	39.43839034297993	39.40831334089401	39.38087784480171	39.381028535604564	39.35504222473683	39.3355708503581	39.309582035155906	39.290224306745486	39.26808819123855	39.24540478931824	39.22295025093656	39.21328962181436	39.195299926228195	39.182065294369224	39.15961134283384	39.15140951982303	39.16641448274929	39.14011653655245	39.07328636267007
MHW306_trimmed_clipped_R1_paired	38.914027636694634	38.94918652750873	39.17921661825392	39.27698316617713	39.460689201067325	39.35661910526266	39.34427182506276	39.41217519692277	39.47170617490929	39.42055547897874	39.55543025638907	39.58560557049359	39.53325877522316	39.52994727951078	39.55831735776793	39.557810901314326	39.53124572901502	39.47883810918876	39.46833563131207	39.50377795748477	39.47786896980608	39.50037053084881	39.50897954086177	39.490107237763056	39.47250383686399	39.455310841171396	39.44699249917136	39.4427735749501	39.427175523069444	39.413586315444284	39.40160895020719	39.39461316499998	39.387925874105804	39.37932009892801	39.365231904183524	39.35927086189422	39.32873706006229	39.27787496895514
MHW306_trimmed_clipped_R2_paired	38.883604007342264	39.100199928212774	39.17748018606017	39.34530599757021	39.47503552307256	39.52096326375944	39.43766688406915	39.44905293398396	39.522875701762786	39.50492976778114	39.542493318685004	39.57445770934665	39.533341795708495	39.54334328132502	39.521859693408295	39.523852517639696	39.49949012144341	39.47067298782348	39.45367718818352	39.427624358706154	39.39696578411907	39.368992796460475	39.36884459880578	39.34249906615789	39.32241055117609	39.296515178816136	39.275952516585086	39.25452705127957	39.23078020042176	39.20787443832205	39.19896736235479	39.18093971361496	39.1686863666189	39.14602679720349	39.13720256025192	39.152397554685386	39.126526452667676	39.05954386629799
MHW307_trimmed_clipped_R1_paired	38.95236921438828	38.83662865334083	39.17792982275429	39.277351963994086	39.333141649606745	39.467869907824785	39.39704171683535	39.35156311291481	39.471693950652536	39.43282386053984	39.5666644321053	39.597219446369394	39.54278593438026	39.538761450922095	39.565584422379686	39.565206965811946	39.53810239657307	39.4894320492053	39.47799765606641	39.51003803306358	39.48562686725306	39.50589474053534	39.51603501788078	39.49732982569117	39.48077356070455	39.46421669168443	39.45663915006802	39.45183263579749	39.43704043417249	39.42343259832082	39.41234020923448	39.40484353840015	39.39897872965452	39.389988464772536	39.37637970395417	39.36981118955094	39.3395275146468	39.288944873588825
MHW307_trimmed_clipped_R2_paired	38.94982977727935	39.1024358062888	39.17909086417747	39.34880236028972	39.472712611058824	39.51656011408251	39.43868836803031	39.45162431500682	39.526170067965225	39.51088475270423	39.54881727874671	39.58178467342921	39.542881490691414	39.55361637662837	39.53444561270179	39.53616845961286	39.51250193871901	39.48400831916824	39.468297509020076	39.44225179060447	39.412619035468985	39.38559048176677	39.38557847313966	39.3599748089379	39.339550700668134	39.31417977794344	39.29429593986413	39.272872170370746	39.24949353137076	39.22742949439659	39.218364481236904	39.201099795374844	39.188822931563145	39.16742428702611	39.15926675167517	39.173193189749625	39.14819335129373	39.0824676185863
MHW308_trimmed_clipped_R1_paired	38.94644291269928	38.749075452822595	39.252473036507645	39.27912633015378	39.289280233714734	39.367742625030246	39.41755097110311	39.428928207170514	39.47916832124518	39.43579183351407	39.56714999941613	39.599690448281166	39.544560186222796	39.53717585125245	39.56516021139409	39.564676258070484	39.53762466385849	39.48470644883447	39.47353177588004	39.51013095283376	39.48358847250722	39.504618514110454	39.512596665019124	39.492507557142666	39.4750582010186	39.45683652558686	39.44963331943003	39.44428072552718	39.42816799930502	39.41358331120478	39.40177794857261	39.393975613682024	39.38778242555234	39.37838420724303	39.3647178118907	39.357686255085625	39.32674190268428	39.27619188927101
MHW308_trimmed_clipped_R2_paired	38.77176035231649	39.07482782494336	39.14703650775327	39.33285370075677	39.46634050903311	39.5118264815019	39.42934521686332	39.44368152148851	39.51844934187312	39.50648397117474	39.54447650979574	39.57768490849979	39.54025299665131	39.54927256994707	39.52811753108078	39.53121022414488	39.506940611373544	39.47811953805731	39.46103930161703	39.4338317617154	39.40235950780467	39.376117687561546	39.37348415139587	39.346490722633405	39.324802304187266	39.29799306177282	39.277264845958676	39.253930627992915	39.230006827373316	39.206141326838534	39.196925392728	39.17704761009788	39.16502415822486	39.14123942313114	39.13248408955067	39.14711193076978	39.120760402578405	39.05265249505162
MHW309_trimmed_clipped_R1_paired	39.02185509522047	38.86146091592671	39.22608323335883	39.24730985724455	39.44570789426595	39.45273334044577	39.311808132704996	39.34690446963787	39.44933073485853	39.40038288364144	39.54286475896271	39.57387096320821	39.52248865153008	39.519672528848275	39.5503888393674	39.54893961678606	39.52323803246486	39.47512036023024	39.46045324565454	39.494320999707064	39.468603051516745	39.49148232604656	39.49946750105361	39.47999267723692	39.462272641243864	39.443882130922404	39.435957888782724	39.43024622765895	39.41502575361343	39.40028768728482	39.38847488107424	39.38067777264622	39.37425394616098	39.364584816182756	39.35139924551119	39.344531952023374	39.31374200456999	39.26387239688028
MHW309_trimmed_clipped_R2_paired	38.75443842281744	39.04654324540808	39.12017308745876	39.307913049430226	39.45322426391904	39.500781445602996	39.412037301949304	39.42717443245847	39.50771811222229	39.493116810753904	39.532867897115	39.56794379161121	39.5284603655631	39.54067584147647	39.51831808933929	39.522437389504276	39.497732025580795	39.46912594910464	39.450879159721396	39.42339395891405	39.3908573488672	39.36346207441794	39.361442932604014	39.33390613619373	39.311902898696864	39.28409169361278	39.26272700837322	39.239528236515106	39.215272124085786	39.19042394684234	39.1807745589784	39.16137796345767	39.148356319924915	39.125275039792214	39.115884825399796	39.130964879194295	39.10409091256677	39.03711639647107
MHW310_trimmed_clipped_R1_paired	38.97744601875165	38.8428835307101	39.14330538907816	39.197196932463	39.45000502474646	39.46106176435699	39.33988271223378	39.376733089676044	39.47457895145406	39.42615200205019	39.5597302192488	39.58860582521068	39.536921449649	39.53428296974454	39.56340352277547	39.561721852325434	39.534862891732814	39.484489160877786	39.47360189434279	39.50848047698315	39.48278883488397	39.50409135270743	39.51198844521682	39.492557810022085	39.47552573180019	39.458380316668865	39.45119559838713	39.44510404649156	39.43023132174856	39.4159555044639	39.40400543621503	39.39654985657694	39.39020524593307	39.38062112183225	39.36711839794502	39.36084804815349	39.33026735311564	39.27964893097072
MHW310_trimmed_clipped_R2_paired	38.89927459571777	39.11093055994474	39.18587155119336	39.35575573381108	39.48289759377266	39.52385967530568	39.44498191073186	39.457100548296594	39.5276853472203	39.51428576913851	39.5508667791481	39.58285078540237	39.5452780124228	39.55494626334175	39.53380705929411	39.53539343416284	39.51031965579739	39.48186775344442	39.46340028737152	39.43770258755979	39.40644958455827	39.38037526121314	39.37861026912011	39.350993638062526	39.33007355326863	39.304139665102994	39.283714819760206	39.261656506956356	39.23812544370711	39.21491165393998	39.20574584283075	39.18707711742037	39.17510982159477	39.15254553768741	39.14416914093498	39.15829897264662	39.133135222036266	39.06635538925813
MHW311_trimmed_clipped_R1_paired	39.066428692139894	38.78976436123471	39.175840897856006	39.28160949788651	39.37513268048616	39.31996569959219	39.31854369172471	39.365020295443074	39.3866021464661	39.38141870826323	39.533569266808954	39.56011542753659	39.498840115788155	39.47700143349458	39.48653691738693	39.47787616594893	39.46423880402936	39.443866993059245	39.41764672272888	39.397475830115965	39.380050885314304	39.362450105750916	39.34735486042978	39.329517813258995	39.314899371896715	39.29539312036871	39.28118333245535	39.27090403091256	39.26074672795555	39.25990589852529	39.26007417988979	39.25830302430212	39.25320226328289	39.250729195333534	39.242546045031574	39.23392828661592	39.204727452181956	39.14155142314888
MHW311_trimmed_clipped_R2_paired	39.0678305883942	39.27409005584714	39.382311188335535	39.469664249252446	39.49665230645092	39.536220058065624	39.51020292909144	39.53260252940226	39.53743455366092	39.54580210370555	39.563307425538866	39.56590739249835	39.53924135431813	39.526850180537416	39.51217643099176	39.48926852938389	39.45788694919308	39.425044299499504	39.384589178226655	39.34738308384335	39.31352473832058	39.280967068482184	39.24281696608939	39.21334880702782	39.18140721782247	39.15784488112948	39.13914804823223	39.12925120232936	39.11195139802564	39.09830290500878	39.08720220036872	39.0740221883042	39.06397502938651	39.05805271824852	39.04720030502277	39.07325989271282	39.047950299374705	38.97896723248267
MHW312_trimmed_clipped_R1_paired	38.93939656862911	38.70021001043101	39.18593716356689	39.24966329482178	39.362160385997434	39.39814157116694	39.291848479342484	39.28511369875247	39.34840704284042	39.35268034324506	39.528191961183275	39.563222325654564	39.514748483851186	39.49642367465812	39.51082050801653	39.50410374078173	39.49466175053324	39.48235133484741	39.460474900112104	39.445577815513815	39.43019852953031	39.41540013378812	39.39970747539929	39.379435429347005	39.36263566668798	39.33846865120012	39.31860013993753	39.30083201748157	39.284017583209874	39.27620190349582	39.26822125819776	39.25803475169136	39.245094277901835	39.23602991924877	39.220787223684376	39.20659805736474	39.173665599365805	39.11674742056906
MHW312_trimmed_clipped_R2_paired	38.51882917739396	39.01889040229957	39.1789698721621	39.32821527769289	39.38332441570414	39.44064300460891	39.41572324796933	39.44451972126308	39.445657384825644	39.47267125253382	39.50199159106004	39.508598274601546	39.48564544877906	39.48039541422973	39.47279171451623	39.45632890587668	39.43270787050757	39.40384853637879	39.37131404947157	39.336207470493875	39.310076723794275	39.27777258822055	39.24242446127312	39.21070834538223	39.17930712474218	39.150738436482996	39.12767766289206	39.11134467079672	39.089770005159224	39.06712425621345	39.04792434605185	39.02454351643247	39.00725878494502	38.99213633453381	38.97385266038005	38.994957925928205	38.96505479984341	38.89887984730534
MHW313_trimmed_clipped_R1_paired	38.9632096912635	38.69248104721385	39.13503970174767	39.16347858036023	39.32721559214102	39.38417187848577	39.30303447037356	39.312674233750194	39.37177375918571	39.3738692147444	39.537750980491715	39.57133981826268	39.52162623506003	39.50535186701075	39.5193209547197	39.51278506490564	39.50369570846053	39.4921756125393	39.47072751228306	39.45585011243544	39.44126073159957	39.427255904533425	39.41226003918892	39.393172722670116	39.37571703747588	39.35221583411152	39.333046610149964	39.31530744612953	39.29862028718444	39.29097599223907	39.28288683375592	39.27199049430172	39.25907257193344	39.250182671125245	39.23486592883047	39.219605609461944	39.18661023278692	39.131024245672926
MHW313_trimmed_clipped_R2_paired	38.56726627709296	39.059792006732366	39.197353565352536	39.34526733249948	39.39376239115773	39.45230922017126	39.42303281378672	39.452815768406815	39.45527767513808	39.48125520820983	39.51005935939896	39.51659097713652	39.49422678423931	39.48926100500246	39.482444753427885	39.466135377698265	39.44337377052013	39.415106786283545	39.38313850161006	39.349220951854974	39.32395128339823	39.29281064605807	39.25848242245808	39.22695778589449	39.19739464379204	39.16917271735283	39.14735237327865	39.130942549757656	39.109757147728146	39.086765392167614	39.0680545794364	39.04572897445065	39.02850174885351	39.01357989024968	38.99467744258142	39.01445897074225	38.985464557734346	38.92200102133358
MHW314_trimmed_clipped_R1_paired	38.95790831336013	38.73193470881744	39.18452295573404	39.2359178589877	39.36688565756783	39.40560702646032	39.290744275096024	39.26386858440447	39.35242522466143	39.376438868754676	39.54190651581371	39.57878453584776	39.530782261310115	39.5128693008367	39.52605476723979	39.519180941841284	39.5099988203894	39.49784490556628	39.47719095090504	39.46190309036935	39.44782679433375	39.43324665773976	39.41813843875675	39.39857657855626	39.38160356386102	39.35849845770057	39.33923626941246	39.32194118202251	39.304973057365245	39.29658055445337	39.28810822203824	39.27768151442042	39.26462764184818	39.2563001542142	39.240064642789065	39.225420383750404	39.192409902832836	39.13689756732129
MHW314_trimmed_clipped_R2_paired	38.61666049430012	39.0822471263546	39.21993295840156	39.36230774856096	39.410711691624485	39.46599671840561	39.43883540511889	39.46752946738664	39.46927552887957	39.49290992295138	39.51994502490633	39.52549625897929	39.5029133248448	39.49743892032522	39.48975027972902	39.47370828746066	39.45112338910418	39.42343086103456	39.39146112295846	39.35798755362505	39.333003805093604	39.30090030323959	39.26728070443939	39.236493305301515	39.205429704316224	39.17781426455073	39.155336404955975	39.13850806456312	39.1174335921293	39.09512673632613	39.07614088013932	39.05328841668307	39.03506379441715	39.020257723636334	39.00060117714863	39.02070321448275	38.99152340503899	38.927240310211076
MHW315_trimmed_clipped_R1_paired	39.07726399435604	38.798324088692645	39.23425506519996	39.272057623184345	39.31293224758727	39.217700549563276	39.258194196503105	39.24552990589558	39.362254593655486	39.39459117419109	39.556304331692054	39.59307246464555	39.5452494767984	39.52266064994937	39.54022385473225	39.52809720641181	39.519184554180086	39.508082854133896	39.488720327262605	39.474180735308174	39.460341017202	39.44642864954105	39.43242952846873	39.413437576724085	39.39777781436964	39.375046267758805	39.35541614080774	39.338979860941656	39.32258491328851	39.314664382290076	39.306330584397166	39.29618641575174	39.28272276721156	39.27368472424048	39.258137570155284	39.24310386415757	39.210499357266855	39.15222714443643
MHW315_trimmed_clipped_R2_paired	38.821229042881036	39.18896347073941	39.306739375112464	39.42170337750258	39.463772216812586	39.51038632694088	39.48331049749995	39.508899526331554	39.50737311678307	39.52649766081193	39.55052402772596	39.554824376139365	39.53198629727746	39.52550449430761	39.51813023110921	39.502117946355085	39.47905526498888	39.451991442420386	39.4200221030253	39.38851454826465	39.36431188314842	39.33302641191816	39.300131241081424	39.27018320374132	39.2401965975001	39.213277287042864	39.19220492792489	39.17578771433355	39.1546927428761	39.13211763384179	39.11436020679994	39.090943927089626	39.074185609331195	39.057914463972445	39.03875004313993	39.05764237165652	39.02758888593881	38.96370847304296
MHW316_trimmed_clipped_R1_paired	38.98160731952632	38.79216950718587	39.11281749941298	39.239892603902845	39.312779451024475	39.40195248738714	39.238624667323734	39.30141982803513	39.35398104284913	39.35863183006622	39.53415352527806	39.57025682299205	39.52410383289747	39.50464645751462	39.51984662493157	39.51130397994046	39.50259390022018	39.49132021668457	39.470565370256	39.456185824550246	39.442561428683334	39.428582060953595	39.41377593460648	39.39480505342218	39.37863324314215	39.355213755011306	39.336049398781384	39.318649686905765	39.30252170735743	39.29404649897906	39.28604898264999	39.2757048923777	39.26243460758369	39.25377241251009	39.238529033288174	39.22322310958117	39.19084687817851	39.133890106324614
MHW316_trimmed_clipped_R2_paired	38.61907654515873	39.08679097913831	39.227414154874054	39.366205959783954	39.41495010977368	39.4692919867968	39.442371873902246	39.46947919922378	39.47044249902681	39.494921518435945	39.52316435651102	39.52968945640145	39.5078546307803	39.50282944222731	39.496067436842104	39.48032395129633	39.45839324454447	39.429978729396296	39.399682232565894	39.36626470631593	39.341879165905446	39.31079198716911	39.2769222601257	39.247179015396526	39.21663550454323	39.19000347448177	39.16858022694502	39.15194114644477	39.131188372793076	39.109213137153766	39.09097114674783	39.06657941165916	39.05042431481562	39.03476845887479	39.01566241992094	39.03466564919822	39.00583017671944	38.94341911574496
MHW317_trimmed_clipped_R1_paired	38.95734765000967	38.778057586246724	39.143398075109275	39.2618239853133	39.36819113459753	39.30684040006658	39.29170193980337	39.3538992248404	39.3754131073051	39.377054256714295	39.54085522754346	39.57349323398664	39.52332908039386	39.50694299723757	39.52078877987999	39.515580600601595	39.50716191594148	39.49439320748921	39.47307487305982	39.45788049059314	39.44320502593971	39.42903619499717	39.41376234203763	39.3940816540337	39.37687791791613	39.35341664936564	39.33384631356031	39.31722580128532	39.299799380596674	39.29137340623721	39.283768961544006	39.272276238429136	39.259251570481055	39.25073851038731	39.23539114891558	39.22080825476806	39.18744006689528	39.13074304391079
MHW317_trimmed_clipped_R2_paired	38.647866499005175	39.10707182220047	39.23470129081875	39.37192748922804	39.41947043678568	39.47493745844443	39.446740905064175	39.472907921422056	39.47558052830372	39.498711627712666	39.52569087276835	39.53079451280628	39.50771566240532	39.50189344189875	39.49410137750634	39.47752338546924	39.45420899057966	39.42645403687036	39.39443521589068	39.360822771838535	39.335061750978205	39.303710013286306	39.26945095552661	39.238890713605066	39.20812445447921	39.180795610151996	39.15810573565248	39.1426616849465	39.121053929128784	39.09885431034889	39.07983289313516	39.056401870035536	39.03938530775063	39.024253583890484	39.00451528764908	39.02457846819772	38.995085568444615	38.93123580913117
MHW318_trimmed_clipped_R1_paired	38.97091187113035	38.692088649845566	39.141177895196186	39.25867582972605	39.271297150048916	39.39405142468421	39.33371905501182	39.267619387227654	39.3545554756314	39.38009941499624	39.54694362488964	39.58046459838346	39.53089552827915	39.51458751185159	39.528052989976814	39.52376541207791	39.51510102402026	39.50315413211798	39.48228896778509	39.46749816585309	39.453556451742415	39.43969832043932	39.42513074315268	39.40624552913478	39.39005124641221	39.36677774277642	39.34805539561811	39.33151608220161	39.314858136205906	39.30729429589684	39.29957188656889	39.289272775207685	39.276240680423406	39.26785804545251	39.252664950841684	39.23872595050027	39.20527753889424	39.15005665259065
MHW318_trimmed_clipped_R2_paired	38.7171195644887	39.129526479321704	39.26517338860823	39.39151716891553	39.4368595868884	39.486465430118166	39.46082839137102	39.48594200231562	39.48557691562989	39.5076326709311	39.5333054244028	39.53884852856831	39.51696080343818	39.51140952871263	39.50476169600073	39.488540146232594	39.46674364284301	39.439075936267066	39.40862783380491	39.375997302460384	39.351978031559284	39.32145086778365	39.288797686906136	39.25892695692687	39.22900371635918	39.202570897121134	39.1810975496732	39.165472017872446	39.14462265215517	39.12299456341833	39.10511002937601	39.082114774036285	39.065717959510316	39.05015450327014	39.031622830510614	39.05054389129638	39.022118244866405	38.957598297748284
MHW319_trimmed_clipped_R1_paired	39.1150013086772	38.75649970536736	39.3106630058339	39.332570330952045	39.300606263209	39.37258284557867	39.44720304439557	39.43203700244504	39.44334517680058	39.45431812425461	39.59503513792048	39.62288681504299	39.574999686640936	39.56403029585066	39.57657579428826	39.57292674760131	39.56523765248856	39.5541895262463	39.5342081359237	39.52137377339067	39.508671596448885	39.496086729092156	39.48205622194553	39.46536582842989	39.45052148099525	39.42885955455431	39.41208853143088	39.39681520043153	39.38245452833529	39.374115521038696	39.36720138070892	39.356964171446485	39.34499202486861	39.335464996529915	39.3215492315817	39.30750241286112	39.276427996180274	39.22216212440618
MHW319_trimmed_clipped_R2_paired	38.88621884935474	39.23011834636379	39.3477173093487	39.45241857787516	39.49076536663997	39.534264258511605	39.50946386619932	39.534083477054025	39.535752606650455	39.552743496064316	39.57576567368112	39.58142199231997	39.56188256620843	39.55772043119866	39.551078639547335	39.53675335132242	39.515086340737106	39.49006245498039	39.46048508635197	39.43092493431352	39.407054386268385	39.37900118028168	39.34774364789435	39.319798671657466	39.291147062252804	39.26657960802167	39.245947882337006	39.23014215312569	39.210763596168036	39.18880956368632	39.1720460697882	39.14910493010097	39.132483244048316	39.116268458435826	39.097667608248976	39.11357253437353	39.084520963911885	39.02292617491329
MHW320_trimmed_clipped_R1_paired	39.09619374777518	38.80721066857745	39.2712964171699	39.316929451803105	39.42597162447504	39.457157698395235	39.35432872765394	39.347338951401596	39.410128878247406	39.41436552593424	39.57104689482803	39.60120817936808	39.554898065338065	39.54063347177647	39.55239637808438	39.54509914996017	39.53564795565042	39.52361729711167	39.502952073972544	39.488892264013145	39.47478278437662	39.46114028445458	39.44658284276822	39.42810938381262	39.41210779784152	39.38995682589077	39.371561191007956	39.35468719086364	39.339046046527756	39.33152766090253	39.32415195812646	39.31436179873292	39.30195281107491	39.29342142883458	39.27902724637875	39.26542818106666	39.23439536712489	39.18021194637079
MHW320_trimmed_clipped_R2_paired	38.68006442763862	39.10548646419225	39.2536797987929	39.38335249477031	39.42899921017548	39.481254932427035	39.459039906096876	39.48634123330802	39.48901503407067	39.51105374905602	39.53667052854577	39.54292293158383	39.521862946107134	39.51632993532779	39.50881040715109	39.493739193358586	39.47043881564444	39.44391508813906	39.41130005896034	39.37925159268147	39.35382682873499	39.323579427849836	39.2891685276225	39.25973391642874	39.22935466135837	39.20287551764269	39.1807615142765	39.16402235891165	39.14374936698323	39.120911377091424	39.10398800478315	39.08058048141595	39.06384493366253	39.04845213001778	39.03038122243464	39.04743415587912	39.01868698632122	38.954586705771085
MHW321_trimmed_clipped_R1_paired	39.06829856371779	38.78432514708771	39.20799413921659	39.23528113488912	39.38890814737623	39.439781037608846	39.362996438873715	39.37204580764085	39.42682427625506	39.43026720296773	39.57780273917278	39.60598304236095	39.55861526302833	39.545174961418425	39.55576818086223	39.54880754081863	39.538893773476914	39.52616301429443	39.50487370295773	39.49052917404724	39.47652258400726	39.46253942080385	39.44776127881246	39.42887642216899	39.41229703566336	39.38982686354623	39.371482018724556	39.354495021717604	39.338461844135715	39.330673457312926	39.322433125348006	39.31221208278073	39.29954079126717	39.29081490807563	39.276591572007646	39.26241863134626	39.231062396646806	39.17459124110256
MHW321_trimmed_clipped_R2_paired	38.71302722708178	39.116326128805845	39.25455452069407	39.383865979258815	39.42853759246572	39.48238649980664	39.456474940046064	39.48666538063838	39.49014336118775	39.511403721641436	39.535524914827164	39.541867420838074	39.52038931373749	39.51489944229725	39.50730029059042	39.4912899511364	39.46771293723084	39.44054346143623	39.407704491275084	39.37530533886389	39.34958682434957	39.31956267607881	39.28538442556031	39.2546656128797	39.22465326818211	39.196946197743195	39.175010870099236	39.15810954505807	39.13725275792576	39.11461084013442	39.09712876468484	39.073776952731485	39.05792440000139	39.043056525053856	39.02537414318707	39.04294853834555	39.01362345888242	38.947305966345056
MHW322_trimmed_clipped_R1_paired	39.089259082945574	38.85180956811829	39.28708446960886	39.32055603952133	39.44236369973442	39.48821242772494	39.38774339853071	39.37091134493761	39.44534479629367	39.45807091360647	39.59681944076664	39.62678092847147	39.581005436368685	39.566739162796466	39.577415767816305	39.57197448062167	39.56386590021346	39.551840838887614	39.53279563849348	39.519575069283256	39.507001179223245	39.49361085438439	39.4805753826072	39.46153195191491	39.44732191874628	39.42521030134818	39.40873974602822	39.39155008020036	39.37557621794808	39.36717125128817	39.35949989723595	39.348789972724504	39.33558037412094	39.32636470905538	39.31016591040201	39.29375243393164	39.26030148294227	39.204142995770496
MHW322_trimmed_clipped_R2_paired	38.95213733586932	39.24319300497466	39.35227560778202	39.468755942839906	39.49417993986964	39.547283382574356	39.52036625593483	39.55183902321937	39.556759784313826	39.56820411220393	39.58821149464109	39.59299512069029	39.5717434165342	39.565057810439534	39.5576652482314	39.54370631774832	39.52196024174459	39.49742157877672	39.46711449602786	39.437942375627024	39.41382150494748	39.38547785658265	39.35350449274466	39.32398482288603	39.29550814625092	39.26829624035624	39.24839577663602	39.22971807678016	39.209104281190285	39.18616545985734	39.16839690159468	39.14443521121102	39.12605783307017	39.11077783753406	39.08926331137653	39.10333276277694	39.06946742547409	39.00455799261547
MHW323_trimmed_clipped_R1_paired	39.12148138674129	38.867592287119926	39.28371891902467	39.31692639591203	39.36341865916268	39.27097988393989	39.31252451134437	39.30467203045969	39.409724482946366	39.44004302639381	39.58759043279182	39.61999702698372	39.57478021352087	39.55523456528019	39.56978321314805	39.55796206200945	39.548392114075256	39.537054695722446	39.51806081498599	39.504059585867694	39.49131920157846	39.47790689008929	39.46408526054831	39.44580556869546	39.42981311662594	39.40801502904581	39.389955465528516	39.37397112846121	39.35776322020479	39.34981303312908	39.34182155422345	39.33178912973476	39.31852226176721	39.30968071526445	39.2948944146102	39.28054779689525	39.24921089151092	39.192796714593776
MHW323_trimmed_clipped_R2_paired	38.83548541771976	39.19054395896044	39.31666648809074	39.4303519326531	39.46994189679673	39.518417563037744	39.494289418562616	39.52188069978048	39.52372486165131	39.54156102103748	39.56368533517889	39.56844668358147	39.54639493656727	39.54093777830728	39.53287656586704	39.51745718418313	39.494498090189026	39.468847460446185	39.438051042567736	39.407231017786216	39.38284788904761	39.35319727261053	39.32033554396065	39.29064120046902	39.261353373763946	39.23563353545118	39.21405068381493	39.19751073138023	39.177364905952246	39.154177290499774	39.13698938621869	39.11342039689022	39.09718207401337	39.081149237114225	39.06275541797034	39.07911104824149	39.04993005583053	38.98603438447707
MHW324_trimmed_clipped_R1_paired	39.09085724791111	38.85312227998414	39.164310376937394	39.28204895795125	39.35612731035896	39.438795887560865	39.28859889018346	39.346453816626045	39.39894078795319	39.39961407994578	39.56171091677864	39.59298502901849	39.547657605535505	39.530808133729025	39.5413458710377	39.531408358987065	39.521108515618025	39.50886098907422	39.48710755931238	39.472845316652695	39.45820333994419	39.44339815291203	39.42878104599032	39.409237983533345	39.392630682032944	39.36896172653194	39.35057545883024	39.33310708875622	39.316357502352375	39.30848156197186	39.300801832478065	39.29024244824157	39.27718102758716	39.268773930188516	39.253883293667926	39.23980075375729	39.20701726984669	39.150970985175945
MHW324_trimmed_clipped_R2_paired	38.653033893563496	39.083970053852184	39.22643527549077	39.368934178236024	39.41072258239657	39.47238944016255	39.44658756443806	39.47973883322876	39.48308263100759	39.50529813396373	39.52994629817316	39.537063270084744	39.514891200452986	39.50854607605559	39.50041822138219	39.48406465152539	39.46017113752467	39.433166197500604	39.400315703414456	39.36702720005685	39.34076392717317	39.309703595578604	39.274853176269474	39.244446726944815	39.212842631793265	39.18520191397018	39.16229284672021	39.14532775509503	39.123864346277564	39.10075247555759	39.08345018473512	39.05964099085969	39.04289282859402	39.027810692446124	39.00942760000626	39.02785635487751	38.997937637532544	38.9319158265005
MHW325_trimmed_clipped_R1_paired	39.051719490880785	38.856271538400016	39.20468922316371	39.31747453521411	39.42088058859209	39.359664893694536	39.34785773439713	39.403753890173526	39.42302155237108	39.42643256681794	39.576363524273106	39.605528938021834	39.55829601130724	39.54532683439957	39.556842023238815	39.55090723779996	39.54236659980926	39.529764671716826	39.509216807706665	39.49497790114577	39.48110710530355	39.46705565424632	39.45265205060219	39.434454672404584	39.41791254725426	39.396262512223494	39.377483463321454	39.36194936168491	39.34603656672921	39.338796861762646	39.33062415131148	39.32087221243827	39.30807357692272	39.29934187674344	39.28526119758335	39.271477356747525	39.24075096107021	39.18593220095807
MHW325_trimmed_clipped_R2_paired	38.689853097135845	39.10950548539103	39.25514123548657	39.38394696031468	39.429423245854814	39.48003620303348	39.45863408371472	39.48602555183933	39.48901764589622	39.51039066417384	39.53472526036798	39.54151957670954	39.519769784211995	39.51432391372106	39.50666422415204	39.4912302731012	39.46733216410932	39.44037719486539	39.40811382501585	39.37609160142129	39.349750264455714	39.319802599526625	39.28612163980519	39.255748750936164	39.22587152312953	39.19934912979064	39.17699142793394	39.161193592139625	39.14104582704774	39.11808662861137	39.10140917449321	39.07815662860166	39.06169348950105	39.046259607819024	39.02909063749634	39.04720354322059	39.018874277731804	38.954321791005526
MHW326_trimmed_clipped_R1_paired	39.075940232549016	38.74445141690332	39.289971623831974	39.3233057427178	39.28781881496866	39.36348625966277	39.44140907083937	39.42880843445677	39.441246608389264	39.45120684246511	39.589130557965476	39.61600760327506	39.56641222599234	39.553923096952246	39.563189580194305	39.56007158481192	39.55207961438453	39.54004534133662	39.51986371015464	39.50588734785956	39.491604432067625	39.47793881258313	39.46323084692693	39.44484462641448	39.428756028067276	39.406945876058586	39.38842224893749	39.371898355681125	39.356281422306566	39.34770132849029	39.33930409139356	39.32844800789012	39.31529785737676	39.30494951209891	39.29031116306824	39.275076916979415	39.2435132800543	39.18728288626074
MHW326_trimmed_clipped_R2_paired	38.48728424488105	39.04208795767715	39.1947903376338	39.34705427996996	39.39897338199456	39.45390416828411	39.427221342537976	39.458132739843464	39.46347098551004	39.49407585040585	39.526259764455176	39.535541248001174	39.5166537872518	39.512167567812604	39.505637079475214	39.49008009710825	39.46812458092245	39.441354940774445	39.41098898940861	39.37777612521857	39.353779898311124	39.32298898078376	39.29034146327811	39.260184401407116	39.23061600696771	39.20410044089124	39.18175351144953	39.16584308668221	39.14466874796948	39.12270623164647	39.10474191251044	39.082386469746616	39.0660863103888	39.0516324269457	39.03314788128133	39.05143596416273	39.02315206230352	38.95898167994218
MHW327_trimmed_clipped_R1_paired	39.178238817838555	38.863982368462935	39.300944289027896	39.35166151894419	39.452445608228075	39.48973021311163	39.39390027723884	39.394408473203384	39.45214370250294	39.45188155276319	39.59276282998044	39.619179351067736	39.57272852075058	39.558843001248036	39.56795900098283	39.56374225732221	39.55488963952477	39.54435406998139	39.52471083297699	39.510555029272346	39.4958885144584	39.4827813998249	39.467714035939686	39.44904299473277	39.43266051734908	39.41017850370959	39.39175874391502	39.37436046214394	39.35799077472781	39.348782590028435	39.33935298443712	39.32738448974625	39.31311611335876	39.30323432609893	39.287787012476315	39.272009269523	39.24036105806889	39.18313657692222
MHW327_trimmed_clipped_R2_paired	38.672965445683374	39.13981969054567	39.259061938373655	39.402392283718015	39.446846746595	39.4991191564218	39.468441458798246	39.502260606430895	39.50707760566101	39.530033820654836	39.557327549110745	39.56553992472287	39.545399043325745	39.54102098653904	39.53372710490778	39.51796839216454	39.495759757188765	39.468265879589964	39.43859623961253	39.40497959542678	39.38064941532465	39.349858682053544	39.31650101137093	39.28603842152705	39.25554594833808	39.228041131535974	39.20501570920505	39.187315409869086	39.1652327613681	39.141995579480444	39.12321382067506	39.099012112070795	39.08163028702201	39.06561112508625	39.045987500313295	39.06141833014137	39.03084737611831	38.96352652446106
MHW328_trimmed_clipped_R1_paired	39.083837400757716	38.83239617419688	39.236679001676386	39.29529386730869	39.42584278397821	39.47038801770781	39.39748239306936	39.40684965947944	39.46273077761951	39.465186226769426	39.598960720773434	39.62475338783109	39.57723345233674	39.56478529779158	39.57490240296636	39.571044870991145	39.56261363004681	39.55239914597805	39.53343021177843	39.520170323756346	39.50680281523169	39.49350904671144	39.47904714386915	39.461359561895634	39.44564040438142	39.423820533171146	39.40544949586542	39.38916635039647	39.37296149504567	39.36412730172768	39.35464912647434	39.34352767780448	39.33004552227795	39.31964114529558	39.30468370407979	39.289516856347554	39.25788912921444	39.20428313353996
MHW328_trimmed_clipped_R2_paired	38.610068610640326	39.10378030527983	39.234290626533436	39.39958737665287	39.436969555380415	39.48242985562517	39.457582457470195	39.487461524228316	39.49349839781347	39.51987615017892	39.54857763659196	39.55741532367504	39.53935527763577	39.535585941264785	39.530875253141424	39.51527394046047	39.49367577994535	39.46840431658668	39.43902628909026	39.4070303684771	39.38324830927674	39.3536463336135	39.32170511175407	39.29185213992902	39.26227452224991	39.23604253126917	39.21413811103861	39.19791882729417	39.17730350839316	39.15432911645935	39.13582249822188	39.11404845146795	39.0969188892013	39.0821686903786	39.0632030168138	39.07969740565913	39.051144240193054	38.98938791743616
MHW329_trimmed_clipped_R1_paired	39.09314568833952	38.892088997176344	39.30288657591176	39.334103011190415	39.45815606847521	39.49788959177042	39.402099013753045	39.3878376215455	39.45899274984703	39.473757339091875	39.605873980835234	39.63430961284664	39.58780241803219	39.57504094847684	39.58328354519637	39.57936504728026	39.57136833683573	39.560035596062804	39.542469662134984	39.52777032189628	39.51426788698964	39.50084970726441	39.48694570041933	39.4682918772509	39.45224280096285	39.430453259727116	39.412130228794844	39.394817933089726	39.378276417012536	39.36861178098961	39.358892996022796	39.34771711623149	39.33336617189285	39.32310004300281	39.3073477786877	39.291363917755895	39.258769274363786	39.20312382214538
MHW329_trimmed_clipped_R2_paired	38.74601960575865	39.174740995654005	39.29229672837813	39.42577829262517	39.46845163344408	39.51700660906325	39.487554201557	39.519898575103056	39.524453190821795	39.54518811860429	39.57187803114838	39.57923075373411	39.55970596088537	39.554855824526115	39.548342159338105	39.53352854371697	39.51198079114752	39.48615565986311	39.45697876841658	39.42547089023911	39.40181868665034	39.37159631588996	39.33977586425184	39.30962036266642	39.28012773937993	39.25248210309413	39.2302483987767	39.212795057867034	39.19102423670091	39.1678714079295	39.148643935639896	39.12464896810064	39.10637068541206	39.090763669186614	39.070312229771005	39.085287565696646	39.05513248601146	38.99114815493962
MHW330_trimmed_clipped_R1_paired	39.149378193474085	38.92140922753907	39.317894745446424	39.352446159354386	39.40510505014985	39.311776024782546	39.362277501894575	39.36261541231254	39.45768025732621	39.47914029875159	39.611245355055594	39.63996022531168	39.594851447362736	39.576292611772814	39.58870498602556	39.580021935460124	39.57187182433554	39.55978533932475	39.542345187184026	39.527581952182295	39.51423543465156	39.50008237042813	39.48568628143953	39.46698467844665	39.45164134357192	39.428589619190284	39.41033412411704	39.39248197094612	39.37507235045564	39.366174366370636	39.35573608274301	39.34374570360691	39.32969802822032	39.31977134976369	39.30268437696587	39.286932694172535	39.253942167936245	39.19732213831058
MHW330_trimmed_clipped_R2_paired	38.8437348063484	39.22154775366859	39.32763488939528	39.45308291942739	39.49390009326043	39.538665652442134	39.50827834619031	39.539050804876624	39.54368346062396	39.562636954481675	39.58715250947598	39.594468150612315	39.57446170262691	39.56967195303717	39.561817975211774	39.54673362168823	39.525104882326694	39.498943334827544	39.46886702731992	39.436684335691254	39.412587586557414	39.38212580350968	39.350037794835345	39.31915175530239	39.29053071138655	39.26189393768112	39.23998678283649	39.221312408898946	39.198796012764404	39.17543456985796	39.15593203049715	39.131020631672456	39.11361797110415	39.09890067455311	39.07764703503955	39.09191424372672	39.06105281989227	38.99700851232988
MHW331_trimmed_clipped_R1_paired	39.26606720991452	38.97409008662851	39.24938429912245	39.360295094534365	39.434794219824525	39.51288679557814	39.376026047726164	39.43262935393456	39.48150442667432	39.478271631012916	39.61089454285223	39.636290162263826	39.59101442949134	39.576301632995026	39.586472055663975	39.581411596174924	39.572718480139926	39.56175330227156	39.54368291780112	39.529952624995	39.516722124577406	39.50350068877899	39.48969068161298	39.47176598433528	39.456167265345556	39.43434605282867	39.41591637108459	39.3981443252776	39.38115441349227	39.37088415300381	39.3616549556427	39.34949476616589	39.33500593567682	39.32447272932286	39.30765395374006	39.29174445117569	39.257860194004856	39.20179228261641
MHW331_trimmed_clipped_R2_paired	38.9494990215151	39.2853725307197	39.38021465700534	39.49200308472227	39.52882803944431	39.56812351163784	39.53897250317401	39.56808446350912	39.571711665703305	39.58779079035138	39.61045600202396	39.61675557865152	39.597283147763115	39.59169965402152	39.58427365850498	39.56922122469972	39.54808675953018	39.522419720478624	39.49361501944482	39.462351137424626	39.439464704383624	39.40967270098612	39.378434780695706	39.34912672991656	39.31984035524002	39.29241051612496	39.270459881879745	39.251891673265355	39.22974556676346	39.2054942145268	39.185718604801046	39.161816892986295	39.14240915395498	39.12590553705828	39.10438699632907	39.117074896497726	39.08569409261633	39.02283788447654
MHW332_trimmed_clipped_R1_paired	39.04462553499224	38.8708016086028	39.20511976599468	39.3220787067366	39.421645545609664	39.36627310217657	39.35928222560785	39.415283943056494	39.435598535037144	39.43739615022582	39.58016213116777	39.606461944181355	39.55765990890931	39.54324090652848	39.55132794235665	39.54517820427707	39.53590144755735	39.522329250352406	39.50071651248886	39.48520885457357	39.46908164022331	39.454322363795434	39.438899325232384	39.41867373321024	39.40183758716777	39.37905043273308	39.35997889408487	39.34232112343953	39.325741753634325	39.316837928736774	39.308244179249755	39.29741429527513	39.28317866460719	39.27341809369238	39.25839710932685	39.24342834558494	39.21060329588859	39.15289758122604
MHW332_trimmed_clipped_R2_paired	38.39045378609338	38.99039455160509	39.1437732952943	39.31479093518979	39.3699159575069	39.43321346501597	39.40345094525256	39.43772804789131	39.445507235435855	39.47612161607226	39.509067955263056	39.518312716229545	39.49683751914179	39.490859423045414	39.48240416259079	39.46558888568391	39.44151121364018	39.412069013383864	39.379663941707754	39.34427640556747	39.31788356845313	39.28576165188257	39.250333284487816	39.21804926678638	39.18750338474753	39.15813640350418	39.13555960368616	39.11850436641065	39.09667825127552	39.074740080520556	39.055825838193165	39.03336730340472	39.016523604968114	39.002473322169905	38.98487940766949	39.0049148710547	38.9741956086811	38.909003428882755
MHW333_trimmed_clipped_R1_paired	39.068286985108564	38.830946350853644	39.24159025045354	39.34778867768718	39.36175174609118	39.476988287774766	39.4278732571103	39.37092740369094	39.444248869079416	39.46488975983433	39.60085792964292	39.626552036543714	39.57808988081683	39.564461788669135	39.57248337561564	39.56874112275973	39.56035900919255	39.548982183540666	39.528822870758646	39.514440121359925	39.50076609695577	39.48713405022015	39.473368518029346	39.454818851842425	39.439685049780124	39.41896880591158	39.40003854192017	39.38377622949045	39.36803001272777	39.36027267165544	39.3515515276918	39.34045238914521	39.32692058249633	39.317791437790774	39.30210363074451	39.287243481440655	39.2547148815014	39.19814629158754
MHW333_trimmed_clipped_R2_paired	38.71424317119338	39.15873591257871	39.29120453815951	39.41458091221311	39.46070290453798	39.50840723958484	39.48133525226953	39.508855451894206	39.51211502427605	39.535660401136354	39.563470426720855	39.570036039981666	39.55025022911096	39.54494103494655	39.53760580156528	39.521123000502016	39.49889008434159	39.47200405884998	39.44237503765238	39.41014260356213	39.38713693731661	39.35699457698977	39.3254015688228	39.296299019580964	39.26731785865841	39.24184778820917	39.22066525662287	39.20428507404844	39.18394414342	39.16285438335155	39.14522073530825	39.1222750381351	39.10598871394578	39.091735482086406	39.07295614343322	39.08872754993551	39.05979062351984	38.99614119145851
MHW334_trimmed_clipped_R1_paired	39.09601350155889	38.72807043108285	39.28374490852875	39.32145279710097	39.27505205842959	39.36225317600057	39.43874826773483	39.428311812162555	39.44073296153568	39.44770692253653	39.58655320591597	39.61293168685786	39.56322182963599	39.5506775695891	39.560696187831965	39.55667440515885	39.54850337118769	39.53631428157556	39.51637674935453	39.50206254206126	39.487230952702866	39.47410610258236	39.45905479402571	39.44070846372285	39.425602592058446	39.40284203056281	39.3852560127515	39.36799089909211	39.35213122040402	39.343661208386514	39.335547935248215	39.325234484158344	39.312212265834674	39.30301807002038	39.28829684456413	39.27413885066193	39.242078111492596	39.187259054535126
MHW334_trimmed_clipped_R2_paired	38.67645137588754	39.12353091975567	39.2479772238147	39.38554901654703	39.42823232710207	39.479016807476945	39.44932264758986	39.47899109441945	39.48567647322293	39.511052402794085	39.539835915999504	39.54824097255046	39.52899447476399	39.52412141105894	39.51784468600179	39.50208256538066	39.47929718422891	39.452703586481825	39.421270240631614	39.3892772775947	39.363761171093294	39.33404798408677	39.30076851810621	39.27099120639165	39.240810865601546	39.21442247326736	39.19254879945172	39.17539423407841	39.154590866194994	39.13193327202595	39.11430904315642	39.09119569593935	39.0739508202223	39.05843147362067	39.039860941662596	39.05609096398207	39.0265718474332	38.96317956823165
MHW335_trimmed_clipped_R1_paired	38.944690783004106	38.83689853255961	39.12317293010795	39.175051081506034	39.42074849806222	39.45320380871199	39.30985943501173	39.35716251537315	39.46325665589514	39.41672390575615	39.55439248603523	39.588597229119344	39.53745798426516	39.53329736845207	39.56284454531429	39.562156442062374	39.53515299283585	39.48752088716295	39.477989027626464	39.51436284017827	39.487817807014395	39.509445079753675	39.51973523487418	39.50083062891276	39.48331706708393	39.46550568831354	39.456435174965456	39.45147986520343	39.435586645581836	39.420131602451576	39.40840614324794	39.39943643989061	39.39262218263752	39.38303666102038	39.36871739013401	39.361577470753296	39.33176653363622	39.28517207168199
MHW335_trimmed_clipped_R2_paired	38.81886410246363	39.10423835924783	39.141698573052466	39.335307821083234	39.46334296401383	39.513963168566356	39.42977183710551	39.44569967965861	39.52326250061097	39.50667302835305	39.54330928732431	39.57660967833236	39.538184435219854	39.55131983390395	39.531622145896	39.53617770224546	39.512770554819475	39.48587699387065	39.47068153753348	39.44584196602352	39.41489075702846	39.389296443179866	39.38989822525982	39.36392031704156	39.34304954297849	39.317338743066365	39.29641067177464	39.2740576987893	39.25031013226537	39.22528116991742	39.21515597213668	39.19511824234861	39.18191304518591	39.157476777028506	39.14941606943817	39.16291157118986	39.13849974268441	39.07500039959265
MHW336_trimmed_clipped_R1_paired	38.90176647857916	38.87002422612111	39.19021698234292	39.228628928216224	39.42584644959956	39.449136557837676	39.31351897521395	39.30738865858914	39.43930306734894	39.40243443159522	39.54654887694059	39.58349753106618	39.53074192772634	39.5259890132883	39.553619796088604	39.55191240638127	39.5239524983008	39.4790096759954	39.46577081789923	39.496904024052064	39.47187837794042	39.492348843507116	39.503835317028084	39.48436950891606	39.46631849016355	39.44810055536218	39.43922141989051	39.433538223268705	39.41733023793976	39.40238180684113	39.389746649146424	39.38175096742559	39.374828770928744	39.36511360850732	39.350934906949796	39.34459477713685	39.31485934051203	39.267915451447465
MHW336_trimmed_clipped_R2_paired	38.73830194832741	39.048421484978476	39.10907920169812	39.29988714848374	39.44812692172559	39.49912569380582	39.40909974437112	39.424012631148216	39.506765747654946	39.486967535480275	39.5262496322886	39.560799750385506	39.519515485316525	39.532359663418625	39.51157825907786	39.51629812269823	39.49166060689506	39.46465220993951	39.44809706647166	39.421554495660416	39.39020010881937	39.36216272501305	39.36262234441274	39.335934556506196	39.313939919690256	39.28730586777154	39.2647502561122	39.24199962752956	39.21760683961777	39.1919840559447	39.18196567215491	39.162623534701495	39.14972857207299	39.12556566385265	39.11638351378334	39.132034803441336	39.10708626197985	39.0412961669207
MHW337_trimmed_clipped_R1_paired	38.98384205493985	38.9093338023175	39.21440792593855	39.22499666586708	39.330226928316435	39.23508518244861	39.26762678733835	39.280413356908596	39.438520833636616	39.40929291958507	39.55237428416751	39.590812826564246	39.540389389579595	39.53004960051882	39.55977135786081	39.55321768210287	39.523408537627475	39.476890622151	39.46626227142765	39.49940062057504	39.47344514886498	39.49246679299013	39.50452978065074	39.48439348110217	39.46631371525984	39.44774317483352	39.439125654611146	39.43409951675271	39.416948195732274	39.40222605160394	39.38919072544269	39.381037055123485	39.374760495659025	39.365003457893216	39.350267190233446	39.34434814220566	39.312060437036	39.26418679485055
MHW337_trimmed_clipped_R2_paired	38.8321354919672	39.08689097665698	39.14587913668197	39.3274376775385	39.46695141138463	39.51433815922066	39.427853286026696	39.44199156501678	39.520972110969474	39.500902043825256	39.53883634404963	39.571268482627396	39.53060478063573	39.541625405712594	39.520147986496376	39.52548234832388	39.500593166290386	39.47277666990189	39.456610010038254	39.4301286835344	39.399183995841575	39.371902271155975	39.371350843311994	39.34473770109307	39.322919541653626	39.29625138811933	39.274313317968506	39.25141053489716	39.226846385451786	39.201672864825554	39.19286974990081	39.17267594991238	39.15907935144772	39.135895381799756	39.127292889606416	39.14242216721088	39.11663178822148	39.04987186404872
MHW338_trimmed_clipped_R1_paired	38.98582858112812	38.936171245220315	39.11634787570149	39.2161269386786	39.353641721727605	39.432940122670345	39.2467984741682	39.33832719108782	39.43643319880386	39.38385007829472	39.53387992002111	39.568201361766704	39.519352626041396	39.51291848495355	39.54254243887591	39.5390255552043	39.50884055451853	39.458875693264396	39.44676897725407	39.483097128708685	39.455672205801896	39.4784531683165	39.48871376378438	39.46825356263402	39.449808427847174	39.43124293967991	39.423247997500866	39.41727531780285	39.40149378506505	39.3866729107401	39.3738672864037	39.36663322025506	39.35993121016236	39.350654154599354	39.33655929233951	39.32947738856281	39.299428011083464	39.249054836685154
MHW338_trimmed_clipped_R2_paired	38.78922736006599	39.06913830809543	39.134484088047266	39.31659604569776	39.460793165165676	39.507863440916374	39.422542206083946	39.43589148347646	39.51544398424439	39.496229249106555	39.53523819873045	39.568973327951305	39.5276962260586	39.539010323865995	39.51519411010347	39.518977969027546	39.494032784322506	39.464909909679655	39.44736917719506	39.420290221098576	39.38837431878254	39.361473175421494	39.359899718454734	39.33176980448173	39.30934260916677	39.282771786904604	39.260473906981424	39.23801212272876	39.21280901678635	39.18841727050215	39.17879729323351	39.159089647989994	39.14550650930113	39.12168755654413	39.114004860850606	39.12919816720481	39.10343736383164	39.03566934478921
MHW339_trimmed_clipped_R1_paired	38.96003393313535	38.941513682364025	39.17943520326487	39.269958142153094	39.446036863606075	39.34538323925823	39.33004310491079	39.404778393781875	39.46678351373	39.41384920491833	39.55051663189469	39.582255842832865	39.530690738983104	39.527092124685296	39.55790330641406	39.55822091449122	39.53217740925684	39.48273842838137	39.47200542281664	39.50797358765349	39.481597288783846	39.50374698095681	39.51299898381036	39.49344306208742	39.475451293664285	39.45732276093012	39.44936462061483	39.44367272031905	39.4269906826096	39.41177434351397	39.39901268599965	39.3906831034832	39.38353067118513	39.37318569400229	39.358156196086284	39.3511664458134	39.31987621217005	39.26961379307752
MHW339_trimmed_clipped_R2_paired	38.99104634314998	39.170062702243136	39.211295056336645	39.37506751861626	39.500064471705834	39.54222797332442	39.4581049704917	39.47308069200764	39.54742089044727	39.526187337486405	39.56144938801826	39.59300720442831	39.55356736453196	39.56380556929561	39.54381454547076	39.54785689576381	39.524076611686745	39.496651218405646	39.48070852706174	39.45522597131703	39.42510788557945	39.398535933206226	39.39800703209607	39.37066337685737	39.349367811900194	39.32300221206342	39.30119491689017	39.27891974069426	39.25482488453438	39.229330477522765	39.21874770542904	39.19973373910858	39.18604712335495	39.16231868599313	39.152346828999185	39.166121753022715	39.140277321428705	39.07290102867414
MHW340_trimmed_clipped_R1_paired	38.86943599630023	38.79061597837447	39.127235944150534	39.21918167313846	39.28051507604217	39.42906809585862	39.33175725731531	39.29174722557548	39.43614603609335	39.39601804754041	39.54307026894277	39.57830954587007	39.525718760271545	39.52142924586906	39.550455771681236	39.5531131900532	39.52507447781909	39.48068996271916	39.46850729138138	39.50070487886221	39.47559383597955	39.49610114116744	39.508329498864185	39.48771439304147	39.470087619645184	39.45080217185143	39.44231594828747	39.436244389551895	39.41969412770409	39.40361933113691	39.39009949958537	39.38146569418613	39.373885876304975	39.363925757133515	39.34884444604438	39.341310409772	39.31086395882039	39.26341352879011
MHW340_trimmed_clipped_R2_paired	38.61538787250215	39.00769180395557	39.05679226392659	39.27137147497461	39.42660830570366	39.480749789458116	39.39105899888324	39.408424190256	39.49730235605244	39.48073523369603	39.520689621874496	39.55661478903326	39.51615464029645	39.53012982099897	39.512129430758854	39.516952250763396	39.49358857056032	39.46739827797285	39.452379587712144	39.426612506548636	39.39546591093189	39.3680137722652	39.369499851370676	39.34283627485886	39.32105436623959	39.29387284502156	39.271670532684034	39.24838670167505	39.223465303293686	39.19764258948361	39.18603445977572	39.16577781674515	39.15213803053628	39.12767340881834	39.11768600991635	39.13223857421083	39.1067851520197	39.0409467082487
MHW341_trimmed_clipped_R1_paired	38.93045454248372	38.66765348123637	39.20320720856397	39.23946337806554	39.22685999162229	39.32406908135822	39.375364007125846	39.390835865006935	39.44354140674497	39.39907254568654	39.54303035198234	39.57812309878686	39.52380751089262	39.51657496010288	39.548096304297275	39.55113995873044	39.52178362434072	39.46953184068907	39.45925395837624	39.496193978739804	39.46938903233085	39.49225120507696	39.502253590906165	39.482021085345416	39.46405096714783	39.44538363644398	39.4374037107262	39.43182114111805	39.415533694760214	39.39928671187768	39.3876081858025	39.37879078868619	39.3728140123362	39.36250046292852	39.3484412793486	39.34085873252466	39.31046497914329	39.261625396908016
MHW341_trimmed_clipped_R2_paired	38.8211524532689	39.07242522363786	39.13432711124919	39.323467218800346	39.45337627112357	39.50381315082043	39.42058786822848	39.43427144251798	39.50901634579335	39.49376749778019	39.532669439039275	39.56309799281828	39.52294639355617	39.53377059372021	39.51344721311076	39.51783227652013	39.49344239550656	39.46606635598545	39.449292731101295	39.42132740820033	39.3900526503234	39.36183719219856	39.362073827316046	39.33351789762287	39.31200795762188	39.283231191676165	39.26105572200622	39.23776739855647	39.212726349660635	39.18702035923851	39.17558816630894	39.156193754345686	39.142074861142945	39.118124349046525	39.10852128178258	39.12440195511908	39.097744788184556	39.030466143444116
MHW342_trimmed_clipped_R1_paired	38.94670384188242	38.80900116793623	39.17775326776978	39.21118269229504	39.41187939162791	39.42629136161558	39.26313161691739	39.30129380023318	39.412298786388874	39.36230464382138	39.51871207715139	39.55286295786591	39.502630167419284	39.498243794445386	39.53015210661845	39.531344340629474	39.50185889285851	39.45197679090723	39.43780682200215	39.4721959424911	39.44533307737405	39.47079303620181	39.48106492880637	39.460672133338115	39.44265273876563	39.4233095195048	39.41596365182287	39.410120576014165	39.39358247069951	39.378513056084216	39.366297194150306	39.358158374990865	39.352126924758565	39.34246171398162	39.32845937275709	39.32161238108575	39.29134930050686	39.24321294576367
MHW342_trimmed_clipped_R2_paired	38.770126320602806	39.03166408580296	39.10314606790483	39.291653619547915	39.43600900856091	39.488939050065106	39.399831547237355	39.41303796076191	39.49425988161974	39.47685857386956	39.5176473871518	39.550234515464396	39.50688898865199	39.51935506552023	39.496911240185156	39.50171581093915	39.47670960165247	39.44749313881599	39.42955808013757	39.40086371826711	39.36848168572287	39.338500612558654	39.3386435151581	39.3094973830293	39.28692817668652	39.25824935333117	39.23593692248317	39.21194207283997	39.186644866559035	39.16055238905941	39.14968569941316	39.13018659772281	39.11636104504519	39.09239666309027	39.082900364023395	39.10001507930676	39.07313878649904	39.00447400154012
MHW343_trimmed_clipped_R1_paired	38.892287262113925	38.805643756056256	39.08916608253144	39.135937890021175	39.38896952495417	39.426811485942515	39.26701667337331	39.324499104904476	39.43960810590253	39.387827102399875	39.53448313112298	39.570101161598174	39.51872799921134	39.51301684679166	39.54492212361522	39.54580800257447	39.515837483044876	39.4674977094375	39.45718963824897	39.49331717957803	39.46638598578435	39.48924768932771	39.50056824671884	39.48008836005317	39.461985166735325	39.443303632953075	39.43464757739544	39.427952221223435	39.410786205251085	39.394490288416776	39.38040338368181	39.371983951455974	39.364214308587385	39.35405818762583	39.33875879434239	39.33109890096475	39.30046350445052	39.25401428451436
MHW343_trimmed_clipped_R2_paired	38.67747385234856	39.06082413643322	39.10026262396058	39.30129122641133	39.43291576435671	39.48799730624433	39.40081561029723	39.416294047633926	39.49967621647906	39.48456068268903	39.52307924428977	39.554916843388156	39.513996471772415	39.52677432591885	39.508380152072576	39.512625088125105	39.48873822252407	39.46165426762406	39.446029118969676	39.418024108640736	39.38636579364747	39.35804865996572	39.35900456953774	39.329738944519306	39.30814343985709	39.279169335775336	39.25671426851869	39.232946921764594	39.20557494253142	39.17921977823424	39.165759309136384	39.14579333234008	39.13005896567924	39.10518689594538	39.093796049947116	39.11007367035608	39.08307924814907	39.01840157003267
MHW344_trimmed_clipped_R1_paired	38.925899221635646	38.86545698926144	39.18840953816937	39.22712725927203	39.42081086914403	39.447190334300664	39.30612064777188	39.30497553175415	39.43376216338122	39.39816872960125	39.54281697280031	39.5793829213171	39.528096715667985	39.52349176702728	39.55335271908616	39.55445402178482	39.526025457858466	39.47859102494683	39.46636551619058	39.499006437223855	39.47432695143531	39.49686994246254	39.508321825518834	39.48849902641143	39.471698343502496	39.45270487903061	39.44513802922712	39.438782437749204	39.422558803276054	39.40651101332621	39.39412018379271	39.38589100459508	39.37850562520238	39.36882094218441	39.35370628457851	39.34693496261622	39.31546616268506	39.26750840159883
MHW344_trimmed_clipped_R2_paired	38.90380541896379	39.11250598356333	39.162913544552396	39.344047828709655	39.46974541445933	39.5207204255295	39.43067157832901	39.445282817228176	39.52281353430091	39.50434877245349	39.541481474852404	39.57233731541761	39.52950785034348	39.54136248697212	39.52277294762409	39.52739419928703	39.503880333774624	39.47730445196657	39.46165970478157	39.43516092370252	39.404698158702445	39.376335780812795	39.37707326524492	39.34876073750916	39.32717516027924	39.29915062600174	39.27735740878755	39.25297256306061	39.227297835111855	39.20224567285114	39.19104473228079	39.17162774331104	39.15659606615904	39.13266094715837	39.12212029557672	39.13818517631963	39.11030857666166	39.04492876864487
MHW345_trimmed_clipped_R1_paired	39.10569228648371	38.84476038717189	39.15718525024155	39.27650664305994	39.34798236267166	39.433428446824465	39.27937578984864	39.34346889523062	39.39412882197945	39.392737978661465	39.55578911964677	39.587749768730234	39.54232614589916	39.525128402046214	39.53908693208355	39.53377030000528	39.52536094225611	39.51411176884862	39.49484695535009	39.48069779464547	39.467270775046536	39.453720270639	39.440101590180426	39.42121052418329	39.40464970759137	39.3813733156377	39.36329364499694	39.34544732852641	39.32850151172796	39.31980965130178	39.31167155081339	39.301105596520074	39.28699583229953	39.27862938658391	39.262455990319054	39.24721763290743	39.215187420810175	39.15905243830185
MHW345_trimmed_clipped_R2_paired	38.75561618982217	39.12981796699949	39.25229259007732	39.389284598255934	39.424674500955355	39.4838436832756	39.45901302025073	39.492047614351726	39.495916143152634	39.51393780591983	39.53553671245602	39.5422061643916	39.51978468314538	39.5141032000859	39.50802889745585	39.49298706647943	39.47009488615714	39.44326892579856	39.412089951800475	39.37912446545429	39.3548406469285	39.32333838286912	39.28971831057163	39.25872888602275	39.22812170268551	39.20027895643794	39.177542539493665	39.15990782445901	39.13766646830629	39.11374538234003	39.09498803697431	39.07076622707868	39.05166488343489	39.03646631140172	39.0163674546017	39.03509426884372	39.00467730070666	38.940292708669375
MHW347_trimmed_clipped_R1_paired	39.043123856104266	38.78463157620223	39.207026259047296	39.31203060418474	39.319041964231715	39.4465698071895	39.38572601628153	39.32870034193277	39.41187494902468	39.43136225948985	39.57960528612016	39.60880767211549	39.56139088258531	39.54731097341749	39.5608146468599	39.559593424052444	39.55274990814147	39.5427544059042	39.524135993618316	39.510570065473885	39.497779938802005	39.48381990037589	39.47108360263737	39.453049409307155	39.437970542465386	39.41678371499342	39.39844532092941	39.382370274490775	39.36647228232676	39.35794542060087	39.349362215980236	39.3390403665346	39.325929462550924	39.31629077044842	39.300916278343415	39.286084939243686	39.25497507362589	39.202526536400974
MHW347_trimmed_clipped_R2_paired	38.90052668282574	39.24680592289923	39.344841120818096	39.451032508514025	39.486260510194754	39.53065340587094	39.50578228449623	39.533781296640214	39.53802170953312	39.550743168339885	39.569873302236964	39.575504428286024	39.5542742166722	39.54966612489007	39.54411309425525	39.52975867362628	39.508405952038046	39.48354723172694	39.45475100674459	39.42338974565697	39.399829410527786	39.37011012796818	39.33888536737277	39.30881543690515	39.28013766205629	39.253596105421444	39.2319793562178	39.215611117110996	39.19394465615333	39.170622333118544	39.151606547255895	39.127382363731904	39.11007319821923	39.093487267368495	39.07391204142965	39.08979769460135	39.060959879023514	38.999700602865275
MHW348_trimmed_clipped_R1_paired	39.09191695818548	38.65979139031367	39.2461245624014	39.297555408740045	39.22645761404433	39.330399954633954	39.413845500268245	39.40747524487236	39.417890584930205	39.423301461516516	39.57241576850207	39.60192514367917	39.55254975312548	39.54171166655367	39.553658879831815	39.55009953207491	39.54282436951523	39.530787856353	39.510290418667736	39.49608463407861	39.48260436126486	39.46897696530783	39.45473887781536	39.43570195863488	39.419553924187305	39.397131244515315	39.37964649713017	39.36216844203347	39.34643539551389	39.33765604466862	39.32991734964285	39.31938074800414	39.30649450612701	39.29717980348798	39.28216601888436	39.268010566013615	39.23564405083308	39.180567724503106
MHW348_trimmed_clipped_R2_paired	38.77844946097933	39.15022158713359	39.27012576354595	39.402035690979076	39.43817583480718	39.49419029199266	39.46544680715976	39.498347068997695	39.5019315293358	39.52047179019663	39.544311410965584	39.55186028092386	39.5308964679911	39.52602067078185	39.519632987535694	39.50425082368365	39.48180431273231	39.45596637689566	39.42484070793391	39.39352172037348	39.3676536648891	39.338690008764374	39.3051062606666	39.27593464295535	39.24576487581706	39.219807359214734	39.1975971526286	39.18088569969352	39.15923412463981	39.1377491333985	39.118986569395204	39.096913169028014	39.078534692083146	39.064138847793835	39.04594104653542	39.063352395152506	39.033657110710166	38.97086997881159
MHW349_trimmed_clipped_R1_paired	39.141789831230945	38.81242323742942	39.26941645227166	39.320685933563965	39.42527572006635	39.46275617874681	39.355460137880016	39.36114572865031	39.42151359272937	39.419144108530666	39.57246143182929	39.6033408671733	39.55816687333463	39.54549710106276	39.558603331148745	39.5553210051031	39.54757536673738	39.537225304635825	39.51895704738124	39.505367838317646	39.492054635384115	39.479125563963365	39.465678857824756	39.44772991509756	39.432168072355765	39.410661413299536	39.392734116415475	39.375842102656506	39.35948003400078	39.351224908265436	39.34264457743276	39.33164567797227	39.31916585415364	39.3101389778839	39.29516408869486	39.2803967558456	39.24981034930834	39.19704907686373
MHW349_trimmed_clipped_R2_paired	38.84767127365692	39.20947945188354	39.31746656899663	39.43620380953756	39.47063868553398	39.51922724288258	39.48928809652439	39.51977435492311	39.52428201590022	39.54168190995183	39.56313957343657	39.569607716865264	39.548971654958294	39.54441369421884	39.538957331632034	39.52458531193075	39.50291706303624	39.47744357742049	39.44722096609517	39.41730770771345	39.392816997074114	39.364098774159515	39.33141604187343	39.303096504534075	39.27314418308521	39.24753897140467	39.225185377415	39.20941319215929	39.18773417351976	39.16493286112241	39.145816978276436	39.12184215263214	39.10431891162858	39.08821710297774	39.06898839932709	39.08508858390126	39.056493370906445	38.995288879470834
MHW350_trimmed_clipped_R1_paired	39.114593970842726	38.81987201000615	39.23723596092284	39.269743049155316	39.41784087738607	39.47260716718422	39.38712366785689	39.40446885675717	39.45838642032411	39.45497648044251	39.59185769242939	39.62028834756423	39.5738403248867	39.563776436115745	39.57602125493505	39.57404142719213	39.56731406393345	39.55833775309489	39.54146836850466	39.52904000077661	39.51754841680456	39.505730265230554	39.493055427099925	39.47625332908868	39.46250117906368	39.44157998808516	39.424957879427275	39.40942627120806	39.39383770450843	39.385061698030256	39.3773604682781	39.36725302010894	39.354004215036085	39.344368351503476	39.329043703993065	39.31489316530934	39.28403358901159	39.23400029892495
MHW350_trimmed_clipped_R2_paired	38.95502795241047	39.27790808784194	39.375070570506956	39.476785694366086	39.50867130884769	39.55175258099639	39.52116920605642	39.54991345009913	39.55374180387662	39.567209882640135	39.587355705061626	39.59323942049015	39.573104279149	39.568899441014885	39.56501002152142	39.55085146538558	39.53119879222903	39.50767601023635	39.47978163154216	39.45120529059337	39.42848487927279	39.40196004530329	39.37171578038088	39.34440471674886	39.31645932027295	39.292008907265	39.27145927329388	39.2560983865505	39.23538459079608	39.213113799751284	39.19450065530812	39.17116188463882	39.15405872384434	39.137851718062656	39.117960085284395	39.13294450004228	39.10450293895776	39.04773959056458
MHW351_trimmed_clipped_R1_paired	39.047498718125325	38.81633254718263	39.24100861293491	39.28738546896715	39.410402700567886	39.45409077236618	39.345790811929426	39.327511257112725	39.407859195189936	39.42553276661441	39.57570891459201	39.60895417024922	39.56320664357649	39.55039396918688	39.561630292647244	39.55715939025445	39.54920658495777	39.53830569204921	39.51987997199571	39.506179841423716	39.49307232158998	39.47949640756083	39.466278518239704	39.4471310367321	39.432041156958675	39.409588716217215	39.391242700096804	39.3746734607097	39.357837722508506	39.34904381400871	39.340750305103036	39.33031518281202	39.316460303938435	39.30719603987312	39.291745621348014	39.276713349568055	39.245634434847226	39.19333126468251
MHW351_trimmed_clipped_R2_paired	38.78862443193994	39.16846763017104	39.284489298816	39.414829641223605	39.45058745870842	39.50349743133958	39.47569173016385	39.50827382388022	39.51196595029764	39.53022079949348	39.55202851869707	39.55826052263372	39.53676228247981	39.5319656867184	39.5264020109588	39.511764253286934	39.490870712837136	39.4659486467623	39.43608894648819	39.40582436919821	39.38071444935632	39.35217400629866	39.31880601074384	39.29063621206469	39.25985836080424	39.23345621386953	39.21149016900132	39.195601935804646	39.17329425463781	39.15081508666714	39.13176062005245	39.107880475672026	39.08989707033315	39.07465894272737	39.055056726225985	39.07097272493919	39.04249745569574	38.980348646490704
MHW352_trimmed_clipped_R1_paired	39.11943911440078	38.84229222464235	39.26116383923517	39.30639768967279	39.35651972952984	39.25344372934339	39.30263715463597	39.30028936494184	39.40472047504531	39.431401813430355	39.58050080296094	39.61430118448463	39.56968556418683	39.55171088675945	39.566954557183855	39.55774581588918	39.54963013034141	39.53923258815514	39.52165173749122	39.50879911951095	39.4964546510741	39.48296288836437	39.47021415661497	39.451628846107724	39.43681004195564	39.414308621623576	39.396658520103855	39.380332942091336	39.36353324191527	39.35493841472641	39.347011142962046	39.33659362346299	39.32255591245181	39.31354134389449	39.29788990156211	39.28276188128636	39.25075951451022	39.19675609840642
MHW352_trimmed_clipped_R2_paired	38.85493576912068	39.19785714562781	39.31237795834468	39.43603739246602	39.46837636170534	39.52024565832579	39.49194390060121	39.52271193419294	39.52722390286615	39.542153335945976	39.56287040153719	39.56892191386932	39.547695566590725	39.54305588753734	39.537477017883525	39.52296395203649	39.501965959296044	39.47708950244818	39.44715781790019	39.417237666783016	39.393408582214946	39.365002141344966	39.332759739097774	39.304364072692486	39.27528899890161	39.249005218670774	39.22759050016778	39.21125691190289	39.1899902173836	39.16802993932493	39.14946142088386	39.12610677919527	39.10818565165009	39.09355387128768	39.07353246927298	39.089614632171994	39.060397060144105	38.99749143152697
MHW353_trimmed_clipped_R1_paired	39.14888510143099	38.879596334100526	39.17819421247274	39.296008777564026	39.36659512076083	39.45233601153713	39.29889588644279	39.3634396440066	39.41497359498396	39.4125269140754	39.56942078990126	39.60190655182243	39.557244400267145	39.54296726185323	39.55553974511719	39.54936597495398	39.54049311376026	39.530645806677896	39.511711114845795	39.498795660938676	39.48603703741941	39.47271411430882	39.459155245758225	39.44043997174155	39.42575849306953	39.402398181321885	39.38466958178235	39.368129160608675	39.35115081550121	39.34242359645894	39.33400964239742	39.32312124368027	39.309987622703694	39.29992995725421	39.28463436158597	39.269583493477434	39.23828459024564	39.18441394366457
MHW353_trimmed_clipped_R2_paired	38.84188530405154	39.19787589987918	39.308304609736936	39.43350793547033	39.46772776498167	39.51753133500645	39.49038463784461	39.5211260315126	39.525326611766765	39.54180110993102	39.56352755677718	39.56953615236374	39.54894358924217	39.54375259074705	39.537853658869764	39.52320815322568	39.50200868977887	39.47675728247647	39.44680747674867	39.41669764169419	39.391722151445435	39.36341038961979	39.33002272706512	39.30242961281205	39.27263538673507	39.24617726781289	39.2236919075901	39.207104623367684	39.1857227170007	39.16262312653502	39.14364575874818	39.1198916721069	39.101640454058504	39.08647672488039	39.06610230140587	39.08225323277719	39.05224956985787	38.989975887339256
MHW407_trimmed_clipped_R1_paired	39.04120578764238	38.84685636671529	39.18610798319222	39.30768514581186	39.4040130683294	39.341638257136516	39.33237252255365	39.39457921127001	39.41395784432553	39.4134054666883	39.56507375067331	39.59486859900176	39.54692035424589	39.53346060821552	39.54753995573883	39.545316863485645	39.53790848849385	39.526611421792424	39.50701309301322	39.49302493385083	39.47962549049639	39.466399322036125	39.45239566304646	39.435113833547824	39.41904470402045	39.397387779958294	39.37849213168431	39.363776018013276	39.34733257838393	39.339920930434666	39.331811341050255	39.32192263823451	39.3088485925555	39.30018094943301	39.285168556138515	39.27100823834106	39.23937826721631	39.187665665394846
MHW407_trimmed_clipped_R2_paired	38.75276215043663	39.159306675059575	39.27234122624132	39.397512940405626	39.43805913862031	39.48897196452109	39.46709963591841	39.49455788647989	39.498445465042806	39.515465614872994	39.5375448591153	39.54372986259886	39.522139018270025	39.51741108792736	39.51143210945888	39.49646714956668	39.47395268284167	39.44741452386937	39.416679355247936	39.38399618109037	39.360227877033594	39.32986483374378	39.29719438554932	39.26763081998088	39.23839253069662	39.21184139625813	39.190099920078424	39.174757938099226	39.15350730646465	39.13156327342283	39.113307776306826	39.090785818760644	39.073517942016494	39.05780764668495	39.039463278583895	39.05809346135582	39.02991740277231	38.969465991449695
MHW410_trimmed_clipped_R1_paired	39.009519973902094	38.742800612061814	39.17058838598717	39.28585780881847	39.29682085286178	39.420332857288464	39.36201873131147	39.29290265433534	39.378118161481595	39.40320406054856	39.56205124669761	39.59385240104948	39.54483747213409	39.531264697926574	39.542540704125656	39.53951622962917	39.530503014492	39.51815115600921	39.49784502156939	39.48278914374822	39.46910670988753	39.455297283928836	39.440756501300214	39.42268415918806	39.40628715284504	39.38412154501076	39.36511509941512	39.348615426056554	39.33218756163896	39.3238170916468	39.31516173308678	39.30480416033752	39.2912544986696	39.28171052509477	39.265864783612855	39.250669794882405	39.21898532880484	39.16317710397699
MHW410_trimmed_clipped_R2_paired	38.7350789422664	39.16779922608352	39.29321108860289	39.41015070260386	39.454538416087345	39.49933678054217	39.473000839949115	39.49685066265767	39.50094411363498	39.52376603028837	39.54631813079582	39.55319216848267	39.53187898830936	39.52683029978964	39.520000741582145	39.50447793520466	39.48201019540882	39.45547908127273	39.42386685386528	39.392413473626064	39.366930741945396	39.338032515657964	39.305121554544186	39.27580250320075	39.24610141414834	39.22048571672046	39.19891656948338	39.18287290546035	39.16272337448622	39.1415525610765	39.12394645433433	39.10042021855632	39.084616842205875	39.067779644808	39.05032731120451	39.06799453061798	39.04030414854841	38.97998191154421
MHW419_trimmed_clipped_R1_paired	39.13746145179117	38.74526341521719	39.29680073027846	39.33649227316899	39.27976969466974	39.372417050012785	39.4481558368887	39.44039278816214	39.45200185386272	39.45781210351081	39.59469900366956	39.6220500819374	39.573474648933015	39.561573282396694	39.573720226619095	39.57078038713412	39.56353303780871	39.552592948044925	39.532708947368164	39.51981564131151	39.50671987947563	39.49354717649336	39.48031894933078	39.46293684578139	39.447665889044664	39.42558794926738	39.40848745877419	39.392741018100025	39.37730150928077	39.36900549285791	39.360940744314576	39.35101861065835	39.33768123920144	39.329468681294806	39.31406608448414	39.29948796708927	39.268870262510674	39.21670595371598
MHW419_trimmed_clipped_R2_paired	38.864325313944846	39.22032000738492	39.326902121257305	39.44207905027746	39.47801998707934	39.527940481252585	39.503062827251306	39.53201540798111	39.53838084889376	39.551905623998536	39.57274152075787	39.579318328200515	39.55798450603493	39.55292019065249	39.5465991443643	39.531209639371816	39.509974772591974	39.48435273290647	39.45426633976686	39.4236898621427	39.399505552829645	39.37043004961971	39.33882257539831	39.309839983160614	39.28028052776794	39.25470844792793	39.23215128620525	39.21624071601835	39.19460379937903	39.172517951248466	39.153365136154754	39.13021556607822	39.11277344145914	39.09690199729024	39.07711872952155	39.0923832847129	39.06363838785491	39.00176521746976
MHW420_trimmed_clipped_R1_paired	39.20489323788059	38.86655044365804	39.32243527419986	39.36076409419787	39.46991008366039	39.49879241852183	39.39124727181224	39.391881858028995	39.456412367145575	39.45891120214409	39.59987535169937	39.628108978792746	39.58294838418918	39.569595068150264	39.580948900045385	39.57597801580188	39.56862134895929	39.55836922155804	39.53888152264698	39.52507340380521	39.511159038750534	39.497751007453154	39.4841674761714	39.46514616248301	39.45064359018693	39.42877884001443	39.41191703451366	39.39588146993766	39.37954630811704	39.370520984935865	39.361940173844914	39.35136537973729	39.33811247225442	39.32846935423808	39.3130551819718	39.29802078158096	39.26728041777143	39.21323111598987
MHW420_trimmed_clipped_R2_paired	38.95465259755803	39.29846147931006	39.386531269321864	39.489282862182115	39.52305849804138	39.56136921710438	39.53854456032485	39.56123874467314	39.567704626214095	39.58009496187763	39.599972471800626	39.60535510646189	39.584247182422374	39.5784743337452	39.57159320397942	39.55497985340993	39.533190740985276	39.506577475584855	39.47692193386624	39.44484522146614	39.42134254027511	39.391493530026615	39.35923181717412	39.329604910529056	39.29991823424806	39.27431221971479	39.252327880830315	39.234750912066104	39.21227265574309	39.18967684738054	39.16897263870349	39.14535606151725	39.12610583631253	39.10933224581116	39.08917567386504	39.10232570949479	39.07222395047275	39.00992113126151
MHW421_trimmed_clipped_R1_paired	39.101102621419464	38.83871592696355	39.2409171712596	39.28350594294345	39.42836171079201	39.4725261870348	39.39892209534586	39.40842433888724	39.45818944020812	39.459407156297424	39.59583297851602	39.622699465755694	39.57465092503206	39.56067547091474	39.5714781538061	39.56564407810372	39.55715165843948	39.54585936459613	39.526201910232714	39.5124207340195	39.49921557325107	39.48593792597082	39.47183440819992	39.45427651922514	39.43913958061149	39.41818749745033	39.400383654396975	39.38464473100165	39.36924661467746	39.36193225807106	39.35322039595063	39.34318856714364	39.33094840836405	39.32221256884812	39.30657999718964	39.29314511413681	39.2622446104584	39.20982464760648
MHW421_trimmed_clipped_R2_paired	38.89435329059929	39.2511700063243	39.35361584886273	39.45810221629691	39.494220260997004	39.53965751662703	39.515211886018406	39.539089189578775	39.545807875691274	39.55834510536442	39.57866349376995	39.58392847733761	39.56261616803755	39.55601241473331	39.54841413862262	39.53175432604489	39.5086716639295	39.481807883234026	39.452051294506404	39.41974312914789	39.39575719062789	39.366574930554926	39.334365513219446	39.305073280666626	39.276294787805696	39.250428182981345	39.228826253023556	39.21211586863073	39.19115608790541	39.169382896038385	39.149880639546865	39.12724553069205	39.1103123618218	39.094730358620936	39.07477301201912	39.09029319174381	39.062812048595106	39.001523471814664
MHW422_trimmed_clipped_R1_paired	39.0865236249494	38.875935726744906	39.29687923358614	39.32536879758161	39.454346094104025	39.48725972444835	39.38187957313717	39.369715697214914	39.441309173168385	39.46168034716158	39.600384697218054	39.6302997814243	39.58407902958177	39.569665829602286	39.581167746055165	39.575874115750565	39.56844353727304	39.557364730934545	39.53862441565118	39.524663200660115	39.51196903708742	39.49808242314756	39.484692793917745	39.46667079625618	39.45180680767551	39.43065058574129	39.41277520093038	39.39687880899958	39.380616346484615	39.37218175763644	39.363733908508244	39.35398688497502	39.340077979758675	39.33058477309851	39.315213412565626	39.301030010640794	39.27018441114971	39.21793420130305
MHW422_trimmed_clipped_R2_paired	38.958524540087204	39.274453455800575	39.37252390316337	39.46357196978969	39.50555239629828	39.540612341773866	39.517685155623035	39.548804303371675	39.5572086574062	39.56807155286326	39.588984711474914	39.598210436768184	39.58124381624701	39.57533196510947	39.569201244276634	39.55437487873802	39.53381981839344	39.5093799762788	39.4816779416186	39.45163338079358	39.428621449437905	39.40015739042258	39.36912821880257	39.33927655414872	39.31128640504251	39.286540482011084	39.2641479945726	39.24856285365639	39.22709777628249	39.20467287504614	39.18489424131171	39.162454598411585	39.14459219355102	39.12804230202367	39.108019365399045	39.12234360543316	39.09340328654086	39.03152974977438
MHW424_trimmed_clipped_R1_paired	39.14142347808714	38.9389598309668	39.31333377496466	39.33983498757893	39.386946088607075	39.29867359701022	39.33904560958426	39.33533389531738	39.43703669127987	39.46592344322063	39.60378564189348	39.63477031172003	39.59018864670154	39.57194559534354	39.586229492672054	39.57707818171092	39.5687870682666	39.55867171436189	39.54095115338906	39.52796013511008	39.51547175870503	39.50278283799037	39.489707393918806	39.472166686035635	39.457058504000976	39.43715421010364	39.4193494233582	39.40413926237625	39.388730713957095	39.38095189610172	39.37183801249112	39.36290809505246	39.34947437971564	39.34088630702321	39.325578643395616	39.310766729791986	39.280775762378305	39.22946557689637
MHW424_trimmed_clipped_R2_paired	38.96207004783468	39.293986248904496	39.38826465870148	39.48588754005691	39.5190218252384	39.56296279525951	39.5360235218347	39.56197379862795	39.56702745096192	39.57834172619552	39.59787940922469	39.60272493920074	39.58193383212169	39.57601031930536	39.56871594229095	39.55353551014919	39.53225905975984	39.50651863215593	39.47764602835498	39.44698859825031	39.42413160832217	39.39608268084837	39.36476405923721	39.33589562928836	39.3078225921698	39.28261167153782	39.261202789151675	39.24469820204049	39.2244205025011	39.20126189039813	39.18225186317619	39.159896373346086	39.141334736761856	39.126180761646154	39.10613109464272	39.121766441262764	39.093699556723365	39.03559477635083
MHW425_trimmed_clipped_R1_paired	39.195382717676374	38.94427051405729	39.22744783422479	39.32461470925326	39.396383753555476	39.47773363314791	39.334869571826474	39.39640708899797	39.44096593608025	39.44153580848838	39.58900998436697	39.618138740643964	39.57337736293072	39.55804595846536	39.56961074139798	39.56282003223961	39.55413647137175	39.54336917842601	39.523940769775486	39.5110827471713	39.49777655779103	39.484516168132956	39.47081358073363	39.45251215748701	39.438043396899985	39.41600190472174	39.39888521748854	39.38250792856843	39.36700576078398	39.35920321957334	39.34979936780561	39.34033043742401	39.3265796081854	39.31805958411505	39.30232240255819	39.28869391049139	39.25794305352199	39.2051685145304
MHW425_trimmed_clipped_R2_paired	38.93032850396249	39.26665885791657	39.36533822079721	39.471337112838704	39.50306388334744	39.54985987028904	39.52365154654509	39.550818874177864	39.55571573076824	39.56905514617357	39.5892240866455	39.59430176412978	39.57293206745724	39.566625687713206	39.559651447249976	39.5433795087543	39.52154323879348	39.49524196741274	39.46564315382225	39.43397346538525	39.41080374064998	39.38079597167324	39.3484587277892	39.3192286106719	39.2903440017463	39.264467616397006	39.242284811394555	39.22549657741299	39.204050960211994	39.181340809844095	39.1616207516645	39.139363708228565	39.12004229820807	39.105791382165876	39.08474023813575	39.10061623004226	39.070997513964144	39.01114728385466
MHW426_trimmed_clipped_R1_paired	39.12176367391571	38.897777494958255	39.235226939772915	39.343642278397574	39.43163379219594	39.37390331011973	39.367903655163246	39.428319349657826	39.446007389670804	39.446109595550396	39.58789355652802	39.616169523185405	39.569368550723524	39.55576233880025	39.567137864465465	39.562172671067785	39.55486117877895	39.54305496855023	39.52363843204455	39.50934405523212	39.49538891368049	39.48215364591195	39.46752828279848	39.44848383942764	39.432958560775106	39.41124313925117	39.39276392698535	39.376723003032964	39.35968328417603	39.35192579780808	39.342534574133275	39.332541223494694	39.319335139225714	39.310433830903335	39.29441699381226	39.27967607923368	39.249228404760274	39.195283336666975
MHW426_trimmed_clipped_R2_paired	38.863924794657116	39.22040716644126	39.32673769171876	39.441573558478105	39.47794201303984	39.526916018732635	39.50358263131749	39.531224256243135	39.537417407774754	39.550278557792026	39.57181913226178	39.577873685105274	39.556389083703706	39.550326333934514	39.54292995620659	39.52657347827587	39.50497744413888	39.47753695247103	39.44759413193263	39.4156065515946	39.391080357224126	39.36101091956437	39.32847287639818	39.2978896428164	39.267891809910815	39.24139618062394	39.219052513712825	39.20213891697329	39.18035094401529	39.15758383179498	39.136834080332825	39.114792347446134	39.096558909304235	39.08116865213292	39.06058372517356	39.076559405448165	39.047851292720715	38.98489824257547
MHW427_trimmed_clipped_R1_paired	39.1000949857978	38.83755932440748	39.25557423263734	39.350538808655664	39.35687234074953	39.48160615824049	39.42642083594333	39.37581558662562	39.44888930452047	39.467033904741825	39.60513474756315	39.63229450039731	39.58552519240796	39.57282240905321	39.5838496544154	39.580987444105915	39.57377185301776	39.56301090212333	39.544740161987946	39.53074309252579	39.518659278770336	39.50501606438835	39.49174258182991	39.47365643036298	39.459122820641376	39.43809389600742	39.42024391529529	39.40396541411818	39.387166053058095	39.37949764180873	39.370266929313495	39.360849153572794	39.34697623406714	39.3375365316988	39.32216202550306	39.30746659878957	39.276897115872984	39.22419372919819
MHW427_trimmed_clipped_R2_paired	39.02173408892947	39.31619110137701	39.404437829746385	39.49961818123587	39.528125199158346	39.572511989052	39.54729471558611	39.57288219831888	39.57831239831771	39.58727724301399	39.6056053350608	39.610555509366144	39.5897403728748	39.58396059291755	39.577440822262815	39.562489714267734	39.54135198107747	39.5159975607625	39.4873284040887	39.457260726438626	39.43480052622919	39.40619999342941	39.37470273243649	39.34592216294033	39.31699018503849	39.29155101479408	39.26951978935287	39.25319830809235	39.2310868284835	39.206921393529555	39.18751212825256	39.16432611515915	39.14553803716445	39.12962175045016	39.10797055306975	39.122056817273695	39.09244200535143	39.03194501066722
MHW429_trimmed_clipped_R1_paired	39.13428623580654	38.739750291914575	39.28768955765659	39.32775138466649	39.269934800785634	39.36411569610412	39.44030887323791	39.429846433088656	39.44228493557283	39.449040813664105	39.59000263944551	39.61780287658934	39.56905686089542	39.55731117963209	39.56978968914035	39.56736861373277	39.56058667790118	39.54860022274455	39.52983970803063	39.516049494250936	39.50263390052967	39.48877194574332	39.47509995916808	39.45635623067325	39.4416033842326	39.41987844380556	39.40244741854277	39.38560716046656	39.36925140089524	39.36022844798773	39.35091304865168	39.34085294292579	39.32768825965258	39.318157480422386	39.30207992171828	39.28636129920865	39.25540498387283	39.201852006460896
MHW429_trimmed_clipped_R2_paired	38.92811144120782	39.25859919993684	39.34884558053518	39.45994770446345	39.49024466244432	39.53802230331892	39.5073411624224	39.53883404326968	39.53983662782659	39.5529835119191	39.575393707456485	39.58063387144796	39.559115874103554	39.55417056407896	39.54734894128448	39.53190947381241	39.51036078311974	39.48420186266369	39.454622564424696	39.423343524034166	39.39970473485185	39.371104102980176	39.33908235398279	39.309767044024284	39.28035900144989	39.2549312477827	39.23272580898963	39.21655726132407	39.19497918894679	39.17172482011208	39.152083079633265	39.12953609853185	39.111090790417094	39.095698536157855	39.07509005335764	39.09081168760538	39.06193451700089	39.00142113395427
MHW431_trimmed_clipped_R1_paired	39.20041947602235	38.8323323201313	39.28517097598442	39.33608108569515	39.436805041430716	39.47718381893674	39.37752798455149	39.379117577148726	39.43797790041942	39.43412961388682	39.583275564500404	39.61339568139111	39.56840734643537	39.553808902558885	39.56624485438292	39.56294264576933	39.5557047814978	39.54506112964605	39.526241628376006	39.51277446213834	39.49952667286591	39.48585592995947	39.47205080137085	39.452244904177135	39.43681763209452	39.414012266746504	39.39509723403762	39.376773093852066	39.35956147369414	39.34934103676686	39.34010962295433	39.32837326868001	39.31332100635867	39.30368956411784	39.286860162531426	39.27077438303958	39.237271487745566	39.18141087654046
MHW431_trimmed_clipped_R2_paired	38.97881993133563	39.27113235498323	39.36443311411478	39.47508717492663	39.49623777323656	39.54815304277996	39.517870865254594	39.5507708244863	39.55246207100849	39.5610771337313	39.58304218385119	39.58768239899347	39.56600966392968	39.560660732548946	39.55387535642434	39.539120784834175	39.51789016693162	39.49134129645777	39.461649635996096	39.430135716774	39.40647354732102	39.37713492406529	39.34496197779205	39.31402686948561	39.28345640905668	39.25603225236436	39.23258157363095	39.21500526934161	39.19076309802689	39.16668819914652	39.145376190105075	39.120592943269074	39.099998018235645	39.08425222938506	39.0614454618556	39.076483101139935	39.044721591015936	38.98020595482022
MHW432_trimmed_clipped_R1_paired	39.090201735083625	38.802392710809045	39.22249010292176	39.261095935945704	39.40266951249932	39.45677400536574	39.37927144270797	39.39445314727836	39.443738471172054	39.44391002057773	39.58592551548706	39.6148032431243	39.56776068231504	39.55514510583281	39.56738783373329	39.563385284293076	39.55509588076813	39.54466010181456	39.52581892548047	39.51214393144268	39.499378343020226	39.48598768716751	39.4717655396995	39.452423161107866	39.43781487646505	39.41513638582164	39.397344914127686	39.3803717966893	39.36282763549966	39.354384537676324	39.34416601204071	39.33351762787764	39.31931081229932	39.30934225937969	39.2926368092226	39.27732090904169	39.244645457381445	39.19117079459172
MHW432_trimmed_clipped_R2_paired	38.902964039866646	39.2422050059648	39.3375610299018	39.45045162773335	39.48010900392382	39.530304760423334	39.49874036929462	39.53110753430567	39.53314617721789	39.5453322609403	39.5676624427781	39.57343291502923	39.55180410214514	39.54719303099932	39.54051702161193	39.52567134675395	39.50438882268998	39.47880806857636	39.448907131791984	39.41704479619443	39.39387275727294	39.36476035193059	39.332533299670935	39.30216796610155	39.27314466328121	39.24628868895313	39.22419313728592	39.20790605525251	39.18563880346762	39.161804359409324	39.141859360695726	39.11862203729626	39.0992667302236	39.083843235941046	39.06294129079133	39.07957559445259	39.050163862146555	38.98804972592907
