Sample	2	7	12	17	22	27	32	37	42	47	52	57	62	67	72	77	82	87	92	97	102	107	112	117	122	127	132	137	142	147	150
EXP001_trimmed_clipped_R1_paired	47037.0	36493.0	27129.0	22602.0	48364.0	170171.0	140992.0	129134.0	124994.0	124428.0	132767.0	141317.0	147572.0	152723.0	159617.0	165801.0	174606.0	182061.0	192750.0	202080.0	211293.0	218547.0	226837.0	234891.0	255220.0	257142.0	274742.0	303125.0	325678.0	206039.0	50800500.0
EXP001_trimmed_clipped_R2_paired	351141.0	245538.0	145453.0	132416.0	146326.0	192080.0	142906.0	133469.0	136383.0	144115.0	161562.0	173623.0	185084.0	196494.0	210990.0	222039.0	234574.0	248504.0	257962.0	268063.0	277690.0	286671.0	302596.0	313971.0	327422.0	336069.0	351992.0	370462.0	387809.0	221825.0	48731423.0
EXP002_trimmed_clipped_R1_paired	45774.0	33854.0	22655.0	19306.0	40905.0	146637.0	122419.0	111980.0	108375.0	107592.0	116224.0	121644.0	126630.0	131408.0	136645.0	141391.0	148609.0	156564.0	164310.0	173840.0	182906.0	189286.0	194210.0	203855.0	222842.0	225756.0	240463.0	265822.0	286412.0	187472.0	43059194.0
EXP002_trimmed_clipped_R2_paired	275739.0	194326.0	117796.0	108133.0	122429.0	162558.0	119520.0	111316.0	114129.0	120802.0	135432.0	145781.0	156074.0	165521.0	176866.0	187190.0	197081.0	208448.0	217624.0	227514.0	235351.0	245604.0	257720.0	269010.0	281495.0	290075.0	304879.0	322407.0	337535.0	200405.0	41426220.0
EXP157_trimmed_clipped_R1_paired	36786.0	27303.0	22821.0	19816.0	43689.0	148952.0	127281.0	118718.0	116215.0	117391.0	129269.0	138935.0	146976.0	154426.0	164764.0	174775.0	189651.0	200372.0	222761.0	236663.0	267720.0	274567.0	305935.0	317826.0	385979.0	369286.0	422042.0	455118.0	536203.0	411564.0	37857520.0
EXP157_trimmed_clipped_R2_paired	187231.0	147087.0	105724.0	99226.0	113038.0	150740.0	116452.0	111529.0	115557.0	122358.0	142287.0	154773.0	167317.0	181154.0	195332.0	211299.0	228284.0	247434.0	270370.0	287719.0	314204.0	331477.0	367137.0	384511.0	425194.0	433409.0	482576.0	508824.0	587467.0	420953.0	36530661.0
EXP158_trimmed_clipped_R1_paired	48505.0	34324.0	29645.0	26143.0	56316.0	199657.0	161675.0	145746.0	135725.0	133264.0	140637.0	147568.0	153186.0	158793.0	166108.0	172904.0	183306.0	194540.0	208215.0	220605.0	236014.0	246689.0	260432.0	273749.0	307814.0	307119.0	332672.0	371666.0	404188.0	281121.0	51460947.0
EXP158_trimmed_clipped_R2_paired	284890.0	212257.0	142023.0	131089.0	148823.0	198324.0	143758.0	132120.0	134222.0	140603.0	156969.0	169147.0	180479.0	191428.0	206014.0	219013.0	233906.0	249392.0	264597.0	276319.0	293462.0	308348.0	328846.0	346486.0	368302.0	382400.0	405162.0	433912.0	463848.0	295311.0	49757823.0
EXP159_trimmed_clipped_R1_paired	45714.0	32756.0	25120.0	21787.0	47627.0	169349.0	138725.0	126813.0	121132.0	119294.0	126071.0	132274.0	137618.0	142642.0	147529.0	153480.0	162129.0	169544.0	180221.0	188283.0	200600.0	207408.0	216510.0	223677.0	248753.0	248282.0	272379.0	300569.0	338120.0	223977.0	46901880.0
EXP159_trimmed_clipped_R2_paired	255029.0	190025.0	124842.0	115415.0	131918.0	175347.0	128685.0	119851.0	121961.0	128277.0	143297.0	154287.0	164105.0	174681.0	185077.0	197087.0	208209.0	220324.0	232133.0	239699.0	252960.0	263226.0	279159.0	290184.0	307960.0	314245.0	336563.0	355850.0	390663.0	236710.0	45332494.0
EXP160_trimmed_clipped_R1_paired	40770.0	31533.0	26090.0	22161.0	47657.0	168235.0	136000.0	122969.0	116636.0	114370.0	121465.0	127223.0	132763.0	137882.0	144265.0	150076.0	158675.0	165628.0	179040.0	186938.0	200597.0	208080.0	219264.0	229417.0	259049.0	258783.0	282713.0	312899.0	346895.0	238598.0	45295810.0
EXP160_trimmed_clipped_R2_paired	256496.0	188966.0	124313.0	113586.0	128377.0	170290.0	124560.0	115033.0	117092.0	123479.0	138647.0	148699.0	158710.0	169317.0	181121.0	193085.0	203868.0	216878.0	229498.0	239863.0	253152.0	265472.0	282483.0	295007.0	313883.0	324065.0	347462.0	369436.0	399086.0	250661.0	43739896.0
MHW001_trimmed_clipped_R1_paired	11684.0	9595.0	8382.0	6991.0	15404.0	50206.0	41062.0	34976.0	38697.0	43457.0	159595.0	218317.0	253634.0	284427.0	315291.0	351179.0	391124.0	425488.0	459655.0	482654.0	506680.0	521134.0	532504.0	538606.0	592067.0	492282.0	468206.0	438420.0	416278.0	367978.0	3211452.0
MHW001_trimmed_clipped_R2_paired	56068.0	46002.0	28409.0	22996.0	27172.0	39181.0	27642.0	24191.0	24071.0	27457.0	171816.0	208815.0	250261.0	289603.0	331464.0	367712.0	407958.0	443134.0	477851.0	500062.0	526656.0	535289.0	540655.0	534879.0	519465.0	486255.0	463633.0	435703.0	411601.0	362792.0	3098632.0
MHW002_trimmed_clipped_R1_paired	18716.0	21274.0	16845.0	11731.0	31928.0	119367.0	85064.0	65270.0	74144.0	65159.0	210194.0	281982.0	324247.0	358629.0	390559.0	426238.0	467507.0	503059.0	534576.0	561004.0	586686.0	601292.0	617776.0	626606.0	697901.0	590196.0	570744.0	551915.0	536655.0	494469.0	4797324.0
MHW002_trimmed_clipped_R2_paired	99528.0	91358.0	43600.0	35583.0	41899.0	57355.0	41303.0	34603.0	32321.0	35582.0	235099.0	280984.0	329225.0	370823.0	414404.0	450539.0	490851.0	525934.0	557832.0	582057.0	608313.0	618478.0	627661.0	624094.0	612458.0	587321.0	569152.0	550186.0	532748.0	489294.0	4668472.0
MHW003_trimmed_clipped_R1_paired	30893.0	25122.0	21384.0	19211.0	44754.0	145194.0	108463.0	90356.0	86211.0	89140.0	102611.0	100630.0	103970.0	103157.0	101535.0	106975.0	116257.0	126831.0	137783.0	148704.0	164264.0	180130.0	204051.0	226947.0	283902.0	287877.0	328781.0	374844.0	432854.0	407408.0	29536221.0
MHW003_trimmed_clipped_R2_paired	201231.0	144420.0	97452.0	86072.0	97531.0	134367.0	95305.0	80844.0	77823.0	82852.0	94663.0	102452.0	111002.0	119679.0	126096.0	132621.0	141241.0	151939.0	164821.0	179158.0	196073.0	215646.0	237611.0	263195.0	293961.0	319254.0	361770.0	401518.0	456306.0	409653.0	28659904.0
MHW004_trimmed_clipped_R1_paired	27762.0	23272.0	18940.0	16189.0	35274.0	115943.0	86472.0	72115.0	70375.0	71540.0	109227.0	124941.0	140012.0	155922.0	171202.0	198004.0	230141.0	267523.0	309565.0	356391.0	403176.0	454433.0	513679.0	578417.0	726219.0	686061.0	746105.0	800652.0	864236.0	852269.0	23526604.0
MHW004_trimmed_clipped_R2_paired	202886.0	140078.0	85085.0	67797.0	79607.0	108790.0	75918.0	60750.0	56536.0	60644.0	102298.0	119983.0	140737.0	164664.0	190146.0	218710.0	249276.0	288519.0	331562.0	380300.0	428036.0	482879.0	537724.0	598159.0	647464.0	693363.0	757277.0	812460.0	871879.0	847015.0	22952119.0
MHW005_trimmed_clipped_R1_paired	16896.0	14240.0	10866.0	9186.0	19837.0	65514.0	50969.0	43198.0	44695.0	48503.0	98035.0	123623.0	143776.0	164679.0	186297.0	216807.0	254238.0	291149.0	334350.0	377712.0	421717.0	461808.0	506004.0	551164.0	660101.0	596111.0	613553.0	629123.0	641086.0	613056.0	8036321.0
MHW005_trimmed_clipped_R2_paired	109539.0	77883.0	44164.0	36155.0	41403.0	58297.0	40460.0	34913.0	33101.0	36070.0	94325.0	115207.0	140085.0	169574.0	198658.0	232335.0	268928.0	309619.0	352009.0	395180.0	439550.0	478540.0	516462.0	555205.0	576008.0	588844.0	610259.0	629889.0	638457.0	606620.0	7816875.0
MHW006_trimmed_clipped_R1_paired	20533.0	22162.0	18486.0	13300.0	33763.0	127836.0	94213.0	74175.0	81556.0	75856.0	202361.0	260162.0	295622.0	325744.0	357322.0	390512.0	432130.0	469850.0	505002.0	532927.0	555431.0	573818.0	590360.0	600922.0	662211.0	567951.0	547402.0	529950.0	515978.0	472228.0	4443784.0
MHW006_trimmed_clipped_R2_paired	200060.0	144605.0	51855.0	41487.0	45982.0	61906.0	43545.0	39014.0	36667.0	40486.0	206106.0	245169.0	288168.0	331182.0	373866.0	411170.0	451545.0	492006.0	525670.0	556497.0	579928.0	597278.0	606019.0	605387.0	590853.0	567160.0	547493.0	532096.0	512847.0	462785.0	4204715.0
MHW007_trimmed_clipped_R1_paired	24157.0	20910.0	17547.0	15119.0	34567.0	111938.0	84124.0	69375.0	66453.0	68202.0	89961.0	96149.0	106386.0	113504.0	123478.0	139225.0	162043.0	184827.0	212841.0	241949.0	273281.0	304878.0	345302.0	382916.0	478731.0	455173.0	495818.0	528613.0	574170.0	546773.0	21415396.0
MHW007_trimmed_clipped_R2_paired	296734.0	186044.0	88057.0	72191.0	81235.0	108029.0	72585.0	62459.0	57846.0	60915.0	84824.0	96043.0	110462.0	125426.0	140948.0	158231.0	180551.0	205888.0	234160.0	264996.0	296577.0	332295.0	369134.0	404730.0	440711.0	469224.0	511284.0	545665.0	586252.0	543934.0	20596376.0
MHW008_trimmed_clipped_R1_paired	28886.0	20240.0	16824.0	15031.0	33352.0	108070.0	83332.0	70535.0	68850.0	71592.0	91641.0	98284.0	106276.0	114141.0	122148.0	136932.0	160936.0	181407.0	215076.0	239050.0	284785.0	314708.0	384450.0	421065.0	593398.0	536239.0	628642.0	632706.0	723077.0	653821.0	20475736.0
MHW008_trimmed_clipped_R2_paired	511329.0	301367.0	108810.0	85868.0	93664.0	122957.0	81458.0	66031.0	62384.0	65556.0	86270.0	96482.0	108454.0	123804.0	138262.0	156377.0	174834.0	200358.0	231322.0	262814.0	303748.0	343807.0	402575.0	447288.0	534350.0	538212.0	632760.0	649376.0	731800.0	646951.0	19321962.0
MHW009_trimmed_clipped_R1_paired	37556.0	25151.0	21887.0	19993.0	43903.0	141457.0	112985.0	97241.0	93979.0	100087.0	139303.0	149432.0	158695.0	164631.0	170081.0	181449.0	200048.0	218607.0	238286.0	257631.0	282149.0	305419.0	341178.0	371980.0	459942.0	445002.0	493542.0	538650.0	597406.0	557894.0	33478877.0
MHW009_trimmed_clipped_R2_paired	219321.0	157739.0	104199.0	91063.0	101974.0	138771.0	99574.0	86229.0	82723.0	88055.0	129741.0	145410.0	161074.0	178654.0	191134.0	206750.0	222918.0	244556.0	265638.0	288779.0	314294.0	343262.0	377065.0	406799.0	444682.0	474345.0	525811.0	568199.0	623603.0	562702.0	32599377.0
MHW010_trimmed_clipped_R1_paired	38826.0	30060.0	25115.0	22207.0	48100.0	155686.0	118797.0	100614.0	97488.0	100238.0	161339.0	181397.0	196220.0	204954.0	212043.0	226802.0	247391.0	267766.0	287959.0	306706.0	330627.0	353767.0	388114.0	416015.0	508196.0	479739.0	524355.0	565979.0	611876.0	560218.0	36456260.0
MHW010_trimmed_clipped_R2_paired	253332.0	182864.0	119644.0	101216.0	116808.0	159015.0	111916.0	93259.0	86638.0	92198.0	161432.0	181165.0	200791.0	222276.0	237817.0	255553.0	273236.0	297720.0	318092.0	340765.0	364974.0	394368.0	426550.0	454771.0	489585.0	515228.0	560763.0	598919.0	643056.0	565368.0	35405535.0
MHW011_trimmed_clipped_R1_paired	36754.0	26515.0	22201.0	20692.0	44936.0	146683.0	114909.0	98802.0	94979.0	100228.0	167027.0	188620.0	203777.0	215169.0	223967.0	240655.0	263276.0	285842.0	311078.0	333841.0	360231.0	385924.0	425935.0	457115.0	559314.0	525506.0	569564.0	609919.0	653507.0	609574.0	32332475.0
MHW011_trimmed_clipped_R2_paired	228806.0	163336.0	105792.0	92230.0	103778.0	142705.0	100105.0	84551.0	80899.0	86141.0	164902.0	185595.0	206631.0	228273.0	245753.0	265157.0	286011.0	311090.0	336618.0	361411.0	390189.0	420578.0	456866.0	487807.0	522993.0	551638.0	597978.0	636400.0	675739.0	613102.0	31495941.0
MHW012_trimmed_clipped_R1_paired	43808.0	34437.0	27771.0	23795.0	51560.0	167550.0	129996.0	111966.0	109954.0	115522.0	228689.0	275681.0	301214.0	326846.0	344991.0	375306.0	410614.0	447400.0	485281.0	524423.0	560872.0	601000.0	651357.0	700737.0	844751.0	776561.0	826750.0	869472.0	916414.0	857708.0	36410769.0
MHW012_trimmed_clipped_R2_paired	321592.0	216903.0	126968.0	104273.0	120533.0	163319.0	117740.0	96431.0	91660.0	97287.0	232021.0	268429.0	301156.0	339807.0	368673.0	404170.0	436211.0	476398.0	513234.0	555720.0	592597.0	637393.0	682847.0	728628.0	767308.0	797372.0	852310.0	897176.0	940259.0	859362.0	35445418.0
MHW013_trimmed_clipped_R1_paired	47679.0	33581.0	23690.0	21818.0	45773.0	148453.0	118051.0	102897.0	100081.0	106788.0	150538.0	160704.0	168935.0	174315.0	176249.0	187075.0	204790.0	220970.0	238306.0	253317.0	274751.0	294603.0	328356.0	351621.0	435402.0	418374.0	469227.0	513857.0	577870.0	531185.0	39156700.0
MHW013_trimmed_clipped_R2_paired	312067.0	212115.0	121486.0	105119.0	118048.0	162015.0	114097.0	98244.0	90938.0	96824.0	143821.0	158714.0	172793.0	189783.0	201645.0	216763.0	230244.0	250357.0	268620.0	289021.0	311044.0	337175.0	368504.0	392855.0	431083.0	456751.0	509238.0	550484.0	611983.0	538966.0	37975159.0
MHW014_trimmed_clipped_R1_paired	38345.0	29280.0	23394.0	20157.0	44449.0	142625.0	110525.0	92559.0	89090.0	92247.0	177339.0	208331.0	227829.0	244157.0	256070.0	278314.0	299605.0	325355.0	349423.0	375331.0	400084.0	424845.0	460661.0	493969.0	592233.0	547093.0	587802.0	616067.0	648796.0	598269.0	30899013.0
MHW014_trimmed_clipped_R2_paired	317126.0	208014.0	109119.0	89323.0	101820.0	135607.0	91739.0	77624.0	70795.0	75267.0	176417.0	200887.0	225762.0	251870.0	272051.0	298524.0	316803.0	345956.0	370490.0	398665.0	424548.0	454679.0	485381.0	518201.0	544418.0	567816.0	612589.0	641482.0	672146.0	601930.0	30036208.0
MHW015_trimmed_clipped_R1_paired	30310.0	22875.0	20790.0	19450.0	41402.0	132866.0	106446.0	92199.0	89421.0	94231.0	166708.0	191313.0	206353.0	217292.0	229196.0	247741.0	269717.0	293103.0	316895.0	341976.0	368301.0	394618.0	427232.0	459951.0	555440.0	519550.0	552833.0	589368.0	619174.0	577968.0	28886161.0
MHW015_trimmed_clipped_R2_paired	206951.0	151506.0	104391.0	92839.0	104458.0	143747.0	102942.0	87805.0	82411.0	87493.0	171392.0	192886.0	213384.0	234061.0	253532.0	273889.0	294293.0	318417.0	343490.0	371359.0	397364.0	428471.0	456816.0	487726.0	517871.0	543475.0	579758.0	615002.0	640566.0	578855.0	28003730.0
MHW016_trimmed_clipped_R1_paired	40692.0	31981.0	25781.0	23514.0	52186.0	167357.0	129118.0	110272.0	105742.0	112089.0	156089.0	167686.0	177608.0	183889.0	189267.0	202547.0	223904.0	243448.0	268031.0	287876.0	319133.0	343956.0	388629.0	422518.0	536870.0	514933.0	588643.0	645400.0	742878.0	702687.0	37132640.0
MHW016_trimmed_clipped_R2_paired	468234.0	290249.0	136803.0	111796.0	126547.0	168922.0	115839.0	101414.0	94308.0	100215.0	147486.0	163713.0	180025.0	198109.0	212059.0	229446.0	247882.0	270539.0	295501.0	321680.0	352679.0	385593.0	426800.0	460965.0	514314.0	545252.0	621248.0	677197.0	770066.0	706582.0	35795901.0
MHW017_trimmed_clipped_R1_paired	43728.0	28518.0	22900.0	20550.0	44076.0	146334.0	112267.0	96309.0	93341.0	96804.0	200711.0	240912.0	267141.0	288642.0	306999.0	337240.0	365422.0	398734.0	431886.0	466494.0	498415.0	526713.0	569532.0	611049.0	731775.0	671471.0	717605.0	744448.0	780283.0	728189.0	32236711.0
MHW017_trimmed_clipped_R2_paired	444090.0	277505.0	123017.0	98463.0	109929.0	149723.0	98077.0	77867.0	72517.0	76977.0	199220.0	229404.0	260751.0	293590.0	321700.0	356366.0	379966.0	416722.0	450410.0	487114.0	517465.0	552630.0	590629.0	629408.0	657127.0	680838.0	732834.0	768793.0	800340.0	730443.0	31241284.0
MHW018_trimmed_clipped_R1_paired	56047.0	47355.0	41875.0	31617.0	62456.0	191557.0	185779.0	185814.0	213299.0	266884.0	1101365.0	1325506.0	1376841.0	1361771.0	1368388.0	1379904.0	1443083.0	1455112.0	1513452.0	1498750.0	1503198.0	1450449.0	1453001.0	1454775.0	1476918.0	1294422.0	1201169.0	1153333.0	1180918.0	1229271.0	8558544.0
MHW018_trimmed_clipped_R2_paired	143814.0	142750.0	109183.0	88315.0	104145.0	153780.0	127191.0	133274.0	145499.0	166144.0	1133667.0	1189885.0	1274890.0	1348174.0	1423632.0	1468370.0	1524307.0	1581828.0	1633611.0	1643627.0	1640024.0	1589451.0	1557081.0	1490732.0	1407683.0	1288750.0	1184400.0	1140807.0	1147836.0	1172202.0	7907801.0
MHW019_trimmed_clipped_R1_paired	30735.0	29429.0	23862.0	18831.0	42247.0	133747.0	115284.0	102871.0	106932.0	115956.0	1019020.0	1300075.0	1360751.0	1389083.0	1383729.0	1379358.0	1375879.0	1349199.0	1345211.0	1294720.0	1265865.0	1211315.0	1176128.0	1134852.0	1170564.0	950022.0	884342.0	833209.0	792152.0	715630.0	6034072.0
MHW019_trimmed_clipped_R2_paired	114057.0	101871.0	78868.0	62688.0	75797.0	107130.0	83682.0	75721.0	77535.0	86141.0	1196682.0	1273308.0	1350371.0	1388907.0	1410047.0	1409116.0	1396470.0	1388484.0	1366284.0	1323983.0	1292737.0	1230509.0	1179854.0	1114573.0	1025899.0	938962.0	874465.0	824077.0	777299.0	693641.0	5765912.0
MHW020_trimmed_clipped_R1_paired	40114.0	36222.0	29989.0	22032.0	45765.0	151958.0	148758.0	153248.0	182802.0	237989.0	964257.0	1208412.0	1228489.0	1222122.0	1212211.0	1227892.0	1255879.0	1255728.0	1250110.0	1222799.0	1185045.0	1134057.0	1106719.0	1080591.0	1105988.0	939992.0	883239.0	876857.0	914558.0	890275.0	8022226.0
MHW020_trimmed_clipped_R2_paired	130244.0	115640.0	86525.0	68529.0	81888.0	129076.0	108356.0	115717.0	132509.0	162137.0	1027643.0	1105862.0	1176161.0	1236114.0	1286889.0	1310259.0	1337505.0	1344931.0	1329061.0	1292191.0	1248424.0	1177840.0	1121491.0	1061418.0	995530.0	911643.0	860436.0	867428.0	888826.0	847323.0	7678727.0
MHW021_trimmed_clipped_R1_paired	34867.0	32730.0	27560.0	21060.0	44246.0	139200.0	132100.0	130165.0	150633.0	192187.0	1158964.0	1444944.0	1462742.0	1449065.0	1413078.0	1403749.0	1394877.0	1371328.0	1340736.0	1304848.0	1255722.0	1198768.0	1154611.0	1127953.0	1148777.0	961198.0	891408.0	862248.0	864736.0	802543.0	6626221.0
MHW021_trimmed_clipped_R2_paired	150307.0	121782.0	85563.0	65289.0	80621.0	118287.0	95845.0	92539.0	101438.0	119315.0	1288496.0	1350541.0	1404997.0	1434346.0	1451112.0	1451122.0	1443512.0	1431990.0	1397505.0	1362078.0	1313636.0	1247819.0	1184155.0	1125023.0	1040081.0	949674.0	881498.0	855432.0	844277.0	766740.0	6288244.0
MHW022_trimmed_clipped_R1_paired	37478.0	34358.0	28756.0	21663.0	44144.0	136158.0	131057.0	129772.0	152037.0	191579.0	749146.0	918334.0	954072.0	959449.0	951809.0	964384.0	994109.0	1000518.0	1018217.0	1001615.0	990077.0	955407.0	946892.0	949801.0	968345.0	843517.0	796801.0	782518.0	831129.0	859327.0	7812108.0
MHW022_trimmed_clipped_R2_paired	135425.0	118024.0	84541.0	68217.0	80019.0	118357.0	98300.0	98595.0	108438.0	126205.0	775839.0	835183.0	900389.0	960086.0	1003697.0	1034709.0	1064751.0	1090839.0	1104048.0	1097503.0	1080686.0	1035381.0	1006757.0	963154.0	902777.0	833218.0	780064.0	761796.0	790918.0	790863.0	7305798.0
MHW023_trimmed_clipped_R1_paired	29282.0	28146.0	23474.0	18527.0	41639.0	129015.0	119434.0	111021.0	120580.0	141870.0	912405.0	1156189.0	1193799.0	1200206.0	1189473.0	1181566.0	1178285.0	1166606.0	1145330.0	1113373.0	1075004.0	1034959.0	997274.0	970443.0	1007430.0	829395.0	770969.0	737037.0	710667.0	640242.0	5094433.0
MHW023_trimmed_clipped_R2_paired	197467.0	143642.0	78943.0	61211.0	73158.0	102420.0	77176.0	74226.0	77018.0	88235.0	1022236.0	1097292.0	1153270.0	1188549.0	1205028.0	1204643.0	1199609.0	1193818.0	1171422.0	1143500.0	1104044.0	1061924.0	1011722.0	963986.0	897961.0	825835.0	768980.0	736680.0	703181.0	622854.0	4818043.0
MHW024_trimmed_clipped_R1_paired	72648.0	63296.0	54922.0	42543.0	94384.0	298194.0	289462.0	294280.0	341464.0	443489.0	1108990.0	1428446.0	1591646.0	1697319.0	1784337.0	1899003.0	2025558.0	2100289.0	2155355.0	2166242.0	2147380.0	2107634.0	2092359.0	2096671.0	2123143.0	1882980.0	1760531.0	1747698.0	1853992.0	1863709.0	13452704.0
MHW024_trimmed_clipped_R2_paired	213536.0	180338.0	136931.0	107107.0	140944.0	220610.0	187859.0	203019.0	230040.0	270392.0	1031243.0	1225401.0	1450985.0	1669391.0	1888030.0	2038527.0	2184781.0	2299411.0	2380255.0	2402773.0	2393763.0	2325310.0	2255808.0	2158821.0	2025929.0	1871216.0	1741063.0	1748605.0	1815718.0	1777957.0	12504905.0
MHW025_trimmed_clipped_R1_paired	59363.0	60334.0	50302.0	38286.0	91295.0	312456.0	289108.0	277159.0	307830.0	364215.0	1076917.0	1389238.0	1517581.0	1593031.0	1661954.0	1756756.0	1877641.0	1957786.0	2025373.0	2053286.0	2065825.0	2046155.0	2045148.0	2057145.0	2131073.0	1870242.0	1774021.0	1738140.0	1795701.0	1752347.0	14936397.0
MHW025_trimmed_clipped_R2_paired	231096.0	199481.0	149784.0	112803.0	147102.0	225697.0	182335.0	182909.0	202213.0	239456.0	1103707.0	1269968.0	1446135.0	1611324.0	1781347.0	1898231.0	2024701.0	2128684.0	2197845.0	2228161.0	2229282.0	2182796.0	2129050.0	2064007.0	1967616.0	1833535.0	1731775.0	1713448.0	1745162.0	1681233.0	14131222.0
MHW026_trimmed_clipped_R1_paired	53228.0	45247.0	38706.0	30211.0	72058.0	231385.0	228373.0	224931.0	258762.0	331703.0	1059650.0	1328376.0	1389552.0	1416011.0	1434041.0	1477104.0	1535498.0	1564424.0	1585275.0	1592461.0	1578737.0	1555880.0	1540052.0	1544777.0	1608198.0	1402620.0	1331967.0	1312851.0	1344701.0	1293078.0	10813882.0
MHW026_trimmed_clipped_R2_paired	164212.0	140258.0	111356.0	89520.0	115816.0	182106.0	159894.0	168877.0	193290.0	234654.0	1120832.0	1244854.0	1369145.0	1473080.0	1572039.0	1624783.0	1681946.0	1721788.0	1737662.0	1729453.0	1700024.0	1646880.0	1587039.0	1528410.0	1450226.0	1356571.0	1286602.0	1267428.0	1274871.0	1190542.0	10099581.0
MHW027_trimmed_clipped_R1_paired	67569.0	57026.0	50181.0	37024.0	84435.0	270639.0	249451.0	247809.0	286416.0	380828.0	1166302.0	1542333.0	1681184.0	1796143.0	1859970.0	1976119.0	2075463.0	2152728.0	2188059.0	2209721.0	2194222.0	2168413.0	2136454.0	2140314.0	2248245.0	1937996.0	1845839.0	1852804.0	1896266.0	1747002.0	16889466.0
MHW027_trimmed_clipped_R2_paired	225113.0	180348.0	138528.0	103104.0	139345.0	216179.0	176765.0	175455.0	194914.0	235723.0	1191044.0	1395500.0	1596644.0	1790568.0	1971288.0	2102690.0	2206676.0	2302482.0	2345427.0	2358912.0	2339107.0	2283302.0	2204247.0	2133751.0	2020482.0	1901014.0	1817362.0	1847475.0	1862205.0	1685468.0	16295303.0
MHW028_trimmed_clipped_R1_paired	47357.0	42058.0	35910.0	28743.0	66856.0	209124.0	193334.0	188139.0	216533.0	280351.0	645143.0	836470.0	941495.0	1012156.0	1087327.0	1181396.0	1293762.0	1366826.0	1434285.0	1465362.0	1486611.0	1496527.0	1499883.0	1531456.0	1605713.0	1414915.0	1350541.0	1314341.0	1329674.0	1256187.0	10425123.0
MHW028_trimmed_clipped_R2_paired	157394.0	131986.0	102394.0	80192.0	102055.0	156050.0	126556.0	127364.0	139909.0	167653.0	582454.0	714417.0	867160.0	1018519.0	1179605.0	1297037.0	1417061.0	1513032.0	1588354.0	1621532.0	1640258.0	1620838.0	1588408.0	1547123.0	1472152.0	1379551.0	1308274.0	1279325.0	1277970.0	1193741.0	9885234.0
MHW029_trimmed_clipped_R1_paired	62723.0	63819.0	51393.0	36519.0	93681.0	320835.0	304109.0	282492.0	310834.0	361702.0	723214.0	958427.0	1093961.0	1215199.0	1316013.0	1459304.0	1602374.0	1718246.0	1795149.0	1855417.0	1884091.0	1908252.0	1915500.0	1928813.0	2050787.0	1789866.0	1718546.0	1709195.0	1746692.0	1623339.0	13889362.0
MHW029_trimmed_clipped_R2_paired	213195.0	176428.0	110860.0	84157.0	112255.0	173795.0	139282.0	142270.0	153192.0	183780.0	633265.0	805919.0	997084.0	1208296.0	1415746.0	1594742.0	1753808.0	1890791.0	1985436.0	2045643.0	2069810.0	2061669.0	2027179.0	1973068.0	1892568.0	1787180.0	1712301.0	1714575.0	1726270.0	1579549.0	13425741.0
MHW030_trimmed_clipped_R1_paired	29377.0	28096.0	24853.0	19310.0	45122.0	155350.0	138998.0	128609.0	147508.0	173202.0	335335.0	430164.0	487633.0	533667.0	581969.0	645951.0	722405.0	779375.0	828968.0	861093.0	885761.0	899317.0	917712.0	941047.0	991699.0	879183.0	842720.0	827712.0	835645.0	780402.0	6736606.0
MHW030_trimmed_clipped_R2_paired	128910.0	109014.0	68459.0	52810.0	67407.0	102395.0	80124.0	81743.0	88365.0	104930.0	297394.0	370482.0	454781.0	544242.0	641696.0	718279.0	800794.0	866321.0	923643.0	956776.0	976605.0	972684.0	961480.0	941546.0	903367.0	852950.0	816040.0	810808.0	810088.0	750848.0	6379808.0
MHW031_trimmed_clipped_R1_paired	65293.0	57354.0	47917.0	36705.0	83091.0	270199.0	269113.0	278240.0	325646.0	421294.0	932913.0	1232806.0	1397256.0	1520556.0	1604797.0	1722512.0	1838374.0	1905496.0	1935738.0	1940824.0	1903709.0	1857460.0	1814316.0	1813648.0	1820218.0	1599029.0	1494464.0	1508675.0	1596686.0	1557899.0	11446630.0
MHW031_trimmed_clipped_R2_paired	280765.0	199093.0	130101.0	99584.0	137311.0	220432.0	192388.0	207033.0	234056.0	265680.0	851817.0	1059384.0	1279277.0	1509453.0	1721961.0	1875559.0	1998780.0	2098201.0	2135699.0	2134986.0	2092137.0	2014153.0	1915902.0	1830199.0	1695771.0	1559219.0	1449127.0	1473648.0	1516417.0	1431536.0	10689189.0
MHW032_trimmed_clipped_R1_paired	37612.0	26298.0	23632.0	21552.0	46627.0	149587.0	116629.0	99744.0	96304.0	100905.0	120764.0	120706.0	125110.0	126696.0	125577.0	133752.0	146316.0	159963.0	174561.0	188745.0	207216.0	224581.0	253361.0	277189.0	341838.0	339757.0	385469.0	433267.0	493355.0	454236.0	37686405.0
MHW032_trimmed_clipped_R2_paired	301844.0	205197.0	126354.0	107467.0	120569.0	162770.0	116975.0	99910.0	95265.0	101059.0	117649.0	127833.0	138651.0	150346.0	157791.0	167120.0	178569.0	194534.0	210004.0	228094.0	249727.0	272974.0	299112.0	324031.0	357578.0	383467.0	430108.0	473022.0	529011.0	460090.0	36350633.0
MHW033_trimmed_clipped_R1_paired	35098.0	30118.0	25349.0	22281.0	50440.0	163003.0	122849.0	102991.0	98618.0	101420.0	119052.0	119187.0	123067.0	123700.0	121519.0	129131.0	140065.0	153508.0	167885.0	181249.0	201117.0	219839.0	250648.0	278640.0	353556.0	354994.0	408707.0	466498.0	541625.0	511966.0	36101037.0
MHW033_trimmed_clipped_R2_paired	274362.0	190468.0	125943.0	104819.0	122241.0	166899.0	119249.0	99860.0	94473.0	100582.0	116888.0	125425.0	135988.0	146672.0	154524.0	164245.0	174045.0	188621.0	203862.0	221609.0	242918.0	268549.0	297107.0	326204.0	366958.0	397850.0	451924.0	502351.0	574971.0	514853.0	34844697.0
MHW034_trimmed_clipped_R1_paired	35368.0	26092.0	23135.0	21448.0	46870.0	152930.0	119667.0	101970.0	98319.0	102852.0	130653.0	134252.0	140933.0	144318.0	146436.0	157832.0	174910.0	190524.0	211908.0	230241.0	258139.0	283706.0	327052.0	360263.0	467176.0	453385.0	520264.0	572730.0	655830.0	614703.0	35390693.0
MHW034_trimmed_clipped_R2_paired	259230.0	183736.0	121171.0	105082.0	118836.0	162564.0	116208.0	97946.0	92772.0	98463.0	126088.0	138249.0	151410.0	165098.0	176256.0	189313.0	204703.0	224702.0	245282.0	267422.0	297443.0	330100.0	369280.0	403184.0	458611.0	488960.0	558655.0	605916.0	684352.0	615997.0	34237570.0
MHW035_trimmed_clipped_R1_paired	38641.0	30503.0	24733.0	22173.0	47823.0	153322.0	120276.0	105084.0	102646.0	108808.0	133778.0	138869.0	144661.0	145602.0	145913.0	155496.0	170450.0	186472.0	203667.0	220101.0	243726.0	265749.0	301496.0	332408.0	413983.0	411440.0	464025.0	518355.0	589091.0	545571.0	39813010.0
MHW035_trimmed_clipped_R2_paired	305761.0	209327.0	135484.0	112884.0	129896.0	176747.0	130056.0	109035.0	103366.0	109799.0	132773.0	145797.0	156978.0	170593.0	180540.0	191870.0	204524.0	223364.0	242398.0	262334.0	288823.0	315715.0	349389.0	381516.0	421184.0	454600.0	509823.0	557525.0	624065.0	549647.0	38412059.0
MHW036_trimmed_clipped_R1_paired	40147.0	29746.0	22056.0	19764.0	41893.0	137808.0	109455.0	95256.0	93228.0	98796.0	116077.0	116446.0	120417.0	121459.0	120960.0	128737.0	140482.0	152151.0	166796.0	180591.0	198456.0	217674.0	244245.0	271980.0	332950.0	335241.0	377243.0	422254.0	470147.0	427872.0	36607416.0
MHW036_trimmed_clipped_R2_paired	277504.0	187940.0	120521.0	101232.0	115259.0	158796.0	114440.0	97903.0	92039.0	97312.0	112653.0	122729.0	132913.0	142634.0	151467.0	160199.0	171061.0	184926.0	200232.0	217095.0	236500.0	260851.0	286395.0	314480.0	345367.0	375057.0	418128.0	456811.0	502738.0	431989.0	35370572.0
MHW037_trimmed_clipped_R1_paired	37334.0	30386.0	24874.0	21389.0	48465.0	155780.0	118522.0	99468.0	95917.0	99736.0	120329.0	121873.0	126500.0	128291.0	128109.0	135950.0	148982.0	161731.0	176558.0	191281.0	210481.0	230019.0	259206.0	286196.0	351143.0	351321.0	392680.0	441110.0	491655.0	453749.0	35490036.0
MHW037_trimmed_clipped_R2_paired	262310.0	182122.0	119015.0	99353.0	114054.0	153728.0	110789.0	97051.0	91793.0	97496.0	116674.0	126364.0	137013.0	149448.0	157646.0	167778.0	179888.0	194699.0	211169.0	228923.0	250747.0	275312.0	303440.0	329476.0	363547.0	392515.0	434849.0	478160.0	525452.0	458033.0	34320227.0
MHW038_trimmed_clipped_R1_paired	36255.0	30084.0	25479.0	22665.0	49971.0	161513.0	123676.0	103975.0	100572.0	104093.0	128983.0	131426.0	137361.0	140199.0	142700.0	153151.0	171013.0	187861.0	208482.0	229493.0	255789.0	284393.0	323235.0	360721.0	453770.0	449195.0	503588.0	559167.0	622064.0	582273.0	37367341.0
MHW038_trimmed_clipped_R2_paired	312124.0	211085.0	130838.0	108819.0	125352.0	168554.0	118424.0	103076.0	95956.0	102342.0	125056.0	136816.0	149776.0	163421.0	174722.0	188136.0	203508.0	223450.0	245310.0	269518.0	297509.0	333090.0	369188.0	406356.0	450376.0	488356.0	544851.0	595098.0	653957.0	584300.0	36071124.0
MHW039_trimmed_clipped_R1_paired	49079.0	34914.0	29647.0	25951.0	55775.0	198982.0	159074.0	142954.0	134087.0	129948.0	139894.0	148504.0	155027.0	161936.0	169033.0	178271.0	189727.0	201882.0	217591.0	233515.0	252596.0	268400.0	286233.0	307680.0	355271.0	358492.0	391389.0	437986.0	479859.0	374562.0	52102897.0
MHW039_trimmed_clipped_R2_paired	291287.0	218921.0	141711.0	128611.0	144232.0	188087.0	136420.0	124955.0	126910.0	133047.0	153014.0	166246.0	178800.0	191450.0	205404.0	219747.0	235696.0	254345.0	272435.0	287599.0	308445.0	329431.0	354466.0	379033.0	403567.0	428162.0	460396.0	498771.0	535594.0	387622.0	50486752.0
MHW040_trimmed_clipped_R1_paired	40889.0	32655.0	27986.0	24568.0	52920.0	185740.0	148282.0	133457.0	127115.0	123549.0	147724.0	163427.0	175388.0	189062.0	204195.0	220354.0	242644.0	266421.0	295064.0	327534.0	364385.0	401486.0	442560.0	485858.0	597524.0	583163.0	643015.0	709350.0	776055.0	701828.0	48377662.0
MHW040_trimmed_clipped_R2_paired	218051.0	175129.0	126941.0	115682.0	130752.0	174436.0	126230.0	115765.0	117462.0	123562.0	160760.0	177820.0	195201.0	214043.0	235336.0	258761.0	284173.0	313731.0	343412.0	377638.0	415343.0	456343.0	502803.0	546775.0	595980.0	639999.0	698607.0	762180.0	820854.0	709289.0	47078802.0
MHW041_trimmed_clipped_R1_paired	37976.0	28531.0	24630.0	22013.0	47791.0	169408.0	137421.0	124221.0	117753.0	113832.0	129301.0	140543.0	149049.0	157829.0	168101.0	178793.0	193636.0	211063.0	232101.0	253206.0	281400.0	306020.0	336710.0	367300.0	447369.0	441622.0	490988.0	546864.0	605458.0	537971.0	43311872.0
MHW041_trimmed_clipped_R2_paired	199411.0	159869.0	114426.0	105077.0	118620.0	157967.0	113650.0	104173.0	105489.0	110233.0	136320.0	148900.0	162820.0	176733.0	192270.0	209194.0	226648.0	250072.0	271777.0	294085.0	323840.0	351275.0	387927.0	419918.0	457910.0	491135.0	540569.0	590626.0	646475.0	546335.0	42197028.0
MHW042_trimmed_clipped_R1_paired	41763.0	34541.0	26517.0	22514.0	49117.0	169358.0	139678.0	128420.0	123205.0	120816.0	132556.0	141720.0	148646.0	155576.0	164196.0	173395.0	187078.0	201475.0	220462.0	241271.0	266379.0	288554.0	318688.0	347528.0	424705.0	424386.0	476116.0	534016.0	601371.0	531192.0	48779696.0
MHW042_trimmed_clipped_R2_paired	234498.0	181744.0	123752.0	113809.0	127081.0	168323.0	124208.0	115074.0	117497.0	122979.0	143669.0	155092.0	167354.0	180633.0	194483.0	211685.0	227527.0	247988.0	267899.0	289039.0	314743.0	342733.0	377582.0	410053.0	448955.0	482377.0	534087.0	584783.0	649353.0	542374.0	47413561.0
MHW043_trimmed_clipped_R1_paired	48432.0	37124.0	25755.0	22494.0	48069.0	168958.0	141749.0	128776.0	124711.0	121900.0	133684.0	143662.0	149997.0	158251.0	166947.0	177345.0	189234.0	204175.0	224158.0	243336.0	268653.0	290171.0	316694.0	343775.0	413314.0	411847.0	455858.0	509578.0	569263.0	492717.0	48574829.0
MHW043_trimmed_clipped_R2_paired	239160.0	184628.0	123444.0	114360.0	127739.0	170081.0	124877.0	114795.0	117376.0	123094.0	144464.0	157210.0	169249.0	182709.0	196946.0	213299.0	229257.0	251126.0	270179.0	291213.0	315281.0	341644.0	375469.0	403009.0	439116.0	469303.0	513731.0	561443.0	615869.0	502676.0	47222709.0
MHW044_trimmed_clipped_R1_paired	39500.0	30418.0	25000.0	22113.0	47645.0	163098.0	134546.0	122474.0	116790.0	113861.0	143170.0	161424.0	175519.0	188424.0	205304.0	221362.0	243602.0	267172.0	297317.0	328425.0	365621.0	401066.0	440249.0	482942.0	590591.0	571582.0	627665.0	687258.0	748535.0	682574.0	42568918.0
MHW044_trimmed_clipped_R2_paired	186754.0	148607.0	109530.0	100461.0	112676.0	149297.0	109848.0	100986.0	102519.0	107738.0	150551.0	168139.0	186549.0	204281.0	227048.0	248943.0	275525.0	305417.0	335395.0	368444.0	405136.0	446166.0	490944.0	533858.0	577876.0	618510.0	674174.0	730762.0	787440.0	689334.0	41561257.0
MHW045_trimmed_clipped_R1_paired	33583.0	26733.0	22684.0	19632.0	43086.0	150263.0	120966.0	108594.0	103146.0	100441.0	127224.0	144417.0	155727.0	167880.0	182684.0	198607.0	219649.0	241403.0	268903.0	300236.0	333803.0	368233.0	409508.0	452069.0	560282.0	544101.0	597880.0	653321.0	711019.0	658180.0	36972957.0
MHW045_trimmed_clipped_R2_paired	164388.0	133142.0	98198.0	90579.0	101819.0	135157.0	97954.0	90321.0	91112.0	95141.0	134312.0	149312.0	165943.0	184245.0	202274.0	222734.0	247059.0	274480.0	302535.0	333963.0	368729.0	407781.0	453551.0	494866.0	539190.0	580387.0	635897.0	689649.0	742458.0	663309.0	36106726.0
MHW046_trimmed_clipped_R1_paired	45422.0	33056.0	26288.0	22993.0	49631.0	175692.0	144681.0	132857.0	125905.0	123083.0	134814.0	143214.0	150074.0	157368.0	166415.0	175463.0	189073.0	203118.0	222355.0	241987.0	266078.0	287862.0	312506.0	340063.0	409060.0	412168.0	457657.0	514589.0	574463.0	498112.0	47787757.0
MHW046_trimmed_clipped_R2_paired	217512.0	173298.0	120757.0	111708.0	127348.0	168999.0	123334.0	114714.0	117273.0	122984.0	142860.0	155531.0	166932.0	179894.0	194659.0	210642.0	227714.0	247132.0	267047.0	288109.0	312461.0	340173.0	370194.0	399473.0	435529.0	467571.0	513224.0	564976.0	621130.0	508769.0	46511857.0
MHW047_trimmed_clipped_R1_paired	46171.0	35206.0	26884.0	23935.0	53108.0	170645.0	139297.0	121510.0	120574.0	129981.0	163002.0	168854.0	176610.0	181622.0	186284.0	199584.0	225349.0	249104.0	281523.0	310704.0	358600.0	398571.0	470946.0	525714.0	685488.0	671187.0	769698.0	848929.0	964502.0	922344.0	42911053.0
MHW047_trimmed_clipped_R2_paired	266684.0	195364.0	132590.0	113621.0	130165.0	178909.0	132699.0	116081.0	108812.0	116999.0	147513.0	162100.0	179510.0	198116.0	214357.0	232043.0	253832.0	281894.0	314904.0	351868.0	400847.0	448025.0	516911.0	572439.0	651620.0	705012.0	805088.0	881799.0	993998.0	924989.0	41808190.0
MHW048_trimmed_clipped_R1_paired	44246.0	41829.0	31600.0	25508.0	65836.0	206406.0	166429.0	138173.0	130708.0	133791.0	157894.0	159293.0	164311.0	166424.0	167525.0	180078.0	201860.0	221435.0	249726.0	275054.0	318226.0	358920.0	432764.0	489830.0	663436.0	661158.0	783562.0	877596.0	1027788.0	1003987.0	39455916.0
MHW048_trimmed_clipped_R2_paired	263282.0	189950.0	126061.0	106068.0	123150.0	168906.0	122173.0	107304.0	101588.0	109775.0	134713.0	148834.0	162446.0	178776.0	193531.0	208925.0	228555.0	251949.0	282734.0	314409.0	360210.0	411269.0	479998.0	538507.0	633527.0	697185.0	822706.0	908668.0	1053554.0	1006606.0	38565950.0
MHW049_trimmed_clipped_R1_paired	34757.0	31162.0	25637.0	22591.0	53209.0	168771.0	133812.0	114062.0	110487.0	116156.0	137726.0	138639.0	142927.0	144081.0	144528.0	154078.0	170175.0	187057.0	206684.0	226106.0	257175.0	285269.0	335578.0	378035.0	499148.0	503147.0	589761.0	669731.0	781723.0	759927.0	37211680.0
MHW049_trimmed_clipped_R2_paired	228820.0	169000.0	115705.0	98549.0	114938.0	156420.0	113508.0	100487.0	95632.0	103097.0	121935.0	133924.0	146367.0	159660.0	170178.0	182328.0	196761.0	216915.0	237740.0	262416.0	295227.0	330136.0	378625.0	421704.0	488268.0	536111.0	623119.0	698515.0	808300.0	762139.0	36267295.0
MHW050_trimmed_clipped_R1_paired	40075.0	30387.0	24779.0	21749.0	50236.0	162721.0	127687.0	108895.0	106451.0	112340.0	134031.0	136347.0	140438.0	141325.0	140901.0	149773.0	164169.0	179659.0	198128.0	215391.0	241607.0	266977.0	309715.0	347742.0	447240.0	454134.0	527270.0	599620.0	698292.0	668996.0	36724823.0
MHW050_trimmed_clipped_R2_paired	375050.0	240813.0	127074.0	105749.0	120688.0	163553.0	117162.0	98885.0	95100.0	100965.0	119959.0	130815.0	142568.0	155553.0	164816.0	176750.0	189657.0	206941.0	227336.0	248136.0	277950.0	308302.0	349775.0	386860.0	440664.0	482586.0	557977.0	627438.0	722661.0	670923.0	35539192.0
MHW051_trimmed_clipped_R1_paired	43606.0	31644.0	28450.0	25741.0	56985.0	183609.0	144883.0	124490.0	119216.0	127094.0	159922.0	163894.0	171701.0	174979.0	177270.0	188332.0	208504.0	225052.0	251724.0	268051.0	306371.0	327746.0	389864.0	422266.0	555729.0	533463.0	631639.0	685249.0	808627.0	741420.0	43666775.0
MHW051_trimmed_clipped_R2_paired	304286.0	219041.0	142007.0	121902.0	138123.0	186137.0	133764.0	115659.0	108804.0	116788.0	148205.0	162844.0	177001.0	194573.0	205763.0	222589.0	237959.0	259688.0	286460.0	309900.0	347750.0	380354.0	437103.0	470942.0	544956.0	573875.0	674335.0	723861.0	843101.0	746473.0	42410053.0
MHW052_trimmed_clipped_R1_paired	43512.0	39972.0	32797.0	27391.0	66347.0	214469.0	157496.0	128669.0	121068.0	123922.0	145330.0	145196.0	149085.0	149540.0	147835.0	156839.0	171143.0	185254.0	201646.0	218089.0	239294.0	260829.0	295173.0	326254.0	404434.0	406739.0	462292.0	518058.0	589241.0	535583.0	42778465.0
MHW052_trimmed_clipped_R2_paired	322457.0	223328.0	143665.0	120505.0	139998.0	192289.0	136179.0	113684.0	107679.0	114907.0	135499.0	146758.0	158447.0	171950.0	181563.0	192530.0	204885.0	222439.0	241107.0	260240.0	286580.0	312470.0	346764.0	377234.0	420277.0	454603.0	511141.0	559860.0	627140.0	541164.0	41474620.0
MHW053_trimmed_clipped_R1_paired	42102.0	34359.0	28715.0	26595.0	60239.0	196065.0	152307.0	129398.0	124723.0	130949.0	155650.0	155440.0	159615.0	159741.0	160039.0	168098.0	183902.0	200077.0	220352.0	237908.0	265029.0	289052.0	332224.0	367431.0	467809.0	468582.0	542814.0	615992.0	716787.0	679363.0	42694375.0
MHW053_trimmed_clipped_R2_paired	326162.0	224852.0	140688.0	120952.0	137019.0	189479.0	135271.0	115322.0	110923.0	118193.0	140401.0	153417.0	166141.0	179311.0	189712.0	201718.0	216231.0	234110.0	255855.0	277594.0	306864.0	337731.0	380177.0	413715.0	469334.0	509439.0	585179.0	651098.0	748095.0	683112.0	41447637.0
MHW054_trimmed_clipped_R1_paired	44216.0	36663.0	30218.0	26621.0	58719.0	185434.0	147802.0	130235.0	127835.0	136911.0	161260.0	162441.0	166394.0	164911.0	162039.0	167553.0	181921.0	193425.0	209088.0	220892.0	241756.0	259850.0	293596.0	320840.0	397438.0	399066.0	463714.0	521734.0	620460.0	561206.0	46805691.0
MHW054_trimmed_clipped_R2_paired	301572.0	219936.0	149623.0	127438.0	147231.0	201271.0	149470.0	127812.0	123180.0	131984.0	151530.0	164371.0	176469.0	189053.0	197835.0	207664.0	217857.0	232848.0	248199.0	265490.0	289356.0	314147.0	345156.0	374395.0	417138.0	447479.0	512067.0	563763.0	659261.0	567078.0	45379256.0
MHW055_trimmed_clipped_R1_paired	44264.0	34643.0	26248.0	24382.0	53133.0	169160.0	134207.0	116630.0	114232.0	121783.0	141416.0	140840.0	143698.0	143275.0	140212.0	148267.0	161949.0	174395.0	192942.0	204074.0	230925.0	245922.0	291254.0	311998.0	412759.0	400898.0	501981.0	562775.0	734528.0	699273.0	40873395.0
MHW055_trimmed_clipped_R2_paired	235528.0	176005.0	126071.0	107790.0	124692.0	171328.0	125823.0	109409.0	102833.0	109907.0	124391.0	135754.0	145915.0	158063.0	166536.0	177492.0	188647.0	203412.0	222553.0	239879.0	267441.0	289448.0	329667.0	355446.0	417094.0	436692.0	536674.0	592393.0	760387.0	701548.0	39856640.0
MHW056_trimmed_clipped_R1_paired	47745.0	39499.0	31999.0	28121.0	64150.0	205684.0	160397.0	135284.0	131045.0	138647.0	160703.0	161185.0	163972.0	163269.0	162253.0	170265.0	185856.0	198944.0	218300.0	231681.0	256659.0	277003.0	317569.0	346025.0	437689.0	434765.0	509443.0	571124.0	680334.0	636720.0	45819515.0
MHW056_trimmed_clipped_R2_paired	348583.0	239301.0	149640.0	126645.0	145428.0	197535.0	142791.0	126212.0	119084.0	127550.0	146583.0	158907.0	171208.0	185961.0	195626.0	206325.0	218799.0	236823.0	256589.0	274688.0	302101.0	330762.0	368509.0	399196.0	449791.0	481075.0	556164.0	613592.0	719311.0	642642.0	44448424.0
MHW057_trimmed_clipped_R1_paired	40347.0	34662.0	29312.0	26055.0	60004.0	191671.0	147839.0	127686.0	122284.0	129498.0	150623.0	149694.0	153748.0	152050.0	151390.0	158988.0	173704.0	186240.0	204908.0	217263.0	242047.0	260676.0	303734.0	330486.0	428577.0	427311.0	514191.0	586738.0	719468.0	690225.0	42300682.0
MHW057_trimmed_clipped_R2_paired	291485.0	207409.0	138235.0	117518.0	136008.0	186508.0	132717.0	117694.0	110897.0	119027.0	135994.0	147092.0	159458.0	172299.0	181117.0	191866.0	204661.0	220785.0	237918.0	257956.0	282073.0	310136.0	348100.0	378862.0	434636.0	467851.0	554676.0	621393.0	750735.0	693265.0	41103730.0
MHW058_trimmed_clipped_R1_paired	46732.0	33568.0	27978.0	25393.0	56675.0	183458.0	144125.0	125335.0	122333.0	129118.0	152862.0	154148.0	157952.0	158514.0	156291.0	164021.0	179157.0	194411.0	211115.0	226396.0	250729.0	270410.0	313184.0	340737.0	433820.0	434803.0	512072.0	582158.0	698421.0	666460.0	43363876.0
MHW058_trimmed_clipped_R2_paired	452839.0	286456.0	152073.0	125634.0	143853.0	195601.0	139457.0	118226.0	113300.0	120988.0	140565.0	152039.0	163997.0	177676.0	186939.0	197769.0	208854.0	227546.0	244991.0	264460.0	291800.0	318892.0	358275.0	388842.0	439718.0	472673.0	550440.0	617946.0	730510.0	670032.0	41863861.0
MHW059_trimmed_clipped_R1_paired	45217.0	32190.0	28513.0	26850.0	57183.0	184958.0	148483.0	126995.0	122519.0	130192.0	157076.0	159167.0	166731.0	170245.0	174785.0	186251.0	208175.0	217812.0	254426.0	253588.0	299652.0	299072.0	387843.0	387653.0	601853.0	517074.0	774074.0	753691.0	1081415.0	918583.0	43991601.0
MHW059_trimmed_clipped_R2_paired	318071.0	226006.0	147154.0	129784.0	144907.0	196705.0	140684.0	121563.0	116748.0	123191.0	148911.0	164117.0	178143.0	198292.0	209499.0	228508.0	243536.0	263295.0	291400.0	306005.0	342349.0	363209.0	435152.0	453303.0	594719.0	564604.0	819800.0	795960.0	1117105.0	920481.0	42560666.0
MHW060_trimmed_clipped_R1_paired	45055.0	38703.0	32477.0	27871.0	65275.0	210681.0	158896.0	131959.0	128368.0	133268.0	153851.0	152594.0	156410.0	155247.0	152189.0	158917.0	172531.0	185090.0	203000.0	216265.0	238743.0	258437.0	297623.0	327169.0	416236.0	419486.0	495579.0	564965.0	681637.0	648009.0	45053706.0
MHW060_trimmed_clipped_R2_paired	331335.0	232068.0	152739.0	130606.0	151195.0	205540.0	149206.0	127887.0	121596.0	130011.0	148054.0	159735.0	170781.0	185069.0	193356.0	203650.0	215267.0	230873.0	248635.0	266113.0	291079.0	319731.0	355811.0	387552.0	439397.0	473479.0	550132.0	610820.0	723892.0	651062.0	43523566.0
MHW061_trimmed_clipped_R1_paired	43329.0	32338.0	28299.0	26211.0	57656.0	186884.0	148398.0	127180.0	122527.0	130260.0	156639.0	156557.0	159988.0	161863.0	161149.0	169446.0	186394.0	199085.0	220558.0	233096.0	262999.0	281190.0	331017.0	359081.0	473379.0	462607.0	558814.0	625421.0	764547.0	718216.0	43985489.0
MHW061_trimmed_clipped_R2_paired	345933.0	237709.0	146703.0	129414.0	144562.0	199315.0	142088.0	122134.0	116968.0	123324.0	148263.0	160762.0	172891.0	188936.0	197289.0	209611.0	222852.0	240081.0	261231.0	280195.0	308266.0	339340.0	383026.0	415326.0	481314.0	510899.0	607784.0	667924.0	802242.0	722081.0	42502154.0
MHW062_trimmed_clipped_R1_paired	45520.0	36364.0	29697.0	26709.0	56743.0	182173.0	146622.0	128178.0	125948.0	135139.0	164396.0	167655.0	171838.0	172607.0	171339.0	181154.0	197926.0	211617.0	235905.0	247896.0	281430.0	297991.0	352605.0	377963.0	498254.0	483565.0	590244.0	661228.0	829382.0	792067.0	47039415.0
MHW062_trimmed_clipped_R2_paired	305234.0	220905.0	152734.0	129947.0	150128.0	204241.0	151276.0	129836.0	122879.0	130651.0	156267.0	170578.0	182547.0	198251.0	208558.0	222561.0	235363.0	253972.0	275452.0	297300.0	327954.0	356457.0	405403.0	435129.0	504563.0	533946.0	639730.0	704273.0	868079.0	794975.0	45570381.0
MHW063_trimmed_clipped_R1_paired	49402.0	36246.0	26814.0	24368.0	51995.0	167512.0	136621.0	119788.0	118259.0	127205.0	150435.0	151012.0	154344.0	154169.0	153503.0	161953.0	177115.0	190381.0	209453.0	223356.0	248388.0	268030.0	310018.0	336890.0	428799.0	422496.0	496547.0	557775.0	670875.0	628847.0	43901758.0
MHW063_trimmed_clipped_R2_paired	308535.0	215624.0	140074.0	123245.0	138650.0	189773.0	139096.0	122237.0	115891.0	123859.0	142134.0	153987.0	165681.0	180277.0	189840.0	200824.0	212929.0	229973.0	250137.0	269311.0	295157.0	323561.0	361869.0	391112.0	442654.0	469404.0	545995.0	600181.0	709524.0	633396.0	42469424.0
MHW064_trimmed_clipped_R1_paired	47133.0	41128.0	33406.0	27900.0	66787.0	214213.0	161391.0	133567.0	128467.0	133288.0	154988.0	153612.0	157918.0	156684.0	154905.0	162789.0	177079.0	189904.0	207907.0	221139.0	245000.0	264205.0	305955.0	332830.0	425563.0	424669.0	506111.0	575683.0	706872.0	678356.0	43893959.0
MHW064_trimmed_clipped_R2_paired	308936.0	216731.0	142546.0	123246.0	140364.0	190429.0	138254.0	122257.0	115575.0	123406.0	142554.0	155069.0	166659.0	180568.0	189743.0	201499.0	213415.0	230042.0	249305.0	268020.0	294261.0	320729.0	358548.0	389828.0	443645.0	475631.0	557595.0	619168.0	745647.0	683072.0	42576666.0
MHW065_trimmed_clipped_R1_paired	44537.0	37903.0	32000.0	28546.0	63742.0	203691.0	160067.0	136659.0	133083.0	140487.0	159578.0	155578.0	159709.0	158446.0	155124.0	162379.0	175146.0	189297.0	204698.0	219352.0	241359.0	261389.0	297779.0	330551.0	413541.0	419344.0	487388.0	561221.0	669721.0	631175.0	47126286.0
MHW065_trimmed_clipped_R2_paired	320423.0	228883.0	154635.0	134604.0	152660.0	205570.0	150980.0	134211.0	127591.0	136958.0	151376.0	163441.0	175313.0	188105.0	197101.0	207168.0	218323.0	234330.0	252136.0	270565.0	294251.0	323157.0	357303.0	390439.0	437428.0	474490.0	543626.0	607332.0	711634.0	635980.0	45579763.0
MHW066_trimmed_clipped_R1_paired	49082.0	33978.0	28139.0	25676.0	55357.0	179837.0	143871.0	124964.0	122613.0	129826.0	152430.0	152291.0	155588.0	156226.0	153475.0	161308.0	174891.0	188764.0	204305.0	219702.0	241397.0	262815.0	296965.0	326572.0	404550.0	407943.0	470263.0	532201.0	621371.0	579576.0	44175737.0
MHW066_trimmed_clipped_R2_paired	444413.0	283679.0	154497.0	132395.0	149410.0	203332.0	146008.0	124613.0	119702.0	126718.0	145928.0	157389.0	169021.0	182689.0	191500.0	201354.0	213220.0	229775.0	248114.0	266474.0	290769.0	319272.0	350894.0	383350.0	423853.0	457866.0	521845.0	578614.0	662176.0	585307.0	42467536.0
MHW067_trimmed_clipped_R1_paired	39565.0	28192.0	25389.0	22986.0	49897.0	159822.0	126435.0	108257.0	104631.0	111430.0	134508.0	135815.0	138510.0	140663.0	138943.0	146997.0	160599.0	172772.0	188192.0	200582.0	219640.0	236467.0	266207.0	289003.0	356521.0	353815.0	405145.0	455934.0	527924.0	480480.0	40794376.0
MHW067_trimmed_clipped_R2_paired	297878.0	211311.0	131539.0	112279.0	126812.0	170664.0	122078.0	105955.0	100366.0	107299.0	128034.0	138756.0	150044.0	162295.0	170276.0	180717.0	192185.0	206956.0	222825.0	238789.0	261090.0	283949.0	311899.0	335701.0	371452.0	397029.0	450706.0	494841.0	564360.0	487708.0	39483904.0
MHW068_trimmed_clipped_R1_paired	38583.0	33587.0	28038.0	24327.0	57432.0	184655.0	137039.0	113901.0	110573.0	114495.0	134715.0	134715.0	138805.0	138691.0	136360.0	143489.0	155475.0	168143.0	182345.0	194278.0	215062.0	231492.0	264071.0	287141.0	361339.0	357819.0	419959.0	471695.0	563030.0	516565.0	39473469.0
MHW068_trimmed_clipped_R2_paired	301114.0	208506.0	135029.0	112402.0	131428.0	178785.0	127992.0	109138.0	103261.0	110066.0	128401.0	139141.0	149969.0	161091.0	169414.0	178896.0	189019.0	202843.0	218989.0	235208.0	256882.0	280388.0	309590.0	335288.0	375987.0	400631.0	463953.0	508845.0	597465.0	520150.0	38191417.0
MHW069_trimmed_clipped_R1_paired	37367.0	27892.0	20416.0	18686.0	40849.0	132054.0	106821.0	93276.0	92329.0	99337.0	115602.0	115870.0	118980.0	118915.0	117361.0	123774.0	135191.0	145728.0	160063.0	170912.0	189762.0	203855.0	234738.0	255717.0	325516.0	323185.0	379735.0	425576.0	510005.0	475255.0	34054512.0
MHW069_trimmed_clipped_R2_paired	348467.0	220991.0	115117.0	97762.0	109049.0	149227.0	106890.0	93207.0	88474.0	93727.0	107376.0	117841.0	125955.0	136881.0	144653.0	152235.0	162369.0	175565.0	189873.0	205233.0	224646.0	246149.0	273929.0	298188.0	335020.0	358418.0	415116.0	457325.0	538470.0	478836.0	32802290.0
MHW070_trimmed_clipped_R1_paired	33775.0	28523.0	22837.0	19442.0	46310.0	147720.0	113347.0	95271.0	92024.0	95198.0	113108.0	115100.0	118002.0	118931.0	118403.0	125862.0	138301.0	149320.0	163495.0	174650.0	195219.0	211323.0	244899.0	269277.0	346160.0	343636.0	404152.0	453684.0	543396.0	513701.0	30668419.0
MHW070_trimmed_clipped_R2_paired	425088.0	255397.0	115592.0	93822.0	105686.0	141445.0	98286.0	86345.0	80915.0	86216.0	103337.0	114122.0	122796.0	133930.0	141876.0	151231.0	161215.0	175585.0	190552.0	206912.0	228704.0	251082.0	282673.0	307210.0	348462.0	376534.0	437054.0	484818.0	569906.0	515620.0	29431074.0
MHW071_trimmed_clipped_R1_paired	29976.0	25545.0	21421.0	19479.0	43510.0	137972.0	110849.0	97147.0	95719.0	101709.0	121158.0	122526.0	126435.0	126837.0	128190.0	136248.0	149977.0	163643.0	183225.0	200700.0	228863.0	253700.0	294438.0	327686.0	423461.0	417879.0	480701.0	528010.0	604162.0	565345.0	30930392.0
MHW071_trimmed_clipped_R2_paired	394481.0	240628.0	120418.0	99856.0	113600.0	151655.0	108558.0	96829.0	91801.0	98012.0	114723.0	124543.0	133726.0	144499.0	154390.0	163421.0	176569.0	191820.0	211244.0	233924.0	263150.0	293805.0	331660.0	364661.0	411563.0	445091.0	509648.0	553714.0	625924.0	565861.0	29667129.0
MHW072_trimmed_clipped_R1_paired	37295.0	25471.0	20779.0	18745.0	41388.0	134259.0	106962.0	93358.0	91457.0	96657.0	118551.0	119840.0	123418.0	124374.0	122207.0	129181.0	140926.0	152029.0	165454.0	176432.0	193224.0	206672.0	235799.0	256214.0	319182.0	316905.0	369815.0	412740.0	488467.0	448519.0	34392776.0
MHW072_trimmed_clipped_R2_paired	368504.0	234749.0	119553.0	100818.0	112882.0	153445.0	108435.0	92296.0	87717.0	92966.0	112520.0	121561.0	130977.0	142139.0	149640.0	158220.0	167584.0	181083.0	195133.0	210822.0	228383.0	249764.0	275943.0	297991.0	331571.0	354155.0	408208.0	448970.0	521444.0	453588.0	33068035.0
MHW073_trimmed_clipped_R1_paired	28374.0	21260.0	19345.0	18030.0	39550.0	128673.0	101259.0	88111.0	86409.0	91722.0	110570.0	110935.0	114682.0	114197.0	113413.0	120372.0	130706.0	141884.0	154514.0	166096.0	183370.0	199561.0	227112.0	248799.0	315948.0	313902.0	361177.0	406151.0	476907.0	448503.0	29946885.0
MHW073_trimmed_clipped_R2_paired	217438.0	154361.0	97492.0	82996.0	94567.0	129293.0	92977.0	79797.0	77193.0	82952.0	98529.0	107452.0	115892.0	126146.0	133425.0	141679.0	151087.0	163013.0	177787.0	192790.0	211038.0	232580.0	258825.0	282101.0	316451.0	340399.0	389360.0	430575.0	499440.0	452516.0	29098266.0
MHW074_trimmed_clipped_R1_paired	37404.0	30804.0	26372.0	24392.0	54186.0	175053.0	133979.0	114782.0	112295.0	116814.0	141291.0	141772.0	146228.0	145293.0	144396.0	152660.0	165281.0	178702.0	195285.0	207465.0	229293.0	245709.0	278915.0	301640.0	376093.0	369021.0	428428.0	479519.0	568041.0	523220.0	41530896.0
MHW074_trimmed_clipped_R2_paired	299342.0	209483.0	136328.0	113394.0	132629.0	181668.0	129451.0	109059.0	102459.0	108593.0	129589.0	141055.0	151292.0	163891.0	173400.0	184291.0	195093.0	211881.0	228532.0	245412.0	269489.0	292868.0	323153.0	348753.0	387552.0	411086.0	471457.0	515135.0	601880.0	528560.0	40278454.0
MHW075_trimmed_clipped_R1_paired	29852.0	23234.0	20101.0	18716.0	42409.0	137543.0	109221.0	93679.0	91251.0	96019.0	111525.0	110679.0	112898.0	111781.0	109889.0	114478.0	122474.0	132228.0	142123.0	151060.0	162952.0	175498.0	195722.0	214103.0	261250.0	262250.0	299527.0	336901.0	394534.0	360240.0	31824074.0
MHW075_trimmed_clipped_R2_paired	251213.0	170680.0	103261.0	89474.0	101613.0	139506.0	98013.0	84245.0	80662.0	86265.0	100298.0	108492.0	116038.0	125286.0	130599.0	136851.0	146049.0	155582.0	166559.0	178784.0	193716.0	209656.0	229771.0	248416.0	275055.0	294308.0	332047.0	365383.0	421223.0	365220.0	30863946.0
MHW076_trimmed_clipped_R1_paired	34623.0	27973.0	23339.0	21310.0	47194.0	150617.0	118535.0	103568.0	102266.0	110102.0	133419.0	136111.0	139218.0	139578.0	137460.0	145235.0	157907.0	169807.0	185757.0	198150.0	219066.0	237051.0	269931.0	296536.0	372957.0	372019.0	433360.0	488499.0	586658.0	555818.0	36465682.0
MHW076_trimmed_clipped_R2_paired	343823.0	224185.0	124806.0	102332.0	118439.0	161934.0	116247.0	98139.0	93421.0	100069.0	120598.0	130697.0	141165.0	152376.0	160949.0	171925.0	181178.0	196072.0	212699.0	230265.0	251159.0	276505.0	306883.0	335029.0	376719.0	405348.0	466471.0	518553.0	612880.0	559417.0	35289463.0
MHW077_trimmed_clipped_R1_paired	33069.0	25798.0	19680.0	18232.0	41135.0	130986.0	104011.0	90055.0	89429.0	95728.0	111581.0	111057.0	112705.0	111622.0	109911.0	114979.0	125442.0	136836.0	148117.0	158177.0	174250.0	188416.0	211901.0	230781.0	284312.0	283482.0	328178.0	369639.0	452966.0	429690.0	31251389.0
MHW077_trimmed_clipped_R2_paired	279105.0	184937.0	104679.0	86317.0	99518.0	136076.0	96757.0	83165.0	78378.0	82681.0	95312.0	103995.0	111402.0	119529.0	126975.0	135016.0	144008.0	156416.0	169063.0	183179.0	200775.0	219188.0	241304.0	260931.0	288331.0	309573.0	354824.0	392000.0	473321.0	432219.0	30344580.0
MHW078_trimmed_clipped_R1_paired	34942.0	33208.0	25886.0	20849.0	55858.0	175444.0	134485.0	108011.0	101136.0	102125.0	115704.0	113418.0	114974.0	113504.0	111833.0	117655.0	126777.0	137124.0	148812.0	157869.0	173075.0	185472.0	209666.0	227438.0	280945.0	280727.0	324092.0	368343.0	446022.0	423189.0	30613625.0
MHW078_trimmed_clipped_R2_paired	361261.0	228718.0	111168.0	89551.0	103551.0	138399.0	95101.0	82002.0	77689.0	82718.0	96767.0	105870.0	113537.0	122630.0	130040.0	138391.0	146729.0	159097.0	171537.0	184502.0	201576.0	220436.0	242351.0	261529.0	290270.0	311694.0	355318.0	393187.0	468878.0	426857.0	29670854.0
MHW079_trimmed_clipped_R1_paired	33545.0	27308.0	23444.0	21685.0	47585.0	153046.0	119126.0	103560.0	100642.0	106510.0	127314.0	128012.0	131651.0	131438.0	130144.0	136430.0	150569.0	162449.0	176419.0	190134.0	208842.0	227945.0	257686.0	283078.0	349826.0	350257.0	400080.0	453700.0	523457.0	492563.0	36818623.0
MHW079_trimmed_clipped_R2_paired	369151.0	239772.0	128264.0	105838.0	121193.0	163185.0	113609.0	99492.0	93116.0	99935.0	116865.0	126757.0	136437.0	147727.0	155347.0	164342.0	176703.0	190942.0	207557.0	224250.0	245031.0	271013.0	298285.0	324803.0	358184.0	387393.0	438814.0	489145.0	553998.0	497495.0	35522425.0
MHW080_trimmed_clipped_R1_paired	34007.0	24126.0	20266.0	18567.0	41033.0	133834.0	103630.0	91413.0	89493.0	95226.0	115383.0	116939.0	120465.0	120931.0	120333.0	126804.0	138138.0	150418.0	163445.0	176948.0	193954.0	211560.0	239613.0	264152.0	328970.0	329297.0	372484.0	419189.0	476976.0	445399.0	31212206.0
MHW080_trimmed_clipped_R2_paired	431951.0	263915.0	119616.0	97004.0	109749.0	148975.0	103012.0	86707.0	83307.0	88477.0	105973.0	115175.0	123654.0	133870.0	142518.0	150681.0	160505.0	174733.0	189302.0	206261.0	225461.0	248086.0	274090.0	299539.0	331764.0	358076.0	402902.0	448339.0	501857.0	449242.0	29920458.0
MHW081_trimmed_clipped_R1_paired	31149.0	22185.0	19441.0	18120.0	39331.0	127751.0	101174.0	86439.0	82988.0	88711.0	114054.0	118458.0	123647.0	127359.0	129695.0	139205.0	154233.0	169223.0	187198.0	203575.0	226980.0	247994.0	281533.0	311598.0	393498.0	387519.0	436837.0	488958.0	551407.0	533420.0	30259267.0
MHW081_trimmed_clipped_R2_paired	214218.0	152367.0	98965.0	85399.0	95719.0	130621.0	93105.0	79427.0	74969.0	80479.0	106449.0	117038.0	128271.0	140670.0	150867.0	162961.0	176388.0	193783.0	212228.0	232988.0	256572.0	283690.0	314799.0	345648.0	383432.0	415439.0	467047.0	515752.0	576018.0	535939.0	29381699.0
MHW082_trimmed_clipped_R1_paired	32060.0	25471.0	22024.0	19831.0	43110.0	138570.0	108570.0	92807.0	90353.0	94205.0	113694.0	114234.0	118798.0	118775.0	118742.0	125755.0	137025.0	149705.0	162671.0	177892.0	196442.0	215837.0	245042.0	271179.0	336460.0	338406.0	381819.0	430564.0	487316.0	459795.0	34229554.0
MHW082_trimmed_clipped_R2_paired	239421.0	170323.0	112640.0	95799.0	110277.0	150987.0	107223.0	90131.0	84774.0	90405.0	107971.0	117592.0	126977.0	137160.0	145996.0	154552.0	165525.0	179972.0	194406.0	212865.0	232248.0	258103.0	285012.0	312023.0	344199.0	376242.0	420734.0	465579.0	518839.0	463474.0	33125257.0
MHW083_trimmed_clipped_R1_paired	32836.0	24468.0	21161.0	20335.0	43991.0	142955.0	113184.0	97355.0	92687.0	97714.0	117901.0	118026.0	121360.0	123124.0	121867.0	130324.0	143112.0	157850.0	172387.0	188934.0	208782.0	231077.0	262133.0	292591.0	369667.0	369653.0	418343.0	474296.0	535978.0	510790.0	33895717.0
MHW083_trimmed_clipped_R2_paired	241919.0	169501.0	108851.0	96910.0	107196.0	148975.0	105121.0	89227.0	84555.0	89891.0	108804.0	118310.0	127902.0	139704.0	147505.0	157109.0	168629.0	185687.0	202885.0	221319.0	243257.0	270602.0	300221.0	331256.0	369277.0	403419.0	454042.0	504711.0	563797.0	514543.0	32875473.0
MHW084_trimmed_clipped_R1_paired	35955.0	28426.0	22877.0	20643.0	44321.0	141317.0	112698.0	98004.0	96538.0	101160.0	126237.0	129521.0	133330.0	135120.0	134434.0	142276.0	155659.0	169939.0	185743.0	199459.0	218420.0	238670.0	269365.0	295279.0	368388.0	366603.0	415017.0	467224.0	532080.0	504401.0	36728415.0
MHW084_trimmed_clipped_R2_paired	325742.0	215745.0	123409.0	104333.0	117098.0	160443.0	115659.0	97386.0	92340.0	97640.0	120452.0	130901.0	141025.0	153545.0	162456.0	172591.0	184083.0	199971.0	216735.0	235196.0	256712.0	282012.0	310012.0	339194.0	375301.0	404616.0	454023.0	502557.0	564574.0	508184.0	35453584.0
MHW085_trimmed_clipped_R1_paired	33770.0	26053.0	19014.0	17585.0	38127.0	123428.0	98242.0	85663.0	84137.0	89096.0	104835.0	104566.0	107310.0	107687.0	107710.0	114109.0	125985.0	137911.0	152327.0	166567.0	187180.0	206759.0	238891.0	267324.0	348789.0	350552.0	420611.0	473915.0	583605.0	559013.0	29868505.0
MHW085_trimmed_clipped_R2_paired	267237.0	176709.0	101444.0	85472.0	96693.0	131490.0	94491.0	82039.0	76759.0	81469.0	94359.0	102003.0	110316.0	121518.0	128483.0	136785.0	147668.0	162719.0	177991.0	195815.0	217730.0	242185.0	273341.0	303100.0	345941.0	378459.0	448127.0	499788.0	605223.0	559705.0	28904207.0
MHW086_trimmed_clipped_R1_paired	34500.0	27415.0	22430.0	19788.0	44423.0	142395.0	111588.0	93443.0	90564.0	94261.0	113980.0	114525.0	117435.0	118158.0	117366.0	123904.0	134618.0	146289.0	159074.0	171436.0	188304.0	205261.0	232667.0	254590.0	320448.0	321477.0	370384.0	422968.0	497706.0	480163.0	32574113.0
MHW086_trimmed_clipped_R2_paired	386770.0	241168.0	116755.0	97057.0	108703.0	144921.0	101434.0	88470.0	82058.0	86488.0	104429.0	113460.0	122504.0	133002.0	139735.0	148871.0	159151.0	172825.0	186743.0	202983.0	221842.0	244873.0	269937.0	294217.0	328603.0	355428.0	404858.0	454045.0	525793.0	483931.0	31344619.0
MHW087_trimmed_clipped_R1_paired	37603.0	29790.0	25801.0	23369.0	50633.0	163211.0	128016.0	109425.0	105386.0	111167.0	138537.0	142248.0	148270.0	151165.0	153043.0	164578.0	181296.0	199410.0	220305.0	239164.0	266267.0	292510.0	330451.0	367149.0	459446.0	453324.0	512714.0	571754.0	648775.0	614126.0	38695574.0
MHW087_trimmed_clipped_R2_paired	378315.0	245978.0	134989.0	113399.0	127758.0	173061.0	120301.0	105295.0	97224.0	103676.0	130745.0	143455.0	156053.0	171417.0	182338.0	194959.0	211276.0	231595.0	253924.0	276865.0	305769.0	338466.0	375739.0	410749.0	455506.0	491854.0	553768.0	609542.0	682318.0	618241.0	37339932.0
MHW088_trimmed_clipped_R1_paired	39364.0	26248.0	21832.0	19927.0	42484.0	139135.0	109741.0	94295.0	91747.0	95729.0	121160.0	125082.0	129353.0	131971.0	132101.0	139833.0	152123.0	166217.0	181082.0	194530.0	212891.0	228723.0	255700.0	279086.0	341585.0	335822.0	377085.0	422730.0	472930.0	437970.0	35471514.0
MHW088_trimmed_clipped_R2_paired	361585.0	231546.0	120736.0	102301.0	114287.0	155716.0	109383.0	90939.0	86443.0	91720.0	116627.0	126903.0	137350.0	150491.0	158100.0	167964.0	180176.0	196799.0	211644.0	228691.0	249276.0	271441.0	297626.0	320283.0	350585.0	374068.0	417956.0	460957.0	508215.0	443883.0	34156299.0
MHW089_trimmed_clipped_R1_paired	35098.0	23627.0	20827.0	19211.0	41312.0	132504.0	103605.0	87965.0	83579.0	87590.0	119730.0	125114.0	132769.0	138228.0	140671.0	152188.0	168260.0	184112.0	201628.0	219109.0	239727.0	259269.0	290291.0	317880.0	391985.0	378661.0	422733.0	465973.0	513060.0	475593.0	33620508.0
MHW089_trimmed_clipped_R2_paired	241696.0	168767.0	106632.0	93559.0	104532.0	142037.0	99863.0	84516.0	79395.0	83476.0	118311.0	129880.0	142965.0	157410.0	167666.0	180795.0	194600.0	213830.0	232438.0	252591.0	274679.0	299833.0	329402.0	356963.0	389300.0	414599.0	459493.0	500102.0	545793.0	480436.0	32547248.0
MHW090_trimmed_clipped_R1_paired	29874.0	22977.0	19665.0	17535.0	37370.0	121088.0	93324.0	79423.0	76513.0	78487.0	113610.0	122404.0	131577.0	135984.0	141229.0	149765.0	164888.0	181226.0	197634.0	212716.0	233125.0	251533.0	278825.0	303318.0	368543.0	354256.0	387358.0	423707.0	461056.0	425811.0	30268008.0
MHW090_trimmed_clipped_R2_paired	214345.0	150390.0	99635.0	85568.0	97652.0	135294.0	94979.0	78996.0	72756.0	77167.0	115684.0	127881.0	141781.0	154778.0	166104.0	176873.0	190882.0	209019.0	226341.0	244514.0	265929.0	289625.0	314926.0	338602.0	364837.0	387097.0	421865.0	454661.0	489828.0	429586.0	29265234.0
MHW091_trimmed_clipped_R1_paired	24564.0	20491.0	17793.0	15974.0	35061.0	120467.0	97949.0	88965.0	84673.0	82879.0	119425.0	142082.0	157686.0	173556.0	194326.0	215344.0	243544.0	266177.0	308858.0	339747.0	397856.0	429034.0	504213.0	556677.0	758031.0	710792.0	838240.0	932197.0	1102929.0	1065631.0	25020716.0
MHW091_trimmed_clipped_R2_paired	104652.0	89925.0	74391.0	69772.0	79142.0	106138.0	78068.0	72259.0	73952.0	77669.0	127512.0	147523.0	164168.0	187182.0	206867.0	238606.0	260998.0	295014.0	328998.0	371558.0	416960.0	462973.0	532151.0	595353.0	688216.0	727607.0	855813.0	949850.0	1114820.0	1060852.0	24506888.0
MHW092_trimmed_clipped_R1_paired	28377.0	20470.0	17262.0	15477.0	34701.0	120232.0	100139.0	93045.0	89829.0	89624.0	136740.0	167442.0	187962.0	208778.0	234872.0	260086.0	293932.0	318643.0	368487.0	403644.0	465340.0	497067.0	576859.0	624946.0	826598.0	761234.0	883969.0	974831.0	1137999.0	1070298.0	24679959.0
MHW092_trimmed_clipped_R2_paired	105798.0	90188.0	73920.0	70034.0	79791.0	108642.0	80292.0	75743.0	78379.0	82509.0	147237.0	173909.0	193468.0	223316.0	247648.0	285846.0	312089.0	349139.0	391503.0	438024.0	486535.0	531785.0	606729.0	661851.0	749915.0	777569.0	901393.0	995128.0	1152073.0	1064917.0	24153472.0
MHW093_trimmed_clipped_R1_paired	31446.0	23782.0	20942.0	18805.0	43035.0	146569.0	123438.0	114890.0	111018.0	112974.0	206342.0	265494.0	304160.0	343160.0	389522.0	437261.0	494142.0	533252.0	616041.0	671556.0	758719.0	802675.0	903194.0	969666.0	1235427.0	1095321.0	1226105.0	1336925.0	1488508.0	1353182.0	24697105.0
MHW093_trimmed_clipped_R2_paired	124801.0	106414.0	86935.0	81697.0	93271.0	125056.0	94378.0	91365.0	95265.0	102479.0	224662.0	274457.0	310754.0	364188.0	405564.0	473254.0	516177.0	577797.0	644531.0	718698.0	785191.0	847874.0	937135.0	1013406.0	1110791.0	1117107.0	1248182.0	1358487.0	1501010.0	1342375.0	24101355.0
MHW094_trimmed_clipped_R1_paired	30445.0	25686.0	22499.0	20019.0	44590.0	151797.0	128030.0	121011.0	118387.0	121792.0	175980.0	214503.0	239071.0	268435.0	302018.0	338490.0	384166.0	423431.0	495806.0	554497.0	647675.0	700737.0	818498.0	897863.0	1175183.0	1073012.0	1230301.0	1354570.0	1553914.0	1420965.0	28581608.0
MHW094_trimmed_clipped_R2_paired	133592.0	113957.0	93761.0	88937.0	101631.0	137110.0	105182.0	102497.0	108339.0	115983.0	189210.0	224526.0	251159.0	291273.0	324478.0	376088.0	415565.0	472306.0	534567.0	608892.0	683095.0	760132.0	864767.0	956419.0	1074946.0	1104329.0	1260646.0	1379904.0	1568872.0	1407639.0	27785177.0
MHW095_trimmed_clipped_R1_paired	31454.0	24087.0	22117.0	20028.0	44624.0	153828.0	129424.0	118817.0	113917.0	112266.0	175773.0	217557.0	246374.0	275666.0	311944.0	350291.0	397695.0	432093.0	507863.0	556856.0	653650.0	696504.0	816923.0	882792.0	1185252.0	1071331.0	1250221.0	1359104.0	1557609.0	1438197.0	28679062.0
MHW095_trimmed_clipped_R2_paired	131320.0	112435.0	92775.0	87894.0	100021.0	135833.0	100644.0	94700.0	97526.0	103405.0	188058.0	224815.0	253843.0	295476.0	327471.0	382389.0	419465.0	476144.0	537255.0	605162.0	681031.0	747444.0	854674.0	934027.0	1068958.0	1095071.0	1273227.0	1380863.0	1571473.0	1429771.0	28030149.0
MHW096_trimmed_clipped_R1_paired	37086.0	30898.0	25237.0	22530.0	49030.0	167934.0	139776.0	129512.0	124668.0	123367.0	179538.0	216868.0	240663.0	267432.0	299448.0	333704.0	377419.0	412200.0	481839.0	532299.0	623391.0	673126.0	787773.0	864450.0	1163438.0	1073972.0	1242825.0	1370288.0	1567954.0	1481811.0	37252654.0
MHW096_trimmed_clipped_R2_paired	154081.0	131946.0	107267.0	100728.0	113892.0	152894.0	114645.0	107218.0	109154.0	114454.0	191039.0	224969.0	249366.0	288210.0	318795.0	367884.0	404464.0	458537.0	515610.0	582986.0	654485.0	727564.0	833049.0	923863.0	1059029.0	1103324.0	1272590.0	1400051.0	1589199.0	1476298.0	36445539.0
MHW097_trimmed_clipped_R1_paired	31827.0	30053.0	24987.0	20670.0	51493.0	170498.0	133978.0	114852.0	115332.0	125835.0	255313.0	317410.0	360666.0	402131.0	447687.0	512167.0	589875.0	639823.0	747932.0	824130.0	931694.0	986017.0	1119431.0	1193319.0	1488663.0	1262335.0	1397323.0	1504903.0	1668814.0	1408306.0	16165852.0
MHW097_trimmed_clipped_R2_paired	284663.0	199741.0	106749.0	90498.0	102564.0	140416.0	104304.0	98571.0	98105.0	108432.0	260474.0	318500.0	361652.0	428918.0	478116.0	565763.0	615933.0	694756.0	779383.0	884647.0	961449.0	1045274.0	1141401.0	1226146.0	1314835.0	1259136.0	1393815.0	1500310.0	1652022.0	1376787.0	15449956.0
MHW098_trimmed_clipped_R1_paired	31170.0	22518.0	19246.0	17316.0	37885.0	121331.0	97919.0	86745.0	86918.0	95823.0	233477.0	295432.0	327469.0	359273.0	385632.0	430332.0	477403.0	505568.0	568368.0	613929.0	674837.0	713747.0	784938.0	841712.0	1031178.0	901056.0	979303.0	1034450.0	1076162.0	968432.0	17709965.0
MHW098_trimmed_clipped_R2_paired	346755.0	235130.0	105662.0	87880.0	97942.0	132877.0	93341.0	81076.0	78095.0	84382.0	244923.0	293426.0	324271.0	376487.0	403943.0	463279.0	489445.0	537773.0	583925.0	647101.0	691029.0	743731.0	797523.0	855566.0	902446.0	890275.0	973836.0	1039917.0	1075961.0	952532.0	16899005.0
MHW099_trimmed_clipped_R1_paired	27748.0	20555.0	18821.0	17683.0	39626.0	126102.0	101497.0	88876.0	85981.0	93812.0	202653.0	250799.0	287994.0	314090.0	351565.0	387256.0	443352.0	464419.0	548810.0	577536.0	675368.0	688847.0	806923.0	843522.0	1103375.0	951814.0	1080811.0	1121374.0	1225819.0	1096821.0	19622220.0
MHW099_trimmed_clipped_R2_paired	140282.0	113374.0	87922.0	76148.0	86723.0	117696.0	86816.0	76029.0	72722.0	78601.0	205139.0	251941.0	284838.0	334502.0	365175.0	423051.0	452727.0	501434.0	565362.0	619300.0	691200.0	729861.0	824530.0	872629.0	972411.0	955731.0	1089578.0	1132854.0	1233162.0	1089226.0	19135105.0
MHW100_trimmed_clipped_R1_paired	29019.0	25831.0	22534.0	20062.0	45356.0	141797.0	113592.0	97425.0	95663.0	102126.0	271750.0	354176.0	404279.0	444364.0	490838.0	545178.0	608877.0	641203.0	721847.0	767226.0	848751.0	879739.0	964927.0	1008042.0	1226464.0	1044868.0	1112324.0	1163810.0	1192762.0	1066589.0	19634100.0
MHW100_trimmed_clipped_R2_paired	169267.0	136062.0	102826.0	84976.0	99553.0	135854.0	98881.0	85082.0	79814.0	86502.0	290942.0	359009.0	402520.0	468896.0	510218.0	588125.0	622496.0	683449.0	741947.0	812008.0	867866.0	918236.0	983309.0	1026250.0	1076360.0	1049674.0	1120759.0	1172341.0	1197113.0	1055836.0	19059348.0
MHW101_trimmed_clipped_R1_paired	27896.0	21339.0	19356.0	18224.0	40263.0	130391.0	105222.0	91596.0	89202.0	96399.0	241553.0	310828.0	352433.0	384388.0	421384.0	460433.0	516067.0	529262.0	602879.0	613999.0	699835.0	695275.0	807247.0	809028.0	1079855.0	894352.0	1042556.0	1054022.0	1224789.0	1074673.0	20786689.0
MHW101_trimmed_clipped_R2_paired	158720.0	126511.0	92599.0	80705.0	91346.0	125504.0	90605.0	77529.0	74188.0	79241.0	253199.0	315957.0	345512.0	406681.0	431828.0	499235.0	519224.0	566159.0	610490.0	655568.0	706686.0	736190.0	814652.0	839571.0	949578.0	900233.0	1051319.0	1066172.0	1232549.0	1068606.0	20275078.0
MHW102_trimmed_clipped_R1_paired	32231.0	26594.0	22857.0	20601.0	45026.0	142688.0	113940.0	100366.0	99434.0	108101.0	264318.0	337255.0	380384.0	417384.0	454541.0	501950.0	558181.0	591096.0	656866.0	700264.0	770932.0	803980.0	882139.0	934410.0	1146702.0	998407.0	1071363.0	1130241.0	1166853.0	1062196.0	23495119.0
MHW102_trimmed_clipped_R2_paired	234682.0	176522.0	113988.0	93361.0	107646.0	145557.0	106579.0	91107.0	86113.0	92772.0	277233.0	339543.0	377791.0	438285.0	472132.0	540415.0	572616.0	626019.0	675643.0	739046.0	790023.0	840208.0	900954.0	954888.0	1008913.0	1003763.0	1080961.0	1143523.0	1174317.0	1054041.0	22777778.0
MHW103_trimmed_clipped_R1_paired	31258.0	23893.0	18491.0	16880.0	36172.0	117424.0	93686.0	82293.0	79820.0	85680.0	159886.0	190002.0	206942.0	222112.0	236553.0	256507.0	284691.0	301560.0	336731.0	354500.0	400458.0	417880.0	479764.0	505891.0	655793.0	591206.0	669308.0	710540.0	793875.0	737232.0	25087845.0
MHW103_trimmed_clipped_R2_paired	193958.0	143580.0	94527.0	80020.0	90633.0	123593.0	88267.0	75616.0	69957.0	73627.0	159254.0	188047.0	205533.0	235904.0	250628.0	280975.0	296926.0	325418.0	353329.0	383340.0	419231.0	449970.0	500482.0	532979.0	594107.0	606724.0	687691.0	729498.0	809814.0	736421.0	24404824.0
MHW104_trimmed_clipped_R1_paired	32771.0	31895.0	24715.0	19723.0	52110.0	163958.0	132611.0	106821.0	101399.0	102990.0	167808.0	197526.0	217227.0	237599.0	260692.0	293996.0	337264.0	365327.0	427088.0	464360.0	543331.0	578356.0	693082.0	745857.0	1014370.0	912787.0	1072319.0	1149124.0	1331252.0	1230383.0	19896323.0
MHW104_trimmed_clipped_R2_paired	319228.0	216212.0	103730.0	84611.0	96078.0	127471.0	88878.0	78725.0	73641.0	79351.0	157922.0	191084.0	214491.0	251623.0	277618.0	324061.0	353159.0	398464.0	446246.0	503037.0	563318.0	622410.0	713302.0	781594.0	900675.0	918196.0	1079737.0	1160905.0	1333939.0	1219772.0	19225586.0
MHW105_trimmed_clipped_R1_paired	29484.0	28025.0	22863.0	19438.0	48340.0	155047.0	121055.0	100828.0	95611.0	100069.0	143109.0	160414.0	174776.0	187321.0	201339.0	225092.0	258726.0	284344.0	330345.0	364463.0	424321.0	461157.0	550294.0	604489.0	822355.0	763306.0	897440.0	992342.0	1166138.0	1115784.0	23927232.0
MHW105_trimmed_clipped_R2_paired	262671.0	183152.0	101696.0	83827.0	96272.0	130003.0	91263.0	81476.0	75496.0	81746.0	131349.0	154967.0	173453.0	200185.0	220148.0	252074.0	277233.0	314127.0	352134.0	398985.0	450135.0	503681.0	578651.0	640602.0	742395.0	775324.0	911153.0	1005625.0	1174272.0	1108085.0	23223367.0
MHW106_trimmed_clipped_R1_paired	31948.0	22091.0	18590.0	17335.0	37970.0	122191.0	96848.0	83024.0	79947.0	85591.0	140347.0	161334.0	175686.0	186733.0	197053.0	216638.0	242037.0	258095.0	291588.0	308197.0	351912.0	365177.0	428416.0	450392.0	601223.0	539732.0	626658.0	667307.0	771527.0	699543.0	26738918.0
MHW106_trimmed_clipped_R2_paired	273729.0	188077.0	104373.0	87022.0	98003.0	132158.0	92102.0	76755.0	71457.0	75831.0	137127.0	159839.0	175445.0	200654.0	213652.0	242059.0	256281.0	284229.0	309003.0	338854.0	371772.0	401839.0	451552.0	483893.0	550374.0	556721.0	646707.0	690475.0	792108.0	700681.0	25851276.0
MHW107_trimmed_clipped_R1_paired	28006.0	20453.0	18187.0	17125.0	38465.0	124145.0	98922.0	86223.0	83079.0	89838.0	132745.0	148020.0	158361.0	167729.0	177360.0	193274.0	219440.0	233929.0	269593.0	286113.0	335071.0	350285.0	421471.0	451104.0	626125.0	578115.0	700410.0	773528.0	959114.0	919761.0	25720953.0
MHW107_trimmed_clipped_R2_paired	150614.0	116062.0	86326.0	73699.0	85052.0	115589.0	85111.0	73971.0	71165.0	76386.0	123409.0	144106.0	157087.0	180108.0	192978.0	218652.0	234170.0	260166.0	288017.0	318190.0	355046.0	388276.0	445851.0	487631.0	574607.0	595172.0	720210.0	792314.0	974186.0	917310.0	25125483.0
MHW108_trimmed_clipped_R1_paired	28010.0	24865.0	20850.0	18917.0	42943.0	136070.0	109565.0	94634.0	90966.0	96652.0	206109.0	256840.0	288302.0	315216.0	346251.0	385465.0	433012.0	459374.0	526457.0	557902.0	640194.0	664832.0	771597.0	810036.0	1081640.0	945094.0	1093032.0	1151738.0	1321905.0	1227734.0	22681102.0
MHW108_trimmed_clipped_R2_paired	166958.0	130119.0	96913.0	80296.0	95755.0	130771.0	95410.0	81742.0	76698.0	82339.0	211907.0	258177.0	286559.0	335532.0	363405.0	421288.0	446829.0	494748.0	544347.0	598852.0	658368.0	707859.0	790013.0	844546.0	958771.0	954574.0	1103106.0	1166428.0	1328996.0	1217874.0	22098124.0
MHW109_trimmed_clipped_R1_paired	27462.0	21597.0	18628.0	17861.0	40568.0	127861.0	105836.0	91242.0	88354.0	94993.0	170497.0	204075.0	224514.0	243707.0	263725.0	293827.0	331964.0	358411.0	409669.0	442388.0	508848.0	539559.0	633081.0	681706.0	910071.0	820781.0	952917.0	1032538.0	1182670.0	1118157.0	22794774.0
MHW109_trimmed_clipped_R2_paired	170877.0	129444.0	89541.0	77595.0	88381.0	121283.0	88926.0	77344.0	74532.0	79171.0	167417.0	200746.0	223360.0	258609.0	280343.0	323324.0	346927.0	388776.0	427667.0	478814.0	528480.0	581173.0	654369.0	716053.0	812589.0	831899.0	965779.0	1047853.0	1192574.0	1112048.0	22216387.0
MHW110_trimmed_clipped_R1_paired	32177.0	27029.0	22261.0	20195.0	46156.0	147389.0	118665.0	105345.0	105232.0	114670.0	232050.0	289382.0	328364.0	363102.0	403042.0	453403.0	515445.0	556437.0	641523.0	694323.0	793363.0	841415.0	967131.0	1040545.0	1337011.0	1185683.0	1322042.0	1410480.0	1547327.0	1423480.0	22516575.0
MHW110_trimmed_clipped_R2_paired	237661.0	174123.0	109604.0	90516.0	105706.0	143504.0	107795.0	93772.0	90753.0	99128.0	234700.0	289572.0	327868.0	385958.0	424915.0	495238.0	535613.0	599492.0	664512.0	743259.0	817353.0	891991.0	989913.0	1073190.0	1180870.0	1187628.0	1327819.0	1419877.0	1550588.0	1407704.0	21800620.0
MHW111_trimmed_clipped_R1_paired	33403.0	26548.0	19997.0	18437.0	41914.0	135134.0	106728.0	92135.0	90587.0	97219.0	125575.0	132561.0	139931.0	145144.0	149872.0	162907.0	182600.0	200356.0	228128.0	248180.0	286657.0	311453.0	373510.0	415344.0	565493.0	545418.0	656504.0	740737.0	903396.0	872057.0	29201900.0
MHW111_trimmed_clipped_R2_paired	254234.0	173822.0	101221.0	85354.0	97614.0	132709.0	95755.0	82905.0	78772.0	84060.0	112393.0	126622.0	140032.0	156592.0	168938.0	187721.0	202858.0	226941.0	251577.0	280883.0	314373.0	350609.0	405431.0	452868.0	531085.0	568123.0	679254.0	761449.0	919156.0	869260.0	28357214.0
MHW112_trimmed_clipped_R1_paired	32834.0	36576.0	26106.0	18757.0	57703.0	175506.0	153061.0	119943.0	109761.0	106193.0	143835.0	157304.0	169198.0	182205.0	196318.0	220938.0	251954.0	276909.0	320930.0	352014.0	412046.0	444065.0	530688.0	581103.0	789497.0	727346.0	859487.0	940846.0	1106419.0	1044903.0	20105899.0
MHW112_trimmed_clipped_R2_paired	273931.0	183082.0	92102.0	74487.0	85732.0	114342.0	81321.0	71835.0	68027.0	72684.0	124648.0	147522.0	164926.0	192704.0	214356.0	247303.0	270958.0	306408.0	344982.0	390306.0	438858.0	490119.0	561139.0	623933.0	721778.0	748426.0	879928.0	956226.0	1115923.0	1038535.0	19553823.0
MHW113_trimmed_clipped_R1_paired	28570.0	27545.0	22134.0	18796.0	47929.0	152536.0	127579.0	107501.0	103817.0	109162.0	175100.0	205875.0	233231.0	254824.0	285473.0	326038.0	376209.0	413733.0	483642.0	534539.0	614726.0	661418.0	760383.0	828297.0	1066461.0	959735.0	1078214.0	1181567.0	1311998.0	1197453.0	19706608.0
MHW113_trimmed_clipped_R2_paired	227432.0	160575.0	94152.0	77976.0	89746.0	121966.0	88652.0	81224.0	78753.0	85063.0	164908.0	200918.0	230360.0	272161.0	306557.0	360811.0	397657.0	452569.0	510116.0	580404.0	642578.0	709643.0	788661.0	867588.0	955030.0	970630.0	1090509.0	1191238.0	1314675.0	1185253.0	19103288.0
MHW114_trimmed_clipped_R1_paired	31166.0	22053.0	18832.0	17168.0	38746.0	124079.0	98505.0	87570.0	85959.0	93528.0	239686.0	305781.0	340750.0	370649.0	398400.0	431779.0	470954.0	486929.0	532999.0	552977.0	596314.0	610299.0	655385.0	681769.0	813387.0	706102.0	749255.0	780098.0	798238.0	709166.0	22490749.0
MHW114_trimmed_clipped_R2_paired	284811.0	198462.0	106112.0	86779.0	98056.0	132688.0	94354.0	79598.0	76729.0	81800.0	253415.0	306924.0	337408.0	387267.0	414238.0	462858.0	481047.0	515194.0	547498.0	584870.0	611800.0	638990.0	673711.0	701517.0	728085.0	713750.0	764677.0	799712.0	814769.0	707141.0	21655012.0
MHW115_trimmed_clipped_R1_paired	41605.0	35659.0	29378.0	26433.0	59504.0	188905.0	151143.0	132196.0	129628.0	139645.0	205099.0	230887.0	251478.0	269045.0	290463.0	325288.0	373652.0	413322.0	481153.0	529981.0	619196.0	670183.0	797092.0	873429.0	1181814.0	1096504.0	1289216.0	1421860.0	1673887.0	1612258.0	36391603.0
MHW115_trimmed_clipped_R2_paired	217646.0	172377.0	134377.0	112306.0	131968.0	181557.0	137359.0	116929.0	111242.0	119507.0	190026.0	221848.0	248377.0	287634.0	315123.0	362615.0	400700.0	454645.0	511038.0	581350.0	656013.0	727604.0	836633.0	924364.0	1068301.0	1115797.0	1309418.0	1441409.0	1687716.0	1602660.0	35552967.0
MHW116_trimmed_clipped_R1_paired	31230.0	23563.0	20466.0	19004.0	43035.0	137496.0	109621.0	94321.0	91691.0	96861.0	128787.0	138188.0	146523.0	153566.0	162101.0	179183.0	204800.0	226157.0	260322.0	289639.0	334933.0	368194.0	440312.0	492208.0	668619.0	641615.0	760322.0	858297.0	1023969.0	1004773.0	27785642.0
MHW116_trimmed_clipped_R2_paired	164070.0	128138.0	94635.0	81772.0	93470.0	127297.0	93218.0	81432.0	77825.0	83277.0	116037.0	132653.0	146566.0	166481.0	181749.0	205565.0	224532.0	255296.0	285081.0	323811.0	364584.0	411051.0	473110.0	531437.0	617767.0	663611.0	781608.0	876508.0	1038016.0	999041.0	27115800.0
MHW117_trimmed_clipped_R1_paired	36719.0	39542.0	30164.0	23331.0	64389.0	201975.0	158219.0	125196.0	116084.0	116217.0	162141.0	177882.0	192063.0	206718.0	221427.0	248589.0	285778.0	316187.0	365687.0	404461.0	469814.0	516384.0	609033.0	677367.0	911278.0	858925.0	1001033.0	1117560.0	1301827.0	1271849.0	27689191.0
MHW117_trimmed_clipped_R2_paired	190429.0	147582.0	109569.0	91107.0	108412.0	147786.0	107946.0	92960.0	87034.0	93001.0	148556.0	173475.0	194369.0	224114.0	246675.0	284311.0	313110.0	353877.0	398496.0	450228.0	508542.0	571940.0	650573.0	726857.0	833509.0	883546.0	1026734.0	1136259.0	1314229.0	1261047.0	27040757.0
MHW118_trimmed_clipped_R1_paired	29733.0	23453.0	20353.0	19188.0	43103.0	137613.0	110349.0	95121.0	91902.0	97347.0	160295.0	185227.0	203611.0	220594.0	238231.0	264336.0	300321.0	329147.0	373992.0	408866.0	467778.0	502671.0	583347.0	635857.0	838617.0	775690.0	888183.0	969796.0	1101282.0	1065176.0	25065163.0
MHW118_trimmed_clipped_R2_paired	182813.0	138529.0	96569.0	84375.0	94938.0	131076.0	94982.0	81824.0	78516.0	83709.0	155963.0	182051.0	205035.0	237089.0	258389.0	292906.0	320006.0	359166.0	398123.0	444661.0	493291.0	543119.0	611963.0	669543.0	755196.0	789211.0	903475.0	985197.0	1111231.0	1057068.0	24406328.0
MHW119_trimmed_clipped_R1_paired	36104.0	30981.0	24928.0	21844.0	50246.0	162678.0	125075.0	107487.0	104630.0	111833.0	151820.0	165230.0	177810.0	188138.0	199405.0	221302.0	252320.0	279251.0	321203.0	354335.0	407888.0	443860.0	520462.0	578513.0	764541.0	727344.0	842777.0	940362.0	1092345.0	1048227.0	32105575.0
MHW119_trimmed_clipped_R2_paired	250450.0	181137.0	118238.0	97797.0	113292.0	154079.0	114041.0	96572.0	92273.0	98296.0	140871.0	160811.0	179914.0	204932.0	224117.0	253631.0	278700.0	313808.0	350970.0	396312.0	444688.0	493297.0	561677.0	623166.0	710055.0	754404.0	869053.0	962461.0	1108246.0	1041332.0	31169894.0
MHW120_trimmed_clipped_R1_paired	33865.0	24775.0	22164.0	19786.0	44472.0	152629.0	127097.0	118817.0	114264.0	114689.0	166714.0	202492.0	225342.0	253931.0	284670.0	320665.0	363565.0	401681.0	466944.0	521450.0	602359.0	654724.0	749024.0	831260.0	1066943.0	986894.0	1108260.0	1229970.0	1364470.0	1257310.0	29136940.0
MHW120_trimmed_clipped_R2_paired	133223.0	114318.0	92338.0	86765.0	99208.0	133116.0	100917.0	95384.0	98591.0	105811.0	176698.0	207059.0	232963.0	270424.0	303519.0	351930.0	389514.0	442751.0	498442.0	566494.0	632725.0	701096.0	790933.0	876126.0	975500.0	1011530.0	1133090.0	1254414.0	1380597.0	1250743.0	28461947.0
MHW121_trimmed_clipped_R1_paired	38484.0	30922.0	26915.0	24074.0	51987.0	180328.0	146636.0	133085.0	127837.0	125103.0	158388.0	181558.0	197764.0	216946.0	239069.0	262628.0	294032.0	321764.0	367522.0	404929.0	467421.0	506180.0	584063.0	645738.0	848042.0	806583.0	931683.0	1043403.0	1210804.0	1142929.0	42314153.0
MHW121_trimmed_clipped_R2_paired	174673.0	147478.0	114970.0	107638.0	122435.0	164883.0	121035.0	111924.0	114851.0	119475.0	168491.0	191723.0	211186.0	237931.0	262636.0	296253.0	325405.0	366124.0	404753.0	454364.0	505805.0	558674.0	632449.0	702361.0	800554.0	847539.0	971991.0	1081535.0	1241737.0	1143642.0	41326455.0
MHW122_trimmed_clipped_R1_paired	31891.0	24415.0	21933.0	20105.0	44683.0	155136.0	128457.0	118861.0	112535.0	110550.0	166484.0	203437.0	226713.0	254201.0	281546.0	315597.0	355270.0	389911.0	450605.0	497186.0	575919.0	621770.0	724111.0	793527.0	1061486.0	982653.0	1139021.0	1256758.0	1443905.0	1376014.0	30810847.0
MHW122_trimmed_clipped_R2_paired	129600.0	112325.0	93412.0	88632.0	101375.0	137070.0	100585.0	93852.0	94925.0	99385.0	176376.0	209073.0	232887.0	270446.0	297274.0	345654.0	376129.0	428152.0	477196.0	539574.0	601395.0	667186.0	757476.0	838846.0	958040.0	1004004.0	1160342.0	1278103.0	1458961.0	1371083.0	30196169.0
MHW123_trimmed_clipped_R1_paired	36136.0	29316.0	24180.0	21266.0	45661.0	156234.0	131197.0	120846.0	117267.0	115864.0	150322.0	172935.0	190063.0	208982.0	232022.0	255184.0	288563.0	317294.0	365764.0	405529.0	464502.0	505222.0	576574.0	634940.0	823360.0	779912.0	891813.0	989899.0	1133884.0	1063203.0	38082427.0
MHW123_trimmed_clipped_R2_paired	154481.0	130619.0	103448.0	96579.0	109537.0	147140.0	110673.0	102757.0	105520.0	110912.0	158844.0	180432.0	200126.0	227319.0	252304.0	286499.0	317269.0	357286.0	399850.0	447790.0	499963.0	551038.0	622562.0	685713.0	771495.0	816511.0	928530.0	1022229.0	1161834.0	1063089.0	37208012.0
MHW124_trimmed_clipped_R1_paired	38736.0	30936.0	23729.0	21262.0	46648.0	159861.0	139616.0	134433.0	133377.0	136424.0	222969.0	284375.0	325014.0	368754.0	422059.0	474741.0	546020.0	590923.0	697840.0	765852.0	891307.0	942937.0	1094309.0	1170618.0	1528054.0	1353174.0	1544532.0	1662916.0	1891986.0	1711562.0	28926030.0
MHW124_trimmed_clipped_R2_paired	138764.0	119193.0	99276.0	94404.0	109331.0	148445.0	115575.0	111944.0	117369.0	126501.0	240736.0	294596.0	332211.0	392998.0	439717.0	518113.0	567775.0	644630.0	728451.0	823694.0	919341.0	1000654.0	1133466.0	1224091.0	1368260.0	1375790.0	1568337.0	1685157.0	1905534.0	1700412.0	28236229.0
MHW125_trimmed_clipped_R1_paired	35232.0	27080.0	22676.0	20283.0	43907.0	151130.0	125060.0	112927.0	107747.0	106416.0	136405.0	157285.0	171000.0	186419.0	205951.0	225973.0	253226.0	275689.0	317302.0	346042.0	402397.0	430186.0	505037.0	549110.0	751789.0	702668.0	844984.0	947483.0	1163956.0	1110603.0	35453177.0
MHW125_trimmed_clipped_R2_paired	140037.0	116856.0	93597.0	87251.0	100094.0	133302.0	97892.0	90459.0	92399.0	95845.0	141151.0	159795.0	176786.0	199942.0	219463.0	250860.0	272840.0	307345.0	342050.0	381220.0	427132.0	469546.0	540057.0	596530.0	699777.0	731318.0	875841.0	973580.0	1186433.0	1112348.0	34777394.0
MHW126_trimmed_clipped_R1_paired	28172.0	23952.0	19882.0	17564.0	40599.0	138216.0	120908.0	117941.0	117531.0	122322.0	224116.0	291077.0	336252.0	382556.0	439588.0	499443.0	568614.0	619485.0	715966.0	798614.0	892099.0	959022.0	1060103.0	1158566.0	1409555.0	1231283.0	1328985.0	1479374.0	1573445.0	1379103.0	20934385.0
MHW126_trimmed_clipped_R2_paired	118072.0	100247.0	82686.0	77609.0	89776.0	121282.0	96806.0	97350.0	104160.0	113493.0	245551.0	301800.0	344504.0	408181.0	459624.0	540663.0	593208.0	669829.0	753280.0	851487.0	923605.0	1007727.0	1099322.0	1193988.0	1264492.0	1248457.0	1348123.0	1495629.0	1579675.0	1361707.0	20336385.0
MHW127_trimmed_clipped_R1_paired	37546.0	26511.0	22069.0	19932.0	44461.0	152874.0	131237.0	124206.0	122390.0	124001.0	185853.0	228074.0	258845.0	292672.0	332246.0	374316.0	427946.0	468586.0	543980.0	602519.0	689290.0	743689.0	839731.0	922322.0	1170834.0	1069526.0	1198533.0	1329129.0	1469553.0	1351370.0	29791293.0
MHW127_trimmed_clipped_R2_paired	136547.0	116519.0	93415.0	89523.0	102851.0	138169.0	105620.0	102275.0	106912.0	114329.0	198306.0	236033.0	267260.0	314961.0	351484.0	410861.0	454201.0	515204.0	580182.0	652148.0	721306.0	794351.0	882321.0	970177.0	1064849.0	1091267.0	1223082.0	1353049.0	1484973.0	1342277.0	29081082.0
MHW128_trimmed_clipped_R1_paired	35876.0	26414.0	23974.0	21869.0	49958.0	170412.0	140781.0	128820.0	123688.0	122319.0	185537.0	224168.0	247364.0	273371.0	302066.0	333386.0	372242.0	401923.0	462813.0	507844.0	586913.0	628356.0	727801.0	793750.0	1050442.0	977843.0	1135812.0	1253773.0	1453474.0	1390330.0	36996269.0
MHW128_trimmed_clipped_R2_paired	149076.0	127570.0	101907.0	94992.0	107705.0	145026.0	107555.0	101974.0	103747.0	109862.0	194726.0	228319.0	252152.0	289254.0	315107.0	362332.0	393540.0	441451.0	491067.0	552255.0	612657.0	675965.0	766396.0	844457.0	960951.0	1005205.0	1165135.0	1283992.0	1476882.0	1389462.0	36298869.0
MHW129_trimmed_clipped_R1_paired	38746.0	31849.0	27733.0	25215.0	55415.0	191814.0	156947.0	144019.0	137683.0	135813.0	190289.0	224905.0	244247.0	266286.0	292204.0	318709.0	358030.0	382875.0	437938.0	476666.0	552380.0	585151.0	681404.0	735874.0	994342.0	932317.0	1112995.0	1233720.0	1495004.0	1430463.0	47133596.0
MHW129_trimmed_clipped_R2_paired	180334.0	152745.0	121020.0	112613.0	128255.0	172785.0	127741.0	119552.0	121817.0	127371.0	203081.0	233106.0	255840.0	289762.0	315500.0	356003.0	387600.0	430504.0	474920.0	528202.0	588083.0	642023.0	731751.0	801236.0	928194.0	973659.0	1155242.0	1272175.0	1525889.0	1429044.0	46138582.0
MHW130_trimmed_clipped_R1_paired	32721.0	24630.0	22328.0	20782.0	47855.0	161598.0	143145.0	140137.0	141556.0	147345.0	255823.0	327629.0	371533.0	422314.0	478387.0	542696.0	612716.0	667854.0	776888.0	864047.0	979659.0	1047936.0	1178761.0	1273972.0	1593209.0	1410921.0	1554740.0	1703388.0	1865502.0	1665616.0	27822023.0
MHW130_trimmed_clipped_R2_paired	140183.0	119601.0	95943.0	90962.0	104981.0	143604.0	114854.0	115732.0	123354.0	134771.0	276344.0	338363.0	381352.0	450477.0	499781.0	588848.0	642602.0	727431.0	817451.0	929577.0	1015532.0	1110103.0	1224524.0	1327887.0	1435140.0	1436347.0	1583517.0	1726567.0	1877093.0	1648583.0	27076207.0
MHW131_trimmed_clipped_R1_paired	38185.0	31558.0	26712.0	23267.0	53090.0	177324.0	154824.0	150363.0	150036.0	154881.0	254165.0	318469.0	361678.0	409057.0	462827.0	525261.0	596255.0	653376.0	759603.0	850142.0	968183.0	1045583.0	1173176.0	1287252.0	1609203.0	1456036.0	1605868.0	1772946.0	1925935.0	1753268.0	36173447.0
MHW131_trimmed_clipped_R2_paired	159943.0	138757.0	112965.0	104581.0	120958.0	163587.0	128535.0	126190.0	133554.0	143793.0	273812.0	327962.0	372391.0	435208.0	487772.0	571970.0	631682.0	714352.0	807814.0	917295.0	1011171.0	1111969.0	1232076.0	1347504.0	1463234.0	1493106.0	1642652.0	1808472.0	1950667.0	1740241.0	35247757.0
MHW132_trimmed_clipped_R1_paired	33947.0	27191.0	20779.0	18487.0	42514.0	143363.0	123888.0	120141.0	120305.0	122716.0	212322.0	266006.0	303007.0	336300.0	380095.0	420782.0	475454.0	513961.0	592469.0	649736.0	743756.0	790489.0	890854.0	962192.0	1230510.0	1115673.0	1250919.0	1364018.0	1542507.0	1410610.0	30411780.0
MHW132_trimmed_clipped_R2_paired	128642.0	109957.0	88823.0	82649.0	95716.0	130330.0	101466.0	98778.0	103404.0	111327.0	227273.0	272545.0	308608.0	355825.0	395450.0	455356.0	499615.0	559499.0	624503.0	700032.0	774059.0	838999.0	933361.0	1011470.0	1119097.0	1142725.0	1278272.0	1391237.0	1562359.0	1403968.0	29731426.0
MHW133_trimmed_clipped_R1_paired	36088.0	28192.0	24211.0	21704.0	48632.0	163344.0	139708.0	132368.0	129467.0	129225.0	198287.0	241832.0	271229.0	301897.0	335447.0	374772.0	421121.0	457116.0	526331.0	581554.0	663494.0	714801.0	810562.0	880367.0	1135153.0	1044790.0	1177233.0	1302753.0	1450595.0	1353700.0	36344769.0
MHW133_trimmed_clipped_R2_paired	149445.0	126655.0	101124.0	95024.0	107105.0	144648.0	110281.0	106433.0	110640.0	117543.0	209690.0	247904.0	277184.0	320648.0	351696.0	408825.0	446542.0	500560.0	561070.0	629524.0	697849.0	766895.0	856522.0	935987.0	1043247.0	1079179.0	1214267.0	1338038.0	1478480.0	1351450.0	35556287.0
MHW134_trimmed_clipped_R1_paired	27074.0	22647.0	19863.0	18239.0	41024.0	139669.0	114915.0	105424.0	100784.0	100054.0	157158.0	191743.0	213244.0	236242.0	264680.0	293904.0	332251.0	356127.0	418350.0	454006.0	540769.0	569018.0	692089.0	739789.0	1047966.0	945013.0	1160040.0	1251741.0	1547993.0	1460269.0	28409476.0
MHW134_trimmed_clipped_R2_paired	114163.0	99233.0	81945.0	76853.0	87368.0	118324.0	87585.0	82248.0	84136.0	88817.0	164963.0	195441.0	215126.0	252076.0	275519.0	321296.0	346244.0	391656.0	438405.0	494249.0	557847.0	612444.0	718031.0	788076.0	941032.0	961069.0	1177567.0	1270188.0	1562137.0	1456061.0	27911462.0
MHW135_trimmed_clipped_R1_paired	36710.0	26207.0	22458.0	20357.0	45951.0	156258.0	133804.0	125514.0	123065.0	124594.0	179627.0	214899.0	238904.0	261949.0	292405.0	323201.0	362070.0	393433.0	452384.0	499482.0	571483.0	614655.0	695000.0	759963.0	969146.0	904071.0	1021525.0	1135556.0	1274477.0	1189902.0	36127565.0
MHW135_trimmed_clipped_R2_paired	144181.0	122979.0	97803.0	90940.0	104290.0	141161.0	107895.0	104256.0	108001.0	116068.0	190326.0	220847.0	246289.0	281195.0	310982.0	356070.0	390259.0	437088.0	489608.0	546924.0	608109.0	665821.0	743945.0	812571.0	900180.0	936345.0	1055386.0	1170041.0	1301308.0	1187855.0	35307892.0
MHW136_trimmed_clipped_R1_paired	47073.0	35775.0	26287.0	23899.0	50578.0	161685.0	131982.0	117043.0	116663.0	125810.0	146766.0	146408.0	151882.0	151430.0	150022.0	158145.0	172478.0	187907.0	204804.0	222838.0	246466.0	272218.0	309273.0	343488.0	431656.0	440355.0	499487.0	568278.0	650841.0	615708.0	42327275.0
MHW136_trimmed_clipped_R2_paired	287397.0	201320.0	131494.0	115084.0	129673.0	179343.0	131762.0	117021.0	110820.0	118938.0	137322.0	148770.0	160060.0	173406.0	183978.0	194924.0	207750.0	225956.0	245614.0	266644.0	292603.0	324613.0	359330.0	396062.0	441254.0	485213.0	546414.0	608152.0	686303.0	620021.0	41007279.0
MHW137_trimmed_clipped_R1_paired	46440.0	39590.0	31688.0	27114.0	63057.0	201604.0	155827.0	130401.0	125927.0	132206.0	156738.0	156346.0	160360.0	159931.0	158916.0	169507.0	184558.0	202021.0	220567.0	239653.0	266390.0	291351.0	332946.0	369813.0	475221.0	477266.0	555518.0	638143.0	760406.0	748785.0	44285747.0
MHW137_trimmed_clipped_R2_paired	302833.0	212318.0	138665.0	119858.0	136665.0	185418.0	134042.0	119181.0	112036.0	119819.0	142048.0	154651.0	166959.0	181984.0	191019.0	204612.0	219027.0	239249.0	259800.0	284026.0	312821.0	345751.0	385418.0	424780.0	479929.0	523622.0	604009.0	679458.0	797740.0	754386.0	43031913.0
MHW138_trimmed_clipped_R1_paired	47679.0	40076.0	33456.0	29984.0	67172.0	214834.0	168251.0	144125.0	139481.0	146755.0	171911.0	171470.0	175451.0	175777.0	174593.0	184273.0	203182.0	221145.0	242771.0	262764.0	291847.0	319650.0	369225.0	412557.0	529489.0	534933.0	624038.0	719910.0	856583.0	836177.0	49776453.0
MHW138_trimmed_clipped_R2_paired	362222.0	250512.0	160423.0	138104.0	157508.0	213729.0	153736.0	136628.0	129048.0	137884.0	159629.0	173750.0	187574.0	202200.0	214307.0	227498.0	243519.0	265230.0	288657.0	314040.0	345210.0	382294.0	427853.0	473865.0	536430.0	585283.0	676573.0	765177.0	896346.0	839860.0	48240923.0
MHW139_trimmed_clipped_R1_paired	49966.0	34793.0	28669.0	25849.0	56482.0	185966.0	147223.0	127584.0	124982.0	132449.0	167010.0	170793.0	179088.0	182262.0	184369.0	197914.0	220516.0	243020.0	268645.0	294152.0	328275.0	363681.0	418164.0	468091.0	598789.0	595826.0	682522.0	764929.0	876164.0	840084.0	44483135.0
MHW139_trimmed_clipped_R2_paired	425407.0	275529.0	152466.0	129620.0	145968.0	200166.0	142307.0	121103.0	115930.0	122980.0	155125.0	169635.0	185641.0	203107.0	217146.0	234123.0	254090.0	280514.0	308133.0	338786.0	375500.0	419678.0	470585.0	521243.0	583777.0	635482.0	724663.0	807127.0	911991.0	842758.0	42970812.0
MHW140_trimmed_clipped_R1_paired	39605.0	27833.0	24993.0	23097.0	50102.0	161367.0	126873.0	108060.0	104498.0	110642.0	135009.0	137354.0	140943.0	142681.0	141893.0	150408.0	164398.0	177940.0	194457.0	206944.0	226127.0	244338.0	275622.0	300013.0	370893.0	367998.0	419378.0	470287.0	538464.0	493599.0	40663307.0
MHW140_trimmed_clipped_R2_paired	287634.0	205305.0	129315.0	112754.0	126685.0	173004.0	123517.0	104651.0	99633.0	106199.0	129665.0	140383.0	151711.0	165430.0	173698.0	184622.0	196580.0	213674.0	230881.0	247914.0	269160.0	293504.0	321878.0	348968.0	385373.0	412704.0	465294.0	510562.0	576153.0	501148.0	39351124.0
MHW141_trimmed_clipped_R1_paired	41050.0	35505.0	29663.0	25736.0	60761.0	194793.0	145958.0	122137.0	116916.0	120229.0	142778.0	143864.0	147689.0	148459.0	146025.0	154596.0	167163.0	181373.0	196027.0	210040.0	230076.0	248340.0	281477.0	309699.0	387244.0	387521.0	446105.0	507604.0	594661.0	555674.0	41400294.0
MHW141_trimmed_clipped_R2_paired	308690.0	216540.0	143316.0	118885.0	140260.0	191720.0	136488.0	115361.0	108717.0	115823.0	136743.0	148139.0	159520.0	172513.0	181234.0	190663.0	203929.0	220043.0	235976.0	253533.0	276439.0	301185.0	332227.0	362048.0	403469.0	434220.0	494127.0	548768.0	631259.0	560409.0	40037213.0
MHW142_trimmed_clipped_R1_paired	40404.0	29664.0	26253.0	24793.0	54890.0	177985.0	139938.0	120566.0	116421.0	121611.0	148697.0	149876.0	154372.0	156674.0	154280.0	163466.0	178202.0	192800.0	210427.0	224152.0	244400.0	263890.0	297258.0	322174.0	399132.0	393799.0	451373.0	508845.0	591619.0	555022.0	42093243.0
MHW142_trimmed_clipped_R2_paired	306024.0	215962.0	137780.0	120528.0	136752.0	188616.0	133260.0	113125.0	108258.0	114835.0	140688.0	152065.0	164302.0	178470.0	187596.0	198333.0	211897.0	228507.0	246124.0	264193.0	288755.0	313734.0	343226.0	372020.0	409453.0	438791.0	495668.0	547458.0	628194.0	560563.0	40761049.0
MHW143_trimmed_clipped_R1_paired	43875.0	35035.0	29102.0	26244.0	57145.0	184237.0	144234.0	124807.0	122282.0	131214.0	171037.0	179359.0	186852.0	191103.0	192529.0	204971.0	225931.0	245172.0	269261.0	290167.0	320739.0	346937.0	395295.0	433113.0	551607.0	537913.0	617452.0	689384.0	798727.0	764071.0	44899799.0
MHW143_trimmed_clipped_R2_paired	295636.0	216584.0	150753.0	125417.0	147636.0	202254.0	147710.0	123637.0	118150.0	125144.0	164122.0	180632.0	195131.0	214437.0	226693.0	242577.0	260711.0	282510.0	308071.0	333817.0	365794.0	400247.0	444516.0	485325.0	543337.0	580703.0	661467.0	728988.0	833653.0	767352.0	43536590.0
MHW144_trimmed_clipped_R1_paired	42580.0	32107.0	24498.0	22338.0	48607.0	155870.0	123704.0	108765.0	107590.0	114355.0	137650.0	139830.0	144531.0	145665.0	145197.0	153711.0	168766.0	183482.0	199179.0	215195.0	238335.0	259079.0	296709.0	326450.0	414041.0	412909.0	481762.0	543954.0	647514.0	613167.0	38876212.0
MHW144_trimmed_clipped_R2_paired	265288.0	189548.0	126465.0	107859.0	124028.0	171407.0	124203.0	108056.0	101455.0	108411.0	129040.0	140025.0	150848.0	164225.0	174599.0	185766.0	199148.0	215374.0	232672.0	252323.0	277890.0	304910.0	339497.0	371186.0	416826.0	450158.0	519702.0	576537.0	677535.0	615837.0	37702934.0
MHW145_trimmed_clipped_R1_paired	43155.0	32747.0	27613.0	25084.0	54820.0	174900.0	136494.0	116742.0	112621.0	119098.0	152652.0	157118.0	163368.0	166860.0	166973.0	177658.0	193006.0	210120.0	229445.0	243443.0	267770.0	288677.0	324548.0	353335.0	440391.0	433364.0	494977.0	557160.0	641725.0	606476.0	43204920.0
MHW145_trimmed_clipped_R2_paired	293447.0	212581.0	140021.0	119216.0	136357.0	187315.0	131121.0	114683.0	105555.0	112189.0	145955.0	158740.0	172659.0	188194.0	199126.0	211545.0	226127.0	246367.0	266333.0	285719.0	310350.0	340044.0	373897.0	404946.0	447075.0	479343.0	542565.0	599343.0	679725.0	613333.0	41873389.0
MHW146_trimmed_clipped_R1_paired	37783.0	32147.0	27476.0	24471.0	54986.0	177101.0	137181.0	116172.0	111658.0	117118.0	149367.0	154513.0	162383.0	167126.0	170632.0	183889.0	205435.0	226072.0	251187.0	276989.0	311100.0	344322.0	395493.0	439846.0	564948.0	556083.0	631763.0	699999.0	790130.0	740995.0	38378203.0
MHW146_trimmed_clipped_R2_paired	275329.0	198206.0	130385.0	110623.0	126951.0	173473.0	123610.0	108812.0	102098.0	108719.0	140893.0	154625.0	169269.0	186654.0	200539.0	216995.0	235720.0	261017.0	287612.0	317881.0	354408.0	394759.0	441629.0	488511.0	549420.0	593731.0	670993.0	735537.0	820748.0	742675.0	37214746.0
MHW147_trimmed_clipped_R1_paired	43618.0	30631.0	25360.0	23303.0	51450.0	166021.0	130073.0	112464.0	108077.0	113650.0	165781.0	179809.0	191960.0	201730.0	210124.0	227200.0	254330.0	279591.0	312224.0	341856.0	381391.0	418713.0	476957.0	522859.0	663903.0	633800.0	708375.0	765662.0	835489.0	779585.0	38034924.0
MHW147_trimmed_clipped_R2_paired	311988.0	220120.0	135551.0	113446.0	131758.0	180404.0	127484.0	106285.0	100088.0	105759.0	160681.0	179356.0	198219.0	220806.0	237647.0	258511.0	282385.0	312244.0	345822.0	379862.0	421018.0	465443.0	519438.0	564472.0	625461.0	663987.0	742551.0	799338.0	866390.0	781218.0	36833178.0
MHW148_trimmed_clipped_R1_paired	43544.0	30295.0	27209.0	25836.0	56653.0	182131.0	144375.0	124490.0	120090.0	128018.0	187904.0	203718.0	216784.0	227473.0	235454.0	255331.0	285737.0	313137.0	346736.0	376890.0	422213.0	458766.0	524430.0	575644.0	735606.0	702551.0	783685.0	852909.0	933990.0	869177.0	42785749.0
MHW148_trimmed_clipped_R2_paired	280625.0	208350.0	139474.0	120065.0	136050.0	185935.0	133498.0	114325.0	107447.0	113882.0	177764.0	198655.0	220496.0	244331.0	263234.0	287333.0	314058.0	346168.0	380884.0	416667.0	463210.0	510411.0	571078.0	623309.0	695420.0	739005.0	824628.0	889085.0	968774.0	873041.0	41629323.0
MHW149_trimmed_clipped_R1_paired	44729.0	38711.0	32464.0	27725.0	64449.0	211205.0	163127.0	136190.0	131115.0	135255.0	174267.0	180937.0	189756.0	195369.0	199256.0	213717.0	237736.0	260800.0	287750.0	314946.0	350740.0	386321.0	438544.0	487107.0	616825.0	605812.0	679891.0	747471.0	829056.0	776925.0	46994802.0
MHW149_trimmed_clipped_R2_paired	328081.0	234642.0	154664.0	129186.0	152912.0	208500.0	149468.0	123972.0	116238.0	123389.0	164466.0	180909.0	198739.0	217840.0	234210.0	252294.0	274088.0	301186.0	330249.0	360763.0	401581.0	443401.0	494118.0	540868.0	602355.0	651128.0	726996.0	787576.0	865946.0	780793.0	45622440.0
MHW150_trimmed_clipped_R1_paired	42818.0	33009.0	29025.0	26636.0	61036.0	197084.0	157420.0	134690.0	129994.0	137715.0	183561.0	194235.0	205889.0	214646.0	220546.0	238490.0	266697.0	293465.0	328809.0	361440.0	405941.0	451607.0	520616.0	582406.0	757208.0	735180.0	833567.0	918012.0	1024048.0	971374.0	43208415.0
MHW150_trimmed_clipped_R2_paired	284751.0	209118.0	139404.0	121356.0	137870.0	191280.0	137328.0	117389.0	112663.0	119930.0	170364.0	188590.0	207650.0	231985.0	250504.0	272255.0	297039.0	329158.0	365884.0	403069.0	451779.0	504923.0	570274.0	632260.0	716147.0	773282.0	872309.0	953520.0	1056362.0	972856.0	42074280.0
MHW151_trimmed_clipped_R1_paired	45278.0	35951.0	29805.0	27203.0	58313.0	188179.0	150006.0	131918.0	129169.0	138534.0	189618.0	202404.0	213820.0	220923.0	226285.0	242756.0	268555.0	294091.0	323867.0	349493.0	388500.0	424358.0	483795.0	531126.0	682431.0	662152.0	751793.0	832492.0	937676.0	893783.0	47633624.0
MHW151_trimmed_clipped_R2_paired	302014.0	224730.0	152401.0	129314.0	149391.0	204962.0	150545.0	127439.0	119668.0	127149.0	180314.0	198697.0	218780.0	240148.0	258302.0	277849.0	300854.0	330684.0	360763.0	393518.0	433527.0	479155.0	534554.0	583256.0	656339.0	705099.0	795863.0	873093.0	974231.0	898107.0	46307152.0
MHW152_trimmed_clipped_R1_paired	45815.0	35081.0	26700.0	24639.0	54870.0	175252.0	141319.0	124640.0	123157.0	132751.0	168129.0	175390.0	183294.0	187723.0	191275.0	206666.0	229960.0	253476.0	283775.0	312069.0	351444.0	388769.0	447927.0	504573.0	655460.0	647273.0	740904.0	830085.0	940873.0	907090.0	42230721.0
MHW152_trimmed_clipped_R2_paired	263466.0	194728.0	134299.0	115228.0	131913.0	181877.0	134260.0	118219.0	110854.0	117342.0	152328.0	167502.0	183822.0	203095.0	217940.0	236274.0	258429.0	286357.0	317397.0	351655.0	393504.0	438462.0	494049.0	553727.0	626891.0	682981.0	778362.0	864116.0	970331.0	908364.0	41133328.0
MHW153_trimmed_clipped_R1_paired	46407.0	39812.0	31779.0	27600.0	65348.0	205451.0	164824.0	139612.0	133947.0	139849.0	197136.0	212206.0	226036.0	238516.0	247740.0	268760.0	301484.0	331512.0	369751.0	406400.0	452532.0	495932.0	560788.0	616548.0	779066.0	746456.0	825403.0	895555.0	980111.0	923300.0	42938925.0
MHW153_trimmed_clipped_R2_paired	279730.0	207289.0	142384.0	120165.0	138706.0	188181.0	136263.0	120514.0	111681.0	118426.0	183077.0	205337.0	228045.0	254811.0	277630.0	302313.0	333469.0	367217.0	407139.0	449217.0	497665.0	550397.0	611239.0	667382.0	736248.0	787135.0	868889.0	933976.0	1013182.0	926503.0	41844576.0
MHW154_trimmed_clipped_R1_paired	38576.0	34271.0	28268.0	24983.0	58903.0	187789.0	149381.0	126842.0	121580.0	127628.0	158655.0	163604.0	171297.0	176135.0	179750.0	194391.0	217641.0	239633.0	268841.0	295862.0	332885.0	368024.0	424343.0	473776.0	615223.0	603973.0	689260.0	766434.0	872011.0	829979.0	39401469.0
MHW154_trimmed_clipped_R2_paired	273187.0	197309.0	130517.0	110999.0	127870.0	175163.0	126172.0	111610.0	104387.0	111304.0	143180.0	159562.0	174858.0	192554.0	207731.0	226168.0	246851.0	273143.0	304139.0	335975.0	375781.0	417707.0	470874.0	521661.0	591229.0	639283.0	727578.0	799559.0	901707.0	831916.0	38331433.0
MHW155_trimmed_clipped_R1_paired	47947.0	33291.0	27764.0	25733.0	56581.0	185403.0	144356.0	125740.0	121578.0	129919.0	194965.0	215871.0	234233.0	247972.0	258985.0	281022.0	312058.0	342609.0	376058.0	407959.0	448172.0	483183.0	540298.0	583581.0	723822.0	683334.0	748598.0	804103.0	872694.0	798851.0	44231949.0
MHW155_trimmed_clipped_R2_paired	378645.0	259777.0	150834.0	127224.0	144611.0	197493.0	140773.0	117598.0	111174.0	117459.0	189989.0	213389.0	238963.0	266940.0	289842.0	315317.0	343757.0	377149.0	412351.0	448804.0	490535.0	531947.0	586628.0	628129.0	685619.0	717507.0	788882.0	844261.0	907937.0	805153.0	42859942.0
MHW156_trimmed_clipped_R1_paired	30787.0	24732.0	21476.0	18723.0	40787.0	143498.0	114724.0	104424.0	98790.0	96840.0	109639.0	118071.0	125470.0	132837.0	141150.0	150599.0	164414.0	179453.0	198658.0	217892.0	243392.0	264620.0	294700.0	324817.0	411433.0	407816.0	465906.0	525552.0	601991.0	555116.0	37704905.0
MHW156_trimmed_clipped_R2_paired	165354.0	134280.0	96363.0	88491.0	101328.0	134604.0	99078.0	91591.0	93366.0	97269.0	118183.0	129368.0	140219.0	152192.0	165266.0	179435.0	196266.0	214256.0	235624.0	254685.0	281081.0	304664.0	340925.0	373185.0	419610.0	451816.0	508333.0	563410.0	635364.0	559727.0	36707879.0
MHW157_trimmed_clipped_R1_paired	34786.0	25885.0	22990.0	20975.0	46752.0	163596.0	133276.0	120189.0	113576.0	111124.0	130705.0	141914.0	151619.0	161512.0	173331.0	187079.0	204158.0	224689.0	250785.0	275765.0	311360.0	341925.0	387412.0	430154.0	556163.0	545430.0	621076.0	691929.0	779801.0	728675.0	41254750.0
MHW157_trimmed_clipped_R2_paired	177114.0	146341.0	105736.0	97932.0	111230.0	150329.0	108108.0	99582.0	100831.0	105308.0	135373.0	149209.0	163122.0	178238.0	195150.0	213018.0	235067.0	259011.0	286895.0	314392.0	349275.0	385698.0	436103.0	482174.0	545804.0	588600.0	663799.0	729874.0	815082.0	733530.0	40281456.0
MHW158_trimmed_clipped_R1_paired	39445.0	31780.0	26093.0	22354.0	49527.0	171022.0	140229.0	128109.0	122778.0	120301.0	157871.0	182760.0	198605.0	218397.0	239707.0	266113.0	298032.0	332188.0	379332.0	425704.0	484814.0	538781.0	610833.0	683840.0	875898.0	843661.0	934584.0	1021322.0	1113421.0	1047652.0	44791606.0
MHW158_trimmed_clipped_R2_paired	175844.0	148647.0	111816.0	103793.0	117043.0	158761.0	115996.0	107114.0	110215.0	114293.0	168252.0	189005.0	211447.0	237134.0	264108.0	297337.0	332635.0	374321.0	419991.0	469023.0	528865.0	588280.0	667638.0	739349.0	826812.0	888104.0	979025.0	1062527.0	1149613.0	1051546.0	43788225.0
MHW159_trimmed_clipped_R1_paired	33526.0	25827.0	19309.0	17065.0	37727.0	132111.0	109311.0	100651.0	96791.0	95517.0	152998.0	185313.0	208594.0	230386.0	256884.0	283388.0	319235.0	350392.0	399914.0	442051.0	497407.0	544860.0	611787.0	672746.0	853377.0	796886.0	871761.0	929673.0	998585.0	935286.0	31971265.0
MHW159_trimmed_clipped_R2_paired	127699.0	107899.0	82750.0	77267.0	88079.0	119658.0	87909.0	82155.0	83460.0	86831.0	165329.0	189903.0	215487.0	243160.0	273865.0	306661.0	343973.0	382832.0	430594.0	473990.0	529581.0	580908.0	652909.0	709620.0	784993.0	825695.0	899861.0	959690.0	1024280.0	935915.0	31307670.0
MHW160_trimmed_clipped_R1_paired	33390.0	25726.0	21327.0	18886.0	40989.0	143083.0	115487.0	105572.0	101323.0	98566.0	119418.0	133470.0	143929.0	153651.0	166666.0	179767.0	197197.0	215966.0	243863.0	267662.0	304859.0	334990.0	382833.0	425791.0	549372.0	534256.0	605293.0	666749.0	743902.0	696669.0	37106258.0
MHW160_trimmed_clipped_R2_paired	157797.0	130272.0	94137.0	86418.0	97571.0	130257.0	95784.0	87665.0	89768.0	93331.0	125914.0	138971.0	153000.0	168478.0	185911.0	202790.0	224595.0	248096.0	275672.0	301702.0	338193.0	373754.0	426033.0	469565.0	531659.0	572507.0	642640.0	701100.0	773819.0	701396.0	36258115.0
MHW161_trimmed_clipped_R1_paired	31034.0	25381.0	21569.0	19253.0	42564.0	148256.0	119242.0	108653.0	103147.0	101426.0	129851.0	146019.0	158823.0	171744.0	186585.0	201678.0	223747.0	243936.0	274712.0	301008.0	340307.0	371564.0	419866.0	462366.0	599362.0	579770.0	656547.0	728596.0	823031.0	781524.0	35852102.0
MHW161_trimmed_clipped_R2_paired	150083.0	124771.0	92860.0	86234.0	98281.0	131807.0	96205.0	89907.0	90844.0	95387.0	136536.0	152400.0	170033.0	186778.0	205345.0	226504.0	250491.0	277263.0	306093.0	335677.0	374317.0	410107.0	462973.0	507770.0	573778.0	615461.0	692124.0	761846.0	852478.0	784941.0	35034369.0
MHW162_trimmed_clipped_R1_paired	34674.0	25276.0	20885.0	18768.0	41633.0	146549.0	118835.0	109113.0	103322.0	101908.0	121204.0	132993.0	141726.0	150840.0	163146.0	175495.0	192966.0	210061.0	235417.0	257845.0	291721.0	315827.0	359405.0	396961.0	518073.0	504757.0	587793.0	663003.0	780575.0	756550.0	37167101.0
MHW162_trimmed_clipped_R2_paired	147320.0	123119.0	93365.0	86931.0	98844.0	133188.0	97677.0	90386.0	91456.0	95246.0	125088.0	137646.0	149889.0	164931.0	180128.0	198535.0	216690.0	240126.0	263335.0	290131.0	322396.0	352238.0	398526.0	440075.0	501064.0	536075.0	620797.0	694045.0	808375.0	760233.0	36386567.0
MHW163_trimmed_clipped_R1_paired	34188.0	25206.0	21799.0	19355.0	42568.0	150958.0	120388.0	107673.0	100421.0	97401.0	130849.0	148870.0	164281.0	177804.0	193666.0	213071.0	237551.0	261862.0	296664.0	327856.0	368334.0	403189.0	452092.0	495891.0	622598.0	595954.0	660506.0	719707.0	788213.0	732986.0	36748636.0
MHW163_trimmed_clipped_R2_paired	158892.0	130055.0	97816.0	89750.0	101691.0	136151.0	97485.0	89386.0	90296.0	93427.0	140721.0	156654.0	174814.0	194038.0	215295.0	238900.0	265466.0	295968.0	329318.0	361302.0	401857.0	441594.0	493925.0	537384.0	594253.0	632577.0	697418.0	754094.0	818915.0	736484.0	35894611.0
MHW164_trimmed_clipped_R1_paired	28915.0	23403.0	20523.0	17918.0	38579.0	136228.0	108499.0	98053.0	92110.0	89415.0	117585.0	132517.0	144466.0	156568.0	171582.0	186759.0	207859.0	227709.0	257673.0	285886.0	325866.0	357039.0	410202.0	453941.0	598536.0	576692.0	660698.0	734473.0	833463.0	802387.0	33983562.0
MHW164_trimmed_clipped_R2_paired	136170.0	113648.0	88474.0	82219.0	93831.0	127081.0	92024.0	84035.0	85121.0	88603.0	128003.0	141742.0	157242.0	173849.0	190978.0	211779.0	234114.0	260537.0	288829.0	319027.0	356612.0	394538.0	449175.0	496863.0	568529.0	609464.0	693344.0	763131.0	857684.0	803710.0	33188750.0
MHW165_trimmed_clipped_R1_paired	34442.0	25178.0	22653.0	20675.0	45298.0	159634.0	128457.0	114617.0	108123.0	103263.0	126267.0	138744.0	148876.0	160137.0	172643.0	187946.0	206633.0	228176.0	256445.0	283802.0	323062.0	356228.0	411887.0	456239.0	608958.0	596945.0	696248.0	787808.0	919902.0	901545.0	38811763.0
MHW165_trimmed_clipped_R2_paired	159081.0	130916.0	101494.0	95480.0	107991.0	147984.0	104762.0	95215.0	94878.0	98733.0	132535.0	145429.0	159242.0	175266.0	192856.0	212394.0	233594.0	260012.0	288401.0	317917.0	355409.0	394959.0	451605.0	503095.0	581387.0	631460.0	729932.0	817311.0	945031.0	903032.0	37975193.0
MHW166_trimmed_clipped_R1_paired	36774.0	29675.0	23497.0	20023.0	43151.0	149749.0	123675.0	112336.0	107884.0	106332.0	128548.0	142768.0	152594.0	163338.0	177596.0	192247.0	211996.0	232108.0	260000.0	286552.0	322932.0	354063.0	400346.0	443330.0	565139.0	555168.0	627751.0	697717.0	782844.0	726308.0	42798732.0
MHW166_trimmed_clipped_R2_paired	183700.0	146219.0	106042.0	98765.0	111918.0	150247.0	110560.0	102853.0	104210.0	107287.0	141611.0	154811.0	169345.0	184405.0	203873.0	223154.0	245852.0	271217.0	299558.0	327215.0	363222.0	399565.0	450686.0	495815.0	556497.0	599713.0	673936.0	738802.0	821330.0	731197.0	41701568.0
MHW167_trimmed_clipped_R1_paired	36991.0	28778.0	20896.0	18378.0	39948.0	139881.0	115895.0	106114.0	100750.0	98176.0	116968.0	128516.0	137690.0	146427.0	158514.0	172030.0	188810.0	208065.0	233391.0	259795.0	294064.0	322845.0	368568.0	413161.0	545159.0	540183.0	629304.0	717620.0	845208.0	836215.0	37760159.0
MHW167_trimmed_clipped_R2_paired	145949.0	120796.0	93949.0	87550.0	101064.0	136200.0	98691.0	90600.0	91561.0	95320.0	123293.0	133914.0	147186.0	161618.0	177190.0	195066.0	214816.0	238675.0	263219.0	291308.0	322847.0	358168.0	407833.0	456535.0	524620.0	572593.0	662050.0	746932.0	870657.0	838663.0	36959636.0
MHW168_trimmed_clipped_R1_paired	33754.0	25596.0	21009.0	18576.0	40442.0	138192.0	112479.0	101869.0	96962.0	94031.0	111247.0	121950.0	130467.0	137859.0	147989.0	159485.0	173506.0	189246.0	210705.0	230815.0	259064.0	282390.0	317586.0	350829.0	451601.0	448106.0	519516.0	589176.0	689266.0	661981.0	37624945.0
MHW168_trimmed_clipped_R2_paired	158191.0	126646.0	92985.0	85751.0	97323.0	130653.0	94564.0	86685.0	87823.0	92195.0	118510.0	129792.0	140698.0	153594.0	168455.0	183380.0	200602.0	220368.0	242588.0	263254.0	290036.0	318412.0	359097.0	395041.0	448795.0	486828.0	558203.0	623034.0	720154.0	666053.0	36750929.0
MHW169_trimmed_clipped_R1_paired	29604.0	24317.0	19985.0	18040.0	39497.0	138075.0	112012.0	100452.0	94020.0	92438.0	121196.0	137236.0	148715.0	160793.0	174640.0	191085.0	210901.0	229722.0	259222.0	284640.0	325070.0	356431.0	409766.0	454343.0	598784.0	583724.0	671760.0	750249.0	865146.0	837326.0	34467889.0
MHW169_trimmed_clipped_R2_paired	137801.0	115060.0	88224.0	82018.0	93242.0	125326.0	91673.0	84710.0	85472.0	88957.0	130073.0	144582.0	159344.0	176084.0	194602.0	214926.0	237024.0	261339.0	289511.0	316774.0	356091.0	392894.0	448830.0	496166.0	567735.0	614701.0	702780.0	779308.0	889073.0	838454.0	33704304.0
MHW170_trimmed_clipped_R1_paired	35429.0	25339.0	21097.0	18576.0	41246.0	145541.0	119182.0	108316.0	101996.0	99217.0	145934.0	172469.0	190855.0	210660.0	233128.0	256883.0	289683.0	316380.0	364037.0	400103.0	464175.0	509937.0	590573.0	650375.0	860061.0	809621.0	919730.0	1002715.0	1131006.0	1084728.0	34997099.0
MHW170_trimmed_clipped_R2_paired	133950.0	114028.0	90933.0	85635.0	97769.0	133365.0	97060.0	88672.0	88926.0	93217.0	156723.0	177382.0	199674.0	225321.0	250271.0	281279.0	314694.0	347801.0	393420.0	435086.0	494509.0	547560.0	631381.0	691131.0	790567.0	832795.0	946719.0	1030059.0	1153682.0	1084145.0	34308337.0
MHW171_trimmed_clipped_R1_paired	48925.0	35354.0	30857.0	27666.0	60986.0	215989.0	171869.0	152665.0	141529.0	136934.0	166775.0	184539.0	197700.0	212390.0	228313.0	245620.0	271681.0	296013.0	330406.0	362771.0	408343.0	444116.0	497589.0	547816.0	697417.0	678110.0	764124.0	849158.0	955545.0	885637.0	51166412.0
MHW171_trimmed_clipped_R2_paired	233439.0	189936.0	139436.0	129414.0	146228.0	197688.0	138495.0	125800.0	127015.0	131028.0	176447.0	194334.0	213532.0	234557.0	256441.0	281194.0	309222.0	341250.0	376304.0	411740.0	455718.0	499514.0	558650.0	612182.0	684271.0	733972.0	820573.0	899864.0	1000478.0	892380.0	49902147.0
MHW172_trimmed_clipped_R1_paired	31633.0	25067.0	21746.0	19051.0	41353.0	146808.0	115367.0	103242.0	97310.0	93816.0	115279.0	127885.0	138252.0	148609.0	161549.0	174753.0	192040.0	211328.0	236590.0	260888.0	294208.0	319844.0	361759.0	397087.0	509847.0	498074.0	564751.0	633111.0	722092.0	685943.0	35714607.0
MHW172_trimmed_clipped_R2_paired	151412.0	124251.0	94821.0	88010.0	101136.0	137048.0	96430.0	87908.0	88753.0	92459.0	124274.0	137334.0	151304.0	165719.0	183026.0	201538.0	221612.0	245464.0	271019.0	295797.0	328170.0	359381.0	404887.0	442203.0	499199.0	537086.0	604119.0	666270.0	752680.0	689863.0	34820716.0
MHW173_trimmed_clipped_R1_paired	34312.0	25037.0	22173.0	19883.0	43824.0	155559.0	124567.0	111077.0	103719.0	100107.0	119494.0	130153.0	138569.0	148422.0	158764.0	171586.0	187707.0	205223.0	227865.0	250733.0	279868.0	306154.0	341224.0	376652.0	475619.0	467227.0	526065.0	587873.0	661126.0	619148.0	37830558.0
MHW173_trimmed_clipped_R2_paired	169258.0	138234.0	100636.0	93779.0	107207.0	145254.0	102140.0	91901.0	91676.0	95693.0	125283.0	137074.0	150420.0	164689.0	180887.0	197398.0	216407.0	238638.0	262114.0	286190.0	314812.0	345382.0	386355.0	422080.0	470615.0	508339.0	565894.0	623223.0	693087.0	624191.0	36901432.0
MHW174_trimmed_clipped_R1_paired	35234.0	29113.0	23116.0	19921.0	43948.0	152578.0	123054.0	110772.0	105855.0	103720.0	123384.0	135627.0	145163.0	154591.0	167158.0	179647.0	197318.0	215896.0	241674.0	266328.0	302127.0	331879.0	378979.0	423161.0	552980.0	548496.0	630454.0	709695.0	816241.0	783888.0	40277003.0
MHW174_trimmed_clipped_R2_paired	165209.0	137199.0	102394.0	95623.0	108924.0	147733.0	105976.0	96251.0	97088.0	101007.0	131062.0	143735.0	157646.0	172147.0	189018.0	206896.0	227061.0	251531.0	276769.0	303593.0	338464.0	375459.0	425460.0	472352.0	540049.0	590485.0	671770.0	745890.0	848511.0	788065.0	39315633.0
MHW175_trimmed_clipped_R1_paired	34822.0	27320.0	19708.0	17509.0	38173.0	135456.0	111233.0	100631.0	95579.0	93715.0	124437.0	141711.0	154185.0	166721.0	182341.0	198967.0	220856.0	241016.0	273920.0	302177.0	345446.0	375759.0	432511.0	481501.0	640993.0	617551.0	715567.0	789742.0	912900.0	880670.0	33402754.0
MHW175_trimmed_clipped_R2_paired	132711.0	110909.0	87204.0	81926.0	94064.0	128703.0	91663.0	83393.0	83374.0	86156.0	130219.0	145470.0	160932.0	178984.0	196963.0	219545.0	242857.0	269118.0	300406.0	332426.0	372046.0	411000.0	470138.0	522016.0	601984.0	645757.0	744931.0	818515.0	936496.0	882520.0	32713445.0
MHW176_trimmed_clipped_R1_paired	30542.0	25186.0	20486.0	17936.0	37616.0	121943.0	94938.0	80900.0	79556.0	84241.0	202511.0	251453.0	280486.0	306806.0	331698.0	364575.0	401669.0	443024.0	480779.0	523265.0	561719.0	603807.0	653466.0	705225.0	848520.0	779781.0	819951.0	854901.0	889118.0	845928.0	26709315.0
MHW176_trimmed_clipped_R2_paired	216878.0	155692.0	100574.0	82241.0	94366.0	129980.0	92890.0	76193.0	71579.0	75394.0	216070.0	249614.0	284952.0	321482.0	355342.0	389655.0	424994.0	466653.0	504443.0	546994.0	587857.0	631627.0	677217.0	721233.0	758152.0	790901.0	836087.0	873060.0	903355.0	841146.0	25974720.0
MHW177_trimmed_clipped_R1_paired	33684.0	25462.0	18542.0	16750.0	35293.0	114236.0	91250.0	80178.0	78788.0	83513.0	118946.0	130039.0	140024.0	147619.0	153545.0	167890.0	186786.0	206188.0	227862.0	251774.0	277455.0	306165.0	342479.0	379897.0	468913.0	452070.0	493930.0	536212.0	581301.0	550109.0	27781474.0
MHW177_trimmed_clipped_R2_paired	283862.0	184596.0	100365.0	83751.0	94729.0	129989.0	91931.0	79371.0	75132.0	79708.0	117985.0	131825.0	147378.0	164686.0	177959.0	193623.0	211529.0	233537.0	255538.0	281378.0	307800.0	340648.0	372051.0	408622.0	443667.0	474330.0	518730.0	559263.0	602142.0	548737.0	26783512.0
MHW178_trimmed_clipped_R1_paired	30835.0	27385.0	21668.0	18019.0	42890.0	137140.0	102225.0	82750.0	79022.0	80168.0	105761.0	113060.0	121155.0	127391.0	131362.0	142900.0	159095.0	176925.0	197921.0	219671.0	242898.0	270092.0	304890.0	341593.0	425196.0	416603.0	459288.0	501932.0	553853.0	529494.0	25753421.0
MHW178_trimmed_clipped_R2_paired	311505.0	193731.0	97592.0	79650.0	90102.0	121100.0	83877.0	73592.0	68749.0	73155.0	102618.0	114553.0	127125.0	142119.0	155417.0	168381.0	183353.0	203545.0	225366.0	248366.0	274078.0	305038.0	337763.0	371486.0	407111.0	440884.0	486357.0	526022.0	574396.0	527918.0	24801654.0
MHW179_trimmed_clipped_R1_paired	27999.0	22898.0	19173.0	17273.0	37526.0	119173.0	93462.0	80373.0	77651.0	81557.0	116290.0	125603.0	135420.0	141854.0	148362.0	161278.0	179030.0	196802.0	217598.0	237851.0	261333.0	285350.0	319052.0	351695.0	433073.0	417426.0	454787.0	493913.0	538690.0	503247.0	27153922.0
MHW179_trimmed_clipped_R2_paired	287142.0	184782.0	100387.0	83612.0	93949.0	127452.0	89271.0	79145.0	73967.0	79506.0	117512.0	130222.0	144472.0	160021.0	174087.0	188693.0	204207.0	225244.0	244532.0	268269.0	292945.0	320848.0	351119.0	383060.0	414085.0	442453.0	482108.0	520588.0	560636.0	502915.0	26122432.0
MHW180_trimmed_clipped_R1_paired	34408.0	23993.0	19684.0	17740.0	37886.0	120982.0	96094.0	83632.0	81592.0	85402.0	130553.0	145130.0	155579.0	163329.0	168106.0	181558.0	199521.0	217433.0	235795.0	255763.0	276342.0	298022.0	325676.0	354371.0	424663.0	407584.0	437885.0	471430.0	504476.0	462196.0	28919422.0
MHW180_trimmed_clipped_R2_paired	301455.0	196998.0	107214.0	90732.0	101513.0	138540.0	98280.0	82983.0	79100.0	83862.0	134084.0	149548.0	165230.0	181574.0	194807.0	210075.0	225725.0	245241.0	265097.0	286557.0	308696.0	334492.0	359472.0	387831.0	410872.0	434957.0	468271.0	500729.0	529454.0	463414.0	27799444.0
MHW181_trimmed_clipped_R1_paired	25298.0	18155.0	15973.0	15103.0	31785.0	102783.0	79378.0	68571.0	66277.0	69655.0	122109.0	141506.0	155893.0	167007.0	176095.0	192245.0	212590.0	233236.0	255009.0	277355.0	303015.0	326250.0	359291.0	394960.0	476526.0	446950.0	480596.0	509734.0	544483.0	514372.0	24343493.0
MHW181_trimmed_clipped_R2_paired	197003.0	140732.0	88778.0	73498.0	80891.0	109148.0	74992.0	63123.0	59981.0	63799.0	125684.0	141951.0	160441.0	178696.0	194809.0	212760.0	231597.0	254056.0	276888.0	300459.0	324979.0	352826.0	382912.0	412100.0	440606.0	464768.0	501410.0	531290.0	562499.0	514412.0	23608605.0
MHW182_trimmed_clipped_R1_paired	31709.0	27607.0	23340.0	20041.0	45855.0	147441.0	113649.0	95162.0	92446.0	94749.0	129886.0	140309.0	149539.0	155653.0	160137.0	172344.0	190551.0	208984.0	229746.0	250661.0	276784.0	302965.0	336373.0	375443.0	456773.0	444817.0	487383.0	533270.0	585547.0	553256.0	31820345.0
MHW182_trimmed_clipped_R2_paired	272357.0	190074.0	121860.0	97914.0	113102.0	152980.0	107486.0	90863.0	85885.0	92040.0	130389.0	145867.0	159936.0	175720.0	189305.0	204684.0	220995.0	241635.0	263334.0	287138.0	313903.0	343798.0	375809.0	409283.0	445127.0	477569.0	521822.0	563384.0	611525.0	552629.0	30694352.0
MHW183_trimmed_clipped_R1_paired	30864.0	22671.0	19993.0	19107.0	40493.0	131950.0	102770.0	88123.0	84913.0	88989.0	146790.0	167016.0	181297.0	190972.0	199359.0	214243.0	233585.0	254200.0	275882.0	296013.0	318636.0	338449.0	369563.0	401464.0	477425.0	450853.0	483654.0	514587.0	550034.0	505732.0	31079786.0
MHW183_trimmed_clipped_R2_paired	255951.0	182031.0	114996.0	96882.0	106333.0	145664.0	100150.0	84073.0	78621.0	84175.0	152281.0	170133.0	189989.0	209274.0	224678.0	242106.0	260544.0	282285.0	304517.0	326007.0	349698.0	375288.0	404271.0	428313.0	456586.0	480038.0	515631.0	544222.0	576258.0	507896.0	30030522.0
MHW184_trimmed_clipped_R1_paired	30413.0	24207.0	20116.0	17686.0	37559.0	118995.0	94181.0	82206.0	81668.0	85196.0	141821.0	163163.0	176361.0	187695.0	195820.0	212514.0	232560.0	254457.0	277800.0	300733.0	326161.0	353389.0	386443.0	424410.0	510373.0	481762.0	518828.0	554340.0	594455.0	555525.0	30120308.0
MHW184_trimmed_clipped_R2_paired	277116.0	192151.0	116026.0	93141.0	104953.0	141484.0	100211.0	83832.0	79356.0	84250.0	147459.0	165855.0	185212.0	204490.0	220960.0	239782.0	258500.0	281299.0	304926.0	330944.0	356926.0	387670.0	419138.0	449856.0	479963.0	507914.0	547254.0	582176.0	617601.0	556152.0	29044548.0
MHW185_trimmed_clipped_R1_paired	30187.0	23799.0	17532.0	15943.0	35094.0	111124.0	86780.0	74614.0	73580.0	76743.0	106287.0	116521.0	123583.0	131024.0	136637.0	149792.0	167330.0	187017.0	208148.0	231101.0	256424.0	283708.0	319367.0	357899.0	441169.0	428677.0	471133.0	514224.0	568521.0	547569.0	26038376.0
MHW185_trimmed_clipped_R2_paired	287852.0	187778.0	102443.0	81389.0	91752.0	122962.0	84238.0	72143.0	67839.0	71965.0	104278.0	116137.0	129239.0	143872.0	157541.0	172490.0	188355.0	209294.0	232246.0	255936.0	283424.0	312859.0	347308.0	381162.0	415712.0	447782.0	492386.0	534790.0	584542.0	544946.0	25105243.0
MHW186_trimmed_clipped_R1_paired	37540.0	28057.0	24529.0	21534.0	46976.0	164792.0	131154.0	117011.0	110511.0	106676.0	132330.0	148507.0	159923.0	171404.0	186013.0	201810.0	220267.0	242413.0	268379.0	296195.0	327694.0	356396.0	389455.0	429526.0	519042.0	502917.0	549224.0	600373.0	655160.0	595344.0	41474803.0
MHW186_trimmed_clipped_R2_paired	182183.0	150927.0	108870.0	99559.0	111259.0	147920.0	105908.0	97491.0	99448.0	104067.0	142464.0	158240.0	174235.0	192379.0	210368.0	232578.0	253332.0	279258.0	306254.0	334519.0	364638.0	397277.0	436512.0	474743.0	511709.0	545804.0	592553.0	640595.0	689064.0	601476.0	40470325.0
MHW187_trimmed_clipped_R1_paired	36384.0	29059.0	25194.0	22113.0	47184.0	165215.0	130767.0	117305.0	113102.0	109956.0	142945.0	163112.0	177387.0	192889.0	209699.0	227612.0	249301.0	275053.0	303589.0	332984.0	368208.0	399220.0	436778.0	475130.0	580704.0	560375.0	608018.0	662556.0	719088.0	659833.0	43544754.0
MHW187_trimmed_clipped_R2_paired	179828.0	149704.0	109889.0	101225.0	113936.0	153520.0	109374.0	100125.0	102170.0	108426.0	156947.0	176409.0	195458.0	216572.0	238957.0	261989.0	287703.0	318311.0	345779.0	377187.0	409738.0	445385.0	487951.0	526150.0	569094.0	604930.0	655641.0	704534.0	757428.0	665521.0	42455633.0
MHW188_trimmed_clipped_R1_paired	35652.0	27656.0	24084.0	21652.0	47413.0	166560.0	134022.0	120186.0	113925.0	110814.0	137823.0	153371.0	165600.0	177613.0	190860.0	205913.0	224582.0	245427.0	271856.0	297470.0	327748.0	355670.0	390052.0	425870.0	520259.0	507632.0	553771.0	608268.0	663344.0	605491.0	42267567.0
MHW188_trimmed_clipped_R2_paired	177769.0	148943.0	110061.0	100795.0	114188.0	153674.0	110442.0	99729.0	102149.0	106389.0	147722.0	163540.0	181068.0	199273.0	216399.0	237972.0	258811.0	283886.0	310590.0	337499.0	364895.0	398026.0	437648.0	474003.0	512990.0	550467.0	596388.0	646647.0	696711.0	611918.0	41247559.0
MHW189_trimmed_clipped_R1_paired	39210.0	32622.0	25856.0	22395.0	47229.0	164315.0	134879.0	122503.0	118764.0	116824.0	144946.0	162350.0	174253.0	186765.0	199900.0	216845.0	234812.0	254913.0	281758.0	307857.0	339130.0	368373.0	402068.0	440715.0	535811.0	520573.0	568886.0	623071.0	680633.0	614618.0	46095386.0
MHW189_trimmed_clipped_R2_paired	201005.0	162920.0	116952.0	107514.0	121041.0	162131.0	119077.0	111201.0	113167.0	118615.0	160409.0	177724.0	194395.0	212891.0	230801.0	252966.0	274397.0	299853.0	325971.0	353754.0	381951.0	416487.0	455733.0	495182.0	535148.0	570323.0	619001.0	667781.0	720883.0	622056.0	44876931.0
MHW190_trimmed_clipped_R1_paired	35344.0	28059.0	20502.0	17879.0	38157.0	132748.0	108439.0	97631.0	94466.0	91896.0	133071.0	157451.0	172420.0	189610.0	208612.0	230003.0	253836.0	281234.0	314180.0	347770.0	385411.0	422030.0	464252.0	513583.0	633723.0	602560.0	656196.0	707994.0	764105.0	723274.0	35935206.0
MHW190_trimmed_clipped_R2_paired	131799.0	113261.0	87918.0	81408.0	90944.0	123787.0	88971.0	80370.0	81410.0	85783.0	143381.0	162422.0	182556.0	204756.0	226511.0	253505.0	279159.0	310684.0	343159.0	376639.0	414288.0	454233.0	500020.0	547810.0	591952.0	631099.0	686096.0	735567.0	788691.0	726172.0	35237291.0
MHW191_trimmed_clipped_R1_paired	36541.0	28357.0	23584.0	20490.0	43767.0	151789.0	123606.0	112807.0	108108.0	106224.0	126402.0	140302.0	149497.0	160351.0	172351.0	184557.0	201238.0	219364.0	241235.0	263150.0	290450.0	316105.0	345102.0	377693.0	460295.0	450386.0	491244.0	541931.0	595614.0	534499.0	40525654.0
MHW191_trimmed_clipped_R2_paired	172088.0	141679.0	103233.0	95543.0	106785.0	142327.0	104058.0	97472.0	99143.0	104651.0	136678.0	150980.0	165540.0	180625.0	196530.0	214938.0	235191.0	256963.0	278899.0	302812.0	328465.0	357448.0	391577.0	426156.0	462421.0	493885.0	535458.0	580844.0	630065.0	541074.0	39509165.0
MHW192_trimmed_clipped_R1_paired	25020.0	21258.0	17887.0	15957.0	34686.0	119433.0	96959.0	85817.0	81344.0	78931.0	115005.0	136028.0	151094.0	165542.0	182427.0	201209.0	223174.0	247623.0	277992.0	307482.0	343359.0	375653.0	417048.0	457569.0	571128.0	542636.0	591218.0	636176.0	691436.0	658309.0	28846786.0
MHW192_trimmed_clipped_R2_paired	109352.0	93989.0	74308.0	68695.0	77385.0	103717.0	74809.0	68665.0	69941.0	73574.0	124193.0	140554.0	159044.0	178474.0	197642.0	221353.0	245183.0	273186.0	303138.0	333421.0	367709.0	404623.0	447449.0	487074.0	530756.0	565505.0	615330.0	661008.0	710336.0	660853.0	28274920.0
MHW193_trimmed_clipped_R1_paired	36763.0	27305.0	22373.0	19824.0	42870.0	149535.0	120104.0	109524.0	103870.0	101164.0	134466.0	153641.0	166442.0	181226.0	198781.0	217038.0	240330.0	264415.0	295447.0	329537.0	365530.0	403605.0	443499.0	489397.0	602454.0	581568.0	630931.0	685351.0	742263.0	694150.0	38717444.0
MHW193_trimmed_clipped_R2_paired	151130.0	128526.0	98498.0	90110.0	101882.0	137526.0	99030.0	90395.0	92211.0	96577.0	142333.0	161049.0	177989.0	198645.0	219845.0	243870.0	268208.0	297597.0	329418.0	363602.0	398765.0	439364.0	485134.0	528554.0	572606.0	612958.0	664932.0	718091.0	770884.0	698081.0	37893037.0
MHW194_trimmed_clipped_R1_paired	35046.0	26519.0	23253.0	20400.0	44544.0	157803.0	125664.0	111476.0	104280.0	100576.0	145510.0	170079.0	186091.0	202789.0	221977.0	243430.0	267427.0	295771.0	329121.0	364355.0	403032.0	443531.0	489789.0	542594.0	667639.0	636267.0	689886.0	740976.0	798593.0	752290.0	35361443.0
MHW194_trimmed_clipped_R2_paired	153856.0	129969.0	100135.0	90894.0	102554.0	136535.0	96935.0	87734.0	88412.0	92293.0	155276.0	175085.0	194909.0	217722.0	240800.0	266932.0	293478.0	326584.0	359648.0	396786.0	434471.0	478696.0	527455.0	578243.0	623661.0	665297.0	721013.0	771026.0	823844.0	755941.0	34615967.0
MHW195_trimmed_clipped_R1_paired	34179.0	27815.0	24133.0	20863.0	44439.0	155604.0	124576.0	111607.0	105359.0	102325.0	136202.0	155255.0	169317.0	184925.0	202622.0	222019.0	246292.0	270591.0	301990.0	336528.0	374222.0	409741.0	451682.0	498770.0	615514.0	591169.0	645203.0	701032.0	764393.0	715992.0	38820489.0
MHW195_trimmed_clipped_R2_paired	160182.0	134115.0	102467.0	93661.0	106675.0	142556.0	101823.0	92965.0	94139.0	98853.0	146735.0	164432.0	183983.0	204788.0	227031.0	250917.0	277557.0	308040.0	340222.0	373846.0	411813.0	449966.0	496681.0	541466.0	588508.0	629946.0	683751.0	735805.0	795619.0	719277.0	37907029.0
MHW196_trimmed_clipped_R1_paired	29259.0	28867.0	20166.0	15210.0	40489.0	126807.0	106149.0	86648.0	82406.0	79001.0	240958.0	324862.0	376725.0	431710.0	486165.0	555333.0	628947.0	709062.0	791804.0	872401.0	948675.0	1024892.0	1091451.0	1172290.0	1366294.0	1194605.0	1191447.0	1177815.0	1160673.0	1073106.0	12044107.0
MHW196_trimmed_clipped_R2_paired	322471.0	214420.0	95562.0	68555.0	77178.0	102040.0	65523.0	54764.0	50433.0	53449.0	262492.0	320320.0	375670.0	442141.0	504960.0	575742.0	645237.0	728334.0	808367.0	888305.0	961159.0	1033972.0	1093171.0	1141723.0	1165959.0	1174130.0	1183417.0	1179707.0	1159218.0	1063679.0	11666226.0
MHW197_trimmed_clipped_R1_paired	26323.0	23508.0	19254.0	16845.0	36114.0	116269.0	91587.0	78153.0	77241.0	81767.0	442176.0	604581.0	672821.0	741574.0	788891.0	848190.0	899524.0	957344.0	997747.0	1040348.0	1063915.0	1090271.0	1103930.0	1139601.0	1277568.0	1087218.0	1068675.0	1040984.0	1023446.0	946232.0	15580840.0
MHW197_trimmed_clipped_R2_paired	275248.0	189491.0	102859.0	76559.0	87454.0	116712.0	76304.0	64470.0	60340.0	64213.0	512288.0	597842.0	669788.0	746269.0	799988.0	861542.0	907606.0	965915.0	1002453.0	1043066.0	1066832.0	1088170.0	1098813.0	1104485.0	1092560.0	1072509.0	1065779.0	1047879.0	1026652.0	939681.0	15159170.0
MHW198_trimmed_clipped_R1_paired	34488.0	23948.0	18661.0	15741.0	35335.0	114855.0	93678.0	82518.0	84988.0	94939.0	584789.0	830448.0	941832.0	1089524.0	1161419.0	1280419.0	1377764.0	1496193.0	1580782.0	1632903.0	1663497.0	1701371.0	1725384.0	1770944.0	1887775.0	1465856.0	1349636.0	1245680.0	1161180.0	979011.0	8249185.0
MHW198_trimmed_clipped_R2_paired	260060.0	184421.0	92941.0	65853.0	77431.0	108707.0	73323.0	60664.0	61777.0	68021.0	682567.0	814112.0	945081.0	1089329.0	1187259.0	1300951.0	1400186.0	1521849.0	1579890.0	1624511.0	1677529.0	1674273.0	1732076.0	1674463.0	1593620.0	1426141.0	1332959.0	1248252.0	1160817.0	972498.0	8083182.0
MHW199_trimmed_clipped_R1_paired	27794.0	21540.0	18559.0	16808.0	36484.0	118303.0	91423.0	77685.0	75042.0	78452.0	256504.0	338032.0	383668.0	435180.0	478514.0	533737.0	594450.0	657758.0	724620.0	790600.0	855628.0	924836.0	998421.0	1069548.0	1293240.0	1149852.0	1188351.0	1200148.0	1217979.0	1148683.0	20260721.0
MHW199_trimmed_clipped_R2_paired	159551.0	120940.0	82092.0	65756.0	76051.0	103877.0	71346.0	57813.0	55268.0	58847.0	276550.0	330871.0	383022.0	443545.0	495149.0	555200.0	611350.0	679493.0	743099.0	810886.0	875979.0	945625.0	1011885.0	1075911.0	1116880.0	1145454.0	1191488.0	1210547.0	1225755.0	1145361.0	19936969.0
MHW200_trimmed_clipped_R1_paired	29863.0	23824.0	20885.0	19128.0	40567.0	130986.0	98888.0	83098.0	80277.0	81926.0	151892.0	176129.0	190591.0	203140.0	211488.0	227502.0	246843.0	269532.0	290442.0	311745.0	332342.0	356114.0	386192.0	414832.0	499443.0	465158.0	497307.0	529362.0	559194.0	515486.0	30950203.0
MHW200_trimmed_clipped_R2_paired	199784.0	151320.0	104815.0	86575.0	100765.0	137877.0	94839.0	76707.0	70641.0	74699.0	156256.0	175870.0	195329.0	217062.0	232557.0	252169.0	269675.0	293627.0	315609.0	338205.0	360865.0	388431.0	417186.0	444325.0	469551.0	493482.0	528164.0	557782.0	586356.0	519452.0	30084404.0
MHW201_trimmed_clipped_R1_paired	26125.0	21773.0	17718.0	15775.0	34879.0	112928.0	89510.0	74835.0	72609.0	75240.0	298436.0	402518.0	456922.0	523404.0	571020.0	637728.0	705884.0	779845.0	852441.0	930097.0	996119.0	1068496.0	1141686.0	1205158.0	1424119.0	1223786.0	1230484.0	1214565.0	1205044.0	1112797.0	15452745.0
MHW201_trimmed_clipped_R2_paired	141684.0	108733.0	72942.0	58467.0	68299.0	94265.0	64551.0	52022.0	49947.0	54240.0	330465.0	395025.0	457968.0	531389.0	589304.0	659649.0	723250.0	805270.0	871235.0	948751.0	1019448.0	1085113.0	1156750.0	1201279.0	1221414.0	1217355.0	1230597.0	1222401.0	1210762.0	1108452.0	15223659.0
MHW202_trimmed_clipped_R1_paired	31872.0	25611.0	20932.0	17608.0	38544.0	127322.0	97065.0	82809.0	83210.0	88451.0	640358.0	883692.0	983335.0	1093359.0	1164023.0	1256915.0	1349227.0	1418016.0	1476294.0	1531659.0	1574429.0	1620653.0	1636951.0	1650057.0	1848607.0	1536359.0	1492891.0	1439809.0	1369336.0	1244875.0	15015424.0
MHW202_trimmed_clipped_R2_paired	188427.0	138269.0	90929.0	66655.0	83827.0	116964.0	82800.0	64605.0	61326.0	66712.0	750666.0	880273.0	984431.0	1105911.0	1182997.0	1279850.0	1364959.0	1435183.0	1482836.0	1541503.0	1584539.0	1618722.0	1627382.0	1625023.0	1572427.0	1519829.0	1488601.0	1444639.0	1370989.0	1238801.0	14779618.0
MHW203_trimmed_clipped_R1_paired	27858.0	20948.0	15774.0	13349.0	29300.0	97917.0	73901.0	62229.0	62073.0	65493.0	284542.0	371003.0	408194.0	438336.0	460823.0	489019.0	518430.0	542735.0	563568.0	580931.0	600318.0	623310.0	642456.0	667611.0	779604.0	687611.0	706083.0	720475.0	733362.0	694177.0	20407861.0
MHW203_trimmed_clipped_R2_paired	183287.0	127472.0	74499.0	58316.0	68040.0	95343.0	63557.0	50707.0	46539.0	49500.0	316872.0	362410.0	403783.0	440887.0	471034.0	499871.0	527673.0	552691.0	571710.0	590901.0	611622.0	633196.0	651640.0	670544.0	682655.0	691532.0	715726.0	734452.0	744505.0	694231.0	20004096.0
MHW204_trimmed_clipped_R1_paired	29546.0	27247.0	19497.0	14751.0	39048.0	124647.0	102632.0	84376.0	80268.0	79410.0	388617.0	521371.0	585550.0	650624.0	703202.0	764183.0	829122.0	880205.0	929732.0	969215.0	1000332.0	1040270.0	1061204.0	1083042.0	1240454.0	1060615.0	1051341.0	1040317.0	1021475.0	951070.0	13518589.0
MHW204_trimmed_clipped_R2_paired	266438.0	172050.0	79969.0	58313.0	69803.0	94249.0	60899.0	49977.0	46563.0	50974.0	439358.0	516476.0	583206.0	659701.0	718826.0	782152.0	843383.0	895852.0	937605.0	977504.0	1009358.0	1043989.0	1060001.0	1072694.0	1063376.0	1052682.0	1050921.0	1047632.0	1025434.0	946681.0	13215886.0
MHW205_trimmed_clipped_R1_paired	22913.0	20154.0	16210.0	13697.0	31436.0	102580.0	81014.0	67652.0	66692.0	69637.0	407214.0	548294.0	605661.0	683610.0	738879.0	824091.0	896305.0	968804.0	1056843.0	1129927.0	1186254.0	1229211.0	1267007.0	1311929.0	1492720.0	1204592.0	1158711.0	1102100.0	1080144.0	952118.0	10546785.0
MHW205_trimmed_clipped_R2_paired	177784.0	131997.0	68322.0	51441.0	62104.0	85711.0	58085.0	49171.0	45990.0	50536.0	470420.0	541616.0	608998.0	691533.0	760277.0	838738.0	912333.0	989924.0	1067940.0	1132456.0	1202073.0	1225191.0	1279731.0	1279363.0	1266474.0	1190226.0	1154337.0	1106749.0	1082243.0	948481.0	10352940.0
MHW206_trimmed_clipped_R1_paired	21748.0	15056.0	12121.0	10010.0	23574.0	80085.0	70871.0	66837.0	70834.0	78754.0	748584.0	911249.0	900899.0	894466.0	852632.0	825518.0	809688.0	798991.0	789439.0	775681.0	755066.0	730276.0	710564.0	686812.0	744673.0	595559.0	560226.0	525432.0	495142.0	433802.0	4551027.0
MHW206_trimmed_clipped_R2_paired	123970.0	95556.0	48616.0	38061.0	48641.0	72663.0	62654.0	60140.0	61716.0	67948.0	890154.0	891367.0	892471.0	885050.0	854579.0	820813.0	805776.0	792377.0	779159.0	762491.0	743183.0	713990.0	696799.0	662220.0	628589.0	580260.0	552448.0	524778.0	494439.0	430825.0	4463883.0
MHW207_trimmed_clipped_R1_paired	26297.0	19972.0	16462.0	14052.0	31996.0	104791.0	88627.0	78480.0	81442.0	93758.0	389109.0	526446.0	593924.0	690715.0	751602.0	849208.0	926473.0	1026789.0	1116475.0	1203367.0	1258106.0	1311006.0	1352461.0	1394979.0	1544855.0	1265295.0	1190902.0	1126145.0	1065897.0	946310.0	8982418.0
MHW207_trimmed_clipped_R2_paired	124780.0	98650.0	61316.0	48376.0	58959.0	83132.0	62305.0	56493.0	58566.0	66993.0	433566.0	509655.0	595323.0	700171.0	785960.0	871140.0	956911.0	1058756.0	1142148.0	1223635.0	1281459.0	1325460.0	1367924.0	1366537.0	1324853.0	1250608.0	1185279.0	1129908.0	1067847.0	943524.0	8828125.0
MHW208_trimmed_clipped_R1_paired	32932.0	28302.0	24275.0	21201.0	48268.0	154476.0	119693.0	101048.0	96969.0	99904.0	151848.0	171383.0	186745.0	202162.0	216812.0	242142.0	275403.0	309124.0	348517.0	391121.0	437350.0	483851.0	545647.0	603396.0	755408.0	708649.0	767246.0	816136.0	872239.0	835620.0	31905910.0
MHW208_trimmed_clipped_R2_paired	233502.0	170840.0	114672.0	95761.0	111208.0	151039.0	107592.0	91038.0	84410.0	90677.0	150125.0	171797.0	194850.0	220340.0	245074.0	274133.0	304115.0	341542.0	380827.0	428104.0	473815.0	527019.0	581494.0	638098.0	690930.0	733435.0	793666.0	842061.0	892846.0	833193.0	30985574.0
MHW209_trimmed_clipped_R1_paired	29818.0	22195.0	19852.0	18799.0	40235.0	131441.0	103818.0	87889.0	85020.0	89604.0	124447.0	133140.0	142692.0	148284.0	153672.0	167055.0	184910.0	201539.0	223116.0	242421.0	265480.0	289155.0	321285.0	351381.0	432899.0	410403.0	449011.0	484495.0	522796.0	479889.0	30789657.0
MHW209_trimmed_clipped_R2_paired	228401.0	162667.0	103138.0	89941.0	100546.0	138253.0	96185.0	81619.0	77238.0	82547.0	121356.0	135886.0	150122.0	165738.0	178362.0	194366.0	210375.0	230377.0	251329.0	274786.0	298786.0	326978.0	357681.0	387321.0	419534.0	442680.0	482186.0	514892.0	551057.0	483428.0	29808623.0
MHW210_trimmed_clipped_R1_paired	33940.0	27641.0	22783.0	20557.0	44424.0	140272.0	112577.0	99263.0	97668.0	104550.0	130174.0	134057.0	140345.0	143111.0	144790.0	154102.0	170442.0	187118.0	206412.0	226093.0	250146.0	275033.0	312310.0	348075.0	434452.0	431186.0	480743.0	532838.0	593671.0	552152.0	35613183.0
MHW210_trimmed_clipped_R2_paired	285806.0	196477.0	120942.0	100426.0	115165.0	156006.0	114733.0	98284.0	93870.0	99981.0	125142.0	137232.0	149327.0	163044.0	174426.0	186719.0	201308.0	220696.0	241414.0	263797.0	289921.0	321486.0	356899.0	392074.0	432194.0	468573.0	519360.0	568328.0	624275.0	555474.0	34390729.0
MHW211_trimmed_clipped_R1_paired	37166.0	27998.0	21162.0	19056.0	40428.0	131053.0	105150.0	92434.0	91584.0	98221.0	128110.0	135788.0	144813.0	148223.0	152437.0	163570.0	180493.0	197250.0	216846.0	234993.0	257076.0	278982.0	310624.0	339165.0	414524.0	401066.0	438240.0	474876.0	518022.0	471333.0	32719409.0
MHW211_trimmed_clipped_R2_paired	382731.0	241196.0	119612.0	99903.0	111734.0	151005.0	106829.0	92837.0	88227.0	94781.0	125793.0	139008.0	153584.0	169148.0	181365.0	193893.0	209758.0	228999.0	248461.0	270180.0	293859.0	321160.0	350257.0	379181.0	410083.0	435391.0	474442.0	508674.0	547919.0	475264.0	31384818.0
MHW212_trimmed_clipped_R1_paired	30466.0	23750.0	19853.0	17867.0	38650.0	123970.0	97542.0	83581.0	81501.0	85018.0	145223.0	168488.0	185283.0	199727.0	213440.0	234807.0	261523.0	286709.0	316370.0	345005.0	377439.0	406145.0	446559.0	482147.0	584173.0	538613.0	571774.0	599435.0	625117.0	581761.0	27752955.0
MHW212_trimmed_clipped_R2_paired	260566.0	179475.0	102032.0	85365.0	96417.0	129335.0	90857.0	78672.0	72912.0	77421.0	147539.0	168825.0	191187.0	215191.0	236301.0	260858.0	283349.0	313527.0	342124.0	374980.0	407221.0	440088.0	477469.0	510436.0	541645.0	563142.0	600064.0	626245.0	648754.0	583885.0	26819009.0
MHW213_trimmed_clipped_R1_paired	31091.0	25148.0	21824.0	19865.0	43359.0	139509.0	109486.0	95169.0	92084.0	97280.0	170735.0	198206.0	221404.0	239258.0	260417.0	287968.0	321462.0	354931.0	396345.0	433671.0	478524.0	516210.0	571619.0	619086.0	760178.0	698530.0	743572.0	774022.0	812839.0	768729.0	29749926.0
MHW213_trimmed_clipped_R2_paired	287717.0	197289.0	114356.0	95514.0	108530.0	146397.0	102554.0	90208.0	84055.0	89624.0	174315.0	200843.0	227279.0	258083.0	285648.0	316735.0	347433.0	385353.0	424827.0	465797.0	510543.0	554054.0	604557.0	646553.0	690299.0	718027.0	769597.0	800254.0	836119.0	768553.0	28751334.0
MHW214_trimmed_clipped_R1_paired	34727.0	26582.0	23438.0	21903.0	48352.0	153977.0	120531.0	104852.0	101130.0	106893.0	128265.0	128904.0	134364.0	135373.0	135091.0	142931.0	158097.0	173862.0	190072.0	210149.0	234348.0	259655.0	297093.0	334286.0	422605.0	429000.0	486506.0	549834.0	624209.0	593217.0	34516822.0
MHW214_trimmed_clipped_R2_paired	214226.0	162847.0	116222.0	99466.0	113491.0	152993.0	111715.0	96645.0	93835.0	101117.0	118638.0	130638.0	140611.0	153934.0	163291.0	174940.0	188348.0	205927.0	224434.0	247634.0	272512.0	304763.0	341096.0	377728.0	422923.0	464310.0	523738.0	581566.0	652668.0	595266.0	33479546.0
MHW215_trimmed_clipped_R1_paired	42321.0	38610.0	32154.0	26819.0	65412.0	209345.0	157169.0	128813.0	122802.0	125232.0	154488.0	159416.0	165859.0	170785.0	171602.0	183715.0	201428.0	219472.0	241258.0	259210.0	282695.0	310646.0	345554.0	379603.0	463094.0	455607.0	503640.0	555181.0	616311.0	559100.0	42050760.0
MHW215_trimmed_clipped_R2_paired	312475.0	221699.0	147438.0	122005.0	143349.0	197607.0	138386.0	116222.0	111251.0	119351.0	150541.0	164668.0	180961.0	198303.0	210510.0	224319.0	241831.0	262830.0	285207.0	309042.0	336061.0	368807.0	401341.0	436120.0	474964.0	508386.0	556942.0	599881.0	656178.0	564084.0	40637342.0
MHW216_trimmed_clipped_R1_paired	32224.0	24489.0	21455.0	20315.0	44259.0	143328.0	112344.0	95961.0	93567.0	97664.0	127369.0	132910.0	139664.0	143331.0	146221.0	156656.0	170491.0	186231.0	203689.0	219005.0	238418.0	257963.0	286819.0	313535.0	382276.0	370903.0	408630.0	446284.0	489601.0	442722.0	33539031.0
MHW216_trimmed_clipped_R2_paired	243913.0	174836.0	113501.0	98136.0	111539.0	152831.0	107294.0	91453.0	88427.0	94309.0	124574.0	137702.0	150329.0	164411.0	176270.0	187633.0	200696.0	218913.0	235925.0	254107.0	276100.0	300514.0	328037.0	355475.0	384726.0	408868.0	447882.0	481055.0	522012.0	447591.0	32408296.0
MHW217_trimmed_clipped_R1_paired	40411.0	32123.0	27015.0	23914.0	51072.0	165161.0	127119.0	110981.0	109218.0	114943.0	153100.0	162064.0	171140.0	174581.0	177309.0	189042.0	207226.0	225026.0	244489.0	262748.0	284946.0	308777.0	340946.0	369441.0	445015.0	431369.0	471744.0	514946.0	561916.0	500554.0	42101370.0
MHW217_trimmed_clipped_R2_paired	297712.0	215513.0	142481.0	118178.0	136715.0	186642.0	135745.0	113264.0	108142.0	114960.0	154012.0	169349.0	184557.0	202631.0	214741.0	230191.0	245645.0	265625.0	286394.0	307685.0	333057.0	362908.0	392488.0	422408.0	453518.0	479767.0	522899.0	560502.0	603530.0	507036.0	40631411.0
MHW218_trimmed_clipped_R1_paired	36087.0	27749.0	21030.0	19420.0	41339.0	132205.0	105202.0	91911.0	91033.0	95618.0	117889.0	121352.0	126095.0	129100.0	129378.0	138598.0	151901.0	166048.0	183571.0	199245.0	221011.0	242446.0	271559.0	300728.0	369978.0	367340.0	410934.0	454184.0	505608.0	463741.0	33027984.0
MHW218_trimmed_clipped_R2_paired	223222.0	160161.0	108240.0	92503.0	106673.0	145588.0	104501.0	91606.0	86108.0	92156.0	112344.0	123634.0	134486.0	147703.0	156783.0	167382.0	180758.0	196090.0	214060.0	233040.0	255938.0	282792.0	310965.0	339773.0	372693.0	401862.0	446215.0	484989.0	533407.0	467032.0	31987580.0
MHW219_trimmed_clipped_R1_paired	39324.0	29141.0	25543.0	22180.0	48283.0	173977.0	141139.0	126885.0	118622.0	114161.0	124747.0	133573.0	139855.0	146663.0	155436.0	165542.0	179432.0	195024.0	215912.0	236889.0	265490.0	291929.0	323498.0	360881.0	445125.0	445573.0	492883.0	549835.0	603695.0	541930.0	43022870.0
MHW219_trimmed_clipped_R2_paired	212488.0	168036.0	118441.0	108567.0	123394.0	165088.0	117850.0	107333.0	108659.0	112910.0	132450.0	144352.0	156261.0	168873.0	182446.0	198321.0	215920.0	235296.0	256479.0	278432.0	305778.0	338376.0	375386.0	413876.0	455148.0	493146.0	540758.0	591416.0	641241.0	549253.0	41860063.0
MHW220_trimmed_clipped_R1_paired	37133.0	30492.0	24096.0	20660.0	44828.0	155510.0	128437.0	115527.0	110426.0	107947.0	140582.0	158466.0	171849.0	185148.0	201459.0	217717.0	240751.0	264843.0	294637.0	324991.0	363664.0	397756.0	440669.0	488601.0	607170.0	586342.0	641409.0	698552.0	757491.0	699711.0	40506377.0
MHW220_trimmed_clipped_R2_paired	173761.0	143378.0	107603.0	99454.0	111850.0	148692.0	108957.0	99417.0	100432.0	105110.0	150956.0	167648.0	184265.0	203490.0	223630.0	246551.0	271066.0	299294.0	330821.0	362109.0	398906.0	439212.0	487130.0	533662.0	583500.0	625133.0	681467.0	734437.0	788265.0	704503.0	39548542.0
MHW221_trimmed_clipped_R1_paired	39422.0	30925.0	21857.0	18877.0	41249.0	144725.0	120085.0	108618.0	104186.0	101932.0	119421.0	130026.0	138594.0	147553.0	158326.0	170711.0	187135.0	204672.0	229709.0	254530.0	286574.0	315565.0	355218.0	394041.0	494612.0	485153.0	538453.0	593042.0	650952.0	604186.0	38105002.0
MHW221_trimmed_clipped_R2_paired	165271.0	136310.0	100323.0	92403.0	104872.0	139695.0	101894.0	93197.0	93689.0	97733.0	124599.0	137556.0	149799.0	163733.0	178553.0	195838.0	215616.0	237299.0	262168.0	289131.0	319006.0	352884.0	398076.0	436000.0	484116.0	521476.0	574240.0	625589.0	678826.0	608876.0	37216583.0
MHW222_trimmed_clipped_R1_paired	40397.0	30920.0	25224.0	22124.0	47213.0	164536.0	134935.0	121653.0	115659.0	113293.0	130891.0	142895.0	151721.0	161604.0	174254.0	187914.0	204578.0	225319.0	250969.0	278479.0	311884.0	342838.0	380953.0	422002.0	525020.0	517973.0	575653.0	636428.0	703498.0	640383.0	42399066.0
MHW222_trimmed_clipped_R2_paired	185404.0	151029.0	110647.0	102452.0	114896.0	152775.0	111035.0	102412.0	104640.0	109000.0	136344.0	150621.0	164650.0	179498.0	197370.0	215983.0	237850.0	262097.0	289604.0	316271.0	350046.0	386356.0	429621.0	473197.0	521112.0	561923.0	619801.0	676060.0	738712.0	646152.0	41382718.0
MHW223_trimmed_clipped_R1_paired	31164.0	25790.0	21535.0	18628.0	40804.0	142237.0	114835.0	103487.0	97328.0	96060.0	110420.0	120160.0	127573.0	135693.0	145317.0	156815.0	170200.0	184916.0	203959.0	224296.0	249498.0	273181.0	300908.0	334630.0	412614.0	406177.0	451209.0	500760.0	552903.0	501024.0	35049548.0
MHW223_trimmed_clipped_R2_paired	151635.0	126629.0	95145.0	87276.0	98008.0	130531.0	96045.0	87933.0	90301.0	94796.0	117907.0	129760.0	140551.0	154444.0	167926.0	183165.0	199562.0	217269.0	237899.0	257892.0	283719.0	309497.0	343019.0	376459.0	411969.0	444008.0	488242.0	532163.0	580720.0	505022.0	34164177.0
MHW224_trimmed_clipped_R1_paired	43539.0	32211.0	25735.0	21961.0	47979.0	169396.0	139093.0	126525.0	119818.0	116952.0	131623.0	141794.0	149709.0	158408.0	169466.0	179924.0	195469.0	213205.0	234763.0	257822.0	284185.0	311261.0	341207.0	373396.0	450895.0	446664.0	491944.0	545789.0	599271.0	526206.0	43658028.0
MHW224_trimmed_clipped_R2_paired	201933.0	162385.0	116587.0	108595.0	121360.0	163303.0	118936.0	109331.0	110731.0	116156.0	141105.0	153334.0	166547.0	181055.0	195810.0	212354.0	231588.0	254316.0	277222.0	299808.0	326919.0	357364.0	391967.0	425852.0	462777.0	494310.0	539311.0	588124.0	637410.0	533675.0	42504073.0
MHW225_trimmed_clipped_R1_paired	44741.0	33359.0	29077.0	26117.0	56249.0	197180.0	157591.0	140444.0	131401.0	127469.0	147367.0	161013.0	171147.0	182019.0	196106.0	212517.0	232791.0	256464.0	287598.0	318079.0	357142.0	391623.0	434572.0	479890.0	590671.0	578530.0	635702.0	701170.0	767221.0	694147.0	49114347.0
MHW225_trimmed_clipped_R2_paired	226608.0	184685.0	132401.0	121369.0	136857.0	181550.0	130268.0	119144.0	120637.0	125769.0	157659.0	174150.0	190023.0	207227.0	227568.0	249364.0	273000.0	302410.0	334043.0	365388.0	403910.0	443787.0	492273.0	537423.0	588367.0	630603.0	688934.0	747186.0	809894.0	700976.0	47850271.0
MHW226_trimmed_clipped_R1_paired	40799.0	32803.0	28124.0	24510.0	52386.0	183791.0	146610.0	132468.0	125228.0	121786.0	138797.0	149075.0	157745.0	167828.0	179051.0	191976.0	208660.0	227815.0	251745.0	278072.0	308666.0	336635.0	369730.0	407299.0	495481.0	490496.0	540618.0	597964.0	658667.0	584499.0	48991947.0
MHW226_trimmed_clipped_R2_paired	224078.0	180253.0	128202.0	117988.0	134652.0	178922.0	128935.0	118318.0	119680.0	125600.0	153569.0	166752.0	181871.0	197246.0	213897.0	232138.0	253134.0	278156.0	301233.0	329514.0	358210.0	392091.0	432493.0	468936.0	512379.0	549550.0	598730.0	650972.0	704722.0	592310.0	47596740.0
MHW227_trimmed_clipped_R1_paired	41472.0	31308.0	27741.0	25084.0	54086.0	190725.0	153612.0	137829.0	129350.0	125305.0	156086.0	176003.0	190497.0	206269.0	224016.0	244608.0	269834.0	296197.0	332303.0	368160.0	412999.0	451270.0	499929.0	551998.0	679113.0	653173.0	713856.0	777509.0	841111.0	774413.0	47622371.0
MHW227_trimmed_clipped_R2_paired	210849.0	173198.0	126939.0	117063.0	132221.0	179501.0	128291.0	115523.0	117169.0	122334.0	168992.0	188558.0	208250.0	229515.0	255318.0	280446.0	310056.0	342996.0	377672.0	415130.0	457626.0	502622.0	556022.0	606117.0	659493.0	702149.0	762978.0	820150.0	880720.0	778516.0	46431813.0
MHW228_trimmed_clipped_R1_paired	40107.0	33569.0	26657.0	23177.0	49302.0	171156.0	140209.0	127522.0	121000.0	118716.0	150278.0	170770.0	185430.0	200334.0	220403.0	239251.0	265529.0	294624.0	333882.0	371390.0	419162.0	462828.0	517589.0	575920.0	723189.0	699904.0	770621.0	839335.0	917314.0	862094.0	46335711.0
MHW228_trimmed_clipped_R2_paired	190569.0	158381.0	119094.0	109493.0	124098.0	165487.0	122147.0	111910.0	112655.0	117792.0	163500.0	182710.0	203080.0	225019.0	248875.0	274103.0	303870.0	338521.0	377404.0	415985.0	463360.0	511949.0	571699.0	629633.0	691792.0	744876.0	817797.0	882384.0	953477.0	865011.0	45210302.0
MHW229_trimmed_clipped_R1_paired	43579.0	34486.0	25472.0	22103.0	47619.0	166258.0	136701.0	124601.0	118812.0	116087.0	158313.0	182865.0	199587.0	216745.0	237486.0	260702.0	288124.0	318814.0	357660.0	394511.0	443825.0	486597.0	541953.0	598375.0	745806.0	713957.0	782310.0	847777.0	921079.0	868437.0	43807973.0
MHW229_trimmed_clipped_R2_paired	178537.0	148637.0	112890.0	104854.0	118377.0	160844.0	115818.0	106898.0	107224.0	111712.0	171742.0	192747.0	213022.0	237055.0	262754.0	291704.0	321611.0	358948.0	396283.0	436688.0	482459.0	533102.0	590996.0	646293.0	705785.0	753966.0	824249.0	886084.0	954896.0	871923.0	42810516.0
MHW230_trimmed_clipped_R1_paired	42352.0	32470.0	26701.0	23468.0	50702.0	174899.0	141668.0	128138.0	122500.0	119905.0	150751.0	169742.0	183229.0	196482.0	212718.0	230929.0	253096.0	276576.0	306243.0	337464.0	374253.0	406020.0	446905.0	489725.0	597295.0	579436.0	632238.0	690249.0	753900.0	686205.0	46213541.0
MHW230_trimmed_clipped_R2_paired	203720.0	165293.0	119916.0	109055.0	122722.0	165019.0	120232.0	110335.0	111715.0	118491.0	163554.0	181726.0	200932.0	220863.0	242859.0	266315.0	291931.0	320910.0	351154.0	381814.0	418124.0	455456.0	501475.0	542067.0	589140.0	629601.0	683812.0	735092.0	794228.0	692425.0	45039824.0
MHW231_trimmed_clipped_R1_paired	32614.0	27506.0	23073.0	20585.0	44741.0	155831.0	123793.0	111031.0	104637.0	101647.0	144822.0	169472.0	186605.0	203680.0	223776.0	243735.0	270468.0	296839.0	333607.0	367604.0	410440.0	450346.0	501115.0	551206.0	687288.0	656445.0	717226.0	772088.0	835684.0	789759.0	37625442.0
MHW231_trimmed_clipped_R2_paired	155757.0	131086.0	100311.0	92296.0	104125.0	140175.0	101187.0	92539.0	93563.0	98052.0	158474.0	179568.0	200321.0	222753.0	245917.0	272353.0	301264.0	333471.0	368538.0	405452.0	445048.0	489067.0	542563.0	592283.0	645314.0	688685.0	751646.0	803736.0	863094.0	791466.0	36773001.0
MHW232_trimmed_clipped_R1_paired	42133.0	30693.0	25487.0	22253.0	48432.0	170100.0	137787.0	124406.0	117643.0	114054.0	155346.0	179251.0	196704.0	213919.0	236350.0	258494.0	287448.0	319075.0	357996.0	397168.0	445061.0	487750.0	542016.0	596825.0	741491.0	705990.0	767899.0	829423.0	892602.0	836702.0	42404771.0
MHW232_trimmed_clipped_R2_paired	173971.0	147103.0	112468.0	104631.0	118246.0	158727.0	114213.0	105346.0	105451.0	109841.0	167719.0	189232.0	210859.0	234999.0	260664.0	289044.0	320311.0	357701.0	396631.0	437887.0	482530.0	531343.0	589266.0	641223.0	698452.0	739936.0	804705.0	865303.0	924640.0	840235.0	41452592.0
MHW233_trimmed_clipped_R1_paired	40801.0	30163.0	26140.0	22884.0	48891.0	174101.0	137501.0	121178.0	112254.0	107849.0	137581.0	154958.0	168438.0	181783.0	199173.0	216233.0	238353.0	261739.0	291760.0	320752.0	356807.0	388826.0	428573.0	470238.0	577939.0	555169.0	609572.0	663913.0	726652.0	667181.0	40411425.0
MHW233_trimmed_clipped_R2_paired	180791.0	149114.0	110213.0	101649.0	115247.0	153765.0	108474.0	97403.0	98622.0	103409.0	146599.0	164142.0	182242.0	201506.0	221954.0	245718.0	270205.0	298129.0	327099.0	358493.0	392315.0	429261.0	473482.0	514803.0	557912.0	594099.0	647548.0	698912.0	756745.0	671052.0	39477924.0
MHW234_trimmed_clipped_R1_paired	41551.0	33510.0	29054.0	25059.0	52944.0	187280.0	147577.0	130840.0	123801.0	120260.0	182257.0	214348.0	235494.0	255933.0	280492.0	305197.0	333994.0	366669.0	407757.0	446219.0	495075.0	537419.0	592755.0	645131.0	799131.0	751176.0	812823.0	869431.0	932939.0	870171.0	43193246.0
MHW234_trimmed_clipped_R2_paired	198425.0	164498.0	122934.0	114245.0	129879.0	174120.0	124482.0	113469.0	114836.0	119437.0	204212.0	230070.0	255619.0	282172.0	310866.0	341907.0	373224.0	411856.0	450392.0	490430.0	537031.0	585095.0	642590.0	693902.0	752600.0	791700.0	856987.0	907097.0	965338.0	872010.0	42088110.0
MHW235_trimmed_clipped_R1_paired	38977.0	29133.0	25392.0	21968.0	47580.0	169076.0	135836.0	120059.0	112253.0	108446.0	125131.0	136720.0	145311.0	154524.0	166805.0	179654.0	195774.0	215063.0	239021.0	262737.0	294182.0	321159.0	356304.0	393208.0	485272.0	476401.0	525928.0	579657.0	636771.0	577512.0	40261044.0
MHW235_trimmed_clipped_R2_paired	190694.0	153578.0	110589.0	102877.0	117494.0	158055.0	111362.0	100224.0	100572.0	105751.0	133514.0	146933.0	159781.0	175370.0	191723.0	210509.0	229928.0	251959.0	277885.0	300982.0	331225.0	363398.0	403597.0	440886.0	483764.0	518958.0	568790.0	616370.0	669558.0	582731.0	39227841.0
MHW236_trimmed_clipped_R1_paired	40988.0	34252.0	26782.0	22777.0	48205.0	167177.0	134330.0	120946.0	114250.0	111275.0	139713.0	157200.0	171536.0	185835.0	203338.0	222600.0	246098.0	273717.0	307674.0	343246.0	385156.0	426983.0	477397.0	533422.0	665285.0	648227.0	714550.0	783263.0	857089.0	804605.0	43794684.0
MHW236_trimmed_clipped_R2_paired	181684.0	149244.0	111735.0	103486.0	117708.0	156961.0	111878.0	101862.0	103064.0	108182.0	148535.0	166931.0	185551.0	205735.0	227852.0	253866.0	281605.0	312088.0	345507.0	383993.0	425175.0	470189.0	524975.0	580896.0	635717.0	688730.0	754811.0	819069.0	887459.0	807350.0	42810762.0
MHW237_trimmed_clipped_R1_paired	45596.0	34741.0	24672.0	21288.0	44739.0	158837.0	128723.0	115989.0	110197.0	107355.0	131378.0	146258.0	158244.0	170824.0	185198.0	201072.0	222483.0	243936.0	273124.0	301222.0	337141.0	368848.0	409185.0	452509.0	561130.0	544522.0	603216.0	660072.0	725141.0	665374.0	40960340.0
MHW237_trimmed_clipped_R2_paired	180158.0	144873.0	106391.0	99220.0	113140.0	151419.0	107534.0	98070.0	98518.0	102601.0	138585.0	154357.0	171746.0	188383.0	207420.0	229565.0	253042.0	279542.0	307853.0	338156.0	372580.0	408562.0	453375.0	497623.0	544931.0	584768.0	642201.0	695287.0	756743.0	670259.0	40016452.0
MHW238_trimmed_clipped_R1_paired	42715.0	32394.0	26271.0	22757.0	47610.0	166357.0	134213.0	120191.0	112550.0	109390.0	127077.0	140281.0	150212.0	160054.0	172721.0	187107.0	202514.0	221201.0	246914.0	270974.0	301214.0	329131.0	363311.0	400605.0	489644.0	480159.0	529586.0	585369.0	643131.0	575153.0	42502410.0
MHW238_trimmed_clipped_R2_paired	193919.0	154862.0	111913.0	102771.0	115451.0	154410.0	110528.0	100272.0	101745.0	106202.0	135566.0	150287.0	164738.0	179579.0	197549.0	216322.0	236696.0	258814.0	285442.0	310541.0	339918.0	372606.0	412681.0	449122.0	490899.0	524774.0	575665.0	625204.0	678337.0	581317.0	41455086.0
MHW239_trimmed_clipped_R1_paired	29237.0	23299.0	19443.0	16603.0	35308.0	124956.0	98254.0	87498.0	81141.0	78846.0	93476.0	102618.0	110157.0	117423.0	127395.0	137320.0	150078.0	164988.0	184793.0	204511.0	229135.0	250808.0	278744.0	308241.0	383657.0	376680.0	417011.0	461807.0	510904.0	469848.0	30414933.0
MHW239_trimmed_clipped_R2_paired	132990.0	108048.0	80688.0	74423.0	84866.0	112246.0	80126.0	72294.0	73479.0	76895.0	99448.0	109873.0	119894.0	131994.0	144469.0	157964.0	173981.0	191762.0	212012.0	231277.0	255915.0	281699.0	313330.0	342995.0	378494.0	405986.0	447453.0	488244.0	534286.0	472981.0	29699000.0
MHW240_trimmed_clipped_R1_paired	44834.0	32289.0	25287.0	21336.0	45878.0	163577.0	132705.0	118396.0	110875.0	106389.0	116813.0	124501.0	130800.0	137383.0	147084.0	157304.0	168649.0	184686.0	203753.0	224917.0	250979.0	273602.0	302496.0	333592.0	408594.0	406651.0	452716.0	503789.0	558865.0	491811.0	41828307.0
MHW240_trimmed_clipped_R2_paired	204428.0	159281.0	110972.0	102596.0	116450.0	156835.0	111621.0	101141.0	101681.0	105725.0	124663.0	135513.0	146035.0	158498.0	171815.0	186346.0	201769.0	221537.0	242184.0	263107.0	288389.0	316135.0	349786.0	382648.0	420536.0	451371.0	496625.0	544249.0	594043.0	499533.0	40743346.0
MHW241_trimmed_clipped_R1_paired	39558.0	29007.0	24937.0	21900.0	47018.0	168230.0	132057.0	116513.0	108882.0	104751.0	128846.0	142660.0	154282.0	165414.0	178641.0	193691.0	212810.0	233751.0	260030.0	282995.0	316519.0	342115.0	378809.0	414169.0	508031.0	491736.0	541874.0	590535.0	649546.0	584813.0	39846164.0
MHW241_trimmed_clipped_R2_paired	186526.0	149851.0	107939.0	98348.0	111221.0	146755.0	103547.0	93325.0	95227.0	99635.0	136385.0	150623.0	166711.0	183471.0	200749.0	220448.0	241884.0	268209.0	294232.0	319607.0	350345.0	381873.0	422571.0	459829.0	499579.0	532313.0	582640.0	626750.0	683180.0	590468.0	38906043.0
MHW258_trimmed_clipped_R1_paired	36426.0	28110.0	20946.0	18617.0	40454.0	139797.0	117506.0	107606.0	103442.0	100718.0	114045.0	122170.0	128073.0	134467.0	143106.0	151841.0	164139.0	176252.0	196143.0	211145.0	238262.0	253589.0	285992.0	310712.0	400429.0	390980.0	470626.0	537120.0	701401.0	689774.0	37075116.0
MHW258_trimmed_clipped_R2_paired	143744.0	117010.0	91201.0	87100.0	99201.0	133834.0	97524.0	89552.0	90437.0	94130.0	115495.0	125491.0	134142.0	146040.0	157987.0	172524.0	186329.0	204210.0	222300.0	241301.0	264442.0	287226.0	323126.0	351114.0	399941.0	424734.0	504102.0	564887.0	727828.0	692972.0	36319080.0
MHW260_trimmed_clipped_R1_paired	37652.0	28725.0	23914.0	21095.0	45347.0	156494.0	129710.0	117385.0	112577.0	110807.0	139879.0	156310.0	169687.0	181275.0	196454.0	210919.0	229763.0	250505.0	278245.0	303610.0	337706.0	364008.0	401082.0	435817.0	535453.0	517517.0	573815.0	631650.0	716225.0	650887.0	39726732.0
MHW260_trimmed_clipped_R2_paired	168631.0	136886.0	102327.0	95121.0	107614.0	144560.0	106262.0	98877.0	100807.0	106326.0	148394.0	164664.0	181169.0	198274.0	218435.0	239045.0	260923.0	287691.0	315387.0	341094.0	374180.0	407300.0	448353.0	485438.0	529571.0	562478.0	618618.0	670767.0	752003.0	656994.0	38763056.0
MHW263_trimmed_clipped_R1_paired	35619.0	25067.0	22229.0	19987.0	43441.0	151622.0	121641.0	108109.0	102328.0	99744.0	115458.0	124626.0	132450.0	140088.0	150134.0	160275.0	175311.0	185465.0	211875.0	223913.0	261417.0	266777.0	318385.0	323134.0	455747.0	409907.0	588113.0	613911.0	1022016.0	914246.0	35274536.0
MHW263_trimmed_clipped_R2_paired	150995.0	121499.0	93068.0	89358.0	100370.0	134301.0	98072.0	90617.0	91158.0	94949.0	119390.0	130259.0	142239.0	153112.0	166187.0	183588.0	197937.0	215849.0	238587.0	255098.0	286260.0	301655.0	351729.0	365949.0	449840.0	443038.0	618411.0	641794.0	1045756.0	914730.0	34511776.0
MHW265_trimmed_clipped_R1_paired	31380.0	25380.0	21880.0	19326.0	41602.0	142862.0	115364.0	104820.0	100232.0	98944.0	146003.0	171773.0	189131.0	206154.0	226698.0	246762.0	274957.0	299413.0	337708.0	371053.0	417613.0	450281.0	509522.0	556629.0	714051.0	677103.0	769555.0	843441.0	965778.0	918426.0	33192204.0
MHW265_trimmed_clipped_R2_paired	137086.0	111635.0	87843.0	84290.0	96445.0	130040.0	96428.0	91011.0	92378.0	96838.0	161864.0	182138.0	202838.0	226301.0	248495.0	275202.0	304332.0	335936.0	372605.0	410138.0	452192.0	492682.0	552352.0	602411.0	675176.0	713825.0	804909.0	876858.0	992892.0	917526.0	32361379.0
MHW267_trimmed_clipped_R1_paired	33115.0	24374.0	21571.0	19055.0	40559.0	143063.0	114323.0	102486.0	96132.0	92725.0	126350.0	144054.0	154690.0	167569.0	179783.0	194143.0	210679.0	229058.0	253398.0	275816.0	303914.0	327084.0	360016.0	389243.0	479683.0	459502.0	507575.0	551652.0	619643.0	564354.0	34986108.0
MHW267_trimmed_clipped_R2_paired	150361.0	122801.0	91652.0	85941.0	96756.0	131129.0	94206.0	85983.0	86676.0	89137.0	136746.0	151668.0	166316.0	183760.0	199405.0	217256.0	236256.0	260995.0	284632.0	307599.0	333549.0	363631.0	398913.0	429766.0	467938.0	494939.0	543296.0	583179.0	646769.0	567553.0	34162909.0
MHW268_trimmed_clipped_R1_paired	39934.0	31689.0	25230.0	21494.0	46750.0	162276.0	132900.0	120727.0	115364.0	112976.0	126052.0	136342.0	142032.0	148428.0	156829.0	166765.0	179812.0	191412.0	210983.0	228700.0	254630.0	269656.0	300507.0	324079.0	407504.0	402572.0	475641.0	543107.0	693638.0	655898.0	45255274.0
MHW268_trimmed_clipped_R2_paired	182569.0	145480.0	107233.0	102534.0	115612.0	156603.0	115499.0	106725.0	108545.0	112601.0	135251.0	145989.0	156482.0	168155.0	179881.0	195694.0	210965.0	229174.0	246687.0	264756.0	289495.0	311129.0	344906.0	373804.0	420030.0	447158.0	518376.0	578703.0	725893.0	659344.0	44223928.0
MHW269_trimmed_clipped_R1_paired	35074.0	27427.0	19643.0	17154.0	36814.0	127906.0	105276.0	95471.0	91141.0	89676.0	141408.0	167126.0	183257.0	197766.0	214015.0	231958.0	252442.0	274844.0	304214.0	330951.0	366932.0	395559.0	434364.0	470153.0	585208.0	552011.0	613573.0	661798.0	752385.0	711782.0	32408700.0
MHW269_trimmed_clipped_R2_paired	128121.0	106750.0	82488.0	78299.0	88577.0	120698.0	88472.0	81663.0	81354.0	85183.0	154946.0	173742.0	191735.0	211858.0	230269.0	252150.0	275112.0	301809.0	330709.0	358320.0	393001.0	426186.0	468222.0	504773.0	551988.0	581608.0	644144.0	688668.0	775062.0	713420.0	31726701.0
MHW270_trimmed_clipped_R1_paired	33633.0	25528.0	21419.0	19086.0	41206.0	138107.0	114715.0	104732.0	100915.0	99754.0	115551.0	126091.0	133015.0	141202.0	152292.0	163279.0	180968.0	192110.0	221405.0	235322.0	279047.0	283729.0	337913.0	345472.0	506093.0	454311.0	664644.0	707468.0	1150140.0	1058908.0	32900874.0
MHW270_trimmed_clipped_R2_paired	136384.0	111915.0	87040.0	83882.0	94921.0	126689.0	95146.0	89096.0	90691.0	95417.0	119754.0	131040.0	142292.0	155259.0	169251.0	186677.0	203873.0	223167.0	249777.0	267623.0	304228.0	318833.0	374095.0	390924.0	496577.0	488198.0	697451.0	734702.0	1171356.0	1058534.0	32154137.0
MHW271_trimmed_clipped_R1_paired	27023.0	21694.0	18823.0	16590.0	36109.0	123874.0	99721.0	89728.0	85289.0	83243.0	92303.0	97956.0	102527.0	107518.0	116089.0	122161.0	132573.0	140755.0	158111.0	169346.0	194740.0	201324.0	234981.0	245271.0	335919.0	313913.0	431574.0	479461.0	785859.0	774093.0	29955730.0
MHW271_trimmed_clipped_R2_paired	115000.0	93739.0	75166.0	72229.0	82444.0	110796.0	80898.0	75159.0	75823.0	79027.0	94393.0	102047.0	109794.0	118536.0	129052.0	140876.0	151164.0	163701.0	179545.0	193014.0	213759.0	227479.0	261238.0	279080.0	333402.0	338670.0	454605.0	498396.0	801354.0	773519.0	29370393.0
MHW272_trimmed_clipped_R1_paired	34176.0	24009.0	20087.0	18176.0	39280.0	137336.0	111959.0	102443.0	96816.0	95165.0	114540.0	127695.0	134617.0	143582.0	156094.0	167543.0	184035.0	196979.0	225027.0	241367.0	279759.0	290628.0	341360.0	362784.0	511116.0	481932.0	627172.0	702476.0	989429.0	968573.0	32741029.0
MHW272_trimmed_clipped_R2_paired	126028.0	103533.0	83775.0	80674.0	92469.0	124561.0	92554.0	85918.0	86148.0	90912.0	119795.0	131157.0	142750.0	156099.0	171038.0	188554.0	204946.0	225926.0	249389.0	271325.0	303234.0	323006.0	372787.0	402619.0	490250.0	508251.0	653170.0	724492.0	1010297.0	968003.0	32083524.0
MHW273_trimmed_clipped_R1_paired	38055.0	26418.0	23458.0	21199.0	46442.0	164462.0	131220.0	116207.0	108473.0	104319.0	112512.0	118411.0	121534.0	126551.0	131969.0	138844.0	147775.0	156868.0	172019.0	181846.0	200330.0	208985.0	231695.0	241404.0	301475.0	292749.0	369219.0	410161.0	599663.0	540325.0	41544652.0
MHW273_trimmed_clipped_R2_paired	191399.0	149291.0	107978.0	100656.0	113485.0	152060.0	108162.0	98293.0	98651.0	102806.0	118966.0	126626.0	135698.0	144436.0	155507.0	165575.0	178059.0	192032.0	205699.0	217452.0	234686.0	247705.0	273817.0	287871.0	326516.0	337042.0	411643.0	447629.0	633841.0	546362.0	40519297.0
MHW274_trimmed_clipped_R1_paired	33936.0	27340.0	23738.0	20753.0	44601.0	157414.0	125191.0	111317.0	104797.0	100843.0	114325.0	122146.0	127333.0	133874.0	141198.0	149859.0	161440.0	173649.0	192045.0	207818.0	232204.0	245633.0	275605.0	293129.0	368453.0	353027.0	419089.0	462163.0	594484.0	546872.0	41232031.0
MHW274_trimmed_clipped_R2_paired	168819.0	137827.0	103947.0	97610.0	111508.0	149429.0	107295.0	97045.0	98007.0	102153.0	123314.0	132201.0	143178.0	153648.0	165619.0	178689.0	193481.0	210001.0	227786.0	243935.0	267135.0	284496.0	317650.0	338396.0	380859.0	395599.0	458945.0	496460.0	625352.0	551346.0	40234577.0
MHW275_trimmed_clipped_R1_paired	34265.0	25190.0	22107.0	20254.0	44142.0	156565.0	126824.0	113185.0	107096.0	102631.0	116151.0	124239.0	129592.0	136155.0	144281.0	152314.0	163596.0	175446.0	193378.0	208883.0	232791.0	246808.0	275049.0	297230.0	375007.0	366002.0	430856.0	487340.0	610025.0	573672.0	38524172.0
MHW275_trimmed_clipped_R2_paired	169090.0	135971.0	101589.0	95484.0	109828.0	148001.0	105773.0	96658.0	97271.0	100875.0	122703.0	132346.0	142538.0	153157.0	165857.0	178837.0	191985.0	208767.0	225643.0	242530.0	266094.0	284723.0	316505.0	341346.0	385273.0	406159.0	470037.0	521009.0	639985.0	578075.0	37581137.0
MHW276_trimmed_clipped_R1_paired	32068.0	26098.0	21712.0	18798.0	40146.0	138594.0	113092.0	104129.0	98514.0	97696.0	157269.0	187594.0	205898.0	224371.0	243572.0	263212.0	288497.0	310126.0	345900.0	374590.0	417207.0	445217.0	492901.0	530533.0	662594.0	618486.0	692956.0	742675.0	858279.0	801200.0	34565221.0
MHW276_trimmed_clipped_R2_paired	142970.0	116656.0	92032.0	85836.0	98512.0	132429.0	97138.0	90508.0	91619.0	96526.0	175888.0	197189.0	219360.0	242639.0	264982.0	290719.0	315961.0	344753.0	379974.0	411031.0	449586.0	483938.0	534784.0	572528.0	628840.0	655388.0	729586.0	775175.0	886211.0	802509.0	33713878.0
MHW277_trimmed_clipped_R1_paired	39439.0	30419.0	21691.0	19437.0	41310.0	146891.0	121322.0	110057.0	104495.0	101582.0	112208.0	119329.0	122603.0	128421.0	135195.0	143587.0	152703.0	162335.0	178140.0	189567.0	211082.0	222104.0	246285.0	258525.0	320030.0	308322.0	367756.0	410036.0	541196.0	501284.0	40817079.0
MHW277_trimmed_clipped_R2_paired	170185.0	136893.0	100406.0	94091.0	107061.0	145611.0	104809.0	95770.0	95812.0	99964.0	118703.0	127660.0	135516.0	145771.0	157175.0	168819.0	181293.0	195365.0	210706.0	224392.0	242759.0	258505.0	285153.0	301822.0	336692.0	348114.0	406582.0	443035.0	570822.0	506468.0	39868476.0
MHW278_trimmed_clipped_R1_paired	33527.0	25670.0	21452.0	18868.0	40572.0	142078.0	115913.0	103230.0	98567.0	95301.0	106784.0	113981.0	120213.0	126301.0	134170.0	141562.0	154585.0	165055.0	184113.0	196275.0	223468.0	233583.0	267217.0	279206.0	359903.0	340759.0	417264.0	452479.0	612687.0	560636.0	37345786.0
MHW278_trimmed_clipped_R2_paired	144581.0	120751.0	92505.0	85885.0	97716.0	131102.0	94765.0	86576.0	87563.0	91211.0	111742.0	120642.0	129768.0	140279.0	151778.0	164755.0	178088.0	194262.0	211834.0	226971.0	250322.0	265923.0	302317.0	317099.0	364277.0	375301.0	451419.0	482112.0	638827.0	564809.0	36556025.0
MHW279_trimmed_clipped_R1_paired	26390.0	21124.0	18552.0	16082.0	35295.0	122904.0	99358.0	89970.0	84498.0	82084.0	116921.0	134436.0	145397.0	154651.0	166695.0	177512.0	194848.0	208879.0	233752.0	254513.0	285085.0	303987.0	342844.0	369338.0	473876.0	448587.0	522133.0	567923.0	690646.0	652300.0	28803905.0
MHW279_trimmed_clipped_R2_paired	121254.0	100010.0	79210.0	73542.0	84315.0	112654.0	82362.0	76492.0	76282.0	80128.0	127480.0	141081.0	153860.0	167503.0	182607.0	199018.0	216211.0	235810.0	259609.0	282953.0	311786.0	335173.0	375771.0	405067.0	455529.0	477949.0	551489.0	594053.0	712887.0	654572.0	28117828.0
MHW280_trimmed_clipped_R1_paired	37491.0	26783.0	21907.0	19427.0	42474.0	151298.0	121941.0	111016.0	104576.0	101422.0	110209.0	115799.0	121122.0	126377.0	133651.0	141832.0	151673.0	162691.0	178693.0	192636.0	214769.0	227498.0	251791.0	267476.0	328065.0	319946.0	374147.0	418646.0	533034.0	494646.0	39841814.0
MHW280_trimmed_clipped_R2_paired	158681.0	129840.0	98486.0	92485.0	106014.0	142773.0	103258.0	94234.0	94807.0	99576.0	114989.0	124807.0	133108.0	143335.0	155167.0	166139.0	179069.0	193958.0	211045.0	225141.0	245619.0	262812.0	290792.0	309702.0	342071.0	357367.0	410840.0	449222.0	562888.0	499975.0	38946650.0
MHW281_trimmed_clipped_R1_paired	39243.0	27782.0	24199.0	21822.0	48874.0	172685.0	137559.0	122248.0	114425.0	110673.0	117771.0	123176.0	127145.0	130962.0	137668.0	143814.0	152184.0	162002.0	174914.0	186531.0	204201.0	214324.0	232197.0	243684.0	291490.0	287927.0	332582.0	374515.0	476290.0	424564.0	43562720.0
MHW281_trimmed_clipped_R2_paired	190823.0	153102.0	109666.0	102881.0	115191.0	154725.0	110621.0	100700.0	101968.0	105724.0	120562.0	128127.0	137755.0	146037.0	157646.0	168211.0	180388.0	194040.0	207452.0	219604.0	235551.0	250893.0	273638.0	289421.0	317174.0	330537.0	376032.0	411601.0	512504.0	432917.0	42584680.0
MHW282_trimmed_clipped_R1_paired	34323.0	28088.0	24813.0	21842.0	47818.0	164985.0	133924.0	120807.0	114848.0	112122.0	127946.0	137695.0	144654.0	151361.0	161189.0	170551.0	184359.0	196985.0	219456.0	234948.0	265025.0	277881.0	312288.0	329109.0	422540.0	405268.0	507145.0	565211.0	804951.0	766086.0	41306181.0
MHW282_trimmed_clipped_R2_paired	165086.0	134958.0	104202.0	99415.0	114114.0	153671.0	111422.0	102743.0	104243.0	108248.0	133022.0	144413.0	155623.0	167935.0	182107.0	196299.0	212655.0	230785.0	250965.0	269102.0	297728.0	316649.0	356291.0	376878.0	432264.0	447370.0	548832.0	601851.0	838863.0	771240.0	40365425.0
MHW283_trimmed_clipped_R1_paired	35011.0	26067.0	23317.0	21001.0	47052.0	166931.0	135105.0	121516.0	115145.0	111197.0	124276.0	133303.0	138692.0	145093.0	154062.0	162528.0	175743.0	184684.0	206289.0	218148.0	245924.0	253798.0	287998.0	302430.0	388948.0	362631.0	431034.0	475467.0	606555.0	561911.0	41374219.0
MHW283_trimmed_clipped_R2_paired	170475.0	140467.0	104025.0	97817.0	112775.0	151859.0	109175.0	100264.0	100887.0	104968.0	127466.0	138377.0	148396.0	160436.0	172909.0	187436.0	200858.0	217711.0	237475.0	251861.0	276720.0	291714.0	329099.0	347854.0	398407.0	403667.0	471243.0	510825.0	639111.0	567937.0	40463861.0
MHW284_trimmed_clipped_R1_paired	32786.0	26567.0	21790.0	19470.0	42297.0	146738.0	120238.0	110032.0	105427.0	103351.0	118191.0	126991.0	134569.0	140672.0	149619.0	159123.0	171066.0	184825.0	204040.0	218595.0	246564.0	260423.0	290860.0	310678.0	389086.0	375191.0	446286.0	500555.0	653399.0	638255.0	38775080.0
MHW284_trimmed_clipped_R2_paired	148223.0	122278.0	93749.0	88830.0	102241.0	136321.0	100940.0	92709.0	93299.0	97229.0	120583.0	130395.0	141430.0	152188.0	164985.0	178830.0	193540.0	210720.0	230883.0	246751.0	273146.0	292206.0	325920.0	348841.0	391226.0	410111.0	482233.0	531561.0	681265.0	643763.0	37996368.0
MHW285_trimmed_clipped_R1_paired	37673.0	28930.0	21326.0	18921.0	41642.0	145920.0	121279.0	109768.0	106159.0	103116.0	111923.0	119221.0	123634.0	128912.0	136079.0	143082.0	153075.0	162736.0	179752.0	192221.0	212404.0	225295.0	249308.0	265540.0	331177.0	326592.0	388774.0	440398.0	574603.0	549078.0	39402184.0
MHW285_trimmed_clipped_R2_paired	154763.0	126622.0	94579.0	90729.0	102471.0	138950.0	101036.0	92677.0	93562.0	96849.0	114332.0	123191.0	131628.0	141049.0	152603.0	164447.0	176667.0	191997.0	206789.0	220964.0	240047.0	258403.0	286683.0	305990.0	344589.0	364277.0	426196.0	471525.0	604323.0	555027.0	38577757.0
MHW286_trimmed_clipped_R1_paired	37738.0	28262.0	23208.0	20745.0	45069.0	155932.0	128927.0	115764.0	111279.0	109179.0	117149.0	123827.0	128973.0	133700.0	140115.0	147325.0	157060.0	167116.0	180546.0	193797.0	212398.0	222690.0	243399.0	257821.0	309993.0	304280.0	351884.0	394449.0	489863.0	440321.0	41518582.0
MHW286_trimmed_clipped_R2_paired	183491.0	145800.0	103104.0	96003.0	109748.0	145648.0	106501.0	98793.0	100795.0	104614.0	122306.0	131207.0	140845.0	150386.0	161712.0	172853.0	185548.0	201352.0	216079.0	227070.0	245589.0	261418.0	286379.0	304218.0	334577.0	349422.0	395304.0	431843.0	526515.0	448309.0	40523962.0
MHW287_trimmed_clipped_R1_paired	29149.0	23666.0	19924.0	17982.0	39706.0	139273.0	112681.0	102702.0	97128.0	95318.0	119891.0	132569.0	141431.0	149112.0	159109.0	168289.0	183535.0	194207.0	214643.0	230674.0	257974.0	274123.0	305318.0	327573.0	412125.0	392460.0	457746.0	508262.0	632707.0	597141.0	33164601.0
MHW287_trimmed_clipped_R2_paired	139444.0	113928.0	86733.0	82419.0	93457.0	124870.0	91995.0	84876.0	86886.0	89846.0	126313.0	137053.0	149434.0	161180.0	174437.0	188831.0	204390.0	221151.0	241680.0	259596.0	285555.0	305913.0	340498.0	366056.0	407491.0	427534.0	490907.0	537828.0	658696.0	601119.0	32420903.0
MHW288_trimmed_clipped_R1_paired	38184.0	27364.0	22899.0	20142.0	44353.0	157035.0	127933.0	116233.0	109615.0	108017.0	156267.0	180995.0	196474.0	210420.0	228900.0	244479.0	268126.0	289340.0	319548.0	347104.0	386064.0	413371.0	457009.0	492079.0	614075.0	581177.0	645576.0	696322.0	789271.0	735096.0	37760533.0
MHW288_trimmed_clipped_R2_paired	155849.0	128904.0	99214.0	92318.0	106058.0	142947.0	103973.0	95134.0	95997.0	99231.0	166083.0	184865.0	203720.0	223193.0	243673.0	266788.0	291730.0	318832.0	349577.0	380914.0	416781.0	450764.0	497568.0	534958.0	586452.0	615844.0	683161.0	731414.0	820967.0	740377.0	36956715.0
MHW289_trimmed_clipped_R1_paired	37583.0	31382.0	25249.0	21966.0	51123.0	163240.0	125667.0	106714.0	102922.0	107400.0	124458.0	123892.0	126814.0	126824.0	123533.0	128986.0	138451.0	148125.0	159364.0	168604.0	181744.0	195977.0	217193.0	235638.0	284312.0	284842.0	323127.0	359363.0	412878.0	357666.0	36459700.0
MHW289_trimmed_clipped_R2_paired	294992.0	197955.0	121251.0	102353.0	118316.0	159869.0	114415.0	101979.0	96324.0	103560.0	119039.0	129431.0	138717.0	148380.0	155517.0	162892.0	171270.0	181561.0	195601.0	206680.0	222670.0	242961.0	263861.0	282168.0	309751.0	330816.0	368156.0	398290.0	448859.0	364228.0	35202875.0
MHW290_trimmed_clipped_R1_paired	34459.0	28399.0	24304.0	21916.0	48528.0	156649.0	121718.0	105684.0	102103.0	107745.0	125088.0	124211.0	127764.0	126885.0	124698.0	130684.0	141336.0	152079.0	164672.0	175916.0	192063.0	207257.0	230712.0	251703.0	309144.0	306262.0	347561.0	385932.0	443222.0	388492.0	38308707.0
MHW290_trimmed_clipped_R2_paired	298186.0	203242.0	127349.0	107467.0	123919.0	169515.0	119641.0	106889.0	100502.0	107396.0	122035.0	131298.0	141458.0	151701.0	158240.0	166139.0	175816.0	188494.0	202052.0	216518.0	234286.0	255234.0	278132.0	299089.0	331219.0	351682.0	393636.0	424873.0	480025.0	395416.0	36954444.0
MHW291_trimmed_clipped_R1_paired	37317.0	25549.0	21155.0	19058.0	42399.0	138235.0	107136.0	94104.0	92666.0	97928.0	115431.0	116025.0	119770.0	118545.0	116934.0	120916.0	130414.0	140716.0	150992.0	159565.0	173746.0	188060.0	210098.0	232226.0	285729.0	289040.0	327936.0	368160.0	421721.0	379041.0	32603282.0
MHW291_trimmed_clipped_R2_paired	576976.0	330450.0	135115.0	109236.0	122686.0	163887.0	113132.0	95390.0	91795.0	98153.0	112506.0	121374.0	130807.0	140070.0	145246.0	151356.0	160405.0	170637.0	181675.0	195126.0	211513.0	231874.0	253444.0	276772.0	305607.0	327007.0	366088.0	404344.0	451986.0	382779.0	30886458.0
MHW292_trimmed_clipped_R1_paired	41674.0	30767.0	26735.0	25060.0	54394.0	175700.0	140540.0	122325.0	119787.0	127426.0	148576.0	148322.0	152169.0	152462.0	150098.0	156619.0	169949.0	181880.0	197546.0	212459.0	232522.0	252901.0	286361.0	317561.0	393718.0	396893.0	450477.0	504946.0	577232.0	523818.0	44214036.0
MHW292_trimmed_clipped_R2_paired	325953.0	226183.0	141136.0	122079.0	137819.0	187172.0	135862.0	118891.0	115286.0	123938.0	141090.0	152106.0	163795.0	176358.0	185133.0	193097.0	204378.0	219633.0	234682.0	254707.0	277317.0	304883.0	335470.0	368393.0	408894.0	441048.0	496881.0	544644.0	614533.0	530678.0	42802914.0
MHW293_trimmed_clipped_R1_paired	40899.0	34596.0	29052.0	25736.0	58185.0	186611.0	144685.0	123528.0	120364.0	124993.0	145975.0	145524.0	149250.0	148104.0	145621.0	150983.0	163343.0	175907.0	188626.0	200512.0	217906.0	234410.0	261204.0	284982.0	343600.0	343229.0	387929.0	432743.0	498385.0	434990.0	43884743.0
MHW293_trimmed_clipped_R2_paired	335689.0	228370.0	144573.0	122903.0	142475.0	194380.0	140822.0	120180.0	114533.0	123236.0	140213.0	151886.0	163088.0	175828.0	182091.0	190746.0	202503.0	215886.0	229432.0	246512.0	264529.0	287580.0	311763.0	337697.0	369953.0	393519.0	439361.0	477136.0	538551.0	442329.0	42398851.0
MHW294_trimmed_clipped_R1_paired	43437.0	32602.0	28488.0	26875.0	58874.0	191485.0	151965.0	130697.0	127226.0	133636.0	154984.0	153934.0	156256.0	155116.0	151173.0	158579.0	170366.0	182540.0	197343.0	207627.0	225947.0	242387.0	270805.0	291141.0	354337.0	353688.0	405069.0	454753.0	541475.0	482040.0	46299059.0
MHW294_trimmed_clipped_R2_paired	342879.0	235759.0	148026.0	129534.0	146207.0	202266.0	145832.0	125458.0	121239.0	128464.0	147054.0	157920.0	168118.0	180586.0	189560.0	197911.0	207297.0	221370.0	238189.0	252423.0	272617.0	294766.0	322413.0	344319.0	380973.0	404132.0	455406.0	497838.0	581204.0	489916.0	44804228.0
MHW295_trimmed_clipped_R1_paired	45425.0	36345.0	29050.0	26464.0	57135.0	181410.0	145902.0	128415.0	127806.0	135815.0	164042.0	165910.0	170000.0	169235.0	167034.0	174009.0	187657.0	201768.0	216898.0	229567.0	250128.0	266706.0	299446.0	322841.0	399400.0	394285.0	455050.0	508091.0	606756.0	539516.0	48610805.0
MHW295_trimmed_clipped_R2_paired	346626.0	239782.0	155103.0	131434.0	151382.0	206926.0	153559.0	131781.0	126701.0	135345.0	158232.0	170264.0	183520.0	196520.0	206327.0	216207.0	227174.0	243192.0	259566.0	278391.0	299949.0	324207.0	352852.0	379237.0	422310.0	446854.0	508171.0	552845.0	648789.0	546905.0	47012760.0
MHW296_trimmed_clipped_R1_paired	56782.0	40942.0	30506.0	28079.0	59562.0	193786.0	156588.0	137716.0	135085.0	143556.0	171638.0	171178.0	176164.0	175646.0	172267.0	181265.0	197259.0	211395.0	229229.0	241739.0	262927.0	280069.0	310978.0	331809.0	405573.0	394794.0	453611.0	502483.0	599934.0	530328.0	53983734.0
MHW296_trimmed_clipped_R2_paired	368246.0	261365.0	164608.0	143134.0	161456.0	223300.0	162489.0	141320.0	131781.0	139734.0	162429.0	174976.0	188057.0	204275.0	212495.0	224180.0	236468.0	254741.0	273527.0	291829.0	314754.0	340313.0	368885.0	391914.0	432653.0	451380.0	514062.0	552904.0	648019.0	540329.0	52290999.0
MHW297_trimmed_clipped_R1_paired	49149.0	41790.0	32925.0	27680.0	66909.0	213630.0	166807.0	140526.0	136451.0	141612.0	162906.0	161368.0	166293.0	164060.0	162737.0	168962.0	181373.0	194164.0	208196.0	222157.0	242246.0	259458.0	289506.0	314833.0	381605.0	384423.0	433282.0	484974.0	555420.0	487376.0	47047934.0
MHW297_trimmed_clipped_R2_paired	361852.0	244853.0	150754.0	127400.0	148399.0	200519.0	147037.0	130056.0	123891.0	133544.0	151621.0	163600.0	176480.0	190457.0	199536.0	209340.0	220616.0	235181.0	250718.0	269600.0	291994.0	316740.0	343112.0	371711.0	407299.0	435736.0	484975.0	530362.0	595958.0	496741.0	45580670.0
MHW298_trimmed_clipped_R1_paired	41960.0	35419.0	30130.0	26978.0	59639.0	192536.0	151342.0	131081.0	128327.0	136412.0	157443.0	156938.0	159176.0	159521.0	156224.0	163884.0	176950.0	190006.0	206473.0	220781.0	241834.0	260314.0	295158.0	322339.0	399999.0	401709.0	460705.0	521925.0	611557.0	556215.0	46301312.0
MHW298_trimmed_clipped_R2_paired	317923.0	224076.0	147427.0	125575.0	143585.0	196813.0	144174.0	129005.0	123249.0	132240.0	148630.0	160620.0	171822.0	185336.0	193640.0	203279.0	215263.0	230564.0	247807.0	267555.0	289492.0	317005.0	348463.0	377245.0	419676.0	450728.0	510613.0	562785.0	650172.0	563044.0	44856481.0
MHW299_trimmed_clipped_R1_paired	46031.0	32018.0	26488.0	24101.0	53144.0	172924.0	135358.0	118450.0	116886.0	124410.0	146350.0	146452.0	150825.0	151457.0	147053.0	155336.0	167294.0	179732.0	193708.0	205711.0	223999.0	240527.0	270699.0	291985.0	362783.0	358970.0	416586.0	460958.0	551559.0	490040.0	42386337.0
MHW299_trimmed_clipped_R2_paired	575378.0	346321.0	156852.0	129319.0	145883.0	196735.0	139818.0	119028.0	114338.0	121673.0	140290.0	151052.0	162115.0	174306.0	182470.0	191215.0	201751.0	215635.0	231434.0	247653.0	269633.0	291762.0	321069.0	345237.0	383929.0	405131.0	462407.0	504115.0	588792.0	497002.0	40535828.0
MHW300_trimmed_clipped_R1_paired	46540.0	33354.0	29663.0	27961.0	59940.0	193839.0	154787.0	133632.0	130803.0	139302.0	163497.0	163201.0	166018.0	165966.0	162902.0	172769.0	186712.0	201713.0	218920.0	235193.0	258057.0	279573.0	314669.0	341533.0	420238.0	415691.0	471828.0	527034.0	610873.0	548524.0	50141635.0
MHW300_trimmed_clipped_R2_paired	372251.0	255792.0	157569.0	135832.0	153163.0	205211.0	148258.0	130226.0	124911.0	133085.0	153052.0	165159.0	177895.0	192105.0	201103.0	211575.0	225492.0	241793.0	261389.0	282503.0	307915.0	336879.0	368890.0	399798.0	440010.0	469455.0	526486.0	573937.0	655036.0	557626.0	48551971.0
MHW301_trimmed_clipped_R1_paired	45988.0	39880.0	33212.0	28923.0	67511.0	216462.0	166937.0	140459.0	137147.0	141960.0	163932.0	162499.0	166252.0	164620.0	162060.0	169112.0	183444.0	195515.0	211126.0	225128.0	245829.0	263595.0	298144.0	322469.0	400623.0	397202.0	459758.0	511978.0	608597.0	536122.0	48842878.0
MHW301_trimmed_clipped_R2_paired	382828.0	257932.0	163347.0	137375.0	160563.0	217833.0	157826.0	134754.0	127846.0	136243.0	156511.0	168428.0	180414.0	194325.0	203305.0	213322.0	225015.0	240220.0	257151.0	275453.0	299383.0	325009.0	355023.0	383392.0	427215.0	454373.0	517051.0	561332.0	654635.0	544387.0	47196871.0
MHW302_trimmed_clipped_R1_paired	43124.0	35405.0	29486.0	27549.0	63663.0	204867.0	160749.0	138890.0	133862.0	139816.0	158822.0	157103.0	157999.0	156246.0	151609.0	158206.0	171266.0	182521.0	196376.0	211651.0	230689.0	251400.0	285985.0	313097.0	394627.0	394251.0	460134.0	516186.0	613847.0	552803.0	45117345.0
MHW302_trimmed_clipped_R2_paired	321419.0	224740.0	145734.0	128496.0	145407.0	199287.0	144125.0	124657.0	121351.0	129882.0	145931.0	157018.0	168132.0	179372.0	188069.0	196175.0	207014.0	221536.0	236060.0	254159.0	278926.0	304300.0	336817.0	365850.0	412572.0	441786.0	507988.0	555136.0	650368.0	559075.0	43758192.0
MHW303_trimmed_clipped_R1_paired	44083.0	36717.0	29883.0	26875.0	58507.0	187137.0	150406.0	133066.0	131597.0	140943.0	165758.0	167909.0	170457.0	169446.0	165354.0	173860.0	187785.0	203260.0	221213.0	237837.0	264594.0	288340.0	330629.0	365494.0	461137.0	460006.0	529469.0	594656.0	697588.0	644591.0	47991791.0
MHW303_trimmed_clipped_R2_paired	300476.0	218180.0	151732.0	129031.0	149495.0	203200.0	152518.0	130938.0	125866.0	135648.0	155588.0	168204.0	180513.0	192743.0	202766.0	212058.0	224706.0	241770.0	261090.0	282337.0	311975.0	343905.0	381805.0	418809.0	469242.0	506568.0	576842.0	635256.0	734433.0	649702.0	46582992.0
MHW304_trimmed_clipped_R1_paired	49338.0	39707.0	29751.0	27383.0	59846.0	188975.0	154201.0	137395.0	137151.0	146350.0	164401.0	164635.0	165049.0	162656.0	159376.0	166523.0	179944.0	194573.0	213037.0	233216.0	261285.0	292452.0	336121.0	381587.0	488094.0	495584.0	568568.0	639005.0	722113.0	672696.0	46591833.0
MHW304_trimmed_clipped_R2_paired	298528.0	220138.0	149733.0	130590.0	150812.0	204250.0	151743.0	134896.0	128446.0	137980.0	149897.0	161835.0	171456.0	185295.0	193375.0	202048.0	214271.0	231571.0	251466.0	275756.0	307342.0	344223.0	386217.0	431064.0	488751.0	536589.0	609609.0	674216.0	755071.0	677708.0	45267969.0
MHW305_trimmed_clipped_R1_paired	48734.0	45277.0	34950.0	28082.0	71918.0	228131.0	178833.0	147733.0	140793.0	144162.0	162281.0	159111.0	161187.0	158968.0	155241.0	161345.0	174364.0	187220.0	204407.0	218112.0	242200.0	265151.0	305023.0	339272.0	430230.0	434248.0	502794.0	566415.0	662873.0	610783.0	44611670.0
MHW305_trimmed_clipped_R2_paired	301046.0	215396.0	141927.0	121191.0	139476.0	189350.0	138429.0	123824.0	117626.0	126618.0	143426.0	155673.0	166712.0	179322.0	188886.0	197801.0	208819.0	223864.0	242546.0	263036.0	288770.0	320592.0	356600.0	392897.0	443620.0	482419.0	551815.0	606269.0	699556.0	617244.0	43436758.0
MHW306_trimmed_clipped_R1_paired	40598.0	36288.0	30245.0	26687.0	62523.0	199504.0	156658.0	133356.0	130783.0	136188.0	154740.0	151978.0	154978.0	152679.0	149627.0	156408.0	168884.0	181576.0	197485.0	210951.0	233000.0	252291.0	288677.0	316443.0	407987.0	403684.0	478065.0	534442.0	647217.0	582615.0	44286713.0
MHW306_trimmed_clipped_R2_paired	293450.0	210931.0	142632.0	122210.0	140494.0	190722.0	138338.0	124698.0	119132.0	127958.0	142063.0	154781.0	165451.0	177377.0	185497.0	195302.0	205308.0	220373.0	237261.0	255644.0	279303.0	306369.0	340164.0	370657.0	424807.0	449753.0	527120.0	574979.0	684377.0	588805.0	42967314.0
MHW307_trimmed_clipped_R1_paired	54766.0	40509.0	33349.0	29981.0	68238.0	218367.0	172873.0	150908.0	147405.0	156985.0	179922.0	179022.0	181717.0	179273.0	174166.0	182016.0	195898.0	208620.0	226049.0	239188.0	265949.0	283197.0	330533.0	361417.0	475942.0	470101.0	574609.0	639000.0	798074.0	722388.0	50964718.0
MHW307_trimmed_clipped_R2_paired	558850.0	349702.0	181101.0	151818.0	172065.0	231387.0	166411.0	141783.0	137459.0	147524.0	164267.0	177911.0	190312.0	203593.0	213640.0	223133.0	234241.0	250706.0	269080.0	288724.0	316323.0	343893.0	386219.0	423110.0	491574.0	519393.0	624213.0	682529.0	835989.0	726606.0	49101624.0
MHW308_trimmed_clipped_R1_paired	36398.0	26877.0	23594.0	22227.0	48188.0	155781.0	124239.0	108280.0	105286.0	113045.0	132861.0	133288.0	136552.0	136479.0	135890.0	143603.0	156094.0	167918.0	184555.0	197551.0	219493.0	235211.0	269634.0	294608.0	372308.0	365392.0	420916.0	463937.0	549493.0	490614.0	38308739.0
MHW308_trimmed_clipped_R2_paired	282738.0	195351.0	122201.0	105385.0	119023.0	161416.0	117764.0	102794.0	98890.0	105875.0	123275.0	133991.0	143811.0	155834.0	163983.0	174325.0	184415.0	199326.0	216340.0	233145.0	256916.0	280691.0	311938.0	338012.0	381221.0	403723.0	460085.0	498236.0	581408.0	496144.0	37130795.0
MHW309_trimmed_clipped_R1_paired	40509.0	35124.0	29075.0	25373.0	59598.0	191100.0	147970.0	124500.0	119527.0	124232.0	143341.0	141764.0	145807.0	145400.0	142349.0	148463.0	160450.0	172582.0	186023.0	197766.0	214496.0	228848.0	258713.0	278828.0	343825.0	340397.0	391548.0	434720.0	508585.0	442338.0	42452379.0
MHW309_trimmed_clipped_R2_paired	333564.0	225337.0	141047.0	118518.0	138307.0	188244.0	135443.0	115924.0	110506.0	118241.0	135538.0	146390.0	157912.0	168795.0	177860.0	186886.0	196890.0	209963.0	225219.0	241171.0	261840.0	281812.0	309560.0	330898.0	368712.0	389633.0	441665.0	476219.0	548043.0	449240.0	41046253.0
MHW310_trimmed_clipped_R1_paired	40645.0	34177.0	28416.0	25694.0	61127.0	195355.0	153485.0	129244.0	125504.0	130722.0	147663.0	144564.0	147038.0	145843.0	142127.0	148010.0	158884.0	169660.0	182858.0	193842.0	209842.0	225639.0	250855.0	272021.0	330774.0	331923.0	379471.0	427095.0	504022.0	444297.0	42082664.0
MHW310_trimmed_clipped_R2_paired	300051.0	209185.0	133787.0	116500.0	133394.0	182603.0	132424.0	115069.0	111424.0	119712.0	135570.0	146142.0	156817.0	167377.0	175668.0	183623.0	192764.0	206000.0	219162.0	234686.0	253227.0	274727.0	299294.0	321284.0	354090.0	377883.0	425893.0	465652.0	539865.0	451269.0	40828319.0
MHW311_trimmed_clipped_R1_paired	38332.0	27384.0	23677.0	20869.0	46331.0	155705.0	132630.0	123270.0	122018.0	123924.0	172849.0	196864.0	210051.0	222120.0	236202.0	247973.0	260240.0	272156.0	286805.0	298838.0	313128.0	321877.0	338654.0	359716.0	424185.0	414765.0	463482.0	518485.0	607476.0	562679.0	31191993.0
MHW311_trimmed_clipped_R2_paired	147514.0	128268.0	98464.0	92977.0	105413.0	139558.0	107083.0	102817.0	107602.0	114432.0	181596.0	200452.0	218425.0	236365.0	256544.0	273032.0	289598.0	307421.0	322876.0	333667.0	347046.0	360770.0	382453.0	402155.0	432501.0	449014.0	498763.0	549806.0	633578.0	567697.0	30346791.0
MHW312_trimmed_clipped_R1_paired	48002.0	38113.0	31810.0	27254.0	58492.0	206621.0	164039.0	147911.0	138675.0	136390.0	143778.0	150607.0	156669.0	162350.0	170361.0	180365.0	191638.0	206004.0	225970.0	247233.0	273095.0	297258.0	325692.0	355571.0	433332.0	434124.0	488931.0	546916.0	624336.0	532077.0	53295670.0
MHW312_trimmed_clipped_R2_paired	277554.0	213001.0	144301.0	131747.0	151005.0	199353.0	143425.0	131715.0	134261.0	141458.0	157360.0	169978.0	181845.0	194796.0	209230.0	223660.0	239722.0	260784.0	280010.0	301341.0	327309.0	354210.0	390830.0	423284.0	466614.0	498382.0	553115.0	601608.0	672920.0	542946.0	51721520.0
MHW313_trimmed_clipped_R1_paired	39594.0	29439.0	25338.0	22328.0	48561.0	172200.0	138765.0	123284.0	116966.0	113043.0	120906.0	126532.0	131841.0	136840.0	143892.0	151444.0	161672.0	174442.0	190817.0	209226.0	231397.0	251936.0	278512.0	306261.0	378138.0	380295.0	428556.0	479124.0	544401.0	480463.0	42773488.0
MHW313_trimmed_clipped_R2_paired	214695.0	169454.0	116413.0	106898.0	121304.0	161343.0	114884.0	104993.0	106610.0	110719.0	127312.0	136976.0	146128.0	158091.0	169618.0	182481.0	197293.0	212682.0	229830.0	248019.0	269276.0	294331.0	326474.0	356919.0	395134.0	427143.0	475255.0	519917.0	580498.0	487376.0	41641635.0
MHW314_trimmed_clipped_R1_paired	38951.0	32099.0	24612.0	20810.0	44463.0	155395.0	127827.0	114751.0	109821.0	108243.0	114578.0	119766.0	123734.0	128549.0	135859.0	143428.0	152086.0	163846.0	178645.0	196314.0	217611.0	238381.0	263294.0	291849.0	357510.0	362032.0	405338.0	455697.0	515318.0	455679.0	42820739.0
MHW314_trimmed_clipped_R2_paired	203602.0	159996.0	110320.0	101506.0	115270.0	151977.0	111167.0	102762.0	105164.0	109610.0	122611.0	132267.0	141325.0	149769.0	162507.0	174927.0	187483.0	202087.0	217709.0	235029.0	257945.0	282118.0	312302.0	341980.0	377641.0	408869.0	451841.0	497499.0	552479.0	463000.0	41674463.0
MHW315_trimmed_clipped_R1_paired	40711.0	31983.0	22754.0	19657.0	41795.0	147240.0	123064.0	111444.0	107090.0	104715.0	111672.0	116946.0	122358.0	127665.0	134085.0	141476.0	153242.0	165122.0	184474.0	203806.0	231305.0	253967.0	288508.0	317661.0	408298.0	404015.0	466207.0	514277.0	594469.0	532664.0	39084488.0
MHW315_trimmed_clipped_R2_paired	166513.0	138773.0	101152.0	92702.0	106685.0	142551.0	103350.0	95225.0	97389.0	100915.0	115471.0	125169.0	133834.0	144209.0	155490.0	167839.0	181984.0	198217.0	217452.0	237362.0	263795.0	291596.0	329784.0	362937.0	413112.0	442517.0	503909.0	547060.0	624879.0	538031.0	38167256.0
MHW316_trimmed_clipped_R1_paired	37495.0	28114.0	22338.0	19438.0	41416.0	145715.0	118956.0	106091.0	100516.0	98070.0	103205.0	107853.0	112491.0	116969.0	122682.0	129413.0	137771.0	147055.0	162921.0	176217.0	198346.0	212748.0	242984.0	264841.0	340464.0	334508.0	394595.0	435880.0	515689.0	446412.0	38365247.0
MHW316_trimmed_clipped_R2_paired	184914.0	146127.0	101069.0	92343.0	103912.0	136807.0	99332.0	90987.0	91746.0	96239.0	108885.0	117616.0	125284.0	134554.0	144755.0	155677.0	167293.0	179228.0	194336.0	209263.0	229335.0	250131.0	284493.0	309982.0	353966.0	374279.0	433544.0	470113.0	546629.0	452966.0	37400635.0
MHW317_trimmed_clipped_R1_paired	33594.0	27394.0	22228.0	19381.0	41906.0	146382.0	118286.0	106522.0	100473.0	98056.0	106866.0	113743.0	119829.0	125202.0	133622.0	140530.0	153213.0	160932.0	180498.0	193985.0	217632.0	234793.0	267170.0	292974.0	374152.0	367679.0	424996.0	471282.0	544556.0	486630.0	36620541.0
MHW317_trimmed_clipped_R2_paired	175117.0	140868.0	98415.0	89892.0	101699.0	135620.0	98944.0	91403.0	92920.0	97715.0	114502.0	124689.0	133550.0	144438.0	156551.0	169955.0	182495.0	195501.0	213037.0	228594.0	250952.0	273217.0	309193.0	336898.0	382175.0	406641.0	464015.0	504191.0	573580.0	492740.0	35665540.0
MHW318_trimmed_clipped_R1_paired	40302.0	29604.0	22977.0	20119.0	43452.0	153741.0	124789.0	112701.0	106180.0	103474.0	109172.0	113544.0	117644.0	122276.0	128189.0	134927.0	143643.0	154723.0	170780.0	188390.0	210616.0	231135.0	256666.0	285402.0	352693.0	356941.0	402595.0	452097.0	514104.0	457627.0	39834895.0
MHW318_trimmed_clipped_R2_paired	182557.0	147231.0	104551.0	95968.0	109453.0	145992.0	105406.0	95500.0	97399.0	102244.0	114017.0	122947.0	130894.0	139294.0	150208.0	161245.0	172866.0	187930.0	203771.0	221116.0	243346.0	268061.0	299597.0	329881.0	364385.0	395264.0	441381.0	484798.0	543518.0	464181.0	38870397.0
MHW319_trimmed_clipped_R1_paired	38478.0	29332.0	25144.0	22577.0	48822.0	172448.0	138086.0	123457.0	115079.0	113129.0	119921.0	125662.0	130967.0	136388.0	144625.0	153662.0	165995.0	180301.0	201609.0	223508.0	253936.0	282215.0	320473.0	359655.0	456258.0	459086.0	519670.0	583684.0	668400.0	616870.0	45398211.0
MHW319_trimmed_clipped_R2_paired	188924.0	158301.0	114126.0	106588.0	121212.0	159478.0	114742.0	104933.0	106517.0	110918.0	126572.0	136287.0	146440.0	156580.0	169190.0	183764.0	199210.0	218183.0	239099.0	263691.0	292457.0	327378.0	368967.0	410624.0	460630.0	500660.0	563135.0	623083.0	701961.0	623620.0	44330378.0
MHW320_trimmed_clipped_R1_paired	43471.0	34638.0	29262.0	25838.0	54608.0	190796.0	154719.0	139739.0	132884.0	130589.0	138117.0	144786.0	149828.0	156221.0	163451.0	172034.0	183162.0	195641.0	213171.0	233187.0	257145.0	279580.0	305666.0	336195.0	408963.0	413251.0	463352.0	522311.0	587689.0	508065.0	53292821.0
MHW320_trimmed_clipped_R2_paired	252958.0	201515.0	137315.0	126833.0	144238.0	191973.0	139713.0	128776.0	130661.0	137422.0	154209.0	166229.0	177487.0	188823.0	203155.0	217102.0	231619.0	250350.0	266761.0	287183.0	309658.0	337751.0	370962.0	403570.0	442954.0	476951.0	525977.0	576969.0	638912.0	519071.0	51724083.0
MHW321_trimmed_clipped_R1_paired	67672.0	50131.0	43956.0	39443.0	86245.0	304975.0	250131.0	225258.0	213357.0	208812.0	220404.0	230275.0	238282.0	245775.0	256448.0	267911.0	282767.0	302594.0	325926.0	351762.0	381062.0	409316.0	440767.0	479410.0	565858.0	576148.0	638765.0	719183.0	802722.0	668861.0	82057908.0
MHW321_trimmed_clipped_R2_paired	384680.0	308162.0	213143.0	198041.0	226693.0	302572.0	218969.0	201736.0	205301.0	216431.0	241121.0	258652.0	275806.0	293315.0	314200.0	334759.0	356317.0	381899.0	407393.0	434572.0	463846.0	498046.0	542102.0	584076.0	632750.0	675680.0	737697.0	804474.0	882314.0	687010.0	79670367.0
MHW322_trimmed_clipped_R1_paired	37753.0	30515.0	24596.0	21738.0	47197.0	160892.0	134907.0	122366.0	117980.0	117003.0	128751.0	137711.0	144118.0	151134.0	162114.0	170589.0	186047.0	196726.0	224713.0	232147.0	273173.0	274534.0	335845.0	334489.0	499714.0	435358.0	638042.0	635476.0	974831.0	814201.0	45830894.0
MHW322_trimmed_clipped_R2_paired	187257.0	151312.0	111750.0	105469.0	118944.0	160199.0	118537.0	110712.0	111281.0	117142.0	136931.0	147834.0	159475.0	172463.0	185501.0	202510.0	218834.0	237191.0	259896.0	275879.0	307796.0	323206.0	381515.0	396337.0	506464.0	482972.0	683912.0	677064.0	1011359.0	819636.0	44716176.0
MHW323_trimmed_clipped_R1_paired	47686.0	37401.0	26759.0	23602.0	49976.0	174289.0	146513.0	134910.0	130030.0	128643.0	138312.0	145470.0	152564.0	158637.0	167870.0	178449.0	190223.0	206078.0	226520.0	248853.0	276524.0	304741.0	336990.0	374442.0	461122.0	465946.0	525266.0	591603.0	663867.0	596426.0	50782883.0
MHW323_trimmed_clipped_R2_paired	214891.0	175041.0	124773.0	116790.0	132726.0	177011.0	130971.0	122351.0	123239.0	129665.0	148704.0	159552.0	171725.0	183928.0	198130.0	214010.0	231176.0	251155.0	273337.0	295558.0	323388.0	354715.0	395869.0	434811.0	479427.0	520665.0	578653.0	638408.0	707276.0	605055.0	49479595.0
MHW324_trimmed_clipped_R1_paired	43660.0	32678.0	26764.0	23486.0	50337.0	173931.0	143945.0	131773.0	126744.0	125763.0	133069.0	139700.0	145510.0	150860.0	157909.0	165944.0	175328.0	186893.0	202504.0	216403.0	236268.0	252711.0	273300.0	294536.0	350183.0	356714.0	397866.0	449365.0	509202.0	428169.0	49075569.0
MHW324_trimmed_clipped_R2_paired	239031.0	186037.0	125227.0	116103.0	131594.0	173444.0	129987.0	120854.0	122922.0	129208.0	145647.0	157096.0	167718.0	178115.0	191969.0	203941.0	218837.0	234216.0	249690.0	265797.0	284161.0	306241.0	332351.0	358768.0	389203.0	416426.0	456475.0	500106.0	557398.0	439416.0	47649106.0
MHW325_trimmed_clipped_R1_paired	38574.0	31842.0	26125.0	23028.0	49681.0	171155.0	138608.0	126374.0	118945.0	117375.0	124605.0	130785.0	136073.0	141328.0	147485.0	155415.0	164368.0	175869.0	191884.0	208557.0	228998.0	250527.0	274854.0	303406.0	369521.0	377289.0	422388.0	477587.0	531678.0	461068.0	46977242.0
MHW325_trimmed_clipped_R2_paired	220799.0	175495.0	122620.0	112660.0	128240.0	168939.0	124067.0	114869.0	117195.0	122491.0	138222.0	148379.0	158812.0	170147.0	181951.0	194273.0	207836.0	223542.0	239645.0	257209.0	278298.0	302563.0	333884.0	365328.0	399049.0	433929.0	478620.0	524886.0	575964.0	470540.0	45602182.0
MHW326_trimmed_clipped_R1_paired	35879.0	27575.0	23478.0	20825.0	45896.0	162846.0	129093.0	115286.0	108753.0	106484.0	112792.0	119345.0	122627.0	127898.0	133546.0	140642.0	149576.0	160537.0	174266.0	190038.0	206670.0	222583.0	241571.0	262450.0	310132.0	311064.0	342034.0	381594.0	421605.0	348996.0	41320508.0
MHW326_trimmed_clipped_R2_paired	240172.0	181729.0	114485.0	102476.0	114790.0	152160.0	108861.0	99156.0	100432.0	105309.0	119736.0	128789.0	138622.0	147657.0	158070.0	169733.0	181814.0	196933.0	210954.0	226791.0	244455.0	263974.0	288263.0	309963.0	335779.0	357392.0	388251.0	421643.0	457887.0	358693.0	40151620.0
MHW327_trimmed_clipped_R1_paired	33554.0	27342.0	23689.0	20824.0	44377.0	156898.0	122568.0	111580.0	105779.0	104660.0	116305.0	124463.0	131348.0	138051.0	146726.0	156314.0	168631.0	181692.0	200502.0	218839.0	242079.0	261680.0	286406.0	312429.0	377516.0	375088.0	413154.0	457592.0	501897.0	434818.0	41031361.0
MHW327_trimmed_clipped_R2_paired	209137.0	163122.0	108603.0	98324.0	111849.0	148433.0	106524.0	98020.0	100176.0	104139.0	125238.0	136227.0	147565.0	159222.0	172658.0	187274.0	202521.0	220221.0	240192.0	258789.0	281253.0	306468.0	336055.0	363520.0	395926.0	422978.0	460687.0	500337.0	542361.0	443529.0	39876814.0
MHW328_trimmed_clipped_R1_paired	34836.0	26810.0	22997.0	20863.0	45411.0	163640.0	130927.0	116824.0	110235.0	106788.0	118027.0	124366.0	131579.0	137741.0	145885.0	154797.0	166444.0	180772.0	198504.0	217059.0	239442.0	261695.0	287087.0	313999.0	380766.0	380137.0	418129.0	464472.0	508639.0	439862.0	42300619.0
MHW328_trimmed_clipped_R2_paired	220388.0	175433.0	112839.0	101405.0	114387.0	152520.0	107988.0	98067.0	98343.0	102420.0	122062.0	132581.0	143218.0	156026.0	168012.0	182163.0	197732.0	215868.0	234974.0	253728.0	277254.0	302224.0	333803.0	361270.0	393821.0	425085.0	463164.0	504060.0	543764.0	449740.0	41205013.0
MHW329_trimmed_clipped_R1_paired	39512.0	32548.0	26380.0	22696.0	49945.0	173320.0	140315.0	127017.0	121392.0	120099.0	135602.0	145065.0	155339.0	163065.0	174363.0	185416.0	200581.0	218029.0	241490.0	264948.0	292989.0	320242.0	350282.0	385571.0	468271.0	464452.0	510102.0	566032.0	621323.0	549051.0	47875709.0
MHW329_trimmed_clipped_R2_paired	229349.0	180004.0	121216.0	110679.0	123944.0	164942.0	119202.0	110032.0	112238.0	116290.0	142748.0	154489.0	168137.0	182613.0	199798.0	215522.0	235609.0	258624.0	282582.0	307708.0	334374.0	365901.0	404042.0	438846.0	479602.0	515038.0	560905.0	612394.0	664549.0	559047.0	46670722.0
MHW330_trimmed_clipped_R1_paired	38882.0	30307.0	22445.0	20086.0	42991.0	150286.0	122687.0	112920.0	108584.0	106788.0	125507.0	137752.0	146479.0	155730.0	165971.0	177178.0	192632.0	208450.0	229728.0	249900.0	274353.0	296565.0	322198.0	351803.0	422582.0	414452.0	453878.0	500904.0	546891.0	480005.0	41369575.0
MHW330_trimmed_clipped_R2_paired	188680.0	149466.0	103173.0	94382.0	105593.0	142171.0	102718.0	94263.0	96281.0	100893.0	130014.0	142875.0	155658.0	169757.0	186073.0	202648.0	221512.0	241335.0	264270.0	284137.0	309522.0	335426.0	366333.0	397518.0	429352.0	458957.0	497254.0	541075.0	583216.0	488671.0	40395286.0
MHW331_trimmed_clipped_R1_paired	34685.0	26631.0	22327.0	20010.0	44041.0	151684.0	122035.0	111019.0	105342.0	103451.0	135976.0	154022.0	167602.0	181170.0	196373.0	211764.0	231892.0	253747.0	280492.0	306066.0	338462.0	366744.0	401312.0	437284.0	534569.0	512094.0	559459.0	610300.0	664857.0	607206.0	38102473.0
MHW331_trimmed_clipped_R2_paired	165108.0	135043.0	96604.0	88795.0	99970.0	133465.0	96557.0	88587.0	90234.0	94201.0	140572.0	157325.0	174714.0	192961.0	212186.0	233359.0	256443.0	282454.0	309760.0	338031.0	370153.0	401449.0	441895.0	477275.0	517573.0	549531.0	597175.0	644428.0	695206.0	614652.0	37299383.0
MHW332_trimmed_clipped_R1_paired	34053.0	27622.0	22767.0	20277.0	44601.0	155460.0	125868.0	114213.0	109672.0	108179.0	116530.0	123079.0	128157.0	133171.0	139766.0	145683.0	153699.0	162985.0	174992.0	186469.0	200781.0	213533.0	227933.0	244266.0	283693.0	286027.0	313192.0	353056.0	384601.0	307472.0	41216584.0
MHW332_trimmed_clipped_R2_paired	246300.0	183192.0	112588.0	101889.0	113889.0	151211.0	111397.0	103987.0	106261.0	112477.0	128862.0	138368.0	147755.0	158570.0	169668.0	180688.0	192295.0	205889.0	217161.0	230322.0	244526.0	260438.0	281339.0	299232.0	321143.0	338986.0	366871.0	399534.0	427128.0	317912.0	39888503.0
MHW333_trimmed_clipped_R1_paired	35447.0	26265.0	21442.0	18894.0	41973.0	147671.0	119663.0	109484.0	104443.0	103316.0	109939.0	115228.0	119748.0	124702.0	130935.0	139406.0	147381.0	158570.0	172975.0	189836.0	210644.0	230891.0	251967.0	278748.0	339082.0	341671.0	380332.0	424951.0	470391.0	412648.0	38920037.0
MHW333_trimmed_clipped_R2_paired	190031.0	150200.0	100723.0	92611.0	104028.0	138696.0	100863.0	93573.0	95244.0	100106.0	113668.0	123138.0	131947.0	140512.0	151674.0	163386.0	176539.0	190823.0	205344.0	222956.0	244794.0	266034.0	294246.0	321457.0	352636.0	380853.0	419051.0	458136.0	501394.0	420333.0	37953684.0
MHW334_trimmed_clipped_R1_paired	37959.0	28146.0	24597.0	22172.0	48922.0	171008.0	138490.0	124075.0	117042.0	113813.0	124600.0	132069.0	137932.0	145183.0	153018.0	162913.0	175624.0	189164.0	208543.0	227041.0	252129.0	274294.0	298771.0	327272.0	393520.0	391929.0	431418.0	481352.0	531426.0	468103.0	43195978.0
MHW334_trimmed_clipped_R2_paired	220885.0	174110.0	117691.0	106598.0	119637.0	159755.0	116124.0	106897.0	109376.0	114561.0	133944.0	144659.0	155003.0	167252.0	181303.0	194886.0	211891.0	230522.0	249543.0	269325.0	292862.0	320148.0	350166.0	379507.0	412289.0	440124.0	478920.0	525321.0	569879.0	476415.0	41998910.0
MHW335_trimmed_clipped_R1_paired	37438.0	28523.0	24686.0	22640.0	49988.0	162785.0	126367.0	106393.0	103402.0	107109.0	140534.0	147431.0	155524.0	160985.0	164866.0	176696.0	196049.0	215138.0	238207.0	260997.0	287525.0	314172.0	352630.0	387976.0	480226.0	464731.0	513367.0	560234.0	612403.0	566837.0	38846020.0
MHW335_trimmed_clipped_R2_paired	285446.0	196475.0	123555.0	106343.0	121447.0	164186.0	116657.0	97568.0	93643.0	98881.0	135326.0	148998.0	164385.0	180699.0	193567.0	207485.0	225515.0	246393.0	270239.0	295668.0	324107.0	356394.0	391330.0	425573.0	465566.0	498278.0	548117.0	592613.0	640216.0	571290.0	37725919.0
MHW336_trimmed_clipped_R1_paired	40659.0	32381.0	26560.0	23714.0	50490.0	161919.0	127959.0	110661.0	109500.0	116078.0	141028.0	143928.0	148339.0	149467.0	148335.0	156687.0	170659.0	185585.0	201838.0	218146.0	238787.0	260148.0	292036.0	321266.0	394033.0	392286.0	439180.0	491737.0	548834.0	496535.0	42763547.0
MHW336_trimmed_clipped_R2_paired	295926.0	207301.0	137976.0	114561.0	133205.0	180610.0	131840.0	111307.0	106493.0	113691.0	136480.0	148169.0	158978.0	171853.0	181255.0	190421.0	203555.0	219869.0	237149.0	258470.0	280826.0	308676.0	339088.0	368638.0	404541.0	435943.0	483816.0	529698.0	584626.0	501894.0	41425467.0
MHW337_trimmed_clipped_R1_paired	39297.0	29805.0	22032.0	20054.0	43032.0	137034.0	109364.0	96571.0	95052.0	100890.0	119419.0	120065.0	124016.0	124415.0	122398.0	129921.0	141718.0	154609.0	170016.0	184406.0	204216.0	223837.0	253560.0	283763.0	351628.0	355064.0	398972.0	449115.0	506248.0	465380.0	36047589.0
MHW337_trimmed_clipped_R2_paired	243731.0	171210.0	113473.0	96713.0	110710.0	150856.0	110306.0	96254.0	90797.0	96994.0	112088.0	121541.0	130922.0	141373.0	148692.0	158280.0	169043.0	183443.0	199703.0	217385.0	240025.0	264935.0	291972.0	322031.0	356458.0	389325.0	435383.0	479984.0	535140.0	469367.0	34975352.0
MHW338_trimmed_clipped_R1_paired	43181.0	35811.0	28966.0	24823.0	57595.0	184741.0	143006.0	120238.0	116505.0	122670.0	142673.0	142369.0	145634.0	144518.0	143456.0	151546.0	164798.0	178526.0	195260.0	211712.0	233716.0	257495.0	292252.0	323629.0	402772.0	405465.0	456875.0	514228.0	585111.0	534662.0	41073854.0
MHW338_trimmed_clipped_R2_paired	313152.0	213718.0	135187.0	113303.0	130817.0	176181.0	127431.0	112782.0	106579.0	114626.0	132390.0	143754.0	154591.0	166154.0	175798.0	185054.0	197942.0	213599.0	231911.0	252053.0	277496.0	307324.0	339961.0	371702.0	413041.0	448625.0	502764.0	550679.0	620265.0	540599.0	39808609.0
MHW339_trimmed_clipped_R1_paired	36891.0	32459.0	27749.0	24013.0	55281.0	175608.0	134826.0	112540.0	108664.0	113175.0	138301.0	141047.0	146615.0	151756.0	152919.0	164752.0	182271.0	203474.0	225007.0	249217.0	277635.0	308967.0	351794.0	393001.0	493030.0	487064.0	548202.0	606938.0	687642.0	641865.0	37770193.0
MHW339_trimmed_clipped_R2_paired	254988.0	184082.0	124932.0	105674.0	122197.0	164617.0	116980.0	103112.0	97177.0	103379.0	128102.0	140466.0	153542.0	168820.0	180262.0	195611.0	212037.0	233610.0	257467.0	285067.0	316579.0	352435.0	393685.0	434637.0	480680.0	521011.0	584740.0	637047.0	714367.0	644136.0	36731457.0
MHW340_trimmed_clipped_R1_paired	45282.0	31438.0	26072.0	23334.0	50847.0	163372.0	127008.0	109530.0	106556.0	111602.0	145460.0	153488.0	160916.0	166108.0	168606.0	181626.0	199482.0	218589.0	240684.0	260908.0	288063.0	311260.0	353355.0	384017.0	481006.0	463331.0	521627.0	566460.0	642554.0	579032.0	41558173.0
MHW340_trimmed_clipped_R2_paired	384337.0	249959.0	141015.0	117645.0	133608.0	180164.0	127002.0	105971.0	100177.0	106889.0	141803.0	155752.0	170541.0	186175.0	199110.0	213460.0	228809.0	251797.0	273704.0	298397.0	327082.0	356675.0	395666.0	427454.0	473322.0	499558.0	561803.0	605142.0	676437.0	585223.0	40165109.0
MHW341_trimmed_clipped_R1_paired	43806.0	31283.0	27732.0	25629.0	55146.0	175678.0	139909.0	121070.0	116707.0	122958.0	149002.0	149503.0	156420.0	157690.0	157798.0	168269.0	185066.0	203818.0	224890.0	245533.0	273525.0	301096.0	342737.0	380164.0	476130.0	472066.0	530820.0	589113.0	665101.0	611808.0	43802655.0
MHW341_trimmed_clipped_R2_paired	314295.0	216334.0	137855.0	120542.0	135538.0	182619.0	131347.0	114072.0	107944.0	115891.0	139054.0	151452.0	165883.0	179727.0	190877.0	203161.0	219197.0	240856.0	263338.0	288348.0	319288.0	353824.0	393357.0	430561.0	479107.0	515722.0	577582.0	630317.0	702298.0	617696.0	42465040.0
MHW342_trimmed_clipped_R1_paired	45797.0	38390.0	32058.0	28140.0	63417.0	203129.0	154803.0	131063.0	127398.0	131395.0	155374.0	155502.0	160856.0	161589.0	158931.0	168094.0	182001.0	198930.0	216087.0	233166.0	258849.0	281977.0	320299.0	352364.0	439598.0	439024.0	498444.0	559492.0	637277.0	578453.0	46882858.0
MHW342_trimmed_clipped_R2_paired	355111.0	240776.0	153374.0	130076.0	150956.0	205651.0	148890.0	127253.0	120128.0	128433.0	150575.0	162521.0	175085.0	188677.0	199693.0	211420.0	224970.0	243699.0	263671.0	284591.0	312341.0	342813.0	380894.0	412989.0	459148.0	494071.0	555211.0	608276.0	681906.0	584969.0	45296587.0
MHW343_trimmed_clipped_R1_paired	43293.0	31431.0	27779.0	25783.0	55037.0	178631.0	140760.0	119461.0	115100.0	120073.0	171958.0	185186.0	197305.0	206402.0	212201.0	228467.0	250355.0	274666.0	300296.0	324558.0	352762.0	381214.0	424576.0	457880.0	561410.0	534147.0	586410.0	633546.0	691155.0	629710.0	43931490.0
MHW343_trimmed_clipped_R2_paired	309591.0	217778.0	138316.0	122740.0	137302.0	188164.0	132334.0	111471.0	105181.0	111979.0	169081.0	187968.0	207401.0	228726.0	245395.0	264604.0	284704.0	311604.0	338695.0	366697.0	397767.0	433569.0	473083.0	506017.0	549147.0	578758.0	633848.0	676136.0	731563.0	637112.0	42596311.0
MHW344_trimmed_clipped_R1_paired	46596.0	37458.0	30216.0	27447.0	57014.0	183604.0	146867.0	128184.0	125799.0	133177.0	168235.0	174412.0	181795.0	183804.0	185484.0	197563.0	216108.0	238334.0	261058.0	284321.0	314575.0	344094.0	389292.0	429211.0	536897.0	530636.0	595319.0	663979.0	750494.0	703566.0	48834455.0
MHW344_trimmed_clipped_R2_paired	307727.0	219822.0	150906.0	128603.0	147517.0	201393.0	148750.0	125714.0	119485.0	127497.0	159445.0	175094.0	191018.0	207596.0	220567.0	235142.0	253835.0	277232.0	303557.0	330456.0	364238.0	400533.0	443991.0	484557.0	536515.0	579090.0	646629.0	707743.0	791355.0	708459.0	47405528.0
MHW345_trimmed_clipped_R1_paired	41416.0	31235.0	25798.0	22524.0	48204.0	168812.0	136456.0	122261.0	115802.0	112526.0	125934.0	135690.0	142918.0	149424.0	159283.0	169846.0	182719.0	198108.0	218055.0	236831.0	263421.0	283466.0	314690.0	341109.0	422316.0	414160.0	465691.0	516995.0	589602.0	519010.0	44067083.0
MHW345_trimmed_clipped_R2_paired	205676.0	163609.0	114610.0	106313.0	120335.0	161649.0	115961.0	105358.0	106406.0	110390.0	134367.0	146792.0	159591.0	170364.0	185247.0	201662.0	217915.0	237600.0	258143.0	279511.0	305592.0	329637.0	366254.0	396165.0	437655.0	464315.0	517265.0	563159.0	631095.0	527389.0	42901360.0
MHW347_trimmed_clipped_R1_paired	36492.0	26890.0	21179.0	18701.0	40824.0	146397.0	116584.0	104792.0	97659.0	94821.0	120337.0	135925.0	146206.0	158236.0	172113.0	185939.0	204891.0	224581.0	250151.0	276728.0	308645.0	336573.0	373194.0	410151.0	512220.0	492739.0	544408.0	593682.0	653366.0	606775.0	37007185.0
MHW347_trimmed_clipped_R2_paired	151602.0	128491.0	95622.0	89063.0	101064.0	137010.0	96110.0	86635.0	86754.0	89475.0	127926.0	142459.0	156129.0	172081.0	191798.0	210118.0	231438.0	255564.0	281371.0	308645.0	339684.0	372335.0	413636.0	450857.0	493917.0	526191.0	578377.0	626943.0	682067.0	612311.0	36182711.0
MHW348_trimmed_clipped_R1_paired	35299.0	25515.0	22102.0	19693.0	42780.0	153269.0	122305.0	108213.0	100432.0	98110.0	107044.0	113351.0	118454.0	124558.0	131783.0	139377.0	149949.0	161701.0	177762.0	193385.0	212117.0	228703.0	249083.0	268200.0	325002.0	320746.0	359644.0	402919.0	458200.0	404242.0	38911655.0
MHW348_trimmed_clipped_R2_paired	182175.0	144223.0	101545.0	94126.0	106238.0	142453.0	102055.0	93005.0	93838.0	97877.0	115709.0	124080.0	133946.0	144908.0	155722.0	168313.0	181245.0	196700.0	212436.0	228816.0	248479.0	267273.0	293167.0	314561.0	342717.0	364397.0	401191.0	440661.0	492563.0	410642.0	37890532.0
MHW349_trimmed_clipped_R1_paired	28375.0	22879.0	19598.0	16936.0	36328.0	128375.0	101672.0	90032.0	84355.0	81474.0	98287.0	109088.0	115934.0	124688.0	134992.0	145717.0	158878.0	173625.0	193649.0	211808.0	235812.0	257670.0	285562.0	312094.0	386912.0	377848.0	416842.0	458512.0	509561.0	465803.0	33948563.0
MHW349_trimmed_clipped_R2_paired	144813.0	120123.0	87195.0	80722.0	91616.0	123699.0	87199.0	78755.0	79176.0	82022.0	108138.0	119587.0	130206.0	142275.0	156715.0	170595.0	186344.0	205014.0	224935.0	243483.0	267252.0	292664.0	324500.0	352317.0	385195.0	413230.0	453788.0	491206.0	538377.0	470063.0	33080665.0
MHW350_trimmed_clipped_R1_paired	30536.0	23043.0	20432.0	17921.0	39688.0	141994.0	112372.0	98757.0	92256.0	88195.0	121109.0	139664.0	150675.0	163495.0	177706.0	193116.0	212858.0	233235.0	260686.0	286541.0	319436.0	350012.0	389548.0	427928.0	540426.0	514510.0	567436.0	617784.0	682768.0	646660.0	34677601.0
MHW350_trimmed_clipped_R2_paired	141125.0	119703.0	90881.0	84371.0	95725.0	129829.0	90696.0	81070.0	80150.0	83467.0	130345.0	144967.0	160644.0	177132.0	195879.0	214811.0	236316.0	261687.0	288225.0	314869.0	348248.0	382657.0	425752.0	464203.0	511073.0	545007.0	598923.0	646325.0	707641.0	649740.0	33936927.0
MHW351_trimmed_clipped_R1_paired	33840.0	27635.0	22045.0	18570.0	39569.0	138727.0	112989.0	101865.0	96678.0	93820.0	109733.0	120366.0	129013.0	136482.0	146567.0	157641.0	171706.0	188004.0	208188.0	228814.0	253888.0	278538.0	306866.0	335383.0	411403.0	402885.0	444623.0	491364.0	542662.0	486669.0	39758603.0
MHW351_trimmed_clipped_R2_paired	176171.0	139994.0	99599.0	91561.0	103029.0	137734.0	100622.0	91685.0	92427.0	96059.0	121465.0	132711.0	145179.0	156925.0	170804.0	186725.0	203445.0	223900.0	244919.0	265639.0	289989.0	317424.0	351527.0	380607.0	415160.0	444959.0	487052.0	529629.0	578062.0	493285.0	38726849.0
MHW352_trimmed_clipped_R1_paired	39328.0	29923.0	21750.0	18917.0	40442.0	142901.0	118137.0	106575.0	100930.0	98605.0	111464.0	120285.0	127141.0	135085.0	143487.0	154539.0	168140.0	183098.0	203962.0	222492.0	251553.0	271286.0	306828.0	332791.0	423787.0	411694.0	472955.0	526390.0	618073.0	561184.0	39494293.0
MHW352_trimmed_clipped_R2_paired	170688.0	136715.0	98479.0	92240.0	105483.0	142551.0	102487.0	92974.0	93368.0	97111.0	119546.0	129364.0	139940.0	151534.0	166132.0	181097.0	196485.0	216995.0	237032.0	258234.0	284268.0	310276.0	347994.0	377734.0	425053.0	452060.0	513033.0	561628.0	649761.0	567067.0	38540706.0
MHW353_trimmed_clipped_R1_paired	31935.0	24538.0	19875.0	17726.0	37312.0	129943.0	105526.0	93874.0	89354.0	86262.0	103427.0	113265.0	120281.0	128333.0	137312.0	147198.0	159408.0	174490.0	192347.0	210412.0	233616.0	254007.0	280241.0	304096.0	379040.0	368268.0	410529.0	453708.0	511411.0	458926.0	35102709.0
MHW353_trimmed_clipped_R2_paired	153014.0	122095.0	88824.0	81941.0	92187.0	123261.0	88931.0	81300.0	81959.0	85669.0	110057.0	122307.0	132499.0	143963.0	157145.0	171033.0	185759.0	204729.0	222163.0	241046.0	263419.0	287887.0	317202.0	344208.0	379647.0	405812.0	447600.0	485535.0	539455.0	464518.0	34254204.0
MHW407_trimmed_clipped_R1_paired	34945.0	28669.0	23645.0	20629.0	45003.0	158875.0	125918.0	112476.0	105525.0	101593.0	112020.0	118819.0	124873.0	131113.0	139933.0	148872.0	161363.0	175575.0	194204.0	214477.0	239025.0	264035.0	293006.0	326189.0	408032.0	407329.0	454114.0	508889.0	565299.0	521338.0	40473525.0
MHW407_trimmed_clipped_R2_paired	179074.0	148307.0	106480.0	98214.0	111533.0	150575.0	106106.0	96095.0	96310.0	100687.0	120013.0	129979.0	140297.0	151981.0	164997.0	177250.0	194343.0	211418.0	231343.0	252303.0	276815.0	305836.0	339764.0	374647.0	414306.0	449440.0	497678.0	548839.0	598396.0	527700.0	39438582.0
MHW410_trimmed_clipped_R1_paired	40014.0	29533.0	23086.0	20004.0	44043.0	156057.0	125759.0	114570.0	107568.0	105040.0	112368.0	119522.0	124236.0	130190.0	137667.0	146296.0	157750.0	172357.0	191969.0	214267.0	241475.0	271349.0	304569.0	343729.0	434862.0	437381.0	490425.0	548764.0	609702.0	563911.0	40856982.0
MHW410_trimmed_clipped_R2_paired	180191.0	147534.0	105425.0	97076.0	110649.0	147734.0	106881.0	98329.0	98810.0	103815.0	118773.0	129167.0	138950.0	149408.0	162431.0	176136.0	189826.0	208108.0	227257.0	251605.0	279552.0	311760.0	351132.0	392171.0	436854.0	476523.0	529326.0	584593.0	640759.0	569416.0	39855254.0
MHW419_trimmed_clipped_R1_paired	35147.0	25950.0	22886.0	20573.0	44221.0	157392.0	124925.0	111537.0	104050.0	100710.0	119215.0	130707.0	139109.0	148603.0	159882.0	172848.0	187500.0	205000.0	227868.0	251106.0	278653.0	305458.0	334096.0	368840.0	453548.0	443577.0	487010.0	535390.0	583718.0	535402.0	39423933.0
MHW419_trimmed_clipped_R2_paired	173094.0	142440.0	104207.0	95863.0	108391.0	145158.0	104407.0	94899.0	95568.0	100081.0	127805.0	140030.0	152852.0	167528.0	183187.0	199642.0	218278.0	240365.0	262899.0	286466.0	312645.0	343926.0	377971.0	412834.0	449342.0	483167.0	527150.0	572376.0	616663.0	541469.0	38458151.0
MHW420_trimmed_clipped_R1_paired	27023.0	22130.0	19227.0	16582.0	35159.0	123620.0	98140.0	87575.0	83730.0	81806.0	98333.0	109350.0	118545.0	128797.0	141593.0	155167.0	173184.0	192904.0	216519.0	243592.0	274413.0	306127.0	342227.0	382312.0	477755.0	467883.0	510952.0	560659.0	612787.0	579330.0	32687734.0
MHW420_trimmed_clipped_R2_paired	128388.0	111704.0	83079.0	75482.0	86537.0	116659.0	84123.0	77251.0	77509.0	81750.0	107086.0	119702.0	132771.0	147029.0	163311.0	181750.0	202096.0	224992.0	249943.0	276497.0	308001.0	342418.0	382419.0	421588.0	462382.0	502152.0	545129.0	592552.0	640241.0	582474.0	31868140.0
MHW421_trimmed_clipped_R1_paired	27478.0	21110.0	19013.0	17096.0	36504.0	129795.0	104694.0	94619.0	89433.0	87664.0	101718.0	111947.0	118810.0	127543.0	136556.0	147718.0	160466.0	177034.0	196953.0	217844.0	242922.0	268420.0	297177.0	330289.0	413121.0	408271.0	449145.0	497103.0	545233.0	508990.0	32432634.0
MHW421_trimmed_clipped_R2_paired	134944.0	115685.0	86496.0	79638.0	90941.0	122504.0	88742.0	81744.0	81554.0	86094.0	109332.0	119815.0	131525.0	143447.0	156721.0	171823.0	187368.0	205887.0	226109.0	248878.0	273363.0	302507.0	334970.0	370068.0	406126.0	441402.0	482503.0	526334.0	571161.0	512516.0	31627103.0
MHW422_trimmed_clipped_R1_paired	30128.0	25442.0	20552.0	17576.0	37731.0	130493.0	106156.0	96976.0	92643.0	91117.0	109590.0	122742.0	132549.0	143038.0	155022.0	170366.0	187671.0	208999.0	235356.0	262954.0	293913.0	325194.0	361677.0	402158.0	500098.0	487139.0	534706.0	584812.0	639024.0	600366.0	35536570.0
MHW422_trimmed_clipped_R2_paired	141559.0	122044.0	92101.0	85093.0	94585.0	126146.0	92171.0	85208.0	85059.0	89478.0	117674.0	131017.0	144372.0	158578.0	175009.0	195344.0	215400.0	240274.0	265938.0	294806.0	324801.0	360013.0	400612.0	440213.0	482869.0	519463.0	568605.0	614213.0	665448.0	603511.0	34711154.0
MHW424_trimmed_clipped_R1_paired	28699.0	22525.0	16131.0	14442.0	30587.0	107094.0	88514.0	80412.0	76899.0	75519.0	91002.0	101437.0	108511.0	117487.0	127151.0	139302.0	153133.0	170246.0	190961.0	213205.0	238669.0	265820.0	296298.0	330826.0	412255.0	403406.0	444086.0	487746.0	534017.0	505692.0	29996046.0
MHW424_trimmed_clipped_R2_paired	112953.0	97537.0	74161.0	68602.0	78062.0	105257.0	75666.0	69853.0	70675.0	73490.0	96524.0	107182.0	118410.0	130871.0	143868.0	158786.0	174666.0	195002.0	216331.0	238830.0	264824.0	293752.0	328196.0	362081.0	398697.0	429880.0	472489.0	513868.0	557295.0	508478.0	29331832.0
MHW425_trimmed_clipped_R1_paired	28179.0	21848.0	17959.0	15949.0	33831.0	117983.0	95899.0	85909.0	82014.0	80522.0	91546.0	98629.0	104918.0	112504.0	119619.0	129338.0	141715.0	154373.0	171884.0	190652.0	211935.0	234062.0	260411.0	289474.0	359283.0	356297.0	394792.0	440158.0	487294.0	451098.0	31892413.0
MHW425_trimmed_clipped_R2_paired	125186.0	106815.0	79485.0	73294.0	82291.0	111061.0	81572.0	74144.0	74844.0	78700.0	96711.0	105314.0	115250.0	125385.0	137983.0	150643.0	165366.0	181643.0	199037.0	217885.0	239402.0	265030.0	295747.0	325146.0	358054.0	388922.0	427502.0	468784.0	512212.0	455482.0	31153598.0
MHW426_trimmed_clipped_R1_paired	27107.0	22284.0	18677.0	16279.0	35215.0	123281.0	97967.0	88420.0	84007.0	81570.0	92163.0	99663.0	106268.0	112335.0	119795.0	129294.0	140444.0	153292.0	168516.0	186866.0	207489.0	227459.0	250005.0	276395.0	337797.0	334834.0	369693.0	409709.0	452562.0	407560.0	32736956.0
MHW426_trimmed_clipped_R2_paired	137064.0	113711.0	84213.0	76485.0	86452.0	116183.0	83513.0	76450.0	78022.0	81588.0	99329.0	108908.0	118511.0	128736.0	140128.0	153312.0	166482.0	183092.0	199433.0	217465.0	237970.0	260675.0	287940.0	315012.0	343342.0	370165.0	405673.0	441768.0	481481.0	412857.0	31907942.0
MHW427_trimmed_clipped_R1_paired	30483.0	22283.0	18194.0	16030.0	34607.0	122941.0	98787.0	89109.0	84387.0	82016.0	101114.0	112746.0	121983.0	132097.0	143908.0	156012.0	172692.0	190918.0	212591.0	236032.0	262428.0	289184.0	318875.0	352060.0	433023.0	420898.0	462167.0	505755.0	555238.0	518241.0	32675343.0
MHW427_trimmed_clipped_R2_paired	121146.0	104491.0	80863.0	74726.0	85153.0	115318.0	82416.0	74806.0	75706.0	78570.0	106233.0	118036.0	130992.0	145080.0	159753.0	176517.0	195099.0	216601.0	239115.0	262914.0	288604.0	318887.0	353969.0	385316.0	419211.0	448702.0	490665.0	534777.0	580282.0	522354.0	31985840.0
MHW429_trimmed_clipped_R1_paired	36766.0	27153.0	23744.0	21007.0	45910.0	161080.0	127917.0	113609.0	106011.0	102449.0	126501.0	142424.0	153410.0	165542.0	180413.0	196368.0	216447.0	239455.0	265962.0	294219.0	327260.0	357879.0	395493.0	435301.0	538950.0	522347.0	572213.0	626719.0	687065.0	639502.0	39813684.0
MHW429_trimmed_clipped_R2_paired	166340.0	140862.0	105233.0	96127.0	109034.0	145312.0	103018.0	93872.0	95013.0	99153.0	135574.0	150628.0	167904.0	184226.0	204138.0	223670.0	246271.0	273505.0	301016.0	328832.0	360707.0	396007.0	438211.0	478359.0	521143.0	559812.0	610867.0	662497.0	716814.0	644511.0	38904144.0
MHW431_trimmed_clipped_R1_paired	29620.0	23825.0	20752.0	17915.0	38172.0	133888.0	105718.0	94291.0	88780.0	85871.0	107478.0	120483.0	130899.0	143485.0	155568.0	170723.0	188766.0	209452.0	233939.0	259143.0	289811.0	315512.0	349800.0	383718.0	473755.0	457942.0	504681.0	550835.0	609385.0	561481.0	34464433.0
MHW431_trimmed_clipped_R2_paired	140785.0	117642.0	89597.0	82089.0	93656.0	123889.0	88976.0	80834.0	81749.0	84379.0	115702.0	129382.0	143659.0	160240.0	175892.0	195033.0	215989.0	240108.0	265162.0	290916.0	320757.0	351818.0	389148.0	422554.0	462493.0	493781.0	540565.0	583629.0	638105.0	564506.0	33637086.0
MHW432_trimmed_clipped_R1_paired	32983.0	25015.0	21722.0	19085.0	42174.0	148651.0	119007.0	106563.0	98917.0	95552.0	115036.0	128709.0	138056.0	148088.0	160832.0	174671.0	191914.0	210981.0	234151.0	258236.0	287403.0	315885.0	349305.0	384009.0	473782.0	461663.0	507619.0	557971.0	611583.0	562843.0	37858084.0
MHW432_trimmed_clipped_R2_paired	156227.0	133057.0	99712.0	91679.0	103542.0	138422.0	98142.0	88392.0	88954.0	91689.0	122892.0	136129.0	149498.0	165282.0	181712.0	199520.0	219948.0	243109.0	267209.0	291910.0	320126.0	352125.0	391038.0	426383.0	465611.0	500302.0	545733.0	591897.0	642133.0	568672.0	36969445.0
