[2025-05-20 11:02:30,168] multiqc                                            [DEBUG  ]  This is MultiQC v1.11
[2025-05-20 11:02:30,168] multiqc                                            [DEBUG  ]  No MultiQC config found: /home/lspencer/venv/lib/python3.6/site-packages/multiqc_config.yaml
[2025-05-20 11:02:30,169] multiqc                                            [DEBUG  ]  No MultiQC config found: /home/lspencer/.multiqc_config.yaml
[2025-05-20 11:02:30,169] multiqc                                            [DEBUG  ]  No MultiQC config found: multiqc_config.yaml
[2025-05-20 11:02:30,169] multiqc                                            [DEBUG  ]  Command used: /home/lspencer/venv/bin/multiqc /home/lspencer/heatwave-genetics/fastqc/trimmed/
[2025-05-20 11:02:31,253] multiqc                                            [WARNING]  MultiQC Version v1.28 now available!
[2025-05-20 11:02:31,253] multiqc                                            [DEBUG  ]  Command     : /home/lspencer/venv/bin/multiqc /home/lspencer/heatwave-genetics/fastqc/trimmed/
[2025-05-20 11:02:31,253] multiqc                                            [DEBUG  ]  Working dir : /home/lspencer/heatwave-genetics
[2025-05-20 11:02:31,253] multiqc                                            [DEBUG  ]  Template    : default
[2025-05-20 11:02:31,253] multiqc                                            [DEBUG  ]  Running Python 3.6.8 (default, Apr 16 2020, 01:36:27)  [GCC 8.3.1 20191121 (Red Hat 8.3.1-5)]
[2025-05-20 11:02:31,254] multiqc                                            [DEBUG  ]  Analysing modules: custom_content, ccs, ngsderive, purple, conpair, lima, peddy, somalier, methylQA, mosdepth, phantompeakqualtools, qualimap, preseq, quast, qorts, rna_seqc, rockhopper, rsem, rseqc, busco, bustools, goleft_indexcov, gffcompare, disambiguate, supernova, deeptools, sargasso, verifybamid, mirtrace, happy, mirtop, sambamba, homer, hops, macs2, theta2, snpeff, gatk, htseq, bcftools, featureCounts, fgbio, dragen, dedup, damageprofiler, biobambam2, jcvi, mtnucratio, picard, vep, sentieon, prokka, qc3C, nanostat, samblaster, samtools, sexdeterrmine, eigenstratdatabasetools, bamtools, jellyfish, vcftools, longranger, stacks, varscan2, snippy, bbmap, bismark, biscuit, hicexplorer, hicup, hicpro, salmon, kallisto, slamdunk, star, hisat2, tophat, bowtie2, bowtie1, snpsplit, odgi, pangolin, kat, leehom, adapterRemoval, clipandmerge, cutadapt, flexbar, kaiju, kraken, malt, trimmomatic, sickle, skewer, sortmerna, biobloomtools, fastq_screen, afterqc, fastp, fastqc, pychopper, pycoqc, minionqc, multivcfanalyzer, clusterflow, bcl2fastq, bclconvert, interop, ivar, flash, seqyclean, optitype
[2025-05-20 11:02:31,254] multiqc                                            [DEBUG  ]  Using temporary directory for creating report: /tmp/tmpon06wquk
[2025-05-20 11:02:31,412] multiqc                                            [INFO   ]  Search path : /home/lspencer/heatwave-genetics/fastqc/trimmed
[2025-05-20 11:02:31,940] multiqc                                            [DEBUG  ]  File ignored by ccs/v4 because it exceeded search pattern filesize limit: EXP157_trimmed_clipped_R2_paired_fastqc.html
[2025-05-20 11:02:31,943] multiqc                                            [DEBUG  ]  File ignored by hicexplorer because it exceeded search pattern filesize limit: EXP157_trimmed_clipped_R2_paired_fastqc.html
[2025-05-20 11:02:31,943] multiqc                                            [DEBUG  ]  File ignored by nanostat because it exceeded search pattern filesize limit: EXP157_trimmed_clipped_R2_paired_fastqc.html
[2025-05-20 11:02:31,943] multiqc                                            [DEBUG  ]  File ignored by lima/summary because it exceeded search pattern filesize limit: EXP157_trimmed_clipped_R2_paired_fastqc.html
[2025-05-20 11:02:31,948] multiqc                                            [DEBUG  ]  File ignored by vep/vep_txt because it exceeded search pattern filesize limit: EXP157_trimmed_clipped_R2_paired_fastqc.html
[2025-05-20 11:02:31,948] multiqc                                            [DEBUG  ]  File ignored by longranger/invocation because it exceeded search pattern filesize limit: EXP157_trimmed_clipped_R2_paired_fastqc.html
[2025-05-20 11:02:31,991] multiqc                                            [DEBUG  ]  File ignored by ccs/v4 because it exceeded search pattern filesize limit: EXP157_trimmed_clipped_R1_paired_fastqc.html
[2025-05-20 11:02:31,992] multiqc                                            [DEBUG  ]  File ignored by hicexplorer because it exceeded search pattern filesize limit: EXP157_trimmed_clipped_R1_paired_fastqc.html
[2025-05-20 11:02:31,993] multiqc                                            [DEBUG  ]  File ignored by nanostat because it exceeded search pattern filesize limit: EXP157_trimmed_clipped_R1_paired_fastqc.html
[2025-05-20 11:02:31,993] multiqc                                            [DEBUG  ]  File ignored by lima/summary because it exceeded search pattern filesize limit: EXP157_trimmed_clipped_R1_paired_fastqc.html
[2025-05-20 11:02:31,996] multiqc                                            [DEBUG  ]  File ignored by vep/vep_txt because it exceeded search pattern filesize limit: EXP157_trimmed_clipped_R1_paired_fastqc.html
[2025-05-20 11:02:31,996] multiqc                                            [DEBUG  ]  File ignored by longranger/invocation because it exceeded search pattern filesize limit: EXP157_trimmed_clipped_R1_paired_fastqc.html
[2025-05-20 11:02:32,041] multiqc                                            [DEBUG  ]  File ignored by ccs/v4 because it exceeded search pattern filesize limit: EXP002_trimmed_clipped_R2_paired_fastqc.html
[2025-05-20 11:02:32,043] multiqc                                            [DEBUG  ]  File ignored by hicexplorer because it exceeded search pattern filesize limit: EXP002_trimmed_clipped_R2_paired_fastqc.html
[2025-05-20 11:02:32,043] multiqc                                            [DEBUG  ]  File ignored by nanostat because it exceeded search pattern filesize limit: EXP002_trimmed_clipped_R2_paired_fastqc.html
[2025-05-20 11:02:32,043] multiqc                                            [DEBUG  ]  File ignored by lima/summary because it exceeded search pattern filesize limit: EXP002_trimmed_clipped_R2_paired_fastqc.html
[2025-05-20 11:02:32,047] multiqc                                            [DEBUG  ]  File ignored by vep/vep_txt because it exceeded search pattern filesize limit: EXP002_trimmed_clipped_R2_paired_fastqc.html
[2025-05-20 11:02:32,047] multiqc                                            [DEBUG  ]  File ignored by longranger/invocation because it exceeded search pattern filesize limit: EXP002_trimmed_clipped_R2_paired_fastqc.html
[2025-05-20 11:02:32,105] multiqc                                            [DEBUG  ]  File ignored by ccs/v4 because it exceeded search pattern filesize limit: EXP002_trimmed_clipped_R1_paired_fastqc.html
[2025-05-20 11:02:32,106] multiqc                                            [DEBUG  ]  File ignored by hicexplorer because it exceeded search pattern filesize limit: EXP002_trimmed_clipped_R1_paired_fastqc.html
[2025-05-20 11:02:32,107] multiqc                                            [DEBUG  ]  File ignored by nanostat because it exceeded search pattern filesize limit: EXP002_trimmed_clipped_R1_paired_fastqc.html
[2025-05-20 11:02:32,107] multiqc                                            [DEBUG  ]  File ignored by lima/summary because it exceeded search pattern filesize limit: EXP002_trimmed_clipped_R1_paired_fastqc.html
[2025-05-20 11:02:32,110] multiqc                                            [DEBUG  ]  File ignored by vep/vep_txt because it exceeded search pattern filesize limit: EXP002_trimmed_clipped_R1_paired_fastqc.html
[2025-05-20 11:02:32,110] multiqc                                            [DEBUG  ]  File ignored by longranger/invocation because it exceeded search pattern filesize limit: EXP002_trimmed_clipped_R1_paired_fastqc.html
[2025-05-20 11:02:32,161] multiqc                                            [DEBUG  ]  File ignored by ccs/v4 because it exceeded search pattern filesize limit: EXP001_trimmed_clipped_R2_paired_fastqc.html
[2025-05-20 11:02:32,163] multiqc                                            [DEBUG  ]  File ignored by hicexplorer because it exceeded search pattern filesize limit: EXP001_trimmed_clipped_R2_paired_fastqc.html
[2025-05-20 11:02:32,163] multiqc                                            [DEBUG  ]  File ignored by nanostat because it exceeded search pattern filesize limit: EXP001_trimmed_clipped_R2_paired_fastqc.html
[2025-05-20 11:02:32,163] multiqc                                            [DEBUG  ]  File ignored by lima/summary because it exceeded search pattern filesize limit: EXP001_trimmed_clipped_R2_paired_fastqc.html
[2025-05-20 11:02:32,166] multiqc                                            [DEBUG  ]  File ignored by vep/vep_txt because it exceeded search pattern filesize limit: EXP001_trimmed_clipped_R2_paired_fastqc.html
[2025-05-20 11:02:32,166] multiqc                                            [DEBUG  ]  File ignored by longranger/invocation because it exceeded search pattern filesize limit: EXP001_trimmed_clipped_R2_paired_fastqc.html
[2025-05-20 11:02:32,214] multiqc                                            [DEBUG  ]  File ignored by ccs/v4 because it exceeded search pattern filesize limit: MHW001_trimmed_clipped_R1_paired_fastqc.html
[2025-05-20 11:02:32,216] multiqc                                            [DEBUG  ]  File ignored by hicexplorer because it exceeded search pattern filesize limit: MHW001_trimmed_clipped_R1_paired_fastqc.html
[2025-05-20 11:02:32,216] multiqc                                            [DEBUG  ]  File ignored by nanostat because it exceeded search pattern filesize limit: MHW001_trimmed_clipped_R1_paired_fastqc.html
[2025-05-20 11:02:32,216] multiqc                                            [DEBUG  ]  File ignored by lima/summary because it exceeded search pattern filesize limit: MHW001_trimmed_clipped_R1_paired_fastqc.html
[2025-05-20 11:02:32,220] multiqc                                            [DEBUG  ]  File ignored by vep/vep_txt because it exceeded search pattern filesize limit: MHW001_trimmed_clipped_R1_paired_fastqc.html
[2025-05-20 11:02:32,220] multiqc                                            [DEBUG  ]  File ignored by longranger/invocation because it exceeded search pattern filesize limit: MHW001_trimmed_clipped_R1_paired_fastqc.html
[2025-05-20 11:02:32,261] multiqc                                            [DEBUG  ]  File ignored by ccs/v4 because it exceeded search pattern filesize limit: EXP001_trimmed_clipped_R1_paired_fastqc.html
[2025-05-20 11:02:32,262] multiqc                                            [DEBUG  ]  File ignored by hicexplorer because it exceeded search pattern filesize limit: EXP001_trimmed_clipped_R1_paired_fastqc.html
[2025-05-20 11:02:32,263] multiqc                                            [DEBUG  ]  File ignored by nanostat because it exceeded search pattern filesize limit: EXP001_trimmed_clipped_R1_paired_fastqc.html
[2025-05-20 11:02:32,263] multiqc                                            [DEBUG  ]  File ignored by lima/summary because it exceeded search pattern filesize limit: EXP001_trimmed_clipped_R1_paired_fastqc.html
[2025-05-20 11:02:32,266] multiqc                                            [DEBUG  ]  File ignored by vep/vep_txt because it exceeded search pattern filesize limit: EXP001_trimmed_clipped_R1_paired_fastqc.html
[2025-05-20 11:02:32,266] multiqc                                            [DEBUG  ]  File ignored by longranger/invocation because it exceeded search pattern filesize limit: EXP001_trimmed_clipped_R1_paired_fastqc.html
[2025-05-20 11:02:32,313] multiqc                                            [DEBUG  ]  File ignored by ccs/v4 because it exceeded search pattern filesize limit: MHW001_trimmed_clipped_R2_paired_fastqc.html
[2025-05-20 11:02:32,315] multiqc                                            [DEBUG  ]  File ignored by hicexplorer because it exceeded search pattern filesize limit: MHW001_trimmed_clipped_R2_paired_fastqc.html
[2025-05-20 11:02:32,315] multiqc                                            [DEBUG  ]  File ignored by nanostat because it exceeded search pattern filesize limit: MHW001_trimmed_clipped_R2_paired_fastqc.html
[2025-05-20 11:02:32,315] multiqc                                            [DEBUG  ]  File ignored by lima/summary because it exceeded search pattern filesize limit: MHW001_trimmed_clipped_R2_paired_fastqc.html
[2025-05-20 11:02:32,318] multiqc                                            [DEBUG  ]  File ignored by vep/vep_txt because it exceeded search pattern filesize limit: MHW001_trimmed_clipped_R2_paired_fastqc.html
[2025-05-20 11:02:32,318] multiqc                                            [DEBUG  ]  File ignored by longranger/invocation because it exceeded search pattern filesize limit: MHW001_trimmed_clipped_R2_paired_fastqc.html
[2025-05-20 11:02:32,366] multiqc                                            [DEBUG  ]  File ignored by ccs/v4 because it exceeded search pattern filesize limit: EXP158_trimmed_clipped_R1_paired_fastqc.html
[2025-05-20 11:02:32,367] multiqc                                            [DEBUG  ]  File ignored by hicexplorer because it exceeded search pattern filesize limit: EXP158_trimmed_clipped_R1_paired_fastqc.html
[2025-05-20 11:02:32,367] multiqc                                            [DEBUG  ]  File ignored by nanostat because it exceeded search pattern filesize limit: EXP158_trimmed_clipped_R1_paired_fastqc.html
[2025-05-20 11:02:32,367] multiqc                                            [DEBUG  ]  File ignored by lima/summary because it exceeded search pattern filesize limit: EXP158_trimmed_clipped_R1_paired_fastqc.html
[2025-05-20 11:02:32,371] multiqc                                            [DEBUG  ]  File ignored by vep/vep_txt because it exceeded search pattern filesize limit: EXP158_trimmed_clipped_R1_paired_fastqc.html
[2025-05-20 11:02:32,371] multiqc                                            [DEBUG  ]  File ignored by longranger/invocation because it exceeded search pattern filesize limit: EXP158_trimmed_clipped_R1_paired_fastqc.html
[2025-05-20 11:02:32,429] multiqc                                            [DEBUG  ]  File ignored by ccs/v4 because it exceeded search pattern filesize limit: MHW002_trimmed_clipped_R2_paired_fastqc.html
[2025-05-20 11:02:32,430] multiqc                                            [DEBUG  ]  File ignored by hicexplorer because it exceeded search pattern filesize limit: MHW002_trimmed_clipped_R2_paired_fastqc.html
[2025-05-20 11:02:32,431] multiqc                                            [DEBUG  ]  File ignored by nanostat because it exceeded search pattern filesize limit: MHW002_trimmed_clipped_R2_paired_fastqc.html
[2025-05-20 11:02:32,431] multiqc                                            [DEBUG  ]  File ignored by lima/summary because it exceeded search pattern filesize limit: MHW002_trimmed_clipped_R2_paired_fastqc.html
[2025-05-20 11:02:32,434] multiqc                                            [DEBUG  ]  File ignored by vep/vep_txt because it exceeded search pattern filesize limit: MHW002_trimmed_clipped_R2_paired_fastqc.html
[2025-05-20 11:02:32,434] multiqc                                            [DEBUG  ]  File ignored by longranger/invocation because it exceeded search pattern filesize limit: MHW002_trimmed_clipped_R2_paired_fastqc.html
[2025-05-20 11:02:32,492] multiqc                                            [DEBUG  ]  File ignored by ccs/v4 because it exceeded search pattern filesize limit: MHW002_trimmed_clipped_R1_paired_fastqc.html
[2025-05-20 11:02:32,494] multiqc                                            [DEBUG  ]  File ignored by hicexplorer because it exceeded search pattern filesize limit: MHW002_trimmed_clipped_R1_paired_fastqc.html
[2025-05-20 11:02:32,494] multiqc                                            [DEBUG  ]  File ignored by nanostat because it exceeded search pattern filesize limit: MHW002_trimmed_clipped_R1_paired_fastqc.html
[2025-05-20 11:02:32,494] multiqc                                            [DEBUG  ]  File ignored by lima/summary because it exceeded search pattern filesize limit: MHW002_trimmed_clipped_R1_paired_fastqc.html
[2025-05-20 11:02:32,497] multiqc                                            [DEBUG  ]  File ignored by vep/vep_txt because it exceeded search pattern filesize limit: MHW002_trimmed_clipped_R1_paired_fastqc.html
[2025-05-20 11:02:32,497] multiqc                                            [DEBUG  ]  File ignored by longranger/invocation because it exceeded search pattern filesize limit: MHW002_trimmed_clipped_R1_paired_fastqc.html
[2025-05-20 11:02:32,564] multiqc                                            [DEBUG  ]  File ignored by ccs/v4 because it exceeded search pattern filesize limit: MHW005_trimmed_clipped_R1_paired_fastqc.html
[2025-05-20 11:02:32,565] multiqc                                            [DEBUG  ]  File ignored by hicexplorer because it exceeded search pattern filesize limit: MHW005_trimmed_clipped_R1_paired_fastqc.html
[2025-05-20 11:02:32,566] multiqc                                            [DEBUG  ]  File ignored by nanostat because it exceeded search pattern filesize limit: MHW005_trimmed_clipped_R1_paired_fastqc.html
[2025-05-20 11:02:32,566] multiqc                                            [DEBUG  ]  File ignored by lima/summary because it exceeded search pattern filesize limit: MHW005_trimmed_clipped_R1_paired_fastqc.html
[2025-05-20 11:02:32,569] multiqc                                            [DEBUG  ]  File ignored by vep/vep_txt because it exceeded search pattern filesize limit: MHW005_trimmed_clipped_R1_paired_fastqc.html
[2025-05-20 11:02:32,569] multiqc                                            [DEBUG  ]  File ignored by longranger/invocation because it exceeded search pattern filesize limit: MHW005_trimmed_clipped_R1_paired_fastqc.html
[2025-05-20 11:02:32,616] multiqc                                            [DEBUG  ]  File ignored by ccs/v4 because it exceeded search pattern filesize limit: MHW006_trimmed_clipped_R1_paired_fastqc.html
[2025-05-20 11:02:32,618] multiqc                                            [DEBUG  ]  File ignored by hicexplorer because it exceeded search pattern filesize limit: MHW006_trimmed_clipped_R1_paired_fastqc.html
[2025-05-20 11:02:32,618] multiqc                                            [DEBUG  ]  File ignored by nanostat because it exceeded search pattern filesize limit: MHW006_trimmed_clipped_R1_paired_fastqc.html
[2025-05-20 11:02:32,618] multiqc                                            [DEBUG  ]  File ignored by lima/summary because it exceeded search pattern filesize limit: MHW006_trimmed_clipped_R1_paired_fastqc.html
[2025-05-20 11:02:32,622] multiqc                                            [DEBUG  ]  File ignored by vep/vep_txt because it exceeded search pattern filesize limit: MHW006_trimmed_clipped_R1_paired_fastqc.html
[2025-05-20 11:02:32,622] multiqc                                            [DEBUG  ]  File ignored by longranger/invocation because it exceeded search pattern filesize limit: MHW006_trimmed_clipped_R1_paired_fastqc.html
[2025-05-20 11:02:32,671] multiqc                                            [DEBUG  ]  File ignored by ccs/v4 because it exceeded search pattern filesize limit: MHW005_trimmed_clipped_R2_paired_fastqc.html
[2025-05-20 11:02:32,673] multiqc                                            [DEBUG  ]  File ignored by hicexplorer because it exceeded search pattern filesize limit: MHW005_trimmed_clipped_R2_paired_fastqc.html
[2025-05-20 11:02:32,673] multiqc                                            [DEBUG  ]  File ignored by nanostat because it exceeded search pattern filesize limit: MHW005_trimmed_clipped_R2_paired_fastqc.html
[2025-05-20 11:02:32,673] multiqc                                            [DEBUG  ]  File ignored by lima/summary because it exceeded search pattern filesize limit: MHW005_trimmed_clipped_R2_paired_fastqc.html
[2025-05-20 11:02:32,677] multiqc                                            [DEBUG  ]  File ignored by vep/vep_txt because it exceeded search pattern filesize limit: MHW005_trimmed_clipped_R2_paired_fastqc.html
[2025-05-20 11:02:32,677] multiqc                                            [DEBUG  ]  File ignored by longranger/invocation because it exceeded search pattern filesize limit: MHW005_trimmed_clipped_R2_paired_fastqc.html
[2025-05-20 11:02:32,729] multiqc                                            [DEBUG  ]  File ignored by ccs/v4 because it exceeded search pattern filesize limit: MHW003_trimmed_clipped_R2_paired_fastqc.html
[2025-05-20 11:02:32,730] multiqc                                            [DEBUG  ]  File ignored by hicexplorer because it exceeded search pattern filesize limit: MHW003_trimmed_clipped_R2_paired_fastqc.html
[2025-05-20 11:02:32,731] multiqc                                            [DEBUG  ]  File ignored by nanostat because it exceeded search pattern filesize limit: MHW003_trimmed_clipped_R2_paired_fastqc.html
[2025-05-20 11:02:32,731] multiqc                                            [DEBUG  ]  File ignored by lima/summary because it exceeded search pattern filesize limit: MHW003_trimmed_clipped_R2_paired_fastqc.html
[2025-05-20 11:02:32,734] multiqc                                            [DEBUG  ]  File ignored by vep/vep_txt because it exceeded search pattern filesize limit: MHW003_trimmed_clipped_R2_paired_fastqc.html
[2025-05-20 11:02:32,734] multiqc                                            [DEBUG  ]  File ignored by longranger/invocation because it exceeded search pattern filesize limit: MHW003_trimmed_clipped_R2_paired_fastqc.html
[2025-05-20 11:02:32,777] multiqc                                            [DEBUG  ]  File ignored by ccs/v4 because it exceeded search pattern filesize limit: MHW004_trimmed_clipped_R2_paired_fastqc.html
[2025-05-20 11:02:32,779] multiqc                                            [DEBUG  ]  File ignored by hicexplorer because it exceeded search pattern filesize limit: MHW004_trimmed_clipped_R2_paired_fastqc.html
[2025-05-20 11:02:32,779] multiqc                                            [DEBUG  ]  File ignored by nanostat because it exceeded search pattern filesize limit: MHW004_trimmed_clipped_R2_paired_fastqc.html
[2025-05-20 11:02:32,779] multiqc                                            [DEBUG  ]  File ignored by lima/summary because it exceeded search pattern filesize limit: MHW004_trimmed_clipped_R2_paired_fastqc.html
[2025-05-20 11:02:32,782] multiqc                                            [DEBUG  ]  File ignored by vep/vep_txt because it exceeded search pattern filesize limit: MHW004_trimmed_clipped_R2_paired_fastqc.html
[2025-05-20 11:02:32,782] multiqc                                            [DEBUG  ]  File ignored by longranger/invocation because it exceeded search pattern filesize limit: MHW004_trimmed_clipped_R2_paired_fastqc.html
[2025-05-20 11:02:32,823] multiqc                                            [DEBUG  ]  File ignored by ccs/v4 because it exceeded search pattern filesize limit: MHW003_trimmed_clipped_R1_paired_fastqc.html
[2025-05-20 11:02:32,825] multiqc                                            [DEBUG  ]  File ignored by hicexplorer because it exceeded search pattern filesize limit: MHW003_trimmed_clipped_R1_paired_fastqc.html
[2025-05-20 11:02:32,825] multiqc                                            [DEBUG  ]  File ignored by nanostat because it exceeded search pattern filesize limit: MHW003_trimmed_clipped_R1_paired_fastqc.html
[2025-05-20 11:02:32,825] multiqc                                            [DEBUG  ]  File ignored by lima/summary because it exceeded search pattern filesize limit: MHW003_trimmed_clipped_R1_paired_fastqc.html
[2025-05-20 11:02:32,828] multiqc                                            [DEBUG  ]  File ignored by vep/vep_txt because it exceeded search pattern filesize limit: MHW003_trimmed_clipped_R1_paired_fastqc.html
[2025-05-20 11:02:32,828] multiqc                                            [DEBUG  ]  File ignored by longranger/invocation because it exceeded search pattern filesize limit: MHW003_trimmed_clipped_R1_paired_fastqc.html
[2025-05-20 11:02:32,881] multiqc                                            [DEBUG  ]  File ignored by ccs/v4 because it exceeded search pattern filesize limit: MHW004_trimmed_clipped_R1_paired_fastqc.html
[2025-05-20 11:02:32,882] multiqc                                            [DEBUG  ]  File ignored by hicexplorer because it exceeded search pattern filesize limit: MHW004_trimmed_clipped_R1_paired_fastqc.html
[2025-05-20 11:02:32,883] multiqc                                            [DEBUG  ]  File ignored by nanostat because it exceeded search pattern filesize limit: MHW004_trimmed_clipped_R1_paired_fastqc.html
[2025-05-20 11:02:32,883] multiqc                                            [DEBUG  ]  File ignored by lima/summary because it exceeded search pattern filesize limit: MHW004_trimmed_clipped_R1_paired_fastqc.html
[2025-05-20 11:02:32,886] multiqc                                            [DEBUG  ]  File ignored by vep/vep_txt because it exceeded search pattern filesize limit: MHW004_trimmed_clipped_R1_paired_fastqc.html
[2025-05-20 11:02:32,886] multiqc                                            [DEBUG  ]  File ignored by longranger/invocation because it exceeded search pattern filesize limit: MHW004_trimmed_clipped_R1_paired_fastqc.html
[2025-05-20 11:02:32,934] multiqc                                            [DEBUG  ]  File ignored by ccs/v4 because it exceeded search pattern filesize limit: MHW006_trimmed_clipped_R2_paired_fastqc.html
[2025-05-20 11:02:32,936] multiqc                                            [DEBUG  ]  File ignored by hicexplorer because it exceeded search pattern filesize limit: MHW006_trimmed_clipped_R2_paired_fastqc.html
[2025-05-20 11:02:32,936] multiqc                                            [DEBUG  ]  File ignored by nanostat because it exceeded search pattern filesize limit: MHW006_trimmed_clipped_R2_paired_fastqc.html
[2025-05-20 11:02:32,936] multiqc                                            [DEBUG  ]  File ignored by lima/summary because it exceeded search pattern filesize limit: MHW006_trimmed_clipped_R2_paired_fastqc.html
[2025-05-20 11:02:32,940] multiqc                                            [DEBUG  ]  File ignored by vep/vep_txt because it exceeded search pattern filesize limit: MHW006_trimmed_clipped_R2_paired_fastqc.html
[2025-05-20 11:02:32,940] multiqc                                            [DEBUG  ]  File ignored by longranger/invocation because it exceeded search pattern filesize limit: MHW006_trimmed_clipped_R2_paired_fastqc.html
[2025-05-20 11:02:32,987] multiqc                                            [DEBUG  ]  File ignored by ccs/v4 because it exceeded search pattern filesize limit: MHW007_trimmed_clipped_R1_paired_fastqc.html
[2025-05-20 11:02:32,989] multiqc                                            [DEBUG  ]  File ignored by hicexplorer because it exceeded search pattern filesize limit: MHW007_trimmed_clipped_R1_paired_fastqc.html
[2025-05-20 11:02:32,989] multiqc                                            [DEBUG  ]  File ignored by nanostat because it exceeded search pattern filesize limit: MHW007_trimmed_clipped_R1_paired_fastqc.html
[2025-05-20 11:02:32,990] multiqc                                            [DEBUG  ]  File ignored by lima/summary because it exceeded search pattern filesize limit: MHW007_trimmed_clipped_R1_paired_fastqc.html
[2025-05-20 11:02:32,993] multiqc                                            [DEBUG  ]  File ignored by vep/vep_txt because it exceeded search pattern filesize limit: MHW007_trimmed_clipped_R1_paired_fastqc.html
[2025-05-20 11:02:32,993] multiqc                                            [DEBUG  ]  File ignored by longranger/invocation because it exceeded search pattern filesize limit: MHW007_trimmed_clipped_R1_paired_fastqc.html
[2025-05-20 11:02:33,030] multiqc                                            [DEBUG  ]  File ignored by ccs/v4 because it exceeded search pattern filesize limit: MHW007_trimmed_clipped_R2_paired_fastqc.html
[2025-05-20 11:02:33,032] multiqc                                            [DEBUG  ]  File ignored by hicexplorer because it exceeded search pattern filesize limit: MHW007_trimmed_clipped_R2_paired_fastqc.html
[2025-05-20 11:02:33,032] multiqc                                            [DEBUG  ]  File ignored by nanostat because it exceeded search pattern filesize limit: MHW007_trimmed_clipped_R2_paired_fastqc.html
[2025-05-20 11:02:33,032] multiqc                                            [DEBUG  ]  File ignored by lima/summary because it exceeded search pattern filesize limit: MHW007_trimmed_clipped_R2_paired_fastqc.html
[2025-05-20 11:02:33,035] multiqc                                            [DEBUG  ]  File ignored by vep/vep_txt because it exceeded search pattern filesize limit: MHW007_trimmed_clipped_R2_paired_fastqc.html
[2025-05-20 11:02:33,035] multiqc                                            [DEBUG  ]  File ignored by longranger/invocation because it exceeded search pattern filesize limit: MHW007_trimmed_clipped_R2_paired_fastqc.html
[2025-05-20 11:02:33,073] multiqc                                            [DEBUG  ]  File ignored by ccs/v4 because it exceeded search pattern filesize limit: MHW008_trimmed_clipped_R2_paired_fastqc.html
[2025-05-20 11:02:33,075] multiqc                                            [DEBUG  ]  File ignored by hicexplorer because it exceeded search pattern filesize limit: MHW008_trimmed_clipped_R2_paired_fastqc.html
[2025-05-20 11:02:33,075] multiqc                                            [DEBUG  ]  File ignored by nanostat because it exceeded search pattern filesize limit: MHW008_trimmed_clipped_R2_paired_fastqc.html
[2025-05-20 11:02:33,075] multiqc                                            [DEBUG  ]  File ignored by lima/summary because it exceeded search pattern filesize limit: MHW008_trimmed_clipped_R2_paired_fastqc.html
[2025-05-20 11:02:33,078] multiqc                                            [DEBUG  ]  File ignored by vep/vep_txt because it exceeded search pattern filesize limit: MHW008_trimmed_clipped_R2_paired_fastqc.html
[2025-05-20 11:02:33,078] multiqc                                            [DEBUG  ]  File ignored by longranger/invocation because it exceeded search pattern filesize limit: MHW008_trimmed_clipped_R2_paired_fastqc.html
[2025-05-20 11:02:33,142] multiqc                                            [DEBUG  ]  File ignored by ccs/v4 because it exceeded search pattern filesize limit: MHW008_trimmed_clipped_R1_paired_fastqc.html
[2025-05-20 11:02:33,144] multiqc                                            [DEBUG  ]  File ignored by hicexplorer because it exceeded search pattern filesize limit: MHW008_trimmed_clipped_R1_paired_fastqc.html
[2025-05-20 11:02:33,144] multiqc                                            [DEBUG  ]  File ignored by nanostat because it exceeded search pattern filesize limit: MHW008_trimmed_clipped_R1_paired_fastqc.html
[2025-05-20 11:02:33,144] multiqc                                            [DEBUG  ]  File ignored by lima/summary because it exceeded search pattern filesize limit: MHW008_trimmed_clipped_R1_paired_fastqc.html
[2025-05-20 11:02:33,147] multiqc                                            [DEBUG  ]  File ignored by vep/vep_txt because it exceeded search pattern filesize limit: MHW008_trimmed_clipped_R1_paired_fastqc.html
[2025-05-20 11:02:33,147] multiqc                                            [DEBUG  ]  File ignored by longranger/invocation because it exceeded search pattern filesize limit: MHW008_trimmed_clipped_R1_paired_fastqc.html
[2025-05-20 11:02:33,198] multiqc                                            [DEBUG  ]  File ignored by ccs/v4 because it exceeded search pattern filesize limit: MHW009_trimmed_clipped_R2_paired_fastqc.html
[2025-05-20 11:02:33,200] multiqc                                            [DEBUG  ]  File ignored by hicexplorer because it exceeded search pattern filesize limit: MHW009_trimmed_clipped_R2_paired_fastqc.html
[2025-05-20 11:02:33,200] multiqc                                            [DEBUG  ]  File ignored by nanostat because it exceeded search pattern filesize limit: MHW009_trimmed_clipped_R2_paired_fastqc.html
[2025-05-20 11:02:33,200] multiqc                                            [DEBUG  ]  File ignored by lima/summary because it exceeded search pattern filesize limit: MHW009_trimmed_clipped_R2_paired_fastqc.html
[2025-05-20 11:02:33,204] multiqc                                            [DEBUG  ]  File ignored by vep/vep_txt because it exceeded search pattern filesize limit: MHW009_trimmed_clipped_R2_paired_fastqc.html
[2025-05-20 11:02:33,204] multiqc                                            [DEBUG  ]  File ignored by longranger/invocation because it exceeded search pattern filesize limit: MHW009_trimmed_clipped_R2_paired_fastqc.html
[2025-05-20 11:02:33,241] multiqc                                            [DEBUG  ]  File ignored by ccs/v4 because it exceeded search pattern filesize limit: MHW009_trimmed_clipped_R1_paired_fastqc.html
[2025-05-20 11:02:33,242] multiqc                                            [DEBUG  ]  File ignored by hicexplorer because it exceeded search pattern filesize limit: MHW009_trimmed_clipped_R1_paired_fastqc.html
[2025-05-20 11:02:33,243] multiqc                                            [DEBUG  ]  File ignored by nanostat because it exceeded search pattern filesize limit: MHW009_trimmed_clipped_R1_paired_fastqc.html
[2025-05-20 11:02:33,243] multiqc                                            [DEBUG  ]  File ignored by lima/summary because it exceeded search pattern filesize limit: MHW009_trimmed_clipped_R1_paired_fastqc.html
[2025-05-20 11:02:33,246] multiqc                                            [DEBUG  ]  File ignored by vep/vep_txt because it exceeded search pattern filesize limit: MHW009_trimmed_clipped_R1_paired_fastqc.html
[2025-05-20 11:02:33,246] multiqc                                            [DEBUG  ]  File ignored by longranger/invocation because it exceeded search pattern filesize limit: MHW009_trimmed_clipped_R1_paired_fastqc.html
[2025-05-20 11:02:33,283] multiqc                                            [DEBUG  ]  File ignored by ccs/v4 because it exceeded search pattern filesize limit: EXP160_trimmed_clipped_R2_paired_fastqc.html
[2025-05-20 11:02:33,284] multiqc                                            [DEBUG  ]  File ignored by hicexplorer because it exceeded search pattern filesize limit: EXP160_trimmed_clipped_R2_paired_fastqc.html
[2025-05-20 11:02:33,285] multiqc                                            [DEBUG  ]  File ignored by nanostat because it exceeded search pattern filesize limit: EXP160_trimmed_clipped_R2_paired_fastqc.html
[2025-05-20 11:02:33,285] multiqc                                            [DEBUG  ]  File ignored by lima/summary because it exceeded search pattern filesize limit: EXP160_trimmed_clipped_R2_paired_fastqc.html
[2025-05-20 11:02:33,288] multiqc                                            [DEBUG  ]  File ignored by vep/vep_txt because it exceeded search pattern filesize limit: EXP160_trimmed_clipped_R2_paired_fastqc.html
[2025-05-20 11:02:33,288] multiqc                                            [DEBUG  ]  File ignored by longranger/invocation because it exceeded search pattern filesize limit: EXP160_trimmed_clipped_R2_paired_fastqc.html
[2025-05-20 11:02:33,361] multiqc                                            [DEBUG  ]  File ignored by ccs/v4 because it exceeded search pattern filesize limit: MHW010_trimmed_clipped_R1_paired_fastqc.html
[2025-05-20 11:02:33,362] multiqc                                            [DEBUG  ]  File ignored by hicexplorer because it exceeded search pattern filesize limit: MHW010_trimmed_clipped_R1_paired_fastqc.html
[2025-05-20 11:02:33,363] multiqc                                            [DEBUG  ]  File ignored by nanostat because it exceeded search pattern filesize limit: MHW010_trimmed_clipped_R1_paired_fastqc.html
[2025-05-20 11:02:33,363] multiqc                                            [DEBUG  ]  File ignored by lima/summary because it exceeded search pattern filesize limit: MHW010_trimmed_clipped_R1_paired_fastqc.html
[2025-05-20 11:02:33,366] multiqc                                            [DEBUG  ]  File ignored by vep/vep_txt because it exceeded search pattern filesize limit: MHW010_trimmed_clipped_R1_paired_fastqc.html
[2025-05-20 11:02:33,366] multiqc                                            [DEBUG  ]  File ignored by longranger/invocation because it exceeded search pattern filesize limit: MHW010_trimmed_clipped_R1_paired_fastqc.html
[2025-05-20 11:02:33,413] multiqc                                            [DEBUG  ]  File ignored by ccs/v4 because it exceeded search pattern filesize limit: EXP160_trimmed_clipped_R1_paired_fastqc.html
[2025-05-20 11:02:33,415] multiqc                                            [DEBUG  ]  File ignored by hicexplorer because it exceeded search pattern filesize limit: EXP160_trimmed_clipped_R1_paired_fastqc.html
[2025-05-20 11:02:33,415] multiqc                                            [DEBUG  ]  File ignored by nanostat because it exceeded search pattern filesize limit: EXP160_trimmed_clipped_R1_paired_fastqc.html
[2025-05-20 11:02:33,415] multiqc                                            [DEBUG  ]  File ignored by lima/summary because it exceeded search pattern filesize limit: EXP160_trimmed_clipped_R1_paired_fastqc.html
[2025-05-20 11:02:33,418] multiqc                                            [DEBUG  ]  File ignored by vep/vep_txt because it exceeded search pattern filesize limit: EXP160_trimmed_clipped_R1_paired_fastqc.html
[2025-05-20 11:02:33,418] multiqc                                            [DEBUG  ]  File ignored by longranger/invocation because it exceeded search pattern filesize limit: EXP160_trimmed_clipped_R1_paired_fastqc.html
[2025-05-20 11:02:33,459] multiqc                                            [DEBUG  ]  File ignored by ccs/v4 because it exceeded search pattern filesize limit: EXP159_trimmed_clipped_R2_paired_fastqc.html
[2025-05-20 11:02:33,460] multiqc                                            [DEBUG  ]  File ignored by hicexplorer because it exceeded search pattern filesize limit: EXP159_trimmed_clipped_R2_paired_fastqc.html
[2025-05-20 11:02:33,461] multiqc                                            [DEBUG  ]  File ignored by nanostat because it exceeded search pattern filesize limit: EXP159_trimmed_clipped_R2_paired_fastqc.html
[2025-05-20 11:02:33,461] multiqc                                            [DEBUG  ]  File ignored by lima/summary because it exceeded search pattern filesize limit: EXP159_trimmed_clipped_R2_paired_fastqc.html
[2025-05-20 11:02:33,464] multiqc                                            [DEBUG  ]  File ignored by vep/vep_txt because it exceeded search pattern filesize limit: EXP159_trimmed_clipped_R2_paired_fastqc.html
[2025-05-20 11:02:33,464] multiqc                                            [DEBUG  ]  File ignored by longranger/invocation because it exceeded search pattern filesize limit: EXP159_trimmed_clipped_R2_paired_fastqc.html
[2025-05-20 11:02:33,514] multiqc                                            [DEBUG  ]  File ignored by ccs/v4 because it exceeded search pattern filesize limit: EXP159_trimmed_clipped_R1_paired_fastqc.html
[2025-05-20 11:02:33,516] multiqc                                            [DEBUG  ]  File ignored by hicexplorer because it exceeded search pattern filesize limit: EXP159_trimmed_clipped_R1_paired_fastqc.html
[2025-05-20 11:02:33,516] multiqc                                            [DEBUG  ]  File ignored by nanostat because it exceeded search pattern filesize limit: EXP159_trimmed_clipped_R1_paired_fastqc.html
[2025-05-20 11:02:33,516] multiqc                                            [DEBUG  ]  File ignored by lima/summary because it exceeded search pattern filesize limit: EXP159_trimmed_clipped_R1_paired_fastqc.html
[2025-05-20 11:02:33,520] multiqc                                            [DEBUG  ]  File ignored by vep/vep_txt because it exceeded search pattern filesize limit: EXP159_trimmed_clipped_R1_paired_fastqc.html
[2025-05-20 11:02:33,520] multiqc                                            [DEBUG  ]  File ignored by longranger/invocation because it exceeded search pattern filesize limit: EXP159_trimmed_clipped_R1_paired_fastqc.html
[2025-05-20 11:02:33,571] multiqc                                            [DEBUG  ]  File ignored by ccs/v4 because it exceeded search pattern filesize limit: EXP158_trimmed_clipped_R2_paired_fastqc.html
[2025-05-20 11:02:33,573] multiqc                                            [DEBUG  ]  File ignored by hicexplorer because it exceeded search pattern filesize limit: EXP158_trimmed_clipped_R2_paired_fastqc.html
[2025-05-20 11:02:33,573] multiqc                                            [DEBUG  ]  File ignored by nanostat because it exceeded search pattern filesize limit: EXP158_trimmed_clipped_R2_paired_fastqc.html
[2025-05-20 11:02:33,573] multiqc                                            [DEBUG  ]  File ignored by lima/summary because it exceeded search pattern filesize limit: EXP158_trimmed_clipped_R2_paired_fastqc.html
[2025-05-20 11:02:33,576] multiqc                                            [DEBUG  ]  File ignored by vep/vep_txt because it exceeded search pattern filesize limit: EXP158_trimmed_clipped_R2_paired_fastqc.html
[2025-05-20 11:02:33,577] multiqc                                            [DEBUG  ]  File ignored by longranger/invocation because it exceeded search pattern filesize limit: EXP158_trimmed_clipped_R2_paired_fastqc.html
[2025-05-20 11:02:33,622] multiqc                                            [DEBUG  ]  File ignored by ccs/v4 because it exceeded search pattern filesize limit: MHW010_trimmed_clipped_R2_paired_fastqc.html
[2025-05-20 11:02:33,623] multiqc                                            [DEBUG  ]  File ignored by hicexplorer because it exceeded search pattern filesize limit: MHW010_trimmed_clipped_R2_paired_fastqc.html
[2025-05-20 11:02:33,624] multiqc                                            [DEBUG  ]  File ignored by nanostat because it exceeded search pattern filesize limit: MHW010_trimmed_clipped_R2_paired_fastqc.html
[2025-05-20 11:02:33,624] multiqc                                            [DEBUG  ]  File ignored by lima/summary because it exceeded search pattern filesize limit: MHW010_trimmed_clipped_R2_paired_fastqc.html
[2025-05-20 11:02:33,627] multiqc                                            [DEBUG  ]  File ignored by vep/vep_txt because it exceeded search pattern filesize limit: MHW010_trimmed_clipped_R2_paired_fastqc.html
[2025-05-20 11:02:33,627] multiqc                                            [DEBUG  ]  File ignored by longranger/invocation because it exceeded search pattern filesize limit: MHW010_trimmed_clipped_R2_paired_fastqc.html
[2025-05-20 11:02:33,674] multiqc                                            [DEBUG  ]  File ignored by ccs/v4 because it exceeded search pattern filesize limit: MHW011_trimmed_clipped_R1_paired_fastqc.html
[2025-05-20 11:02:33,675] multiqc                                            [DEBUG  ]  File ignored by hicexplorer because it exceeded search pattern filesize limit: MHW011_trimmed_clipped_R1_paired_fastqc.html
[2025-05-20 11:02:33,676] multiqc                                            [DEBUG  ]  File ignored by nanostat because it exceeded search pattern filesize limit: MHW011_trimmed_clipped_R1_paired_fastqc.html
[2025-05-20 11:02:33,676] multiqc                                            [DEBUG  ]  File ignored by lima/summary because it exceeded search pattern filesize limit: MHW011_trimmed_clipped_R1_paired_fastqc.html
[2025-05-20 11:02:33,679] multiqc                                            [DEBUG  ]  File ignored by vep/vep_txt because it exceeded search pattern filesize limit: MHW011_trimmed_clipped_R1_paired_fastqc.html
[2025-05-20 11:02:33,679] multiqc                                            [DEBUG  ]  File ignored by longranger/invocation because it exceeded search pattern filesize limit: MHW011_trimmed_clipped_R1_paired_fastqc.html
[2025-05-20 11:02:33,729] multiqc                                            [DEBUG  ]  File ignored by ccs/v4 because it exceeded search pattern filesize limit: MHW011_trimmed_clipped_R2_paired_fastqc.html
[2025-05-20 11:02:33,730] multiqc                                            [DEBUG  ]  File ignored by hicexplorer because it exceeded search pattern filesize limit: MHW011_trimmed_clipped_R2_paired_fastqc.html
[2025-05-20 11:02:33,731] multiqc                                            [DEBUG  ]  File ignored by nanostat because it exceeded search pattern filesize limit: MHW011_trimmed_clipped_R2_paired_fastqc.html
[2025-05-20 11:02:33,731] multiqc                                            [DEBUG  ]  File ignored by lima/summary because it exceeded search pattern filesize limit: MHW011_trimmed_clipped_R2_paired_fastqc.html
[2025-05-20 11:02:33,734] multiqc                                            [DEBUG  ]  File ignored by vep/vep_txt because it exceeded search pattern filesize limit: MHW011_trimmed_clipped_R2_paired_fastqc.html
[2025-05-20 11:02:33,734] multiqc                                            [DEBUG  ]  File ignored by longranger/invocation because it exceeded search pattern filesize limit: MHW011_trimmed_clipped_R2_paired_fastqc.html
[2025-05-20 11:02:33,782] multiqc                                            [DEBUG  ]  File ignored by ccs/v4 because it exceeded search pattern filesize limit: MHW012_trimmed_clipped_R1_paired_fastqc.html
[2025-05-20 11:02:33,783] multiqc                                            [DEBUG  ]  File ignored by hicexplorer because it exceeded search pattern filesize limit: MHW012_trimmed_clipped_R1_paired_fastqc.html
[2025-05-20 11:02:33,783] multiqc                                            [DEBUG  ]  File ignored by nanostat because it exceeded search pattern filesize limit: MHW012_trimmed_clipped_R1_paired_fastqc.html
[2025-05-20 11:02:33,784] multiqc                                            [DEBUG  ]  File ignored by lima/summary because it exceeded search pattern filesize limit: MHW012_trimmed_clipped_R1_paired_fastqc.html
[2025-05-20 11:02:33,787] multiqc                                            [DEBUG  ]  File ignored by vep/vep_txt because it exceeded search pattern filesize limit: MHW012_trimmed_clipped_R1_paired_fastqc.html
[2025-05-20 11:02:33,787] multiqc                                            [DEBUG  ]  File ignored by longranger/invocation because it exceeded search pattern filesize limit: MHW012_trimmed_clipped_R1_paired_fastqc.html
[2025-05-20 11:02:33,826] multiqc                                            [DEBUG  ]  File ignored by ccs/v4 because it exceeded search pattern filesize limit: MHW012_trimmed_clipped_R2_paired_fastqc.html
[2025-05-20 11:02:33,828] multiqc                                            [DEBUG  ]  File ignored by hicexplorer because it exceeded search pattern filesize limit: MHW012_trimmed_clipped_R2_paired_fastqc.html
[2025-05-20 11:02:33,828] multiqc                                            [DEBUG  ]  File ignored by nanostat because it exceeded search pattern filesize limit: MHW012_trimmed_clipped_R2_paired_fastqc.html
[2025-05-20 11:02:33,828] multiqc                                            [DEBUG  ]  File ignored by lima/summary because it exceeded search pattern filesize limit: MHW012_trimmed_clipped_R2_paired_fastqc.html
[2025-05-20 11:02:33,831] multiqc                                            [DEBUG  ]  File ignored by vep/vep_txt because it exceeded search pattern filesize limit: MHW012_trimmed_clipped_R2_paired_fastqc.html
[2025-05-20 11:02:33,831] multiqc                                            [DEBUG  ]  File ignored by longranger/invocation because it exceeded search pattern filesize limit: MHW012_trimmed_clipped_R2_paired_fastqc.html
[2025-05-20 11:02:33,868] multiqc                                            [DEBUG  ]  File ignored by ccs/v4 because it exceeded search pattern filesize limit: MHW013_trimmed_clipped_R1_paired_fastqc.html
[2025-05-20 11:02:33,870] multiqc                                            [DEBUG  ]  File ignored by hicexplorer because it exceeded search pattern filesize limit: MHW013_trimmed_clipped_R1_paired_fastqc.html
[2025-05-20 11:02:33,870] multiqc                                            [DEBUG  ]  File ignored by nanostat because it exceeded search pattern filesize limit: MHW013_trimmed_clipped_R1_paired_fastqc.html
[2025-05-20 11:02:33,870] multiqc                                            [DEBUG  ]  File ignored by lima/summary because it exceeded search pattern filesize limit: MHW013_trimmed_clipped_R1_paired_fastqc.html
[2025-05-20 11:02:33,873] multiqc                                            [DEBUG  ]  File ignored by vep/vep_txt because it exceeded search pattern filesize limit: MHW013_trimmed_clipped_R1_paired_fastqc.html
[2025-05-20 11:02:33,873] multiqc                                            [DEBUG  ]  File ignored by longranger/invocation because it exceeded search pattern filesize limit: MHW013_trimmed_clipped_R1_paired_fastqc.html
[2025-05-20 11:02:33,910] multiqc                                            [DEBUG  ]  File ignored by ccs/v4 because it exceeded search pattern filesize limit: MHW013_trimmed_clipped_R2_paired_fastqc.html
[2025-05-20 11:02:33,912] multiqc                                            [DEBUG  ]  File ignored by hicexplorer because it exceeded search pattern filesize limit: MHW013_trimmed_clipped_R2_paired_fastqc.html
[2025-05-20 11:02:33,912] multiqc                                            [DEBUG  ]  File ignored by nanostat because it exceeded search pattern filesize limit: MHW013_trimmed_clipped_R2_paired_fastqc.html
[2025-05-20 11:02:33,912] multiqc                                            [DEBUG  ]  File ignored by lima/summary because it exceeded search pattern filesize limit: MHW013_trimmed_clipped_R2_paired_fastqc.html
[2025-05-20 11:02:33,915] multiqc                                            [DEBUG  ]  File ignored by vep/vep_txt because it exceeded search pattern filesize limit: MHW013_trimmed_clipped_R2_paired_fastqc.html
[2025-05-20 11:02:33,915] multiqc                                            [DEBUG  ]  File ignored by longranger/invocation because it exceeded search pattern filesize limit: MHW013_trimmed_clipped_R2_paired_fastqc.html
[2025-05-20 11:02:33,952] multiqc                                            [DEBUG  ]  File ignored by ccs/v4 because it exceeded search pattern filesize limit: MHW018_trimmed_clipped_R1_paired_fastqc.html
[2025-05-20 11:02:33,954] multiqc                                            [DEBUG  ]  File ignored by hicexplorer because it exceeded search pattern filesize limit: MHW018_trimmed_clipped_R1_paired_fastqc.html
[2025-05-20 11:02:33,954] multiqc                                            [DEBUG  ]  File ignored by nanostat because it exceeded search pattern filesize limit: MHW018_trimmed_clipped_R1_paired_fastqc.html
[2025-05-20 11:02:33,954] multiqc                                            [DEBUG  ]  File ignored by lima/summary because it exceeded search pattern filesize limit: MHW018_trimmed_clipped_R1_paired_fastqc.html
[2025-05-20 11:02:33,957] multiqc                                            [DEBUG  ]  File ignored by vep/vep_txt because it exceeded search pattern filesize limit: MHW018_trimmed_clipped_R1_paired_fastqc.html
[2025-05-20 11:02:33,957] multiqc                                            [DEBUG  ]  File ignored by longranger/invocation because it exceeded search pattern filesize limit: MHW018_trimmed_clipped_R1_paired_fastqc.html
[2025-05-20 11:02:34,006] multiqc                                            [DEBUG  ]  File ignored by ccs/v4 because it exceeded search pattern filesize limit: MHW017_trimmed_clipped_R1_paired_fastqc.html
[2025-05-20 11:02:34,008] multiqc                                            [DEBUG  ]  File ignored by hicexplorer because it exceeded search pattern filesize limit: MHW017_trimmed_clipped_R1_paired_fastqc.html
[2025-05-20 11:02:34,008] multiqc                                            [DEBUG  ]  File ignored by nanostat because it exceeded search pattern filesize limit: MHW017_trimmed_clipped_R1_paired_fastqc.html
[2025-05-20 11:02:34,008] multiqc                                            [DEBUG  ]  File ignored by lima/summary because it exceeded search pattern filesize limit: MHW017_trimmed_clipped_R1_paired_fastqc.html
[2025-05-20 11:02:34,011] multiqc                                            [DEBUG  ]  File ignored by vep/vep_txt because it exceeded search pattern filesize limit: MHW017_trimmed_clipped_R1_paired_fastqc.html
[2025-05-20 11:02:34,011] multiqc                                            [DEBUG  ]  File ignored by longranger/invocation because it exceeded search pattern filesize limit: MHW017_trimmed_clipped_R1_paired_fastqc.html
[2025-05-20 11:02:34,048] multiqc                                            [DEBUG  ]  File ignored by ccs/v4 because it exceeded search pattern filesize limit: MHW016_trimmed_clipped_R1_paired_fastqc.html
[2025-05-20 11:02:34,050] multiqc                                            [DEBUG  ]  File ignored by hicexplorer because it exceeded search pattern filesize limit: MHW016_trimmed_clipped_R1_paired_fastqc.html
[2025-05-20 11:02:34,050] multiqc                                            [DEBUG  ]  File ignored by nanostat because it exceeded search pattern filesize limit: MHW016_trimmed_clipped_R1_paired_fastqc.html
[2025-05-20 11:02:34,050] multiqc                                            [DEBUG  ]  File ignored by lima/summary because it exceeded search pattern filesize limit: MHW016_trimmed_clipped_R1_paired_fastqc.html
[2025-05-20 11:02:34,053] multiqc                                            [DEBUG  ]  File ignored by vep/vep_txt because it exceeded search pattern filesize limit: MHW016_trimmed_clipped_R1_paired_fastqc.html
[2025-05-20 11:02:34,053] multiqc                                            [DEBUG  ]  File ignored by longranger/invocation because it exceeded search pattern filesize limit: MHW016_trimmed_clipped_R1_paired_fastqc.html
[2025-05-20 11:02:34,090] multiqc                                            [DEBUG  ]  File ignored by ccs/v4 because it exceeded search pattern filesize limit: MHW017_trimmed_clipped_R2_paired_fastqc.html
[2025-05-20 11:02:34,092] multiqc                                            [DEBUG  ]  File ignored by hicexplorer because it exceeded search pattern filesize limit: MHW017_trimmed_clipped_R2_paired_fastqc.html
[2025-05-20 11:02:34,092] multiqc                                            [DEBUG  ]  File ignored by nanostat because it exceeded search pattern filesize limit: MHW017_trimmed_clipped_R2_paired_fastqc.html
[2025-05-20 11:02:34,092] multiqc                                            [DEBUG  ]  File ignored by lima/summary because it exceeded search pattern filesize limit: MHW017_trimmed_clipped_R2_paired_fastqc.html
[2025-05-20 11:02:34,095] multiqc                                            [DEBUG  ]  File ignored by vep/vep_txt because it exceeded search pattern filesize limit: MHW017_trimmed_clipped_R2_paired_fastqc.html
[2025-05-20 11:02:34,095] multiqc                                            [DEBUG  ]  File ignored by longranger/invocation because it exceeded search pattern filesize limit: MHW017_trimmed_clipped_R2_paired_fastqc.html
[2025-05-20 11:02:34,133] multiqc                                            [DEBUG  ]  File ignored by ccs/v4 because it exceeded search pattern filesize limit: MHW019_trimmed_clipped_R1_paired_fastqc.html
[2025-05-20 11:02:34,134] multiqc                                            [DEBUG  ]  File ignored by hicexplorer because it exceeded search pattern filesize limit: MHW019_trimmed_clipped_R1_paired_fastqc.html
[2025-05-20 11:02:34,135] multiqc                                            [DEBUG  ]  File ignored by nanostat because it exceeded search pattern filesize limit: MHW019_trimmed_clipped_R1_paired_fastqc.html
[2025-05-20 11:02:34,135] multiqc                                            [DEBUG  ]  File ignored by lima/summary because it exceeded search pattern filesize limit: MHW019_trimmed_clipped_R1_paired_fastqc.html
[2025-05-20 11:02:34,138] multiqc                                            [DEBUG  ]  File ignored by vep/vep_txt because it exceeded search pattern filesize limit: MHW019_trimmed_clipped_R1_paired_fastqc.html
[2025-05-20 11:02:34,138] multiqc                                            [DEBUG  ]  File ignored by longranger/invocation because it exceeded search pattern filesize limit: MHW019_trimmed_clipped_R1_paired_fastqc.html
[2025-05-20 11:02:34,176] multiqc                                            [DEBUG  ]  File ignored by ccs/v4 because it exceeded search pattern filesize limit: MHW019_trimmed_clipped_R2_paired_fastqc.html
[2025-05-20 11:02:34,178] multiqc                                            [DEBUG  ]  File ignored by hicexplorer because it exceeded search pattern filesize limit: MHW019_trimmed_clipped_R2_paired_fastqc.html
[2025-05-20 11:02:34,178] multiqc                                            [DEBUG  ]  File ignored by nanostat because it exceeded search pattern filesize limit: MHW019_trimmed_clipped_R2_paired_fastqc.html
[2025-05-20 11:02:34,178] multiqc                                            [DEBUG  ]  File ignored by lima/summary because it exceeded search pattern filesize limit: MHW019_trimmed_clipped_R2_paired_fastqc.html
[2025-05-20 11:02:34,181] multiqc                                            [DEBUG  ]  File ignored by vep/vep_txt because it exceeded search pattern filesize limit: MHW019_trimmed_clipped_R2_paired_fastqc.html
[2025-05-20 11:02:34,181] multiqc                                            [DEBUG  ]  File ignored by longranger/invocation because it exceeded search pattern filesize limit: MHW019_trimmed_clipped_R2_paired_fastqc.html
[2025-05-20 11:02:34,219] multiqc                                            [DEBUG  ]  File ignored by ccs/v4 because it exceeded search pattern filesize limit: MHW018_trimmed_clipped_R2_paired_fastqc.html
[2025-05-20 11:02:34,221] multiqc                                            [DEBUG  ]  File ignored by hicexplorer because it exceeded search pattern filesize limit: MHW018_trimmed_clipped_R2_paired_fastqc.html
[2025-05-20 11:02:34,221] multiqc                                            [DEBUG  ]  File ignored by nanostat because it exceeded search pattern filesize limit: MHW018_trimmed_clipped_R2_paired_fastqc.html
[2025-05-20 11:02:34,221] multiqc                                            [DEBUG  ]  File ignored by lima/summary because it exceeded search pattern filesize limit: MHW018_trimmed_clipped_R2_paired_fastqc.html
[2025-05-20 11:02:34,225] multiqc                                            [DEBUG  ]  File ignored by vep/vep_txt because it exceeded search pattern filesize limit: MHW018_trimmed_clipped_R2_paired_fastqc.html
[2025-05-20 11:02:34,225] multiqc                                            [DEBUG  ]  File ignored by longranger/invocation because it exceeded search pattern filesize limit: MHW018_trimmed_clipped_R2_paired_fastqc.html
[2025-05-20 11:02:34,263] multiqc                                            [DEBUG  ]  File ignored by ccs/v4 because it exceeded search pattern filesize limit: MHW020_trimmed_clipped_R1_paired_fastqc.html
[2025-05-20 11:02:34,264] multiqc                                            [DEBUG  ]  File ignored by hicexplorer because it exceeded search pattern filesize limit: MHW020_trimmed_clipped_R1_paired_fastqc.html
[2025-05-20 11:02:34,265] multiqc                                            [DEBUG  ]  File ignored by nanostat because it exceeded search pattern filesize limit: MHW020_trimmed_clipped_R1_paired_fastqc.html
[2025-05-20 11:02:34,265] multiqc                                            [DEBUG  ]  File ignored by lima/summary because it exceeded search pattern filesize limit: MHW020_trimmed_clipped_R1_paired_fastqc.html
[2025-05-20 11:02:34,268] multiqc                                            [DEBUG  ]  File ignored by vep/vep_txt because it exceeded search pattern filesize limit: MHW020_trimmed_clipped_R1_paired_fastqc.html
[2025-05-20 11:02:34,268] multiqc                                            [DEBUG  ]  File ignored by longranger/invocation because it exceeded search pattern filesize limit: MHW020_trimmed_clipped_R1_paired_fastqc.html
[2025-05-20 11:02:34,306] multiqc                                            [DEBUG  ]  File ignored by ccs/v4 because it exceeded search pattern filesize limit: MHW020_trimmed_clipped_R2_paired_fastqc.html
[2025-05-20 11:02:34,307] multiqc                                            [DEBUG  ]  File ignored by hicexplorer because it exceeded search pattern filesize limit: MHW020_trimmed_clipped_R2_paired_fastqc.html
[2025-05-20 11:02:34,308] multiqc                                            [DEBUG  ]  File ignored by nanostat because it exceeded search pattern filesize limit: MHW020_trimmed_clipped_R2_paired_fastqc.html
[2025-05-20 11:02:34,308] multiqc                                            [DEBUG  ]  File ignored by lima/summary because it exceeded search pattern filesize limit: MHW020_trimmed_clipped_R2_paired_fastqc.html
[2025-05-20 11:02:34,311] multiqc                                            [DEBUG  ]  File ignored by vep/vep_txt because it exceeded search pattern filesize limit: MHW020_trimmed_clipped_R2_paired_fastqc.html
[2025-05-20 11:02:34,311] multiqc                                            [DEBUG  ]  File ignored by longranger/invocation because it exceeded search pattern filesize limit: MHW020_trimmed_clipped_R2_paired_fastqc.html
[2025-05-20 11:02:34,348] multiqc                                            [DEBUG  ]  File ignored by ccs/v4 because it exceeded search pattern filesize limit: MHW021_trimmed_clipped_R2_paired_fastqc.html
[2025-05-20 11:02:34,350] multiqc                                            [DEBUG  ]  File ignored by hicexplorer because it exceeded search pattern filesize limit: MHW021_trimmed_clipped_R2_paired_fastqc.html
[2025-05-20 11:02:34,350] multiqc                                            [DEBUG  ]  File ignored by nanostat because it exceeded search pattern filesize limit: MHW021_trimmed_clipped_R2_paired_fastqc.html
[2025-05-20 11:02:34,350] multiqc                                            [DEBUG  ]  File ignored by lima/summary because it exceeded search pattern filesize limit: MHW021_trimmed_clipped_R2_paired_fastqc.html
[2025-05-20 11:02:34,353] multiqc                                            [DEBUG  ]  File ignored by vep/vep_txt because it exceeded search pattern filesize limit: MHW021_trimmed_clipped_R2_paired_fastqc.html
[2025-05-20 11:02:34,353] multiqc                                            [DEBUG  ]  File ignored by longranger/invocation because it exceeded search pattern filesize limit: MHW021_trimmed_clipped_R2_paired_fastqc.html
[2025-05-20 11:02:34,389] multiqc                                            [DEBUG  ]  File ignored by ccs/v4 because it exceeded search pattern filesize limit: MHW021_trimmed_clipped_R1_paired_fastqc.html
[2025-05-20 11:02:34,391] multiqc                                            [DEBUG  ]  File ignored by hicexplorer because it exceeded search pattern filesize limit: MHW021_trimmed_clipped_R1_paired_fastqc.html
[2025-05-20 11:02:34,391] multiqc                                            [DEBUG  ]  File ignored by nanostat because it exceeded search pattern filesize limit: MHW021_trimmed_clipped_R1_paired_fastqc.html
[2025-05-20 11:02:34,391] multiqc                                            [DEBUG  ]  File ignored by lima/summary because it exceeded search pattern filesize limit: MHW021_trimmed_clipped_R1_paired_fastqc.html
[2025-05-20 11:02:34,395] multiqc                                            [DEBUG  ]  File ignored by vep/vep_txt because it exceeded search pattern filesize limit: MHW021_trimmed_clipped_R1_paired_fastqc.html
[2025-05-20 11:02:34,395] multiqc                                            [DEBUG  ]  File ignored by longranger/invocation because it exceeded search pattern filesize limit: MHW021_trimmed_clipped_R1_paired_fastqc.html
[2025-05-20 11:02:34,433] multiqc                                            [DEBUG  ]  File ignored by ccs/v4 because it exceeded search pattern filesize limit: MHW022_trimmed_clipped_R1_paired_fastqc.html
[2025-05-20 11:02:34,434] multiqc                                            [DEBUG  ]  File ignored by hicexplorer because it exceeded search pattern filesize limit: MHW022_trimmed_clipped_R1_paired_fastqc.html
[2025-05-20 11:02:34,434] multiqc                                            [DEBUG  ]  File ignored by nanostat because it exceeded search pattern filesize limit: MHW022_trimmed_clipped_R1_paired_fastqc.html
[2025-05-20 11:02:34,434] multiqc                                            [DEBUG  ]  File ignored by lima/summary because it exceeded search pattern filesize limit: MHW022_trimmed_clipped_R1_paired_fastqc.html
[2025-05-20 11:02:34,438] multiqc                                            [DEBUG  ]  File ignored by vep/vep_txt because it exceeded search pattern filesize limit: MHW022_trimmed_clipped_R1_paired_fastqc.html
[2025-05-20 11:02:34,438] multiqc                                            [DEBUG  ]  File ignored by longranger/invocation because it exceeded search pattern filesize limit: MHW022_trimmed_clipped_R1_paired_fastqc.html
[2025-05-20 11:02:34,476] multiqc                                            [DEBUG  ]  File ignored by ccs/v4 because it exceeded search pattern filesize limit: MHW023_trimmed_clipped_R1_paired_fastqc.html
[2025-05-20 11:02:34,477] multiqc                                            [DEBUG  ]  File ignored by hicexplorer because it exceeded search pattern filesize limit: MHW023_trimmed_clipped_R1_paired_fastqc.html
[2025-05-20 11:02:34,478] multiqc                                            [DEBUG  ]  File ignored by nanostat because it exceeded search pattern filesize limit: MHW023_trimmed_clipped_R1_paired_fastqc.html
[2025-05-20 11:02:34,478] multiqc                                            [DEBUG  ]  File ignored by lima/summary because it exceeded search pattern filesize limit: MHW023_trimmed_clipped_R1_paired_fastqc.html
[2025-05-20 11:02:34,481] multiqc                                            [DEBUG  ]  File ignored by vep/vep_txt because it exceeded search pattern filesize limit: MHW023_trimmed_clipped_R1_paired_fastqc.html
[2025-05-20 11:02:34,481] multiqc                                            [DEBUG  ]  File ignored by longranger/invocation because it exceeded search pattern filesize limit: MHW023_trimmed_clipped_R1_paired_fastqc.html
[2025-05-20 11:02:34,517] multiqc                                            [DEBUG  ]  File ignored by ccs/v4 because it exceeded search pattern filesize limit: MHW022_trimmed_clipped_R2_paired_fastqc.html
[2025-05-20 11:02:34,519] multiqc                                            [DEBUG  ]  File ignored by hicexplorer because it exceeded search pattern filesize limit: MHW022_trimmed_clipped_R2_paired_fastqc.html
[2025-05-20 11:02:34,519] multiqc                                            [DEBUG  ]  File ignored by nanostat because it exceeded search pattern filesize limit: MHW022_trimmed_clipped_R2_paired_fastqc.html
[2025-05-20 11:02:34,519] multiqc                                            [DEBUG  ]  File ignored by lima/summary because it exceeded search pattern filesize limit: MHW022_trimmed_clipped_R2_paired_fastqc.html
[2025-05-20 11:02:34,522] multiqc                                            [DEBUG  ]  File ignored by vep/vep_txt because it exceeded search pattern filesize limit: MHW022_trimmed_clipped_R2_paired_fastqc.html
[2025-05-20 11:02:34,522] multiqc                                            [DEBUG  ]  File ignored by longranger/invocation because it exceeded search pattern filesize limit: MHW022_trimmed_clipped_R2_paired_fastqc.html
[2025-05-20 11:02:34,559] multiqc                                            [DEBUG  ]  File ignored by ccs/v4 because it exceeded search pattern filesize limit: MHW023_trimmed_clipped_R2_paired_fastqc.html
[2025-05-20 11:02:34,561] multiqc                                            [DEBUG  ]  File ignored by hicexplorer because it exceeded search pattern filesize limit: MHW023_trimmed_clipped_R2_paired_fastqc.html
[2025-05-20 11:02:34,561] multiqc                                            [DEBUG  ]  File ignored by nanostat because it exceeded search pattern filesize limit: MHW023_trimmed_clipped_R2_paired_fastqc.html
[2025-05-20 11:02:34,561] multiqc                                            [DEBUG  ]  File ignored by lima/summary because it exceeded search pattern filesize limit: MHW023_trimmed_clipped_R2_paired_fastqc.html
[2025-05-20 11:02:34,565] multiqc                                            [DEBUG  ]  File ignored by vep/vep_txt because it exceeded search pattern filesize limit: MHW023_trimmed_clipped_R2_paired_fastqc.html
[2025-05-20 11:02:34,565] multiqc                                            [DEBUG  ]  File ignored by longranger/invocation because it exceeded search pattern filesize limit: MHW023_trimmed_clipped_R2_paired_fastqc.html
[2025-05-20 11:02:34,616] multiqc                                            [DEBUG  ]  File ignored by ccs/v4 because it exceeded search pattern filesize limit: MHW015_trimmed_clipped_R2_paired_fastqc.html
[2025-05-20 11:02:34,618] multiqc                                            [DEBUG  ]  File ignored by hicexplorer because it exceeded search pattern filesize limit: MHW015_trimmed_clipped_R2_paired_fastqc.html
[2025-05-20 11:02:34,618] multiqc                                            [DEBUG  ]  File ignored by nanostat because it exceeded search pattern filesize limit: MHW015_trimmed_clipped_R2_paired_fastqc.html
[2025-05-20 11:02:34,618] multiqc                                            [DEBUG  ]  File ignored by lima/summary because it exceeded search pattern filesize limit: MHW015_trimmed_clipped_R2_paired_fastqc.html
[2025-05-20 11:02:34,622] multiqc                                            [DEBUG  ]  File ignored by vep/vep_txt because it exceeded search pattern filesize limit: MHW015_trimmed_clipped_R2_paired_fastqc.html
[2025-05-20 11:02:34,622] multiqc                                            [DEBUG  ]  File ignored by longranger/invocation because it exceeded search pattern filesize limit: MHW015_trimmed_clipped_R2_paired_fastqc.html
[2025-05-20 11:02:34,675] multiqc                                            [DEBUG  ]  File ignored by ccs/v4 because it exceeded search pattern filesize limit: MHW015_trimmed_clipped_R1_paired_fastqc.html
[2025-05-20 11:02:34,676] multiqc                                            [DEBUG  ]  File ignored by hicexplorer because it exceeded search pattern filesize limit: MHW015_trimmed_clipped_R1_paired_fastqc.html
[2025-05-20 11:02:34,677] multiqc                                            [DEBUG  ]  File ignored by nanostat because it exceeded search pattern filesize limit: MHW015_trimmed_clipped_R1_paired_fastqc.html
[2025-05-20 11:02:34,677] multiqc                                            [DEBUG  ]  File ignored by lima/summary because it exceeded search pattern filesize limit: MHW015_trimmed_clipped_R1_paired_fastqc.html
[2025-05-20 11:02:34,680] multiqc                                            [DEBUG  ]  File ignored by vep/vep_txt because it exceeded search pattern filesize limit: MHW015_trimmed_clipped_R1_paired_fastqc.html
[2025-05-20 11:02:34,680] multiqc                                            [DEBUG  ]  File ignored by longranger/invocation because it exceeded search pattern filesize limit: MHW015_trimmed_clipped_R1_paired_fastqc.html
[2025-05-20 11:02:34,717] multiqc                                            [DEBUG  ]  File ignored by ccs/v4 because it exceeded search pattern filesize limit: MHW014_trimmed_clipped_R2_paired_fastqc.html
[2025-05-20 11:02:34,719] multiqc                                            [DEBUG  ]  File ignored by hicexplorer because it exceeded search pattern filesize limit: MHW014_trimmed_clipped_R2_paired_fastqc.html
[2025-05-20 11:02:34,719] multiqc                                            [DEBUG  ]  File ignored by nanostat because it exceeded search pattern filesize limit: MHW014_trimmed_clipped_R2_paired_fastqc.html
[2025-05-20 11:02:34,719] multiqc                                            [DEBUG  ]  File ignored by lima/summary because it exceeded search pattern filesize limit: MHW014_trimmed_clipped_R2_paired_fastqc.html
[2025-05-20 11:02:34,722] multiqc                                            [DEBUG  ]  File ignored by vep/vep_txt because it exceeded search pattern filesize limit: MHW014_trimmed_clipped_R2_paired_fastqc.html
[2025-05-20 11:02:34,722] multiqc                                            [DEBUG  ]  File ignored by longranger/invocation because it exceeded search pattern filesize limit: MHW014_trimmed_clipped_R2_paired_fastqc.html
[2025-05-20 11:02:34,759] multiqc                                            [DEBUG  ]  File ignored by ccs/v4 because it exceeded search pattern filesize limit: MHW014_trimmed_clipped_R1_paired_fastqc.html
[2025-05-20 11:02:34,761] multiqc                                            [DEBUG  ]  File ignored by hicexplorer because it exceeded search pattern filesize limit: MHW014_trimmed_clipped_R1_paired_fastqc.html
[2025-05-20 11:02:34,761] multiqc                                            [DEBUG  ]  File ignored by nanostat because it exceeded search pattern filesize limit: MHW014_trimmed_clipped_R1_paired_fastqc.html
[2025-05-20 11:02:34,761] multiqc                                            [DEBUG  ]  File ignored by lima/summary because it exceeded search pattern filesize limit: MHW014_trimmed_clipped_R1_paired_fastqc.html
[2025-05-20 11:02:34,764] multiqc                                            [DEBUG  ]  File ignored by vep/vep_txt because it exceeded search pattern filesize limit: MHW014_trimmed_clipped_R1_paired_fastqc.html
[2025-05-20 11:02:34,764] multiqc                                            [DEBUG  ]  File ignored by longranger/invocation because it exceeded search pattern filesize limit: MHW014_trimmed_clipped_R1_paired_fastqc.html
[2025-05-20 11:02:34,812] multiqc                                            [DEBUG  ]  File ignored by ccs/v4 because it exceeded search pattern filesize limit: MHW026_trimmed_clipped_R2_paired_fastqc.html
[2025-05-20 11:02:34,814] multiqc                                            [DEBUG  ]  File ignored by hicexplorer because it exceeded search pattern filesize limit: MHW026_trimmed_clipped_R2_paired_fastqc.html
[2025-05-20 11:02:34,814] multiqc                                            [DEBUG  ]  File ignored by nanostat because it exceeded search pattern filesize limit: MHW026_trimmed_clipped_R2_paired_fastqc.html
[2025-05-20 11:02:34,814] multiqc                                            [DEBUG  ]  File ignored by lima/summary because it exceeded search pattern filesize limit: MHW026_trimmed_clipped_R2_paired_fastqc.html
[2025-05-20 11:02:34,817] multiqc                                            [DEBUG  ]  File ignored by vep/vep_txt because it exceeded search pattern filesize limit: MHW026_trimmed_clipped_R2_paired_fastqc.html
[2025-05-20 11:02:34,817] multiqc                                            [DEBUG  ]  File ignored by longranger/invocation because it exceeded search pattern filesize limit: MHW026_trimmed_clipped_R2_paired_fastqc.html
[2025-05-20 11:02:34,863] multiqc                                            [DEBUG  ]  File ignored by ccs/v4 because it exceeded search pattern filesize limit: MHW026_trimmed_clipped_R1_paired_fastqc.html
[2025-05-20 11:02:34,865] multiqc                                            [DEBUG  ]  File ignored by hicexplorer because it exceeded search pattern filesize limit: MHW026_trimmed_clipped_R1_paired_fastqc.html
[2025-05-20 11:02:34,865] multiqc                                            [DEBUG  ]  File ignored by nanostat because it exceeded search pattern filesize limit: MHW026_trimmed_clipped_R1_paired_fastqc.html
[2025-05-20 11:02:34,865] multiqc                                            [DEBUG  ]  File ignored by lima/summary because it exceeded search pattern filesize limit: MHW026_trimmed_clipped_R1_paired_fastqc.html
[2025-05-20 11:02:34,868] multiqc                                            [DEBUG  ]  File ignored by vep/vep_txt because it exceeded search pattern filesize limit: MHW026_trimmed_clipped_R1_paired_fastqc.html
[2025-05-20 11:02:34,868] multiqc                                            [DEBUG  ]  File ignored by longranger/invocation because it exceeded search pattern filesize limit: MHW026_trimmed_clipped_R1_paired_fastqc.html
[2025-05-20 11:02:34,905] multiqc                                            [DEBUG  ]  File ignored by ccs/v4 because it exceeded search pattern filesize limit: MHW024_trimmed_clipped_R2_paired_fastqc.html
[2025-05-20 11:02:34,907] multiqc                                            [DEBUG  ]  File ignored by hicexplorer because it exceeded search pattern filesize limit: MHW024_trimmed_clipped_R2_paired_fastqc.html
[2025-05-20 11:02:34,907] multiqc                                            [DEBUG  ]  File ignored by nanostat because it exceeded search pattern filesize limit: MHW024_trimmed_clipped_R2_paired_fastqc.html
[2025-05-20 11:02:34,908] multiqc                                            [DEBUG  ]  File ignored by lima/summary because it exceeded search pattern filesize limit: MHW024_trimmed_clipped_R2_paired_fastqc.html
[2025-05-20 11:02:34,911] multiqc                                            [DEBUG  ]  File ignored by vep/vep_txt because it exceeded search pattern filesize limit: MHW024_trimmed_clipped_R2_paired_fastqc.html
[2025-05-20 11:02:34,911] multiqc                                            [DEBUG  ]  File ignored by longranger/invocation because it exceeded search pattern filesize limit: MHW024_trimmed_clipped_R2_paired_fastqc.html
[2025-05-20 11:02:34,949] multiqc                                            [DEBUG  ]  File ignored by ccs/v4 because it exceeded search pattern filesize limit: MHW024_trimmed_clipped_R1_paired_fastqc.html
[2025-05-20 11:02:34,950] multiqc                                            [DEBUG  ]  File ignored by hicexplorer because it exceeded search pattern filesize limit: MHW024_trimmed_clipped_R1_paired_fastqc.html
[2025-05-20 11:02:34,950] multiqc                                            [DEBUG  ]  File ignored by nanostat because it exceeded search pattern filesize limit: MHW024_trimmed_clipped_R1_paired_fastqc.html
[2025-05-20 11:02:34,950] multiqc                                            [DEBUG  ]  File ignored by lima/summary because it exceeded search pattern filesize limit: MHW024_trimmed_clipped_R1_paired_fastqc.html
[2025-05-20 11:02:34,954] multiqc                                            [DEBUG  ]  File ignored by vep/vep_txt because it exceeded search pattern filesize limit: MHW024_trimmed_clipped_R1_paired_fastqc.html
[2025-05-20 11:02:34,954] multiqc                                            [DEBUG  ]  File ignored by longranger/invocation because it exceeded search pattern filesize limit: MHW024_trimmed_clipped_R1_paired_fastqc.html
[2025-05-20 11:02:34,991] multiqc                                            [DEBUG  ]  File ignored by ccs/v4 because it exceeded search pattern filesize limit: MHW025_trimmed_clipped_R2_paired_fastqc.html
[2025-05-20 11:02:34,993] multiqc                                            [DEBUG  ]  File ignored by hicexplorer because it exceeded search pattern filesize limit: MHW025_trimmed_clipped_R2_paired_fastqc.html
[2025-05-20 11:02:34,993] multiqc                                            [DEBUG  ]  File ignored by nanostat because it exceeded search pattern filesize limit: MHW025_trimmed_clipped_R2_paired_fastqc.html
[2025-05-20 11:02:34,993] multiqc                                            [DEBUG  ]  File ignored by lima/summary because it exceeded search pattern filesize limit: MHW025_trimmed_clipped_R2_paired_fastqc.html
[2025-05-20 11:02:34,996] multiqc                                            [DEBUG  ]  File ignored by vep/vep_txt because it exceeded search pattern filesize limit: MHW025_trimmed_clipped_R2_paired_fastqc.html
[2025-05-20 11:02:34,996] multiqc                                            [DEBUG  ]  File ignored by longranger/invocation because it exceeded search pattern filesize limit: MHW025_trimmed_clipped_R2_paired_fastqc.html
[2025-05-20 11:02:35,033] multiqc                                            [DEBUG  ]  File ignored by ccs/v4 because it exceeded search pattern filesize limit: MHW025_trimmed_clipped_R1_paired_fastqc.html
[2025-05-20 11:02:35,034] multiqc                                            [DEBUG  ]  File ignored by hicexplorer because it exceeded search pattern filesize limit: MHW025_trimmed_clipped_R1_paired_fastqc.html
[2025-05-20 11:02:35,034] multiqc                                            [DEBUG  ]  File ignored by nanostat because it exceeded search pattern filesize limit: MHW025_trimmed_clipped_R1_paired_fastqc.html
[2025-05-20 11:02:35,035] multiqc                                            [DEBUG  ]  File ignored by lima/summary because it exceeded search pattern filesize limit: MHW025_trimmed_clipped_R1_paired_fastqc.html
[2025-05-20 11:02:35,038] multiqc                                            [DEBUG  ]  File ignored by vep/vep_txt because it exceeded search pattern filesize limit: MHW025_trimmed_clipped_R1_paired_fastqc.html
[2025-05-20 11:02:35,038] multiqc                                            [DEBUG  ]  File ignored by longranger/invocation because it exceeded search pattern filesize limit: MHW025_trimmed_clipped_R1_paired_fastqc.html
[2025-05-20 11:02:35,088] multiqc                                            [DEBUG  ]  File ignored by ccs/v4 because it exceeded search pattern filesize limit: MHW016_trimmed_clipped_R2_paired_fastqc.html
[2025-05-20 11:02:35,089] multiqc                                            [DEBUG  ]  File ignored by hicexplorer because it exceeded search pattern filesize limit: MHW016_trimmed_clipped_R2_paired_fastqc.html
[2025-05-20 11:02:35,090] multiqc                                            [DEBUG  ]  File ignored by nanostat because it exceeded search pattern filesize limit: MHW016_trimmed_clipped_R2_paired_fastqc.html
[2025-05-20 11:02:35,090] multiqc                                            [DEBUG  ]  File ignored by lima/summary because it exceeded search pattern filesize limit: MHW016_trimmed_clipped_R2_paired_fastqc.html
[2025-05-20 11:02:35,093] multiqc                                            [DEBUG  ]  File ignored by vep/vep_txt because it exceeded search pattern filesize limit: MHW016_trimmed_clipped_R2_paired_fastqc.html
[2025-05-20 11:02:35,093] multiqc                                            [DEBUG  ]  File ignored by longranger/invocation because it exceeded search pattern filesize limit: MHW016_trimmed_clipped_R2_paired_fastqc.html
[2025-05-20 11:02:35,130] multiqc                                            [DEBUG  ]  File ignored by ccs/v4 because it exceeded search pattern filesize limit: MHW030_trimmed_clipped_R1_paired_fastqc.html
[2025-05-20 11:02:35,132] multiqc                                            [DEBUG  ]  File ignored by hicexplorer because it exceeded search pattern filesize limit: MHW030_trimmed_clipped_R1_paired_fastqc.html
[2025-05-20 11:02:35,132] multiqc                                            [DEBUG  ]  File ignored by nanostat because it exceeded search pattern filesize limit: MHW030_trimmed_clipped_R1_paired_fastqc.html
[2025-05-20 11:02:35,132] multiqc                                            [DEBUG  ]  File ignored by lima/summary because it exceeded search pattern filesize limit: MHW030_trimmed_clipped_R1_paired_fastqc.html
[2025-05-20 11:02:35,135] multiqc                                            [DEBUG  ]  File ignored by vep/vep_txt because it exceeded search pattern filesize limit: MHW030_trimmed_clipped_R1_paired_fastqc.html
[2025-05-20 11:02:35,135] multiqc                                            [DEBUG  ]  File ignored by longranger/invocation because it exceeded search pattern filesize limit: MHW030_trimmed_clipped_R1_paired_fastqc.html
[2025-05-20 11:02:35,172] multiqc                                            [DEBUG  ]  File ignored by ccs/v4 because it exceeded search pattern filesize limit: MHW030_trimmed_clipped_R2_paired_fastqc.html
[2025-05-20 11:02:35,174] multiqc                                            [DEBUG  ]  File ignored by hicexplorer because it exceeded search pattern filesize limit: MHW030_trimmed_clipped_R2_paired_fastqc.html
[2025-05-20 11:02:35,174] multiqc                                            [DEBUG  ]  File ignored by nanostat because it exceeded search pattern filesize limit: MHW030_trimmed_clipped_R2_paired_fastqc.html
[2025-05-20 11:02:35,174] multiqc                                            [DEBUG  ]  File ignored by lima/summary because it exceeded search pattern filesize limit: MHW030_trimmed_clipped_R2_paired_fastqc.html
[2025-05-20 11:02:35,177] multiqc                                            [DEBUG  ]  File ignored by vep/vep_txt because it exceeded search pattern filesize limit: MHW030_trimmed_clipped_R2_paired_fastqc.html
[2025-05-20 11:02:35,177] multiqc                                            [DEBUG  ]  File ignored by longranger/invocation because it exceeded search pattern filesize limit: MHW030_trimmed_clipped_R2_paired_fastqc.html
[2025-05-20 11:02:35,216] multiqc                                            [DEBUG  ]  File ignored by ccs/v4 because it exceeded search pattern filesize limit: MHW027_trimmed_clipped_R1_paired_fastqc.html
[2025-05-20 11:02:35,218] multiqc                                            [DEBUG  ]  File ignored by hicexplorer because it exceeded search pattern filesize limit: MHW027_trimmed_clipped_R1_paired_fastqc.html
[2025-05-20 11:02:35,218] multiqc                                            [DEBUG  ]  File ignored by nanostat because it exceeded search pattern filesize limit: MHW027_trimmed_clipped_R1_paired_fastqc.html
[2025-05-20 11:02:35,218] multiqc                                            [DEBUG  ]  File ignored by lima/summary because it exceeded search pattern filesize limit: MHW027_trimmed_clipped_R1_paired_fastqc.html
[2025-05-20 11:02:35,221] multiqc                                            [DEBUG  ]  File ignored by vep/vep_txt because it exceeded search pattern filesize limit: MHW027_trimmed_clipped_R1_paired_fastqc.html
[2025-05-20 11:02:35,221] multiqc                                            [DEBUG  ]  File ignored by longranger/invocation because it exceeded search pattern filesize limit: MHW027_trimmed_clipped_R1_paired_fastqc.html
[2025-05-20 11:02:35,275] multiqc                                            [DEBUG  ]  File ignored by ccs/v4 because it exceeded search pattern filesize limit: MHW027_trimmed_clipped_R2_paired_fastqc.html
[2025-05-20 11:02:35,277] multiqc                                            [DEBUG  ]  File ignored by hicexplorer because it exceeded search pattern filesize limit: MHW027_trimmed_clipped_R2_paired_fastqc.html
[2025-05-20 11:02:35,277] multiqc                                            [DEBUG  ]  File ignored by nanostat because it exceeded search pattern filesize limit: MHW027_trimmed_clipped_R2_paired_fastqc.html
[2025-05-20 11:02:35,277] multiqc                                            [DEBUG  ]  File ignored by lima/summary because it exceeded search pattern filesize limit: MHW027_trimmed_clipped_R2_paired_fastqc.html
[2025-05-20 11:02:35,280] multiqc                                            [DEBUG  ]  File ignored by vep/vep_txt because it exceeded search pattern filesize limit: MHW027_trimmed_clipped_R2_paired_fastqc.html
[2025-05-20 11:02:35,280] multiqc                                            [DEBUG  ]  File ignored by longranger/invocation because it exceeded search pattern filesize limit: MHW027_trimmed_clipped_R2_paired_fastqc.html
[2025-05-20 11:02:35,317] multiqc                                            [DEBUG  ]  File ignored by ccs/v4 because it exceeded search pattern filesize limit: MHW029_trimmed_clipped_R2_paired_fastqc.html
[2025-05-20 11:02:35,319] multiqc                                            [DEBUG  ]  File ignored by hicexplorer because it exceeded search pattern filesize limit: MHW029_trimmed_clipped_R2_paired_fastqc.html
[2025-05-20 11:02:35,319] multiqc                                            [DEBUG  ]  File ignored by nanostat because it exceeded search pattern filesize limit: MHW029_trimmed_clipped_R2_paired_fastqc.html
[2025-05-20 11:02:35,319] multiqc                                            [DEBUG  ]  File ignored by lima/summary because it exceeded search pattern filesize limit: MHW029_trimmed_clipped_R2_paired_fastqc.html
[2025-05-20 11:02:35,322] multiqc                                            [DEBUG  ]  File ignored by vep/vep_txt because it exceeded search pattern filesize limit: MHW029_trimmed_clipped_R2_paired_fastqc.html
[2025-05-20 11:02:35,322] multiqc                                            [DEBUG  ]  File ignored by longranger/invocation because it exceeded search pattern filesize limit: MHW029_trimmed_clipped_R2_paired_fastqc.html
[2025-05-20 11:02:35,360] multiqc                                            [DEBUG  ]  File ignored by ccs/v4 because it exceeded search pattern filesize limit: MHW031_trimmed_clipped_R2_paired_fastqc.html
[2025-05-20 11:02:35,362] multiqc                                            [DEBUG  ]  File ignored by hicexplorer because it exceeded search pattern filesize limit: MHW031_trimmed_clipped_R2_paired_fastqc.html
[2025-05-20 11:02:35,362] multiqc                                            [DEBUG  ]  File ignored by nanostat because it exceeded search pattern filesize limit: MHW031_trimmed_clipped_R2_paired_fastqc.html
[2025-05-20 11:02:35,362] multiqc                                            [DEBUG  ]  File ignored by lima/summary because it exceeded search pattern filesize limit: MHW031_trimmed_clipped_R2_paired_fastqc.html
[2025-05-20 11:02:35,365] multiqc                                            [DEBUG  ]  File ignored by vep/vep_txt because it exceeded search pattern filesize limit: MHW031_trimmed_clipped_R2_paired_fastqc.html
[2025-05-20 11:02:35,365] multiqc                                            [DEBUG  ]  File ignored by longranger/invocation because it exceeded search pattern filesize limit: MHW031_trimmed_clipped_R2_paired_fastqc.html
[2025-05-20 11:02:35,415] multiqc                                            [DEBUG  ]  File ignored by ccs/v4 because it exceeded search pattern filesize limit: MHW031_trimmed_clipped_R1_paired_fastqc.html
[2025-05-20 11:02:35,417] multiqc                                            [DEBUG  ]  File ignored by hicexplorer because it exceeded search pattern filesize limit: MHW031_trimmed_clipped_R1_paired_fastqc.html
[2025-05-20 11:02:35,417] multiqc                                            [DEBUG  ]  File ignored by nanostat because it exceeded search pattern filesize limit: MHW031_trimmed_clipped_R1_paired_fastqc.html
[2025-05-20 11:02:35,417] multiqc                                            [DEBUG  ]  File ignored by lima/summary because it exceeded search pattern filesize limit: MHW031_trimmed_clipped_R1_paired_fastqc.html
[2025-05-20 11:02:35,420] multiqc                                            [DEBUG  ]  File ignored by vep/vep_txt because it exceeded search pattern filesize limit: MHW031_trimmed_clipped_R1_paired_fastqc.html
[2025-05-20 11:02:35,420] multiqc                                            [DEBUG  ]  File ignored by longranger/invocation because it exceeded search pattern filesize limit: MHW031_trimmed_clipped_R1_paired_fastqc.html
[2025-05-20 11:02:35,458] multiqc                                            [DEBUG  ]  File ignored by ccs/v4 because it exceeded search pattern filesize limit: MHW032_trimmed_clipped_R1_paired_fastqc.html
[2025-05-20 11:02:35,460] multiqc                                            [DEBUG  ]  File ignored by hicexplorer because it exceeded search pattern filesize limit: MHW032_trimmed_clipped_R1_paired_fastqc.html
[2025-05-20 11:02:35,460] multiqc                                            [DEBUG  ]  File ignored by nanostat because it exceeded search pattern filesize limit: MHW032_trimmed_clipped_R1_paired_fastqc.html
[2025-05-20 11:02:35,460] multiqc                                            [DEBUG  ]  File ignored by lima/summary because it exceeded search pattern filesize limit: MHW032_trimmed_clipped_R1_paired_fastqc.html
[2025-05-20 11:02:35,464] multiqc                                            [DEBUG  ]  File ignored by vep/vep_txt because it exceeded search pattern filesize limit: MHW032_trimmed_clipped_R1_paired_fastqc.html
[2025-05-20 11:02:35,464] multiqc                                            [DEBUG  ]  File ignored by longranger/invocation because it exceeded search pattern filesize limit: MHW032_trimmed_clipped_R1_paired_fastqc.html
[2025-05-20 11:02:35,502] multiqc                                            [DEBUG  ]  File ignored by ccs/v4 because it exceeded search pattern filesize limit: MHW028_trimmed_clipped_R1_paired_fastqc.html
[2025-05-20 11:02:35,504] multiqc                                            [DEBUG  ]  File ignored by hicexplorer because it exceeded search pattern filesize limit: MHW028_trimmed_clipped_R1_paired_fastqc.html
[2025-05-20 11:02:35,504] multiqc                                            [DEBUG  ]  File ignored by nanostat because it exceeded search pattern filesize limit: MHW028_trimmed_clipped_R1_paired_fastqc.html
[2025-05-20 11:02:35,504] multiqc                                            [DEBUG  ]  File ignored by lima/summary because it exceeded search pattern filesize limit: MHW028_trimmed_clipped_R1_paired_fastqc.html
[2025-05-20 11:02:35,507] multiqc                                            [DEBUG  ]  File ignored by vep/vep_txt because it exceeded search pattern filesize limit: MHW028_trimmed_clipped_R1_paired_fastqc.html
[2025-05-20 11:02:35,507] multiqc                                            [DEBUG  ]  File ignored by longranger/invocation because it exceeded search pattern filesize limit: MHW028_trimmed_clipped_R1_paired_fastqc.html
[2025-05-20 11:02:35,544] multiqc                                            [DEBUG  ]  File ignored by ccs/v4 because it exceeded search pattern filesize limit: MHW033_trimmed_clipped_R1_paired_fastqc.html
[2025-05-20 11:02:35,545] multiqc                                            [DEBUG  ]  File ignored by hicexplorer because it exceeded search pattern filesize limit: MHW033_trimmed_clipped_R1_paired_fastqc.html
[2025-05-20 11:02:35,546] multiqc                                            [DEBUG  ]  File ignored by nanostat because it exceeded search pattern filesize limit: MHW033_trimmed_clipped_R1_paired_fastqc.html
[2025-05-20 11:02:35,546] multiqc                                            [DEBUG  ]  File ignored by lima/summary because it exceeded search pattern filesize limit: MHW033_trimmed_clipped_R1_paired_fastqc.html
[2025-05-20 11:02:35,549] multiqc                                            [DEBUG  ]  File ignored by vep/vep_txt because it exceeded search pattern filesize limit: MHW033_trimmed_clipped_R1_paired_fastqc.html
[2025-05-20 11:02:35,549] multiqc                                            [DEBUG  ]  File ignored by longranger/invocation because it exceeded search pattern filesize limit: MHW033_trimmed_clipped_R1_paired_fastqc.html
[2025-05-20 11:02:35,592] multiqc                                            [DEBUG  ]  File ignored by ccs/v4 because it exceeded search pattern filesize limit: MHW028_trimmed_clipped_R2_paired_fastqc.html
[2025-05-20 11:02:35,594] multiqc                                            [DEBUG  ]  File ignored by hicexplorer because it exceeded search pattern filesize limit: MHW028_trimmed_clipped_R2_paired_fastqc.html
[2025-05-20 11:02:35,594] multiqc                                            [DEBUG  ]  File ignored by nanostat because it exceeded search pattern filesize limit: MHW028_trimmed_clipped_R2_paired_fastqc.html
[2025-05-20 11:02:35,594] multiqc                                            [DEBUG  ]  File ignored by lima/summary because it exceeded search pattern filesize limit: MHW028_trimmed_clipped_R2_paired_fastqc.html
[2025-05-20 11:02:35,597] multiqc                                            [DEBUG  ]  File ignored by vep/vep_txt because it exceeded search pattern filesize limit: MHW028_trimmed_clipped_R2_paired_fastqc.html
[2025-05-20 11:02:35,597] multiqc                                            [DEBUG  ]  File ignored by longranger/invocation because it exceeded search pattern filesize limit: MHW028_trimmed_clipped_R2_paired_fastqc.html
[2025-05-20 11:02:35,635] multiqc                                            [DEBUG  ]  File ignored by ccs/v4 because it exceeded search pattern filesize limit: MHW033_trimmed_clipped_R2_paired_fastqc.html
[2025-05-20 11:02:35,637] multiqc                                            [DEBUG  ]  File ignored by hicexplorer because it exceeded search pattern filesize limit: MHW033_trimmed_clipped_R2_paired_fastqc.html
[2025-05-20 11:02:35,637] multiqc                                            [DEBUG  ]  File ignored by nanostat because it exceeded search pattern filesize limit: MHW033_trimmed_clipped_R2_paired_fastqc.html
[2025-05-20 11:02:35,637] multiqc                                            [DEBUG  ]  File ignored by lima/summary because it exceeded search pattern filesize limit: MHW033_trimmed_clipped_R2_paired_fastqc.html
[2025-05-20 11:02:35,640] multiqc                                            [DEBUG  ]  File ignored by vep/vep_txt because it exceeded search pattern filesize limit: MHW033_trimmed_clipped_R2_paired_fastqc.html
[2025-05-20 11:02:35,640] multiqc                                            [DEBUG  ]  File ignored by longranger/invocation because it exceeded search pattern filesize limit: MHW033_trimmed_clipped_R2_paired_fastqc.html
[2025-05-20 11:02:35,701] multiqc                                            [DEBUG  ]  File ignored by ccs/v4 because it exceeded search pattern filesize limit: MHW034_trimmed_clipped_R2_paired_fastqc.html
[2025-05-20 11:02:35,703] multiqc                                            [DEBUG  ]  File ignored by hicexplorer because it exceeded search pattern filesize limit: MHW034_trimmed_clipped_R2_paired_fastqc.html
[2025-05-20 11:02:35,703] multiqc                                            [DEBUG  ]  File ignored by nanostat because it exceeded search pattern filesize limit: MHW034_trimmed_clipped_R2_paired_fastqc.html
[2025-05-20 11:02:35,703] multiqc                                            [DEBUG  ]  File ignored by lima/summary because it exceeded search pattern filesize limit: MHW034_trimmed_clipped_R2_paired_fastqc.html
[2025-05-20 11:02:35,706] multiqc                                            [DEBUG  ]  File ignored by vep/vep_txt because it exceeded search pattern filesize limit: MHW034_trimmed_clipped_R2_paired_fastqc.html
[2025-05-20 11:02:35,706] multiqc                                            [DEBUG  ]  File ignored by longranger/invocation because it exceeded search pattern filesize limit: MHW034_trimmed_clipped_R2_paired_fastqc.html
[2025-05-20 11:02:35,755] multiqc                                            [DEBUG  ]  File ignored by ccs/v4 because it exceeded search pattern filesize limit: MHW034_trimmed_clipped_R1_paired_fastqc.html
[2025-05-20 11:02:35,756] multiqc                                            [DEBUG  ]  File ignored by hicexplorer because it exceeded search pattern filesize limit: MHW034_trimmed_clipped_R1_paired_fastqc.html
[2025-05-20 11:02:35,757] multiqc                                            [DEBUG  ]  File ignored by nanostat because it exceeded search pattern filesize limit: MHW034_trimmed_clipped_R1_paired_fastqc.html
[2025-05-20 11:02:35,757] multiqc                                            [DEBUG  ]  File ignored by lima/summary because it exceeded search pattern filesize limit: MHW034_trimmed_clipped_R1_paired_fastqc.html
[2025-05-20 11:02:35,760] multiqc                                            [DEBUG  ]  File ignored by vep/vep_txt because it exceeded search pattern filesize limit: MHW034_trimmed_clipped_R1_paired_fastqc.html
[2025-05-20 11:02:35,760] multiqc                                            [DEBUG  ]  File ignored by longranger/invocation because it exceeded search pattern filesize limit: MHW034_trimmed_clipped_R1_paired_fastqc.html
[2025-05-20 11:02:35,820] multiqc                                            [DEBUG  ]  File ignored by ccs/v4 because it exceeded search pattern filesize limit: MHW035_trimmed_clipped_R1_paired_fastqc.html
[2025-05-20 11:02:35,821] multiqc                                            [DEBUG  ]  File ignored by hicexplorer because it exceeded search pattern filesize limit: MHW035_trimmed_clipped_R1_paired_fastqc.html
[2025-05-20 11:02:35,821] multiqc                                            [DEBUG  ]  File ignored by nanostat because it exceeded search pattern filesize limit: MHW035_trimmed_clipped_R1_paired_fastqc.html
[2025-05-20 11:02:35,822] multiqc                                            [DEBUG  ]  File ignored by lima/summary because it exceeded search pattern filesize limit: MHW035_trimmed_clipped_R1_paired_fastqc.html
[2025-05-20 11:02:35,825] multiqc                                            [DEBUG  ]  File ignored by vep/vep_txt because it exceeded search pattern filesize limit: MHW035_trimmed_clipped_R1_paired_fastqc.html
[2025-05-20 11:02:35,825] multiqc                                            [DEBUG  ]  File ignored by longranger/invocation because it exceeded search pattern filesize limit: MHW035_trimmed_clipped_R1_paired_fastqc.html
[2025-05-20 11:02:35,883] multiqc                                            [DEBUG  ]  File ignored by ccs/v4 because it exceeded search pattern filesize limit: MHW036_trimmed_clipped_R1_paired_fastqc.html
[2025-05-20 11:02:35,885] multiqc                                            [DEBUG  ]  File ignored by hicexplorer because it exceeded search pattern filesize limit: MHW036_trimmed_clipped_R1_paired_fastqc.html
[2025-05-20 11:02:35,885] multiqc                                            [DEBUG  ]  File ignored by nanostat because it exceeded search pattern filesize limit: MHW036_trimmed_clipped_R1_paired_fastqc.html
[2025-05-20 11:02:35,885] multiqc                                            [DEBUG  ]  File ignored by lima/summary because it exceeded search pattern filesize limit: MHW036_trimmed_clipped_R1_paired_fastqc.html
[2025-05-20 11:02:35,888] multiqc                                            [DEBUG  ]  File ignored by vep/vep_txt because it exceeded search pattern filesize limit: MHW036_trimmed_clipped_R1_paired_fastqc.html
[2025-05-20 11:02:35,889] multiqc                                            [DEBUG  ]  File ignored by longranger/invocation because it exceeded search pattern filesize limit: MHW036_trimmed_clipped_R1_paired_fastqc.html
[2025-05-20 11:02:35,935] multiqc                                            [DEBUG  ]  File ignored by ccs/v4 because it exceeded search pattern filesize limit: MHW035_trimmed_clipped_R2_paired_fastqc.html
[2025-05-20 11:02:35,936] multiqc                                            [DEBUG  ]  File ignored by hicexplorer because it exceeded search pattern filesize limit: MHW035_trimmed_clipped_R2_paired_fastqc.html
[2025-05-20 11:02:35,937] multiqc                                            [DEBUG  ]  File ignored by nanostat because it exceeded search pattern filesize limit: MHW035_trimmed_clipped_R2_paired_fastqc.html
[2025-05-20 11:02:35,937] multiqc                                            [DEBUG  ]  File ignored by lima/summary because it exceeded search pattern filesize limit: MHW035_trimmed_clipped_R2_paired_fastqc.html
[2025-05-20 11:02:35,940] multiqc                                            [DEBUG  ]  File ignored by vep/vep_txt because it exceeded search pattern filesize limit: MHW035_trimmed_clipped_R2_paired_fastqc.html
[2025-05-20 11:02:35,940] multiqc                                            [DEBUG  ]  File ignored by longranger/invocation because it exceeded search pattern filesize limit: MHW035_trimmed_clipped_R2_paired_fastqc.html
[2025-05-20 11:02:35,996] multiqc                                            [DEBUG  ]  File ignored by ccs/v4 because it exceeded search pattern filesize limit: MHW029_trimmed_clipped_R1_paired_fastqc.html
[2025-05-20 11:02:35,998] multiqc                                            [DEBUG  ]  File ignored by hicexplorer because it exceeded search pattern filesize limit: MHW029_trimmed_clipped_R1_paired_fastqc.html
[2025-05-20 11:02:35,998] multiqc                                            [DEBUG  ]  File ignored by nanostat because it exceeded search pattern filesize limit: MHW029_trimmed_clipped_R1_paired_fastqc.html
[2025-05-20 11:02:35,998] multiqc                                            [DEBUG  ]  File ignored by lima/summary because it exceeded search pattern filesize limit: MHW029_trimmed_clipped_R1_paired_fastqc.html
[2025-05-20 11:02:36,002] multiqc                                            [DEBUG  ]  File ignored by vep/vep_txt because it exceeded search pattern filesize limit: MHW029_trimmed_clipped_R1_paired_fastqc.html
[2025-05-20 11:02:36,002] multiqc                                            [DEBUG  ]  File ignored by longranger/invocation because it exceeded search pattern filesize limit: MHW029_trimmed_clipped_R1_paired_fastqc.html
[2025-05-20 11:02:36,039] multiqc                                            [DEBUG  ]  File ignored by ccs/v4 because it exceeded search pattern filesize limit: MHW036_trimmed_clipped_R2_paired_fastqc.html
[2025-05-20 11:02:36,041] multiqc                                            [DEBUG  ]  File ignored by hicexplorer because it exceeded search pattern filesize limit: MHW036_trimmed_clipped_R2_paired_fastqc.html
[2025-05-20 11:02:36,041] multiqc                                            [DEBUG  ]  File ignored by nanostat because it exceeded search pattern filesize limit: MHW036_trimmed_clipped_R2_paired_fastqc.html
[2025-05-20 11:02:36,041] multiqc                                            [DEBUG  ]  File ignored by lima/summary because it exceeded search pattern filesize limit: MHW036_trimmed_clipped_R2_paired_fastqc.html
[2025-05-20 11:02:36,044] multiqc                                            [DEBUG  ]  File ignored by vep/vep_txt because it exceeded search pattern filesize limit: MHW036_trimmed_clipped_R2_paired_fastqc.html
[2025-05-20 11:02:36,044] multiqc                                            [DEBUG  ]  File ignored by longranger/invocation because it exceeded search pattern filesize limit: MHW036_trimmed_clipped_R2_paired_fastqc.html
[2025-05-20 11:02:36,089] multiqc                                            [DEBUG  ]  File ignored by ccs/v4 because it exceeded search pattern filesize limit: MHW037_trimmed_clipped_R1_paired_fastqc.html
[2025-05-20 11:02:36,090] multiqc                                            [DEBUG  ]  File ignored by hicexplorer because it exceeded search pattern filesize limit: MHW037_trimmed_clipped_R1_paired_fastqc.html
[2025-05-20 11:02:36,091] multiqc                                            [DEBUG  ]  File ignored by nanostat because it exceeded search pattern filesize limit: MHW037_trimmed_clipped_R1_paired_fastqc.html
[2025-05-20 11:02:36,091] multiqc                                            [DEBUG  ]  File ignored by lima/summary because it exceeded search pattern filesize limit: MHW037_trimmed_clipped_R1_paired_fastqc.html
[2025-05-20 11:02:36,094] multiqc                                            [DEBUG  ]  File ignored by vep/vep_txt because it exceeded search pattern filesize limit: MHW037_trimmed_clipped_R1_paired_fastqc.html
[2025-05-20 11:02:36,094] multiqc                                            [DEBUG  ]  File ignored by longranger/invocation because it exceeded search pattern filesize limit: MHW037_trimmed_clipped_R1_paired_fastqc.html
[2025-05-20 11:02:36,131] multiqc                                            [DEBUG  ]  File ignored by ccs/v4 because it exceeded search pattern filesize limit: MHW038_trimmed_clipped_R1_paired_fastqc.html
[2025-05-20 11:02:36,132] multiqc                                            [DEBUG  ]  File ignored by hicexplorer because it exceeded search pattern filesize limit: MHW038_trimmed_clipped_R1_paired_fastqc.html
[2025-05-20 11:02:36,133] multiqc                                            [DEBUG  ]  File ignored by nanostat because it exceeded search pattern filesize limit: MHW038_trimmed_clipped_R1_paired_fastqc.html
[2025-05-20 11:02:36,133] multiqc                                            [DEBUG  ]  File ignored by lima/summary because it exceeded search pattern filesize limit: MHW038_trimmed_clipped_R1_paired_fastqc.html
[2025-05-20 11:02:36,136] multiqc                                            [DEBUG  ]  File ignored by vep/vep_txt because it exceeded search pattern filesize limit: MHW038_trimmed_clipped_R1_paired_fastqc.html
[2025-05-20 11:02:36,136] multiqc                                            [DEBUG  ]  File ignored by longranger/invocation because it exceeded search pattern filesize limit: MHW038_trimmed_clipped_R1_paired_fastqc.html
[2025-05-20 11:02:36,173] multiqc                                            [DEBUG  ]  File ignored by ccs/v4 because it exceeded search pattern filesize limit: MHW032_trimmed_clipped_R2_paired_fastqc.html
[2025-05-20 11:02:36,175] multiqc                                            [DEBUG  ]  File ignored by hicexplorer because it exceeded search pattern filesize limit: MHW032_trimmed_clipped_R2_paired_fastqc.html
[2025-05-20 11:02:36,175] multiqc                                            [DEBUG  ]  File ignored by nanostat because it exceeded search pattern filesize limit: MHW032_trimmed_clipped_R2_paired_fastqc.html
[2025-05-20 11:02:36,175] multiqc                                            [DEBUG  ]  File ignored by lima/summary because it exceeded search pattern filesize limit: MHW032_trimmed_clipped_R2_paired_fastqc.html
[2025-05-20 11:02:36,178] multiqc                                            [DEBUG  ]  File ignored by vep/vep_txt because it exceeded search pattern filesize limit: MHW032_trimmed_clipped_R2_paired_fastqc.html
[2025-05-20 11:02:36,178] multiqc                                            [DEBUG  ]  File ignored by longranger/invocation because it exceeded search pattern filesize limit: MHW032_trimmed_clipped_R2_paired_fastqc.html
[2025-05-20 11:02:36,216] multiqc                                            [DEBUG  ]  File ignored by ccs/v4 because it exceeded search pattern filesize limit: MHW039_trimmed_clipped_R1_paired_fastqc.html
[2025-05-20 11:02:36,218] multiqc                                            [DEBUG  ]  File ignored by hicexplorer because it exceeded search pattern filesize limit: MHW039_trimmed_clipped_R1_paired_fastqc.html
[2025-05-20 11:02:36,218] multiqc                                            [DEBUG  ]  File ignored by nanostat because it exceeded search pattern filesize limit: MHW039_trimmed_clipped_R1_paired_fastqc.html
[2025-05-20 11:02:36,218] multiqc                                            [DEBUG  ]  File ignored by lima/summary because it exceeded search pattern filesize limit: MHW039_trimmed_clipped_R1_paired_fastqc.html
[2025-05-20 11:02:36,221] multiqc                                            [DEBUG  ]  File ignored by vep/vep_txt because it exceeded search pattern filesize limit: MHW039_trimmed_clipped_R1_paired_fastqc.html
[2025-05-20 11:02:36,221] multiqc                                            [DEBUG  ]  File ignored by longranger/invocation because it exceeded search pattern filesize limit: MHW039_trimmed_clipped_R1_paired_fastqc.html
[2025-05-20 11:02:36,258] multiqc                                            [DEBUG  ]  File ignored by ccs/v4 because it exceeded search pattern filesize limit: MHW039_trimmed_clipped_R2_paired_fastqc.html
[2025-05-20 11:02:36,260] multiqc                                            [DEBUG  ]  File ignored by hicexplorer because it exceeded search pattern filesize limit: MHW039_trimmed_clipped_R2_paired_fastqc.html
[2025-05-20 11:02:36,260] multiqc                                            [DEBUG  ]  File ignored by nanostat because it exceeded search pattern filesize limit: MHW039_trimmed_clipped_R2_paired_fastqc.html
[2025-05-20 11:02:36,260] multiqc                                            [DEBUG  ]  File ignored by lima/summary because it exceeded search pattern filesize limit: MHW039_trimmed_clipped_R2_paired_fastqc.html
[2025-05-20 11:02:36,263] multiqc                                            [DEBUG  ]  File ignored by vep/vep_txt because it exceeded search pattern filesize limit: MHW039_trimmed_clipped_R2_paired_fastqc.html
[2025-05-20 11:02:36,263] multiqc                                            [DEBUG  ]  File ignored by longranger/invocation because it exceeded search pattern filesize limit: MHW039_trimmed_clipped_R2_paired_fastqc.html
[2025-05-20 11:02:36,300] multiqc                                            [DEBUG  ]  File ignored by ccs/v4 because it exceeded search pattern filesize limit: MHW041_trimmed_clipped_R1_paired_fastqc.html
[2025-05-20 11:02:36,302] multiqc                                            [DEBUG  ]  File ignored by hicexplorer because it exceeded search pattern filesize limit: MHW041_trimmed_clipped_R1_paired_fastqc.html
[2025-05-20 11:02:36,302] multiqc                                            [DEBUG  ]  File ignored by nanostat because it exceeded search pattern filesize limit: MHW041_trimmed_clipped_R1_paired_fastqc.html
[2025-05-20 11:02:36,302] multiqc                                            [DEBUG  ]  File ignored by lima/summary because it exceeded search pattern filesize limit: MHW041_trimmed_clipped_R1_paired_fastqc.html
[2025-05-20 11:02:36,305] multiqc                                            [DEBUG  ]  File ignored by vep/vep_txt because it exceeded search pattern filesize limit: MHW041_trimmed_clipped_R1_paired_fastqc.html
[2025-05-20 11:02:36,305] multiqc                                            [DEBUG  ]  File ignored by longranger/invocation because it exceeded search pattern filesize limit: MHW041_trimmed_clipped_R1_paired_fastqc.html
[2025-05-20 11:02:36,343] multiqc                                            [DEBUG  ]  File ignored by ccs/v4 because it exceeded search pattern filesize limit: MHW040_trimmed_clipped_R2_paired_fastqc.html
[2025-05-20 11:02:36,345] multiqc                                            [DEBUG  ]  File ignored by hicexplorer because it exceeded search pattern filesize limit: MHW040_trimmed_clipped_R2_paired_fastqc.html
[2025-05-20 11:02:36,345] multiqc                                            [DEBUG  ]  File ignored by nanostat because it exceeded search pattern filesize limit: MHW040_trimmed_clipped_R2_paired_fastqc.html
[2025-05-20 11:02:36,345] multiqc                                            [DEBUG  ]  File ignored by lima/summary because it exceeded search pattern filesize limit: MHW040_trimmed_clipped_R2_paired_fastqc.html
[2025-05-20 11:02:36,348] multiqc                                            [DEBUG  ]  File ignored by vep/vep_txt because it exceeded search pattern filesize limit: MHW040_trimmed_clipped_R2_paired_fastqc.html
[2025-05-20 11:02:36,348] multiqc                                            [DEBUG  ]  File ignored by longranger/invocation because it exceeded search pattern filesize limit: MHW040_trimmed_clipped_R2_paired_fastqc.html
[2025-05-20 11:02:36,398] multiqc                                            [DEBUG  ]  File ignored by ccs/v4 because it exceeded search pattern filesize limit: MHW040_trimmed_clipped_R1_paired_fastqc.html
[2025-05-20 11:02:36,399] multiqc                                            [DEBUG  ]  File ignored by hicexplorer because it exceeded search pattern filesize limit: MHW040_trimmed_clipped_R1_paired_fastqc.html
[2025-05-20 11:02:36,400] multiqc                                            [DEBUG  ]  File ignored by nanostat because it exceeded search pattern filesize limit: MHW040_trimmed_clipped_R1_paired_fastqc.html
[2025-05-20 11:02:36,400] multiqc                                            [DEBUG  ]  File ignored by lima/summary because it exceeded search pattern filesize limit: MHW040_trimmed_clipped_R1_paired_fastqc.html
[2025-05-20 11:02:36,403] multiqc                                            [DEBUG  ]  File ignored by vep/vep_txt because it exceeded search pattern filesize limit: MHW040_trimmed_clipped_R1_paired_fastqc.html
[2025-05-20 11:02:36,403] multiqc                                            [DEBUG  ]  File ignored by longranger/invocation because it exceeded search pattern filesize limit: MHW040_trimmed_clipped_R1_paired_fastqc.html
[2025-05-20 11:02:36,441] multiqc                                            [DEBUG  ]  File ignored by ccs/v4 because it exceeded search pattern filesize limit: MHW042_trimmed_clipped_R1_paired_fastqc.html
[2025-05-20 11:02:36,443] multiqc                                            [DEBUG  ]  File ignored by hicexplorer because it exceeded search pattern filesize limit: MHW042_trimmed_clipped_R1_paired_fastqc.html
[2025-05-20 11:02:36,443] multiqc                                            [DEBUG  ]  File ignored by nanostat because it exceeded search pattern filesize limit: MHW042_trimmed_clipped_R1_paired_fastqc.html
[2025-05-20 11:02:36,443] multiqc                                            [DEBUG  ]  File ignored by lima/summary because it exceeded search pattern filesize limit: MHW042_trimmed_clipped_R1_paired_fastqc.html
[2025-05-20 11:02:36,446] multiqc                                            [DEBUG  ]  File ignored by vep/vep_txt because it exceeded search pattern filesize limit: MHW042_trimmed_clipped_R1_paired_fastqc.html
[2025-05-20 11:02:36,446] multiqc                                            [DEBUG  ]  File ignored by longranger/invocation because it exceeded search pattern filesize limit: MHW042_trimmed_clipped_R1_paired_fastqc.html
[2025-05-20 11:02:36,492] multiqc                                            [DEBUG  ]  File ignored by ccs/v4 because it exceeded search pattern filesize limit: MHW042_trimmed_clipped_R2_paired_fastqc.html
[2025-05-20 11:02:36,494] multiqc                                            [DEBUG  ]  File ignored by hicexplorer because it exceeded search pattern filesize limit: MHW042_trimmed_clipped_R2_paired_fastqc.html
[2025-05-20 11:02:36,494] multiqc                                            [DEBUG  ]  File ignored by nanostat because it exceeded search pattern filesize limit: MHW042_trimmed_clipped_R2_paired_fastqc.html
[2025-05-20 11:02:36,494] multiqc                                            [DEBUG  ]  File ignored by lima/summary because it exceeded search pattern filesize limit: MHW042_trimmed_clipped_R2_paired_fastqc.html
[2025-05-20 11:02:36,497] multiqc                                            [DEBUG  ]  File ignored by vep/vep_txt because it exceeded search pattern filesize limit: MHW042_trimmed_clipped_R2_paired_fastqc.html
[2025-05-20 11:02:36,497] multiqc                                            [DEBUG  ]  File ignored by longranger/invocation because it exceeded search pattern filesize limit: MHW042_trimmed_clipped_R2_paired_fastqc.html
[2025-05-20 11:02:36,546] multiqc                                            [DEBUG  ]  File ignored by ccs/v4 because it exceeded search pattern filesize limit: MHW043_trimmed_clipped_R1_paired_fastqc.html
[2025-05-20 11:02:36,547] multiqc                                            [DEBUG  ]  File ignored by hicexplorer because it exceeded search pattern filesize limit: MHW043_trimmed_clipped_R1_paired_fastqc.html
[2025-05-20 11:02:36,548] multiqc                                            [DEBUG  ]  File ignored by nanostat because it exceeded search pattern filesize limit: MHW043_trimmed_clipped_R1_paired_fastqc.html
[2025-05-20 11:02:36,548] multiqc                                            [DEBUG  ]  File ignored by lima/summary because it exceeded search pattern filesize limit: MHW043_trimmed_clipped_R1_paired_fastqc.html
[2025-05-20 11:02:36,551] multiqc                                            [DEBUG  ]  File ignored by vep/vep_txt because it exceeded search pattern filesize limit: MHW043_trimmed_clipped_R1_paired_fastqc.html
[2025-05-20 11:02:36,551] multiqc                                            [DEBUG  ]  File ignored by longranger/invocation because it exceeded search pattern filesize limit: MHW043_trimmed_clipped_R1_paired_fastqc.html
[2025-05-20 11:02:36,589] multiqc                                            [DEBUG  ]  File ignored by ccs/v4 because it exceeded search pattern filesize limit: MHW037_trimmed_clipped_R2_paired_fastqc.html
[2025-05-20 11:02:36,590] multiqc                                            [DEBUG  ]  File ignored by hicexplorer because it exceeded search pattern filesize limit: MHW037_trimmed_clipped_R2_paired_fastqc.html
[2025-05-20 11:02:36,590] multiqc                                            [DEBUG  ]  File ignored by nanostat because it exceeded search pattern filesize limit: MHW037_trimmed_clipped_R2_paired_fastqc.html
[2025-05-20 11:02:36,591] multiqc                                            [DEBUG  ]  File ignored by lima/summary because it exceeded search pattern filesize limit: MHW037_trimmed_clipped_R2_paired_fastqc.html
[2025-05-20 11:02:36,594] multiqc                                            [DEBUG  ]  File ignored by vep/vep_txt because it exceeded search pattern filesize limit: MHW037_trimmed_clipped_R2_paired_fastqc.html
[2025-05-20 11:02:36,594] multiqc                                            [DEBUG  ]  File ignored by longranger/invocation because it exceeded search pattern filesize limit: MHW037_trimmed_clipped_R2_paired_fastqc.html
[2025-05-20 11:02:36,643] multiqc                                            [DEBUG  ]  File ignored by ccs/v4 because it exceeded search pattern filesize limit: MHW044_trimmed_clipped_R2_paired_fastqc.html
[2025-05-20 11:02:36,645] multiqc                                            [DEBUG  ]  File ignored by hicexplorer because it exceeded search pattern filesize limit: MHW044_trimmed_clipped_R2_paired_fastqc.html
[2025-05-20 11:02:36,645] multiqc                                            [DEBUG  ]  File ignored by nanostat because it exceeded search pattern filesize limit: MHW044_trimmed_clipped_R2_paired_fastqc.html
[2025-05-20 11:02:36,645] multiqc                                            [DEBUG  ]  File ignored by lima/summary because it exceeded search pattern filesize limit: MHW044_trimmed_clipped_R2_paired_fastqc.html
[2025-05-20 11:02:36,648] multiqc                                            [DEBUG  ]  File ignored by vep/vep_txt because it exceeded search pattern filesize limit: MHW044_trimmed_clipped_R2_paired_fastqc.html
[2025-05-20 11:02:36,648] multiqc                                            [DEBUG  ]  File ignored by longranger/invocation because it exceeded search pattern filesize limit: MHW044_trimmed_clipped_R2_paired_fastqc.html
[2025-05-20 11:02:36,708] multiqc                                            [DEBUG  ]  File ignored by ccs/v4 because it exceeded search pattern filesize limit: MHW044_trimmed_clipped_R1_paired_fastqc.html
[2025-05-20 11:02:36,709] multiqc                                            [DEBUG  ]  File ignored by hicexplorer because it exceeded search pattern filesize limit: MHW044_trimmed_clipped_R1_paired_fastqc.html
[2025-05-20 11:02:36,709] multiqc                                            [DEBUG  ]  File ignored by nanostat because it exceeded search pattern filesize limit: MHW044_trimmed_clipped_R1_paired_fastqc.html
[2025-05-20 11:02:36,710] multiqc                                            [DEBUG  ]  File ignored by lima/summary because it exceeded search pattern filesize limit: MHW044_trimmed_clipped_R1_paired_fastqc.html
[2025-05-20 11:02:36,713] multiqc                                            [DEBUG  ]  File ignored by vep/vep_txt because it exceeded search pattern filesize limit: MHW044_trimmed_clipped_R1_paired_fastqc.html
[2025-05-20 11:02:36,713] multiqc                                            [DEBUG  ]  File ignored by longranger/invocation because it exceeded search pattern filesize limit: MHW044_trimmed_clipped_R1_paired_fastqc.html
[2025-05-20 11:02:36,773] multiqc                                            [DEBUG  ]  File ignored by ccs/v4 because it exceeded search pattern filesize limit: MHW045_trimmed_clipped_R1_paired_fastqc.html
[2025-05-20 11:02:36,775] multiqc                                            [DEBUG  ]  File ignored by hicexplorer because it exceeded search pattern filesize limit: MHW045_trimmed_clipped_R1_paired_fastqc.html
[2025-05-20 11:02:36,775] multiqc                                            [DEBUG  ]  File ignored by nanostat because it exceeded search pattern filesize limit: MHW045_trimmed_clipped_R1_paired_fastqc.html
[2025-05-20 11:02:36,776] multiqc                                            [DEBUG  ]  File ignored by lima/summary because it exceeded search pattern filesize limit: MHW045_trimmed_clipped_R1_paired_fastqc.html
[2025-05-20 11:02:36,779] multiqc                                            [DEBUG  ]  File ignored by vep/vep_txt because it exceeded search pattern filesize limit: MHW045_trimmed_clipped_R1_paired_fastqc.html
[2025-05-20 11:02:36,779] multiqc                                            [DEBUG  ]  File ignored by longranger/invocation because it exceeded search pattern filesize limit: MHW045_trimmed_clipped_R1_paired_fastqc.html
[2025-05-20 11:02:36,851] multiqc                                            [DEBUG  ]  File ignored by ccs/v4 because it exceeded search pattern filesize limit: MHW038_trimmed_clipped_R2_paired_fastqc.html
[2025-05-20 11:02:36,853] multiqc                                            [DEBUG  ]  File ignored by hicexplorer because it exceeded search pattern filesize limit: MHW038_trimmed_clipped_R2_paired_fastqc.html
[2025-05-20 11:02:36,853] multiqc                                            [DEBUG  ]  File ignored by nanostat because it exceeded search pattern filesize limit: MHW038_trimmed_clipped_R2_paired_fastqc.html
[2025-05-20 11:02:36,853] multiqc                                            [DEBUG  ]  File ignored by lima/summary because it exceeded search pattern filesize limit: MHW038_trimmed_clipped_R2_paired_fastqc.html
[2025-05-20 11:02:36,856] multiqc                                            [DEBUG  ]  File ignored by vep/vep_txt because it exceeded search pattern filesize limit: MHW038_trimmed_clipped_R2_paired_fastqc.html
[2025-05-20 11:02:36,856] multiqc                                            [DEBUG  ]  File ignored by longranger/invocation because it exceeded search pattern filesize limit: MHW038_trimmed_clipped_R2_paired_fastqc.html
[2025-05-20 11:02:36,917] multiqc                                            [DEBUG  ]  File ignored by ccs/v4 because it exceeded search pattern filesize limit: MHW045_trimmed_clipped_R2_paired_fastqc.html
[2025-05-20 11:02:36,919] multiqc                                            [DEBUG  ]  File ignored by hicexplorer because it exceeded search pattern filesize limit: MHW045_trimmed_clipped_R2_paired_fastqc.html
[2025-05-20 11:02:36,919] multiqc                                            [DEBUG  ]  File ignored by nanostat because it exceeded search pattern filesize limit: MHW045_trimmed_clipped_R2_paired_fastqc.html
[2025-05-20 11:02:36,919] multiqc                                            [DEBUG  ]  File ignored by lima/summary because it exceeded search pattern filesize limit: MHW045_trimmed_clipped_R2_paired_fastqc.html
[2025-05-20 11:02:36,922] multiqc                                            [DEBUG  ]  File ignored by vep/vep_txt because it exceeded search pattern filesize limit: MHW045_trimmed_clipped_R2_paired_fastqc.html
[2025-05-20 11:02:36,922] multiqc                                            [DEBUG  ]  File ignored by longranger/invocation because it exceeded search pattern filesize limit: MHW045_trimmed_clipped_R2_paired_fastqc.html
[2025-05-20 11:02:36,960] multiqc                                            [DEBUG  ]  File ignored by ccs/v4 because it exceeded search pattern filesize limit: MHW046_trimmed_clipped_R1_paired_fastqc.html
[2025-05-20 11:02:36,962] multiqc                                            [DEBUG  ]  File ignored by hicexplorer because it exceeded search pattern filesize limit: MHW046_trimmed_clipped_R1_paired_fastqc.html
[2025-05-20 11:02:36,962] multiqc                                            [DEBUG  ]  File ignored by nanostat because it exceeded search pattern filesize limit: MHW046_trimmed_clipped_R1_paired_fastqc.html
[2025-05-20 11:02:36,962] multiqc                                            [DEBUG  ]  File ignored by lima/summary because it exceeded search pattern filesize limit: MHW046_trimmed_clipped_R1_paired_fastqc.html
[2025-05-20 11:02:36,966] multiqc                                            [DEBUG  ]  File ignored by vep/vep_txt because it exceeded search pattern filesize limit: MHW046_trimmed_clipped_R1_paired_fastqc.html
[2025-05-20 11:02:36,966] multiqc                                            [DEBUG  ]  File ignored by longranger/invocation because it exceeded search pattern filesize limit: MHW046_trimmed_clipped_R1_paired_fastqc.html
[2025-05-20 11:02:37,004] multiqc                                            [DEBUG  ]  File ignored by ccs/v4 because it exceeded search pattern filesize limit: MHW046_trimmed_clipped_R2_paired_fastqc.html
[2025-05-20 11:02:37,006] multiqc                                            [DEBUG  ]  File ignored by hicexplorer because it exceeded search pattern filesize limit: MHW046_trimmed_clipped_R2_paired_fastqc.html
[2025-05-20 11:02:37,006] multiqc                                            [DEBUG  ]  File ignored by nanostat because it exceeded search pattern filesize limit: MHW046_trimmed_clipped_R2_paired_fastqc.html
[2025-05-20 11:02:37,006] multiqc                                            [DEBUG  ]  File ignored by lima/summary because it exceeded search pattern filesize limit: MHW046_trimmed_clipped_R2_paired_fastqc.html
[2025-05-20 11:02:37,009] multiqc                                            [DEBUG  ]  File ignored by vep/vep_txt because it exceeded search pattern filesize limit: MHW046_trimmed_clipped_R2_paired_fastqc.html
[2025-05-20 11:02:37,009] multiqc                                            [DEBUG  ]  File ignored by longranger/invocation because it exceeded search pattern filesize limit: MHW046_trimmed_clipped_R2_paired_fastqc.html
[2025-05-20 11:02:37,047] multiqc                                            [DEBUG  ]  File ignored by ccs/v4 because it exceeded search pattern filesize limit: MHW047_trimmed_clipped_R1_paired_fastqc.html
[2025-05-20 11:02:37,049] multiqc                                            [DEBUG  ]  File ignored by hicexplorer because it exceeded search pattern filesize limit: MHW047_trimmed_clipped_R1_paired_fastqc.html
[2025-05-20 11:02:37,049] multiqc                                            [DEBUG  ]  File ignored by nanostat because it exceeded search pattern filesize limit: MHW047_trimmed_clipped_R1_paired_fastqc.html
[2025-05-20 11:02:37,050] multiqc                                            [DEBUG  ]  File ignored by lima/summary because it exceeded search pattern filesize limit: MHW047_trimmed_clipped_R1_paired_fastqc.html
[2025-05-20 11:02:37,053] multiqc                                            [DEBUG  ]  File ignored by vep/vep_txt because it exceeded search pattern filesize limit: MHW047_trimmed_clipped_R1_paired_fastqc.html
[2025-05-20 11:02:37,053] multiqc                                            [DEBUG  ]  File ignored by longranger/invocation because it exceeded search pattern filesize limit: MHW047_trimmed_clipped_R1_paired_fastqc.html
[2025-05-20 11:02:37,103] multiqc                                            [DEBUG  ]  File ignored by ccs/v4 because it exceeded search pattern filesize limit: MHW047_trimmed_clipped_R2_paired_fastqc.html
[2025-05-20 11:02:37,105] multiqc                                            [DEBUG  ]  File ignored by hicexplorer because it exceeded search pattern filesize limit: MHW047_trimmed_clipped_R2_paired_fastqc.html
[2025-05-20 11:02:37,105] multiqc                                            [DEBUG  ]  File ignored by nanostat because it exceeded search pattern filesize limit: MHW047_trimmed_clipped_R2_paired_fastqc.html
[2025-05-20 11:02:37,105] multiqc                                            [DEBUG  ]  File ignored by lima/summary because it exceeded search pattern filesize limit: MHW047_trimmed_clipped_R2_paired_fastqc.html
[2025-05-20 11:02:37,108] multiqc                                            [DEBUG  ]  File ignored by vep/vep_txt because it exceeded search pattern filesize limit: MHW047_trimmed_clipped_R2_paired_fastqc.html
[2025-05-20 11:02:37,108] multiqc                                            [DEBUG  ]  File ignored by longranger/invocation because it exceeded search pattern filesize limit: MHW047_trimmed_clipped_R2_paired_fastqc.html
[2025-05-20 11:02:37,146] multiqc                                            [DEBUG  ]  File ignored by ccs/v4 because it exceeded search pattern filesize limit: MHW041_trimmed_clipped_R2_paired_fastqc.html
[2025-05-20 11:02:37,148] multiqc                                            [DEBUG  ]  File ignored by hicexplorer because it exceeded search pattern filesize limit: MHW041_trimmed_clipped_R2_paired_fastqc.html
[2025-05-20 11:02:37,148] multiqc                                            [DEBUG  ]  File ignored by nanostat because it exceeded search pattern filesize limit: MHW041_trimmed_clipped_R2_paired_fastqc.html
[2025-05-20 11:02:37,148] multiqc                                            [DEBUG  ]  File ignored by lima/summary because it exceeded search pattern filesize limit: MHW041_trimmed_clipped_R2_paired_fastqc.html
[2025-05-20 11:02:37,151] multiqc                                            [DEBUG  ]  File ignored by vep/vep_txt because it exceeded search pattern filesize limit: MHW041_trimmed_clipped_R2_paired_fastqc.html
[2025-05-20 11:02:37,151] multiqc                                            [DEBUG  ]  File ignored by longranger/invocation because it exceeded search pattern filesize limit: MHW041_trimmed_clipped_R2_paired_fastqc.html
[2025-05-20 11:02:37,202] multiqc                                            [DEBUG  ]  File ignored by ccs/v4 because it exceeded search pattern filesize limit: MHW049_trimmed_clipped_R2_paired_fastqc.html
[2025-05-20 11:02:37,204] multiqc                                            [DEBUG  ]  File ignored by hicexplorer because it exceeded search pattern filesize limit: MHW049_trimmed_clipped_R2_paired_fastqc.html
[2025-05-20 11:02:37,204] multiqc                                            [DEBUG  ]  File ignored by nanostat because it exceeded search pattern filesize limit: MHW049_trimmed_clipped_R2_paired_fastqc.html
[2025-05-20 11:02:37,204] multiqc                                            [DEBUG  ]  File ignored by lima/summary because it exceeded search pattern filesize limit: MHW049_trimmed_clipped_R2_paired_fastqc.html
[2025-05-20 11:02:37,207] multiqc                                            [DEBUG  ]  File ignored by vep/vep_txt because it exceeded search pattern filesize limit: MHW049_trimmed_clipped_R2_paired_fastqc.html
[2025-05-20 11:02:37,207] multiqc                                            [DEBUG  ]  File ignored by longranger/invocation because it exceeded search pattern filesize limit: MHW049_trimmed_clipped_R2_paired_fastqc.html
[2025-05-20 11:02:37,245] multiqc                                            [DEBUG  ]  File ignored by ccs/v4 because it exceeded search pattern filesize limit: MHW049_trimmed_clipped_R1_paired_fastqc.html
[2025-05-20 11:02:37,246] multiqc                                            [DEBUG  ]  File ignored by hicexplorer because it exceeded search pattern filesize limit: MHW049_trimmed_clipped_R1_paired_fastqc.html
[2025-05-20 11:02:37,247] multiqc                                            [DEBUG  ]  File ignored by nanostat because it exceeded search pattern filesize limit: MHW049_trimmed_clipped_R1_paired_fastqc.html
[2025-05-20 11:02:37,247] multiqc                                            [DEBUG  ]  File ignored by lima/summary because it exceeded search pattern filesize limit: MHW049_trimmed_clipped_R1_paired_fastqc.html
[2025-05-20 11:02:37,250] multiqc                                            [DEBUG  ]  File ignored by vep/vep_txt because it exceeded search pattern filesize limit: MHW049_trimmed_clipped_R1_paired_fastqc.html
[2025-05-20 11:02:37,250] multiqc                                            [DEBUG  ]  File ignored by longranger/invocation because it exceeded search pattern filesize limit: MHW049_trimmed_clipped_R1_paired_fastqc.html
[2025-05-20 11:02:37,287] multiqc                                            [DEBUG  ]  File ignored by ccs/v4 because it exceeded search pattern filesize limit: MHW048_trimmed_clipped_R2_paired_fastqc.html
[2025-05-20 11:02:37,289] multiqc                                            [DEBUG  ]  File ignored by hicexplorer because it exceeded search pattern filesize limit: MHW048_trimmed_clipped_R2_paired_fastqc.html
[2025-05-20 11:02:37,289] multiqc                                            [DEBUG  ]  File ignored by nanostat because it exceeded search pattern filesize limit: MHW048_trimmed_clipped_R2_paired_fastqc.html
[2025-05-20 11:02:37,289] multiqc                                            [DEBUG  ]  File ignored by lima/summary because it exceeded search pattern filesize limit: MHW048_trimmed_clipped_R2_paired_fastqc.html
[2025-05-20 11:02:37,292] multiqc                                            [DEBUG  ]  File ignored by vep/vep_txt because it exceeded search pattern filesize limit: MHW048_trimmed_clipped_R2_paired_fastqc.html
[2025-05-20 11:02:37,292] multiqc                                            [DEBUG  ]  File ignored by longranger/invocation because it exceeded search pattern filesize limit: MHW048_trimmed_clipped_R2_paired_fastqc.html
[2025-05-20 11:02:37,344] multiqc                                            [DEBUG  ]  File ignored by ccs/v4 because it exceeded search pattern filesize limit: MHW050_trimmed_clipped_R2_paired_fastqc.html
[2025-05-20 11:02:37,346] multiqc                                            [DEBUG  ]  File ignored by hicexplorer because it exceeded search pattern filesize limit: MHW050_trimmed_clipped_R2_paired_fastqc.html
[2025-05-20 11:02:37,346] multiqc                                            [DEBUG  ]  File ignored by nanostat because it exceeded search pattern filesize limit: MHW050_trimmed_clipped_R2_paired_fastqc.html
[2025-05-20 11:02:37,347] multiqc                                            [DEBUG  ]  File ignored by lima/summary because it exceeded search pattern filesize limit: MHW050_trimmed_clipped_R2_paired_fastqc.html
[2025-05-20 11:02:37,350] multiqc                                            [DEBUG  ]  File ignored by vep/vep_txt because it exceeded search pattern filesize limit: MHW050_trimmed_clipped_R2_paired_fastqc.html
[2025-05-20 11:02:37,350] multiqc                                            [DEBUG  ]  File ignored by longranger/invocation because it exceeded search pattern filesize limit: MHW050_trimmed_clipped_R2_paired_fastqc.html
[2025-05-20 11:02:37,386] multiqc                                            [DEBUG  ]  File ignored by ccs/v4 because it exceeded search pattern filesize limit: MHW051_trimmed_clipped_R1_paired_fastqc.html
[2025-05-20 11:02:37,388] multiqc                                            [DEBUG  ]  File ignored by hicexplorer because it exceeded search pattern filesize limit: MHW051_trimmed_clipped_R1_paired_fastqc.html
[2025-05-20 11:02:37,388] multiqc                                            [DEBUG  ]  File ignored by nanostat because it exceeded search pattern filesize limit: MHW051_trimmed_clipped_R1_paired_fastqc.html
[2025-05-20 11:02:37,388] multiqc                                            [DEBUG  ]  File ignored by lima/summary because it exceeded search pattern filesize limit: MHW051_trimmed_clipped_R1_paired_fastqc.html
[2025-05-20 11:02:37,391] multiqc                                            [DEBUG  ]  File ignored by vep/vep_txt because it exceeded search pattern filesize limit: MHW051_trimmed_clipped_R1_paired_fastqc.html
[2025-05-20 11:02:37,392] multiqc                                            [DEBUG  ]  File ignored by longranger/invocation because it exceeded search pattern filesize limit: MHW051_trimmed_clipped_R1_paired_fastqc.html
[2025-05-20 11:02:37,429] multiqc                                            [DEBUG  ]  File ignored by ccs/v4 because it exceeded search pattern filesize limit: MHW051_trimmed_clipped_R2_paired_fastqc.html
[2025-05-20 11:02:37,431] multiqc                                            [DEBUG  ]  File ignored by hicexplorer because it exceeded search pattern filesize limit: MHW051_trimmed_clipped_R2_paired_fastqc.html
[2025-05-20 11:02:37,431] multiqc                                            [DEBUG  ]  File ignored by nanostat because it exceeded search pattern filesize limit: MHW051_trimmed_clipped_R2_paired_fastqc.html
[2025-05-20 11:02:37,431] multiqc                                            [DEBUG  ]  File ignored by lima/summary because it exceeded search pattern filesize limit: MHW051_trimmed_clipped_R2_paired_fastqc.html
[2025-05-20 11:02:37,434] multiqc                                            [DEBUG  ]  File ignored by vep/vep_txt because it exceeded search pattern filesize limit: MHW051_trimmed_clipped_R2_paired_fastqc.html
[2025-05-20 11:02:37,434] multiqc                                            [DEBUG  ]  File ignored by longranger/invocation because it exceeded search pattern filesize limit: MHW051_trimmed_clipped_R2_paired_fastqc.html
[2025-05-20 11:02:37,484] multiqc                                            [DEBUG  ]  File ignored by ccs/v4 because it exceeded search pattern filesize limit: MHW052_trimmed_clipped_R1_paired_fastqc.html
[2025-05-20 11:02:37,485] multiqc                                            [DEBUG  ]  File ignored by hicexplorer because it exceeded search pattern filesize limit: MHW052_trimmed_clipped_R1_paired_fastqc.html
[2025-05-20 11:02:37,486] multiqc                                            [DEBUG  ]  File ignored by nanostat because it exceeded search pattern filesize limit: MHW052_trimmed_clipped_R1_paired_fastqc.html
[2025-05-20 11:02:37,486] multiqc                                            [DEBUG  ]  File ignored by lima/summary because it exceeded search pattern filesize limit: MHW052_trimmed_clipped_R1_paired_fastqc.html
[2025-05-20 11:02:37,489] multiqc                                            [DEBUG  ]  File ignored by vep/vep_txt because it exceeded search pattern filesize limit: MHW052_trimmed_clipped_R1_paired_fastqc.html
[2025-05-20 11:02:37,489] multiqc                                            [DEBUG  ]  File ignored by longranger/invocation because it exceeded search pattern filesize limit: MHW052_trimmed_clipped_R1_paired_fastqc.html
[2025-05-20 11:02:37,527] multiqc                                            [DEBUG  ]  File ignored by ccs/v4 because it exceeded search pattern filesize limit: MHW052_trimmed_clipped_R2_paired_fastqc.html
[2025-05-20 11:02:37,528] multiqc                                            [DEBUG  ]  File ignored by hicexplorer because it exceeded search pattern filesize limit: MHW052_trimmed_clipped_R2_paired_fastqc.html
[2025-05-20 11:02:37,528] multiqc                                            [DEBUG  ]  File ignored by nanostat because it exceeded search pattern filesize limit: MHW052_trimmed_clipped_R2_paired_fastqc.html
[2025-05-20 11:02:37,529] multiqc                                            [DEBUG  ]  File ignored by lima/summary because it exceeded search pattern filesize limit: MHW052_trimmed_clipped_R2_paired_fastqc.html
[2025-05-20 11:02:37,532] multiqc                                            [DEBUG  ]  File ignored by vep/vep_txt because it exceeded search pattern filesize limit: MHW052_trimmed_clipped_R2_paired_fastqc.html
[2025-05-20 11:02:37,532] multiqc                                            [DEBUG  ]  File ignored by longranger/invocation because it exceeded search pattern filesize limit: MHW052_trimmed_clipped_R2_paired_fastqc.html
[2025-05-20 11:02:37,570] multiqc                                            [DEBUG  ]  File ignored by ccs/v4 because it exceeded search pattern filesize limit: MHW053_trimmed_clipped_R2_paired_fastqc.html
[2025-05-20 11:02:37,572] multiqc                                            [DEBUG  ]  File ignored by hicexplorer because it exceeded search pattern filesize limit: MHW053_trimmed_clipped_R2_paired_fastqc.html
[2025-05-20 11:02:37,572] multiqc                                            [DEBUG  ]  File ignored by nanostat because it exceeded search pattern filesize limit: MHW053_trimmed_clipped_R2_paired_fastqc.html
[2025-05-20 11:02:37,572] multiqc                                            [DEBUG  ]  File ignored by lima/summary because it exceeded search pattern filesize limit: MHW053_trimmed_clipped_R2_paired_fastqc.html
[2025-05-20 11:02:37,575] multiqc                                            [DEBUG  ]  File ignored by vep/vep_txt because it exceeded search pattern filesize limit: MHW053_trimmed_clipped_R2_paired_fastqc.html
[2025-05-20 11:02:37,575] multiqc                                            [DEBUG  ]  File ignored by longranger/invocation because it exceeded search pattern filesize limit: MHW053_trimmed_clipped_R2_paired_fastqc.html
[2025-05-20 11:02:37,612] multiqc                                            [DEBUG  ]  File ignored by ccs/v4 because it exceeded search pattern filesize limit: MHW043_trimmed_clipped_R2_paired_fastqc.html
[2025-05-20 11:02:37,614] multiqc                                            [DEBUG  ]  File ignored by hicexplorer because it exceeded search pattern filesize limit: MHW043_trimmed_clipped_R2_paired_fastqc.html
[2025-05-20 11:02:37,614] multiqc                                            [DEBUG  ]  File ignored by nanostat because it exceeded search pattern filesize limit: MHW043_trimmed_clipped_R2_paired_fastqc.html
[2025-05-20 11:02:37,614] multiqc                                            [DEBUG  ]  File ignored by lima/summary because it exceeded search pattern filesize limit: MHW043_trimmed_clipped_R2_paired_fastqc.html
[2025-05-20 11:02:37,617] multiqc                                            [DEBUG  ]  File ignored by vep/vep_txt because it exceeded search pattern filesize limit: MHW043_trimmed_clipped_R2_paired_fastqc.html
[2025-05-20 11:02:37,617] multiqc                                            [DEBUG  ]  File ignored by longranger/invocation because it exceeded search pattern filesize limit: MHW043_trimmed_clipped_R2_paired_fastqc.html
[2025-05-20 11:02:37,654] multiqc                                            [DEBUG  ]  File ignored by ccs/v4 because it exceeded search pattern filesize limit: MHW055_trimmed_clipped_R1_paired_fastqc.html
[2025-05-20 11:02:37,656] multiqc                                            [DEBUG  ]  File ignored by hicexplorer because it exceeded search pattern filesize limit: MHW055_trimmed_clipped_R1_paired_fastqc.html
[2025-05-20 11:02:37,656] multiqc                                            [DEBUG  ]  File ignored by nanostat because it exceeded search pattern filesize limit: MHW055_trimmed_clipped_R1_paired_fastqc.html
[2025-05-20 11:02:37,656] multiqc                                            [DEBUG  ]  File ignored by lima/summary because it exceeded search pattern filesize limit: MHW055_trimmed_clipped_R1_paired_fastqc.html
[2025-05-20 11:02:37,659] multiqc                                            [DEBUG  ]  File ignored by vep/vep_txt because it exceeded search pattern filesize limit: MHW055_trimmed_clipped_R1_paired_fastqc.html
[2025-05-20 11:02:37,659] multiqc                                            [DEBUG  ]  File ignored by longranger/invocation because it exceeded search pattern filesize limit: MHW055_trimmed_clipped_R1_paired_fastqc.html
[2025-05-20 11:02:37,698] multiqc                                            [DEBUG  ]  File ignored by ccs/v4 because it exceeded search pattern filesize limit: MHW054_trimmed_clipped_R1_paired_fastqc.html
[2025-05-20 11:02:37,699] multiqc                                            [DEBUG  ]  File ignored by hicexplorer because it exceeded search pattern filesize limit: MHW054_trimmed_clipped_R1_paired_fastqc.html
[2025-05-20 11:02:37,700] multiqc                                            [DEBUG  ]  File ignored by nanostat because it exceeded search pattern filesize limit: MHW054_trimmed_clipped_R1_paired_fastqc.html
[2025-05-20 11:02:37,700] multiqc                                            [DEBUG  ]  File ignored by lima/summary because it exceeded search pattern filesize limit: MHW054_trimmed_clipped_R1_paired_fastqc.html
[2025-05-20 11:02:37,703] multiqc                                            [DEBUG  ]  File ignored by vep/vep_txt because it exceeded search pattern filesize limit: MHW054_trimmed_clipped_R1_paired_fastqc.html
[2025-05-20 11:02:37,703] multiqc                                            [DEBUG  ]  File ignored by longranger/invocation because it exceeded search pattern filesize limit: MHW054_trimmed_clipped_R1_paired_fastqc.html
[2025-05-20 11:02:37,740] multiqc                                            [DEBUG  ]  File ignored by ccs/v4 because it exceeded search pattern filesize limit: MHW054_trimmed_clipped_R2_paired_fastqc.html
[2025-05-20 11:02:37,742] multiqc                                            [DEBUG  ]  File ignored by hicexplorer because it exceeded search pattern filesize limit: MHW054_trimmed_clipped_R2_paired_fastqc.html
[2025-05-20 11:02:37,742] multiqc                                            [DEBUG  ]  File ignored by nanostat because it exceeded search pattern filesize limit: MHW054_trimmed_clipped_R2_paired_fastqc.html
[2025-05-20 11:02:37,742] multiqc                                            [DEBUG  ]  File ignored by lima/summary because it exceeded search pattern filesize limit: MHW054_trimmed_clipped_R2_paired_fastqc.html
[2025-05-20 11:02:37,745] multiqc                                            [DEBUG  ]  File ignored by vep/vep_txt because it exceeded search pattern filesize limit: MHW054_trimmed_clipped_R2_paired_fastqc.html
[2025-05-20 11:02:37,745] multiqc                                            [DEBUG  ]  File ignored by longranger/invocation because it exceeded search pattern filesize limit: MHW054_trimmed_clipped_R2_paired_fastqc.html
[2025-05-20 11:02:37,791] multiqc                                            [DEBUG  ]  File ignored by ccs/v4 because it exceeded search pattern filesize limit: MHW055_trimmed_clipped_R2_paired_fastqc.html
[2025-05-20 11:02:37,793] multiqc                                            [DEBUG  ]  File ignored by hicexplorer because it exceeded search pattern filesize limit: MHW055_trimmed_clipped_R2_paired_fastqc.html
[2025-05-20 11:02:37,793] multiqc                                            [DEBUG  ]  File ignored by nanostat because it exceeded search pattern filesize limit: MHW055_trimmed_clipped_R2_paired_fastqc.html
[2025-05-20 11:02:37,793] multiqc                                            [DEBUG  ]  File ignored by lima/summary because it exceeded search pattern filesize limit: MHW055_trimmed_clipped_R2_paired_fastqc.html
[2025-05-20 11:02:37,796] multiqc                                            [DEBUG  ]  File ignored by vep/vep_txt because it exceeded search pattern filesize limit: MHW055_trimmed_clipped_R2_paired_fastqc.html
[2025-05-20 11:02:37,796] multiqc                                            [DEBUG  ]  File ignored by longranger/invocation because it exceeded search pattern filesize limit: MHW055_trimmed_clipped_R2_paired_fastqc.html
[2025-05-20 11:02:37,833] multiqc                                            [DEBUG  ]  File ignored by ccs/v4 because it exceeded search pattern filesize limit: MHW056_trimmed_clipped_R1_paired_fastqc.html
[2025-05-20 11:02:37,835] multiqc                                            [DEBUG  ]  File ignored by hicexplorer because it exceeded search pattern filesize limit: MHW056_trimmed_clipped_R1_paired_fastqc.html
[2025-05-20 11:02:37,835] multiqc                                            [DEBUG  ]  File ignored by nanostat because it exceeded search pattern filesize limit: MHW056_trimmed_clipped_R1_paired_fastqc.html
[2025-05-20 11:02:37,835] multiqc                                            [DEBUG  ]  File ignored by lima/summary because it exceeded search pattern filesize limit: MHW056_trimmed_clipped_R1_paired_fastqc.html
[2025-05-20 11:02:37,838] multiqc                                            [DEBUG  ]  File ignored by vep/vep_txt because it exceeded search pattern filesize limit: MHW056_trimmed_clipped_R1_paired_fastqc.html
[2025-05-20 11:02:37,838] multiqc                                            [DEBUG  ]  File ignored by longranger/invocation because it exceeded search pattern filesize limit: MHW056_trimmed_clipped_R1_paired_fastqc.html
[2025-05-20 11:02:37,875] multiqc                                            [DEBUG  ]  File ignored by ccs/v4 because it exceeded search pattern filesize limit: MHW056_trimmed_clipped_R2_paired_fastqc.html
[2025-05-20 11:02:37,877] multiqc                                            [DEBUG  ]  File ignored by hicexplorer because it exceeded search pattern filesize limit: MHW056_trimmed_clipped_R2_paired_fastqc.html
[2025-05-20 11:02:37,877] multiqc                                            [DEBUG  ]  File ignored by nanostat because it exceeded search pattern filesize limit: MHW056_trimmed_clipped_R2_paired_fastqc.html
[2025-05-20 11:02:37,877] multiqc                                            [DEBUG  ]  File ignored by lima/summary because it exceeded search pattern filesize limit: MHW056_trimmed_clipped_R2_paired_fastqc.html
[2025-05-20 11:02:37,880] multiqc                                            [DEBUG  ]  File ignored by vep/vep_txt because it exceeded search pattern filesize limit: MHW056_trimmed_clipped_R2_paired_fastqc.html
[2025-05-20 11:02:37,881] multiqc                                            [DEBUG  ]  File ignored by longranger/invocation because it exceeded search pattern filesize limit: MHW056_trimmed_clipped_R2_paired_fastqc.html
[2025-05-20 11:02:37,918] multiqc                                            [DEBUG  ]  File ignored by ccs/v4 because it exceeded search pattern filesize limit: MHW057_trimmed_clipped_R1_paired_fastqc.html
[2025-05-20 11:02:37,920] multiqc                                            [DEBUG  ]  File ignored by hicexplorer because it exceeded search pattern filesize limit: MHW057_trimmed_clipped_R1_paired_fastqc.html
[2025-05-20 11:02:37,920] multiqc                                            [DEBUG  ]  File ignored by nanostat because it exceeded search pattern filesize limit: MHW057_trimmed_clipped_R1_paired_fastqc.html
[2025-05-20 11:02:37,920] multiqc                                            [DEBUG  ]  File ignored by lima/summary because it exceeded search pattern filesize limit: MHW057_trimmed_clipped_R1_paired_fastqc.html
[2025-05-20 11:02:37,923] multiqc                                            [DEBUG  ]  File ignored by vep/vep_txt because it exceeded search pattern filesize limit: MHW057_trimmed_clipped_R1_paired_fastqc.html
[2025-05-20 11:02:37,923] multiqc                                            [DEBUG  ]  File ignored by longranger/invocation because it exceeded search pattern filesize limit: MHW057_trimmed_clipped_R1_paired_fastqc.html
[2025-05-20 11:02:37,960] multiqc                                            [DEBUG  ]  File ignored by ccs/v4 because it exceeded search pattern filesize limit: MHW050_trimmed_clipped_R1_paired_fastqc.html
[2025-05-20 11:02:37,962] multiqc                                            [DEBUG  ]  File ignored by hicexplorer because it exceeded search pattern filesize limit: MHW050_trimmed_clipped_R1_paired_fastqc.html
[2025-05-20 11:02:37,962] multiqc                                            [DEBUG  ]  File ignored by nanostat because it exceeded search pattern filesize limit: MHW050_trimmed_clipped_R1_paired_fastqc.html
[2025-05-20 11:02:37,962] multiqc                                            [DEBUG  ]  File ignored by lima/summary because it exceeded search pattern filesize limit: MHW050_trimmed_clipped_R1_paired_fastqc.html
[2025-05-20 11:02:37,965] multiqc                                            [DEBUG  ]  File ignored by vep/vep_txt because it exceeded search pattern filesize limit: MHW050_trimmed_clipped_R1_paired_fastqc.html
[2025-05-20 11:02:37,965] multiqc                                            [DEBUG  ]  File ignored by longranger/invocation because it exceeded search pattern filesize limit: MHW050_trimmed_clipped_R1_paired_fastqc.html
[2025-05-20 11:02:38,002] multiqc                                            [DEBUG  ]  File ignored by ccs/v4 because it exceeded search pattern filesize limit: MHW048_trimmed_clipped_R1_paired_fastqc.html
[2025-05-20 11:02:38,004] multiqc                                            [DEBUG  ]  File ignored by hicexplorer because it exceeded search pattern filesize limit: MHW048_trimmed_clipped_R1_paired_fastqc.html
[2025-05-20 11:02:38,004] multiqc                                            [DEBUG  ]  File ignored by nanostat because it exceeded search pattern filesize limit: MHW048_trimmed_clipped_R1_paired_fastqc.html
[2025-05-20 11:02:38,004] multiqc                                            [DEBUG  ]  File ignored by lima/summary because it exceeded search pattern filesize limit: MHW048_trimmed_clipped_R1_paired_fastqc.html
[2025-05-20 11:02:38,007] multiqc                                            [DEBUG  ]  File ignored by vep/vep_txt because it exceeded search pattern filesize limit: MHW048_trimmed_clipped_R1_paired_fastqc.html
[2025-05-20 11:02:38,007] multiqc                                            [DEBUG  ]  File ignored by longranger/invocation because it exceeded search pattern filesize limit: MHW048_trimmed_clipped_R1_paired_fastqc.html
[2025-05-20 11:02:38,085] multiqc                                            [DEBUG  ]  File ignored by ccs/v4 because it exceeded search pattern filesize limit: MHW057_trimmed_clipped_R2_paired_fastqc.html
[2025-05-20 11:02:38,086] multiqc                                            [DEBUG  ]  File ignored by hicexplorer because it exceeded search pattern filesize limit: MHW057_trimmed_clipped_R2_paired_fastqc.html
[2025-05-20 11:02:38,086] multiqc                                            [DEBUG  ]  File ignored by nanostat because it exceeded search pattern filesize limit: MHW057_trimmed_clipped_R2_paired_fastqc.html
[2025-05-20 11:02:38,086] multiqc                                            [DEBUG  ]  File ignored by lima/summary because it exceeded search pattern filesize limit: MHW057_trimmed_clipped_R2_paired_fastqc.html
[2025-05-20 11:02:38,090] multiqc                                            [DEBUG  ]  File ignored by vep/vep_txt because it exceeded search pattern filesize limit: MHW057_trimmed_clipped_R2_paired_fastqc.html
[2025-05-20 11:02:38,090] multiqc                                            [DEBUG  ]  File ignored by longranger/invocation because it exceeded search pattern filesize limit: MHW057_trimmed_clipped_R2_paired_fastqc.html
[2025-05-20 11:02:38,142] multiqc                                            [DEBUG  ]  File ignored by ccs/v4 because it exceeded search pattern filesize limit: MHW058_trimmed_clipped_R2_paired_fastqc.html
[2025-05-20 11:02:38,143] multiqc                                            [DEBUG  ]  File ignored by hicexplorer because it exceeded search pattern filesize limit: MHW058_trimmed_clipped_R2_paired_fastqc.html
[2025-05-20 11:02:38,144] multiqc                                            [DEBUG  ]  File ignored by nanostat because it exceeded search pattern filesize limit: MHW058_trimmed_clipped_R2_paired_fastqc.html
[2025-05-20 11:02:38,144] multiqc                                            [DEBUG  ]  File ignored by lima/summary because it exceeded search pattern filesize limit: MHW058_trimmed_clipped_R2_paired_fastqc.html
[2025-05-20 11:02:38,147] multiqc                                            [DEBUG  ]  File ignored by vep/vep_txt because it exceeded search pattern filesize limit: MHW058_trimmed_clipped_R2_paired_fastqc.html
[2025-05-20 11:02:38,147] multiqc                                            [DEBUG  ]  File ignored by longranger/invocation because it exceeded search pattern filesize limit: MHW058_trimmed_clipped_R2_paired_fastqc.html
[2025-05-20 11:02:38,196] multiqc                                            [DEBUG  ]  File ignored by ccs/v4 because it exceeded search pattern filesize limit: MHW059_trimmed_clipped_R1_paired_fastqc.html
[2025-05-20 11:02:38,198] multiqc                                            [DEBUG  ]  File ignored by hicexplorer because it exceeded search pattern filesize limit: MHW059_trimmed_clipped_R1_paired_fastqc.html
[2025-05-20 11:02:38,198] multiqc                                            [DEBUG  ]  File ignored by nanostat because it exceeded search pattern filesize limit: MHW059_trimmed_clipped_R1_paired_fastqc.html
[2025-05-20 11:02:38,198] multiqc                                            [DEBUG  ]  File ignored by lima/summary because it exceeded search pattern filesize limit: MHW059_trimmed_clipped_R1_paired_fastqc.html
[2025-05-20 11:02:38,201] multiqc                                            [DEBUG  ]  File ignored by vep/vep_txt because it exceeded search pattern filesize limit: MHW059_trimmed_clipped_R1_paired_fastqc.html
[2025-05-20 11:02:38,202] multiqc                                            [DEBUG  ]  File ignored by longranger/invocation because it exceeded search pattern filesize limit: MHW059_trimmed_clipped_R1_paired_fastqc.html
[2025-05-20 11:02:38,248] multiqc                                            [DEBUG  ]  File ignored by ccs/v4 because it exceeded search pattern filesize limit: MHW059_trimmed_clipped_R2_paired_fastqc.html
[2025-05-20 11:02:38,249] multiqc                                            [DEBUG  ]  File ignored by hicexplorer because it exceeded search pattern filesize limit: MHW059_trimmed_clipped_R2_paired_fastqc.html
[2025-05-20 11:02:38,250] multiqc                                            [DEBUG  ]  File ignored by nanostat because it exceeded search pattern filesize limit: MHW059_trimmed_clipped_R2_paired_fastqc.html
[2025-05-20 11:02:38,250] multiqc                                            [DEBUG  ]  File ignored by lima/summary because it exceeded search pattern filesize limit: MHW059_trimmed_clipped_R2_paired_fastqc.html
[2025-05-20 11:02:38,253] multiqc                                            [DEBUG  ]  File ignored by vep/vep_txt because it exceeded search pattern filesize limit: MHW059_trimmed_clipped_R2_paired_fastqc.html
[2025-05-20 11:02:38,253] multiqc                                            [DEBUG  ]  File ignored by longranger/invocation because it exceeded search pattern filesize limit: MHW059_trimmed_clipped_R2_paired_fastqc.html
[2025-05-20 11:02:38,303] multiqc                                            [DEBUG  ]  File ignored by ccs/v4 because it exceeded search pattern filesize limit: MHW060_trimmed_clipped_R1_paired_fastqc.html
[2025-05-20 11:02:38,305] multiqc                                            [DEBUG  ]  File ignored by hicexplorer because it exceeded search pattern filesize limit: MHW060_trimmed_clipped_R1_paired_fastqc.html
[2025-05-20 11:02:38,305] multiqc                                            [DEBUG  ]  File ignored by nanostat because it exceeded search pattern filesize limit: MHW060_trimmed_clipped_R1_paired_fastqc.html
[2025-05-20 11:02:38,305] multiqc                                            [DEBUG  ]  File ignored by lima/summary because it exceeded search pattern filesize limit: MHW060_trimmed_clipped_R1_paired_fastqc.html
[2025-05-20 11:02:38,308] multiqc                                            [DEBUG  ]  File ignored by vep/vep_txt because it exceeded search pattern filesize limit: MHW060_trimmed_clipped_R1_paired_fastqc.html
[2025-05-20 11:02:38,308] multiqc                                            [DEBUG  ]  File ignored by longranger/invocation because it exceeded search pattern filesize limit: MHW060_trimmed_clipped_R1_paired_fastqc.html
[2025-05-20 11:02:38,346] multiqc                                            [DEBUG  ]  File ignored by ccs/v4 because it exceeded search pattern filesize limit: MHW060_trimmed_clipped_R2_paired_fastqc.html
[2025-05-20 11:02:38,348] multiqc                                            [DEBUG  ]  File ignored by hicexplorer because it exceeded search pattern filesize limit: MHW060_trimmed_clipped_R2_paired_fastqc.html
[2025-05-20 11:02:38,348] multiqc                                            [DEBUG  ]  File ignored by nanostat because it exceeded search pattern filesize limit: MHW060_trimmed_clipped_R2_paired_fastqc.html
[2025-05-20 11:02:38,348] multiqc                                            [DEBUG  ]  File ignored by lima/summary because it exceeded search pattern filesize limit: MHW060_trimmed_clipped_R2_paired_fastqc.html
[2025-05-20 11:02:38,351] multiqc                                            [DEBUG  ]  File ignored by vep/vep_txt because it exceeded search pattern filesize limit: MHW060_trimmed_clipped_R2_paired_fastqc.html
[2025-05-20 11:02:38,351] multiqc                                            [DEBUG  ]  File ignored by longranger/invocation because it exceeded search pattern filesize limit: MHW060_trimmed_clipped_R2_paired_fastqc.html
[2025-05-20 11:02:38,388] multiqc                                            [DEBUG  ]  File ignored by ccs/v4 because it exceeded search pattern filesize limit: MHW061_trimmed_clipped_R2_paired_fastqc.html
[2025-05-20 11:02:38,390] multiqc                                            [DEBUG  ]  File ignored by hicexplorer because it exceeded search pattern filesize limit: MHW061_trimmed_clipped_R2_paired_fastqc.html
[2025-05-20 11:02:38,390] multiqc                                            [DEBUG  ]  File ignored by nanostat because it exceeded search pattern filesize limit: MHW061_trimmed_clipped_R2_paired_fastqc.html
[2025-05-20 11:02:38,390] multiqc                                            [DEBUG  ]  File ignored by lima/summary because it exceeded search pattern filesize limit: MHW061_trimmed_clipped_R2_paired_fastqc.html
[2025-05-20 11:02:38,394] multiqc                                            [DEBUG  ]  File ignored by vep/vep_txt because it exceeded search pattern filesize limit: MHW061_trimmed_clipped_R2_paired_fastqc.html
[2025-05-20 11:02:38,394] multiqc                                            [DEBUG  ]  File ignored by longranger/invocation because it exceeded search pattern filesize limit: MHW061_trimmed_clipped_R2_paired_fastqc.html
[2025-05-20 11:02:38,432] multiqc                                            [DEBUG  ]  File ignored by ccs/v4 because it exceeded search pattern filesize limit: MHW061_trimmed_clipped_R1_paired_fastqc.html
[2025-05-20 11:02:38,433] multiqc                                            [DEBUG  ]  File ignored by hicexplorer because it exceeded search pattern filesize limit: MHW061_trimmed_clipped_R1_paired_fastqc.html
[2025-05-20 11:02:38,434] multiqc                                            [DEBUG  ]  File ignored by nanostat because it exceeded search pattern filesize limit: MHW061_trimmed_clipped_R1_paired_fastqc.html
[2025-05-20 11:02:38,434] multiqc                                            [DEBUG  ]  File ignored by lima/summary because it exceeded search pattern filesize limit: MHW061_trimmed_clipped_R1_paired_fastqc.html
[2025-05-20 11:02:38,437] multiqc                                            [DEBUG  ]  File ignored by vep/vep_txt because it exceeded search pattern filesize limit: MHW061_trimmed_clipped_R1_paired_fastqc.html
[2025-05-20 11:02:38,437] multiqc                                            [DEBUG  ]  File ignored by longranger/invocation because it exceeded search pattern filesize limit: MHW061_trimmed_clipped_R1_paired_fastqc.html
[2025-05-20 11:02:38,475] multiqc                                            [DEBUG  ]  File ignored by ccs/v4 because it exceeded search pattern filesize limit: MHW053_trimmed_clipped_R1_paired_fastqc.html
[2025-05-20 11:02:38,477] multiqc                                            [DEBUG  ]  File ignored by hicexplorer because it exceeded search pattern filesize limit: MHW053_trimmed_clipped_R1_paired_fastqc.html
[2025-05-20 11:02:38,477] multiqc                                            [DEBUG  ]  File ignored by nanostat because it exceeded search pattern filesize limit: MHW053_trimmed_clipped_R1_paired_fastqc.html
[2025-05-20 11:02:38,477] multiqc                                            [DEBUG  ]  File ignored by lima/summary because it exceeded search pattern filesize limit: MHW053_trimmed_clipped_R1_paired_fastqc.html
[2025-05-20 11:02:38,481] multiqc                                            [DEBUG  ]  File ignored by vep/vep_txt because it exceeded search pattern filesize limit: MHW053_trimmed_clipped_R1_paired_fastqc.html
[2025-05-20 11:02:38,481] multiqc                                            [DEBUG  ]  File ignored by longranger/invocation because it exceeded search pattern filesize limit: MHW053_trimmed_clipped_R1_paired_fastqc.html
[2025-05-20 11:02:38,518] multiqc                                            [DEBUG  ]  File ignored by ccs/v4 because it exceeded search pattern filesize limit: MHW063_trimmed_clipped_R1_paired_fastqc.html
[2025-05-20 11:02:38,519] multiqc                                            [DEBUG  ]  File ignored by hicexplorer because it exceeded search pattern filesize limit: MHW063_trimmed_clipped_R1_paired_fastqc.html
[2025-05-20 11:02:38,520] multiqc                                            [DEBUG  ]  File ignored by nanostat because it exceeded search pattern filesize limit: MHW063_trimmed_clipped_R1_paired_fastqc.html
[2025-05-20 11:02:38,520] multiqc                                            [DEBUG  ]  File ignored by lima/summary because it exceeded search pattern filesize limit: MHW063_trimmed_clipped_R1_paired_fastqc.html
[2025-05-20 11:02:38,523] multiqc                                            [DEBUG  ]  File ignored by vep/vep_txt because it exceeded search pattern filesize limit: MHW063_trimmed_clipped_R1_paired_fastqc.html
[2025-05-20 11:02:38,523] multiqc                                            [DEBUG  ]  File ignored by longranger/invocation because it exceeded search pattern filesize limit: MHW063_trimmed_clipped_R1_paired_fastqc.html
[2025-05-20 11:02:38,561] multiqc                                            [DEBUG  ]  File ignored by ccs/v4 because it exceeded search pattern filesize limit: MHW063_trimmed_clipped_R2_paired_fastqc.html
[2025-05-20 11:02:38,563] multiqc                                            [DEBUG  ]  File ignored by hicexplorer because it exceeded search pattern filesize limit: MHW063_trimmed_clipped_R2_paired_fastqc.html
[2025-05-20 11:02:38,563] multiqc                                            [DEBUG  ]  File ignored by nanostat because it exceeded search pattern filesize limit: MHW063_trimmed_clipped_R2_paired_fastqc.html
[2025-05-20 11:02:38,563] multiqc                                            [DEBUG  ]  File ignored by lima/summary because it exceeded search pattern filesize limit: MHW063_trimmed_clipped_R2_paired_fastqc.html
[2025-05-20 11:02:38,566] multiqc                                            [DEBUG  ]  File ignored by vep/vep_txt because it exceeded search pattern filesize limit: MHW063_trimmed_clipped_R2_paired_fastqc.html
[2025-05-20 11:02:38,566] multiqc                                            [DEBUG  ]  File ignored by longranger/invocation because it exceeded search pattern filesize limit: MHW063_trimmed_clipped_R2_paired_fastqc.html
[2025-05-20 11:02:38,604] multiqc                                            [DEBUG  ]  File ignored by ccs/v4 because it exceeded search pattern filesize limit: MHW064_trimmed_clipped_R2_paired_fastqc.html
[2025-05-20 11:02:38,606] multiqc                                            [DEBUG  ]  File ignored by hicexplorer because it exceeded search pattern filesize limit: MHW064_trimmed_clipped_R2_paired_fastqc.html
[2025-05-20 11:02:38,606] multiqc                                            [DEBUG  ]  File ignored by nanostat because it exceeded search pattern filesize limit: MHW064_trimmed_clipped_R2_paired_fastqc.html
[2025-05-20 11:02:38,606] multiqc                                            [DEBUG  ]  File ignored by lima/summary because it exceeded search pattern filesize limit: MHW064_trimmed_clipped_R2_paired_fastqc.html
[2025-05-20 11:02:38,609] multiqc                                            [DEBUG  ]  File ignored by vep/vep_txt because it exceeded search pattern filesize limit: MHW064_trimmed_clipped_R2_paired_fastqc.html
[2025-05-20 11:02:38,609] multiqc                                            [DEBUG  ]  File ignored by longranger/invocation because it exceeded search pattern filesize limit: MHW064_trimmed_clipped_R2_paired_fastqc.html
[2025-05-20 11:02:38,668] multiqc                                            [DEBUG  ]  File ignored by ccs/v4 because it exceeded search pattern filesize limit: MHW064_trimmed_clipped_R1_paired_fastqc.html
[2025-05-20 11:02:38,670] multiqc                                            [DEBUG  ]  File ignored by hicexplorer because it exceeded search pattern filesize limit: MHW064_trimmed_clipped_R1_paired_fastqc.html
[2025-05-20 11:02:38,670] multiqc                                            [DEBUG  ]  File ignored by nanostat because it exceeded search pattern filesize limit: MHW064_trimmed_clipped_R1_paired_fastqc.html
[2025-05-20 11:02:38,670] multiqc                                            [DEBUG  ]  File ignored by lima/summary because it exceeded search pattern filesize limit: MHW064_trimmed_clipped_R1_paired_fastqc.html
[2025-05-20 11:02:38,673] multiqc                                            [DEBUG  ]  File ignored by vep/vep_txt because it exceeded search pattern filesize limit: MHW064_trimmed_clipped_R1_paired_fastqc.html
[2025-05-20 11:02:38,674] multiqc                                            [DEBUG  ]  File ignored by longranger/invocation because it exceeded search pattern filesize limit: MHW064_trimmed_clipped_R1_paired_fastqc.html
[2025-05-20 11:02:38,711] multiqc                                            [DEBUG  ]  File ignored by ccs/v4 because it exceeded search pattern filesize limit: MHW065_trimmed_clipped_R1_paired_fastqc.html
[2025-05-20 11:02:38,713] multiqc                                            [DEBUG  ]  File ignored by hicexplorer because it exceeded search pattern filesize limit: MHW065_trimmed_clipped_R1_paired_fastqc.html
[2025-05-20 11:02:38,713] multiqc                                            [DEBUG  ]  File ignored by nanostat because it exceeded search pattern filesize limit: MHW065_trimmed_clipped_R1_paired_fastqc.html
[2025-05-20 11:02:38,713] multiqc                                            [DEBUG  ]  File ignored by lima/summary because it exceeded search pattern filesize limit: MHW065_trimmed_clipped_R1_paired_fastqc.html
[2025-05-20 11:02:38,716] multiqc                                            [DEBUG  ]  File ignored by vep/vep_txt because it exceeded search pattern filesize limit: MHW065_trimmed_clipped_R1_paired_fastqc.html
[2025-05-20 11:02:38,716] multiqc                                            [DEBUG  ]  File ignored by longranger/invocation because it exceeded search pattern filesize limit: MHW065_trimmed_clipped_R1_paired_fastqc.html
[2025-05-20 11:02:38,753] multiqc                                            [DEBUG  ]  File ignored by ccs/v4 because it exceeded search pattern filesize limit: MHW065_trimmed_clipped_R2_paired_fastqc.html
[2025-05-20 11:02:38,754] multiqc                                            [DEBUG  ]  File ignored by hicexplorer because it exceeded search pattern filesize limit: MHW065_trimmed_clipped_R2_paired_fastqc.html
[2025-05-20 11:02:38,754] multiqc                                            [DEBUG  ]  File ignored by nanostat because it exceeded search pattern filesize limit: MHW065_trimmed_clipped_R2_paired_fastqc.html
[2025-05-20 11:02:38,754] multiqc                                            [DEBUG  ]  File ignored by lima/summary because it exceeded search pattern filesize limit: MHW065_trimmed_clipped_R2_paired_fastqc.html
[2025-05-20 11:02:38,758] multiqc                                            [DEBUG  ]  File ignored by vep/vep_txt because it exceeded search pattern filesize limit: MHW065_trimmed_clipped_R2_paired_fastqc.html
[2025-05-20 11:02:38,758] multiqc                                            [DEBUG  ]  File ignored by longranger/invocation because it exceeded search pattern filesize limit: MHW065_trimmed_clipped_R2_paired_fastqc.html
[2025-05-20 11:02:38,795] multiqc                                            [DEBUG  ]  File ignored by ccs/v4 because it exceeded search pattern filesize limit: MHW066_trimmed_clipped_R2_paired_fastqc.html
[2025-05-20 11:02:38,797] multiqc                                            [DEBUG  ]  File ignored by hicexplorer because it exceeded search pattern filesize limit: MHW066_trimmed_clipped_R2_paired_fastqc.html
[2025-05-20 11:02:38,797] multiqc                                            [DEBUG  ]  File ignored by nanostat because it exceeded search pattern filesize limit: MHW066_trimmed_clipped_R2_paired_fastqc.html
[2025-05-20 11:02:38,797] multiqc                                            [DEBUG  ]  File ignored by lima/summary because it exceeded search pattern filesize limit: MHW066_trimmed_clipped_R2_paired_fastqc.html
[2025-05-20 11:02:38,800] multiqc                                            [DEBUG  ]  File ignored by vep/vep_txt because it exceeded search pattern filesize limit: MHW066_trimmed_clipped_R2_paired_fastqc.html
[2025-05-20 11:02:38,800] multiqc                                            [DEBUG  ]  File ignored by longranger/invocation because it exceeded search pattern filesize limit: MHW066_trimmed_clipped_R2_paired_fastqc.html
[2025-05-20 11:02:38,836] multiqc                                            [DEBUG  ]  File ignored by ccs/v4 because it exceeded search pattern filesize limit: MHW066_trimmed_clipped_R1_paired_fastqc.html
[2025-05-20 11:02:38,837] multiqc                                            [DEBUG  ]  File ignored by hicexplorer because it exceeded search pattern filesize limit: MHW066_trimmed_clipped_R1_paired_fastqc.html
[2025-05-20 11:02:38,838] multiqc                                            [DEBUG  ]  File ignored by nanostat because it exceeded search pattern filesize limit: MHW066_trimmed_clipped_R1_paired_fastqc.html
[2025-05-20 11:02:38,838] multiqc                                            [DEBUG  ]  File ignored by lima/summary because it exceeded search pattern filesize limit: MHW066_trimmed_clipped_R1_paired_fastqc.html
[2025-05-20 11:02:38,841] multiqc                                            [DEBUG  ]  File ignored by vep/vep_txt because it exceeded search pattern filesize limit: MHW066_trimmed_clipped_R1_paired_fastqc.html
[2025-05-20 11:02:38,841] multiqc                                            [DEBUG  ]  File ignored by longranger/invocation because it exceeded search pattern filesize limit: MHW066_trimmed_clipped_R1_paired_fastqc.html
[2025-05-20 11:02:38,879] multiqc                                            [DEBUG  ]  File ignored by ccs/v4 because it exceeded search pattern filesize limit: MHW067_trimmed_clipped_R2_paired_fastqc.html
[2025-05-20 11:02:38,880] multiqc                                            [DEBUG  ]  File ignored by hicexplorer because it exceeded search pattern filesize limit: MHW067_trimmed_clipped_R2_paired_fastqc.html
[2025-05-20 11:02:38,880] multiqc                                            [DEBUG  ]  File ignored by nanostat because it exceeded search pattern filesize limit: MHW067_trimmed_clipped_R2_paired_fastqc.html
[2025-05-20 11:02:38,880] multiqc                                            [DEBUG  ]  File ignored by lima/summary because it exceeded search pattern filesize limit: MHW067_trimmed_clipped_R2_paired_fastqc.html
[2025-05-20 11:02:38,883] multiqc                                            [DEBUG  ]  File ignored by vep/vep_txt because it exceeded search pattern filesize limit: MHW067_trimmed_clipped_R2_paired_fastqc.html
[2025-05-20 11:02:38,883] multiqc                                            [DEBUG  ]  File ignored by longranger/invocation because it exceeded search pattern filesize limit: MHW067_trimmed_clipped_R2_paired_fastqc.html
[2025-05-20 11:02:38,921] multiqc                                            [DEBUG  ]  File ignored by ccs/v4 because it exceeded search pattern filesize limit: MHW069_trimmed_clipped_R1_paired_fastqc.html
[2025-05-20 11:02:38,922] multiqc                                            [DEBUG  ]  File ignored by hicexplorer because it exceeded search pattern filesize limit: MHW069_trimmed_clipped_R1_paired_fastqc.html
[2025-05-20 11:02:38,922] multiqc                                            [DEBUG  ]  File ignored by nanostat because it exceeded search pattern filesize limit: MHW069_trimmed_clipped_R1_paired_fastqc.html
[2025-05-20 11:02:38,923] multiqc                                            [DEBUG  ]  File ignored by lima/summary because it exceeded search pattern filesize limit: MHW069_trimmed_clipped_R1_paired_fastqc.html
[2025-05-20 11:02:38,926] multiqc                                            [DEBUG  ]  File ignored by vep/vep_txt because it exceeded search pattern filesize limit: MHW069_trimmed_clipped_R1_paired_fastqc.html
[2025-05-20 11:02:38,926] multiqc                                            [DEBUG  ]  File ignored by longranger/invocation because it exceeded search pattern filesize limit: MHW069_trimmed_clipped_R1_paired_fastqc.html
[2025-05-20 11:02:38,963] multiqc                                            [DEBUG  ]  File ignored by ccs/v4 because it exceeded search pattern filesize limit: MHW068_trimmed_clipped_R1_paired_fastqc.html
[2025-05-20 11:02:38,965] multiqc                                            [DEBUG  ]  File ignored by hicexplorer because it exceeded search pattern filesize limit: MHW068_trimmed_clipped_R1_paired_fastqc.html
[2025-05-20 11:02:38,965] multiqc                                            [DEBUG  ]  File ignored by nanostat because it exceeded search pattern filesize limit: MHW068_trimmed_clipped_R1_paired_fastqc.html
[2025-05-20 11:02:38,965] multiqc                                            [DEBUG  ]  File ignored by lima/summary because it exceeded search pattern filesize limit: MHW068_trimmed_clipped_R1_paired_fastqc.html
[2025-05-20 11:02:38,968] multiqc                                            [DEBUG  ]  File ignored by vep/vep_txt because it exceeded search pattern filesize limit: MHW068_trimmed_clipped_R1_paired_fastqc.html
[2025-05-20 11:02:38,968] multiqc                                            [DEBUG  ]  File ignored by longranger/invocation because it exceeded search pattern filesize limit: MHW068_trimmed_clipped_R1_paired_fastqc.html
[2025-05-20 11:02:39,005] multiqc                                            [DEBUG  ]  File ignored by ccs/v4 because it exceeded search pattern filesize limit: MHW058_trimmed_clipped_R1_paired_fastqc.html
[2025-05-20 11:02:39,007] multiqc                                            [DEBUG  ]  File ignored by hicexplorer because it exceeded search pattern filesize limit: MHW058_trimmed_clipped_R1_paired_fastqc.html
[2025-05-20 11:02:39,007] multiqc                                            [DEBUG  ]  File ignored by nanostat because it exceeded search pattern filesize limit: MHW058_trimmed_clipped_R1_paired_fastqc.html
[2025-05-20 11:02:39,007] multiqc                                            [DEBUG  ]  File ignored by lima/summary because it exceeded search pattern filesize limit: MHW058_trimmed_clipped_R1_paired_fastqc.html
[2025-05-20 11:02:39,011] multiqc                                            [DEBUG  ]  File ignored by vep/vep_txt because it exceeded search pattern filesize limit: MHW058_trimmed_clipped_R1_paired_fastqc.html
[2025-05-20 11:02:39,011] multiqc                                            [DEBUG  ]  File ignored by longranger/invocation because it exceeded search pattern filesize limit: MHW058_trimmed_clipped_R1_paired_fastqc.html
[2025-05-20 11:02:39,047] multiqc                                            [DEBUG  ]  File ignored by ccs/v4 because it exceeded search pattern filesize limit: MHW068_trimmed_clipped_R2_paired_fastqc.html
[2025-05-20 11:02:39,049] multiqc                                            [DEBUG  ]  File ignored by hicexplorer because it exceeded search pattern filesize limit: MHW068_trimmed_clipped_R2_paired_fastqc.html
[2025-05-20 11:02:39,049] multiqc                                            [DEBUG  ]  File ignored by nanostat because it exceeded search pattern filesize limit: MHW068_trimmed_clipped_R2_paired_fastqc.html
[2025-05-20 11:02:39,049] multiqc                                            [DEBUG  ]  File ignored by lima/summary because it exceeded search pattern filesize limit: MHW068_trimmed_clipped_R2_paired_fastqc.html
[2025-05-20 11:02:39,053] multiqc                                            [DEBUG  ]  File ignored by vep/vep_txt because it exceeded search pattern filesize limit: MHW068_trimmed_clipped_R2_paired_fastqc.html
[2025-05-20 11:02:39,053] multiqc                                            [DEBUG  ]  File ignored by longranger/invocation because it exceeded search pattern filesize limit: MHW068_trimmed_clipped_R2_paired_fastqc.html
[2025-05-20 11:02:39,090] multiqc                                            [DEBUG  ]  File ignored by ccs/v4 because it exceeded search pattern filesize limit: MHW069_trimmed_clipped_R2_paired_fastqc.html
[2025-05-20 11:02:39,092] multiqc                                            [DEBUG  ]  File ignored by hicexplorer because it exceeded search pattern filesize limit: MHW069_trimmed_clipped_R2_paired_fastqc.html
[2025-05-20 11:02:39,092] multiqc                                            [DEBUG  ]  File ignored by nanostat because it exceeded search pattern filesize limit: MHW069_trimmed_clipped_R2_paired_fastqc.html
[2025-05-20 11:02:39,093] multiqc                                            [DEBUG  ]  File ignored by lima/summary because it exceeded search pattern filesize limit: MHW069_trimmed_clipped_R2_paired_fastqc.html
[2025-05-20 11:02:39,096] multiqc                                            [DEBUG  ]  File ignored by vep/vep_txt because it exceeded search pattern filesize limit: MHW069_trimmed_clipped_R2_paired_fastqc.html
[2025-05-20 11:02:39,096] multiqc                                            [DEBUG  ]  File ignored by longranger/invocation because it exceeded search pattern filesize limit: MHW069_trimmed_clipped_R2_paired_fastqc.html
[2025-05-20 11:02:39,133] multiqc                                            [DEBUG  ]  File ignored by ccs/v4 because it exceeded search pattern filesize limit: MHW070_trimmed_clipped_R1_paired_fastqc.html
[2025-05-20 11:02:39,135] multiqc                                            [DEBUG  ]  File ignored by hicexplorer because it exceeded search pattern filesize limit: MHW070_trimmed_clipped_R1_paired_fastqc.html
[2025-05-20 11:02:39,135] multiqc                                            [DEBUG  ]  File ignored by nanostat because it exceeded search pattern filesize limit: MHW070_trimmed_clipped_R1_paired_fastqc.html
[2025-05-20 11:02:39,135] multiqc                                            [DEBUG  ]  File ignored by lima/summary because it exceeded search pattern filesize limit: MHW070_trimmed_clipped_R1_paired_fastqc.html
[2025-05-20 11:02:39,138] multiqc                                            [DEBUG  ]  File ignored by vep/vep_txt because it exceeded search pattern filesize limit: MHW070_trimmed_clipped_R1_paired_fastqc.html
[2025-05-20 11:02:39,138] multiqc                                            [DEBUG  ]  File ignored by longranger/invocation because it exceeded search pattern filesize limit: MHW070_trimmed_clipped_R1_paired_fastqc.html
[2025-05-20 11:02:39,176] multiqc                                            [DEBUG  ]  File ignored by ccs/v4 because it exceeded search pattern filesize limit: MHW070_trimmed_clipped_R2_paired_fastqc.html
[2025-05-20 11:02:39,178] multiqc                                            [DEBUG  ]  File ignored by hicexplorer because it exceeded search pattern filesize limit: MHW070_trimmed_clipped_R2_paired_fastqc.html
[2025-05-20 11:02:39,178] multiqc                                            [DEBUG  ]  File ignored by nanostat because it exceeded search pattern filesize limit: MHW070_trimmed_clipped_R2_paired_fastqc.html
[2025-05-20 11:02:39,178] multiqc                                            [DEBUG  ]  File ignored by lima/summary because it exceeded search pattern filesize limit: MHW070_trimmed_clipped_R2_paired_fastqc.html
[2025-05-20 11:02:39,182] multiqc                                            [DEBUG  ]  File ignored by vep/vep_txt because it exceeded search pattern filesize limit: MHW070_trimmed_clipped_R2_paired_fastqc.html
[2025-05-20 11:02:39,182] multiqc                                            [DEBUG  ]  File ignored by longranger/invocation because it exceeded search pattern filesize limit: MHW070_trimmed_clipped_R2_paired_fastqc.html
[2025-05-20 11:02:39,219] multiqc                                            [DEBUG  ]  File ignored by ccs/v4 because it exceeded search pattern filesize limit: MHW071_trimmed_clipped_R1_paired_fastqc.html
[2025-05-20 11:02:39,221] multiqc                                            [DEBUG  ]  File ignored by hicexplorer because it exceeded search pattern filesize limit: MHW071_trimmed_clipped_R1_paired_fastqc.html
[2025-05-20 11:02:39,221] multiqc                                            [DEBUG  ]  File ignored by nanostat because it exceeded search pattern filesize limit: MHW071_trimmed_clipped_R1_paired_fastqc.html
[2025-05-20 11:02:39,221] multiqc                                            [DEBUG  ]  File ignored by lima/summary because it exceeded search pattern filesize limit: MHW071_trimmed_clipped_R1_paired_fastqc.html
[2025-05-20 11:02:39,224] multiqc                                            [DEBUG  ]  File ignored by vep/vep_txt because it exceeded search pattern filesize limit: MHW071_trimmed_clipped_R1_paired_fastqc.html
[2025-05-20 11:02:39,224] multiqc                                            [DEBUG  ]  File ignored by longranger/invocation because it exceeded search pattern filesize limit: MHW071_trimmed_clipped_R1_paired_fastqc.html
[2025-05-20 11:02:39,263] multiqc                                            [DEBUG  ]  File ignored by ccs/v4 because it exceeded search pattern filesize limit: MHW071_trimmed_clipped_R2_paired_fastqc.html
[2025-05-20 11:02:39,265] multiqc                                            [DEBUG  ]  File ignored by hicexplorer because it exceeded search pattern filesize limit: MHW071_trimmed_clipped_R2_paired_fastqc.html
[2025-05-20 11:02:39,265] multiqc                                            [DEBUG  ]  File ignored by nanostat because it exceeded search pattern filesize limit: MHW071_trimmed_clipped_R2_paired_fastqc.html
[2025-05-20 11:02:39,265] multiqc                                            [DEBUG  ]  File ignored by lima/summary because it exceeded search pattern filesize limit: MHW071_trimmed_clipped_R2_paired_fastqc.html
[2025-05-20 11:02:39,268] multiqc                                            [DEBUG  ]  File ignored by vep/vep_txt because it exceeded search pattern filesize limit: MHW071_trimmed_clipped_R2_paired_fastqc.html
[2025-05-20 11:02:39,268] multiqc                                            [DEBUG  ]  File ignored by longranger/invocation because it exceeded search pattern filesize limit: MHW071_trimmed_clipped_R2_paired_fastqc.html
[2025-05-20 11:02:39,315] multiqc                                            [DEBUG  ]  File ignored by ccs/v4 because it exceeded search pattern filesize limit: MHW073_trimmed_clipped_R2_paired_fastqc.html
[2025-05-20 11:02:39,316] multiqc                                            [DEBUG  ]  File ignored by hicexplorer because it exceeded search pattern filesize limit: MHW073_trimmed_clipped_R2_paired_fastqc.html
[2025-05-20 11:02:39,317] multiqc                                            [DEBUG  ]  File ignored by nanostat because it exceeded search pattern filesize limit: MHW073_trimmed_clipped_R2_paired_fastqc.html
[2025-05-20 11:02:39,317] multiqc                                            [DEBUG  ]  File ignored by lima/summary because it exceeded search pattern filesize limit: MHW073_trimmed_clipped_R2_paired_fastqc.html
[2025-05-20 11:02:39,320] multiqc                                            [DEBUG  ]  File ignored by vep/vep_txt because it exceeded search pattern filesize limit: MHW073_trimmed_clipped_R2_paired_fastqc.html
[2025-05-20 11:02:39,320] multiqc                                            [DEBUG  ]  File ignored by longranger/invocation because it exceeded search pattern filesize limit: MHW073_trimmed_clipped_R2_paired_fastqc.html
[2025-05-20 11:02:39,358] multiqc                                            [DEBUG  ]  File ignored by ccs/v4 because it exceeded search pattern filesize limit: MHW072_trimmed_clipped_R1_paired_fastqc.html
[2025-05-20 11:02:39,360] multiqc                                            [DEBUG  ]  File ignored by hicexplorer because it exceeded search pattern filesize limit: MHW072_trimmed_clipped_R1_paired_fastqc.html
[2025-05-20 11:02:39,360] multiqc                                            [DEBUG  ]  File ignored by nanostat because it exceeded search pattern filesize limit: MHW072_trimmed_clipped_R1_paired_fastqc.html
[2025-05-20 11:02:39,360] multiqc                                            [DEBUG  ]  File ignored by lima/summary because it exceeded search pattern filesize limit: MHW072_trimmed_clipped_R1_paired_fastqc.html
[2025-05-20 11:02:39,363] multiqc                                            [DEBUG  ]  File ignored by vep/vep_txt because it exceeded search pattern filesize limit: MHW072_trimmed_clipped_R1_paired_fastqc.html
[2025-05-20 11:02:39,363] multiqc                                            [DEBUG  ]  File ignored by longranger/invocation because it exceeded search pattern filesize limit: MHW072_trimmed_clipped_R1_paired_fastqc.html
[2025-05-20 11:02:39,400] multiqc                                            [DEBUG  ]  File ignored by ccs/v4 because it exceeded search pattern filesize limit: MHW072_trimmed_clipped_R2_paired_fastqc.html
[2025-05-20 11:02:39,402] multiqc                                            [DEBUG  ]  File ignored by hicexplorer because it exceeded search pattern filesize limit: MHW072_trimmed_clipped_R2_paired_fastqc.html
[2025-05-20 11:02:39,402] multiqc                                            [DEBUG  ]  File ignored by nanostat because it exceeded search pattern filesize limit: MHW072_trimmed_clipped_R2_paired_fastqc.html
[2025-05-20 11:02:39,402] multiqc                                            [DEBUG  ]  File ignored by lima/summary because it exceeded search pattern filesize limit: MHW072_trimmed_clipped_R2_paired_fastqc.html
[2025-05-20 11:02:39,406] multiqc                                            [DEBUG  ]  File ignored by vep/vep_txt because it exceeded search pattern filesize limit: MHW072_trimmed_clipped_R2_paired_fastqc.html
[2025-05-20 11:02:39,406] multiqc                                            [DEBUG  ]  File ignored by longranger/invocation because it exceeded search pattern filesize limit: MHW072_trimmed_clipped_R2_paired_fastqc.html
[2025-05-20 11:02:39,454] multiqc                                            [DEBUG  ]  File ignored by ccs/v4 because it exceeded search pattern filesize limit: MHW062_trimmed_clipped_R2_paired_fastqc.html
[2025-05-20 11:02:39,456] multiqc                                            [DEBUG  ]  File ignored by hicexplorer because it exceeded search pattern filesize limit: MHW062_trimmed_clipped_R2_paired_fastqc.html
[2025-05-20 11:02:39,456] multiqc                                            [DEBUG  ]  File ignored by nanostat because it exceeded search pattern filesize limit: MHW062_trimmed_clipped_R2_paired_fastqc.html
[2025-05-20 11:02:39,456] multiqc                                            [DEBUG  ]  File ignored by lima/summary because it exceeded search pattern filesize limit: MHW062_trimmed_clipped_R2_paired_fastqc.html
[2025-05-20 11:02:39,459] multiqc                                            [DEBUG  ]  File ignored by vep/vep_txt because it exceeded search pattern filesize limit: MHW062_trimmed_clipped_R2_paired_fastqc.html
[2025-05-20 11:02:39,459] multiqc                                            [DEBUG  ]  File ignored by longranger/invocation because it exceeded search pattern filesize limit: MHW062_trimmed_clipped_R2_paired_fastqc.html
[2025-05-20 11:02:39,497] multiqc                                            [DEBUG  ]  File ignored by ccs/v4 because it exceeded search pattern filesize limit: MHW062_trimmed_clipped_R1_paired_fastqc.html
[2025-05-20 11:02:39,498] multiqc                                            [DEBUG  ]  File ignored by hicexplorer because it exceeded search pattern filesize limit: MHW062_trimmed_clipped_R1_paired_fastqc.html
[2025-05-20 11:02:39,498] multiqc                                            [DEBUG  ]  File ignored by nanostat because it exceeded search pattern filesize limit: MHW062_trimmed_clipped_R1_paired_fastqc.html
[2025-05-20 11:02:39,498] multiqc                                            [DEBUG  ]  File ignored by lima/summary because it exceeded search pattern filesize limit: MHW062_trimmed_clipped_R1_paired_fastqc.html
[2025-05-20 11:02:39,502] multiqc                                            [DEBUG  ]  File ignored by vep/vep_txt because it exceeded search pattern filesize limit: MHW062_trimmed_clipped_R1_paired_fastqc.html
[2025-05-20 11:02:39,502] multiqc                                            [DEBUG  ]  File ignored by longranger/invocation because it exceeded search pattern filesize limit: MHW062_trimmed_clipped_R1_paired_fastqc.html
[2025-05-20 11:02:39,539] multiqc                                            [DEBUG  ]  File ignored by ccs/v4 because it exceeded search pattern filesize limit: MHW075_trimmed_clipped_R1_paired_fastqc.html
[2025-05-20 11:02:39,541] multiqc                                            [DEBUG  ]  File ignored by hicexplorer because it exceeded search pattern filesize limit: MHW075_trimmed_clipped_R1_paired_fastqc.html
[2025-05-20 11:02:39,541] multiqc                                            [DEBUG  ]  File ignored by nanostat because it exceeded search pattern filesize limit: MHW075_trimmed_clipped_R1_paired_fastqc.html
[2025-05-20 11:02:39,541] multiqc                                            [DEBUG  ]  File ignored by lima/summary because it exceeded search pattern filesize limit: MHW075_trimmed_clipped_R1_paired_fastqc.html
[2025-05-20 11:02:39,544] multiqc                                            [DEBUG  ]  File ignored by vep/vep_txt because it exceeded search pattern filesize limit: MHW075_trimmed_clipped_R1_paired_fastqc.html
[2025-05-20 11:02:39,544] multiqc                                            [DEBUG  ]  File ignored by longranger/invocation because it exceeded search pattern filesize limit: MHW075_trimmed_clipped_R1_paired_fastqc.html
[2025-05-20 11:02:39,581] multiqc                                            [DEBUG  ]  File ignored by ccs/v4 because it exceeded search pattern filesize limit: MHW075_trimmed_clipped_R2_paired_fastqc.html
[2025-05-20 11:02:39,583] multiqc                                            [DEBUG  ]  File ignored by hicexplorer because it exceeded search pattern filesize limit: MHW075_trimmed_clipped_R2_paired_fastqc.html
[2025-05-20 11:02:39,583] multiqc                                            [DEBUG  ]  File ignored by nanostat because it exceeded search pattern filesize limit: MHW075_trimmed_clipped_R2_paired_fastqc.html
[2025-05-20 11:02:39,583] multiqc                                            [DEBUG  ]  File ignored by lima/summary because it exceeded search pattern filesize limit: MHW075_trimmed_clipped_R2_paired_fastqc.html
[2025-05-20 11:02:39,587] multiqc                                            [DEBUG  ]  File ignored by vep/vep_txt because it exceeded search pattern filesize limit: MHW075_trimmed_clipped_R2_paired_fastqc.html
[2025-05-20 11:02:39,587] multiqc                                            [DEBUG  ]  File ignored by longranger/invocation because it exceeded search pattern filesize limit: MHW075_trimmed_clipped_R2_paired_fastqc.html
[2025-05-20 11:02:39,624] multiqc                                            [DEBUG  ]  File ignored by ccs/v4 because it exceeded search pattern filesize limit: MHW074_trimmed_clipped_R2_paired_fastqc.html
[2025-05-20 11:02:39,626] multiqc                                            [DEBUG  ]  File ignored by hicexplorer because it exceeded search pattern filesize limit: MHW074_trimmed_clipped_R2_paired_fastqc.html
[2025-05-20 11:02:39,626] multiqc                                            [DEBUG  ]  File ignored by nanostat because it exceeded search pattern filesize limit: MHW074_trimmed_clipped_R2_paired_fastqc.html
[2025-05-20 11:02:39,626] multiqc                                            [DEBUG  ]  File ignored by lima/summary because it exceeded search pattern filesize limit: MHW074_trimmed_clipped_R2_paired_fastqc.html
[2025-05-20 11:02:39,629] multiqc                                            [DEBUG  ]  File ignored by vep/vep_txt because it exceeded search pattern filesize limit: MHW074_trimmed_clipped_R2_paired_fastqc.html
[2025-05-20 11:02:39,629] multiqc                                            [DEBUG  ]  File ignored by longranger/invocation because it exceeded search pattern filesize limit: MHW074_trimmed_clipped_R2_paired_fastqc.html
[2025-05-20 11:02:39,667] multiqc                                            [DEBUG  ]  File ignored by ccs/v4 because it exceeded search pattern filesize limit: MHW074_trimmed_clipped_R1_paired_fastqc.html
[2025-05-20 11:02:39,668] multiqc                                            [DEBUG  ]  File ignored by hicexplorer because it exceeded search pattern filesize limit: MHW074_trimmed_clipped_R1_paired_fastqc.html
[2025-05-20 11:02:39,669] multiqc                                            [DEBUG  ]  File ignored by nanostat because it exceeded search pattern filesize limit: MHW074_trimmed_clipped_R1_paired_fastqc.html
[2025-05-20 11:02:39,669] multiqc                                            [DEBUG  ]  File ignored by lima/summary because it exceeded search pattern filesize limit: MHW074_trimmed_clipped_R1_paired_fastqc.html
[2025-05-20 11:02:39,672] multiqc                                            [DEBUG  ]  File ignored by vep/vep_txt because it exceeded search pattern filesize limit: MHW074_trimmed_clipped_R1_paired_fastqc.html
[2025-05-20 11:02:39,672] multiqc                                            [DEBUG  ]  File ignored by longranger/invocation because it exceeded search pattern filesize limit: MHW074_trimmed_clipped_R1_paired_fastqc.html
[2025-05-20 11:02:39,708] multiqc                                            [DEBUG  ]  File ignored by ccs/v4 because it exceeded search pattern filesize limit: MHW076_trimmed_clipped_R1_paired_fastqc.html
[2025-05-20 11:02:39,711] multiqc                                            [DEBUG  ]  File ignored by hicexplorer because it exceeded search pattern filesize limit: MHW076_trimmed_clipped_R1_paired_fastqc.html
[2025-05-20 11:02:39,711] multiqc                                            [DEBUG  ]  File ignored by nanostat because it exceeded search pattern filesize limit: MHW076_trimmed_clipped_R1_paired_fastqc.html
[2025-05-20 11:02:39,711] multiqc                                            [DEBUG  ]  File ignored by lima/summary because it exceeded search pattern filesize limit: MHW076_trimmed_clipped_R1_paired_fastqc.html
[2025-05-20 11:02:39,714] multiqc                                            [DEBUG  ]  File ignored by vep/vep_txt because it exceeded search pattern filesize limit: MHW076_trimmed_clipped_R1_paired_fastqc.html
[2025-05-20 11:02:39,714] multiqc                                            [DEBUG  ]  File ignored by longranger/invocation because it exceeded search pattern filesize limit: MHW076_trimmed_clipped_R1_paired_fastqc.html
[2025-05-20 11:02:39,752] multiqc                                            [DEBUG  ]  File ignored by ccs/v4 because it exceeded search pattern filesize limit: MHW077_trimmed_clipped_R2_paired_fastqc.html
[2025-05-20 11:02:39,753] multiqc                                            [DEBUG  ]  File ignored by hicexplorer because it exceeded search pattern filesize limit: MHW077_trimmed_clipped_R2_paired_fastqc.html
[2025-05-20 11:02:39,754] multiqc                                            [DEBUG  ]  File ignored by nanostat because it exceeded search pattern filesize limit: MHW077_trimmed_clipped_R2_paired_fastqc.html
[2025-05-20 11:02:39,754] multiqc                                            [DEBUG  ]  File ignored by lima/summary because it exceeded search pattern filesize limit: MHW077_trimmed_clipped_R2_paired_fastqc.html
[2025-05-20 11:02:39,757] multiqc                                            [DEBUG  ]  File ignored by vep/vep_txt because it exceeded search pattern filesize limit: MHW077_trimmed_clipped_R2_paired_fastqc.html
[2025-05-20 11:02:39,757] multiqc                                            [DEBUG  ]  File ignored by longranger/invocation because it exceeded search pattern filesize limit: MHW077_trimmed_clipped_R2_paired_fastqc.html
[2025-05-20 11:02:39,794] multiqc                                            [DEBUG  ]  File ignored by ccs/v4 because it exceeded search pattern filesize limit: MHW077_trimmed_clipped_R1_paired_fastqc.html
[2025-05-20 11:02:39,796] multiqc                                            [DEBUG  ]  File ignored by hicexplorer because it exceeded search pattern filesize limit: MHW077_trimmed_clipped_R1_paired_fastqc.html
[2025-05-20 11:02:39,796] multiqc                                            [DEBUG  ]  File ignored by nanostat because it exceeded search pattern filesize limit: MHW077_trimmed_clipped_R1_paired_fastqc.html
[2025-05-20 11:02:39,796] multiqc                                            [DEBUG  ]  File ignored by lima/summary because it exceeded search pattern filesize limit: MHW077_trimmed_clipped_R1_paired_fastqc.html
[2025-05-20 11:02:39,799] multiqc                                            [DEBUG  ]  File ignored by vep/vep_txt because it exceeded search pattern filesize limit: MHW077_trimmed_clipped_R1_paired_fastqc.html
[2025-05-20 11:02:39,799] multiqc                                            [DEBUG  ]  File ignored by longranger/invocation because it exceeded search pattern filesize limit: MHW077_trimmed_clipped_R1_paired_fastqc.html
[2025-05-20 11:02:39,836] multiqc                                            [DEBUG  ]  File ignored by ccs/v4 because it exceeded search pattern filesize limit: MHW076_trimmed_clipped_R2_paired_fastqc.html
[2025-05-20 11:02:39,838] multiqc                                            [DEBUG  ]  File ignored by hicexplorer because it exceeded search pattern filesize limit: MHW076_trimmed_clipped_R2_paired_fastqc.html
[2025-05-20 11:02:39,838] multiqc                                            [DEBUG  ]  File ignored by nanostat because it exceeded search pattern filesize limit: MHW076_trimmed_clipped_R2_paired_fastqc.html
[2025-05-20 11:02:39,838] multiqc                                            [DEBUG  ]  File ignored by lima/summary because it exceeded search pattern filesize limit: MHW076_trimmed_clipped_R2_paired_fastqc.html
[2025-05-20 11:02:39,841] multiqc                                            [DEBUG  ]  File ignored by vep/vep_txt because it exceeded search pattern filesize limit: MHW076_trimmed_clipped_R2_paired_fastqc.html
[2025-05-20 11:02:39,841] multiqc                                            [DEBUG  ]  File ignored by longranger/invocation because it exceeded search pattern filesize limit: MHW076_trimmed_clipped_R2_paired_fastqc.html
[2025-05-20 11:02:39,880] multiqc                                            [DEBUG  ]  File ignored by ccs/v4 because it exceeded search pattern filesize limit: MHW067_trimmed_clipped_R1_paired_fastqc.html
[2025-05-20 11:02:39,881] multiqc                                            [DEBUG  ]  File ignored by hicexplorer because it exceeded search pattern filesize limit: MHW067_trimmed_clipped_R1_paired_fastqc.html
[2025-05-20 11:02:39,882] multiqc                                            [DEBUG  ]  File ignored by nanostat because it exceeded search pattern filesize limit: MHW067_trimmed_clipped_R1_paired_fastqc.html
[2025-05-20 11:02:39,882] multiqc                                            [DEBUG  ]  File ignored by lima/summary because it exceeded search pattern filesize limit: MHW067_trimmed_clipped_R1_paired_fastqc.html
[2025-05-20 11:02:39,885] multiqc                                            [DEBUG  ]  File ignored by vep/vep_txt because it exceeded search pattern filesize limit: MHW067_trimmed_clipped_R1_paired_fastqc.html
[2025-05-20 11:02:39,885] multiqc                                            [DEBUG  ]  File ignored by longranger/invocation because it exceeded search pattern filesize limit: MHW067_trimmed_clipped_R1_paired_fastqc.html
[2025-05-20 11:02:39,922] multiqc                                            [DEBUG  ]  File ignored by ccs/v4 because it exceeded search pattern filesize limit: MHW080_trimmed_clipped_R2_paired_fastqc.html
[2025-05-20 11:02:39,924] multiqc                                            [DEBUG  ]  File ignored by hicexplorer because it exceeded search pattern filesize limit: MHW080_trimmed_clipped_R2_paired_fastqc.html
[2025-05-20 11:02:39,924] multiqc                                            [DEBUG  ]  File ignored by nanostat because it exceeded search pattern filesize limit: MHW080_trimmed_clipped_R2_paired_fastqc.html
[2025-05-20 11:02:39,924] multiqc                                            [DEBUG  ]  File ignored by lima/summary because it exceeded search pattern filesize limit: MHW080_trimmed_clipped_R2_paired_fastqc.html
[2025-05-20 11:02:39,928] multiqc                                            [DEBUG  ]  File ignored by vep/vep_txt because it exceeded search pattern filesize limit: MHW080_trimmed_clipped_R2_paired_fastqc.html
[2025-05-20 11:02:39,928] multiqc                                            [DEBUG  ]  File ignored by longranger/invocation because it exceeded search pattern filesize limit: MHW080_trimmed_clipped_R2_paired_fastqc.html
[2025-05-20 11:02:39,965] multiqc                                            [DEBUG  ]  File ignored by ccs/v4 because it exceeded search pattern filesize limit: MHW080_trimmed_clipped_R1_paired_fastqc.html
[2025-05-20 11:02:39,967] multiqc                                            [DEBUG  ]  File ignored by hicexplorer because it exceeded search pattern filesize limit: MHW080_trimmed_clipped_R1_paired_fastqc.html
[2025-05-20 11:02:39,967] multiqc                                            [DEBUG  ]  File ignored by nanostat because it exceeded search pattern filesize limit: MHW080_trimmed_clipped_R1_paired_fastqc.html
[2025-05-20 11:02:39,967] multiqc                                            [DEBUG  ]  File ignored by lima/summary because it exceeded search pattern filesize limit: MHW080_trimmed_clipped_R1_paired_fastqc.html
[2025-05-20 11:02:39,970] multiqc                                            [DEBUG  ]  File ignored by vep/vep_txt because it exceeded search pattern filesize limit: MHW080_trimmed_clipped_R1_paired_fastqc.html
[2025-05-20 11:02:39,970] multiqc                                            [DEBUG  ]  File ignored by longranger/invocation because it exceeded search pattern filesize limit: MHW080_trimmed_clipped_R1_paired_fastqc.html
[2025-05-20 11:02:40,018] multiqc                                            [DEBUG  ]  File ignored by ccs/v4 because it exceeded search pattern filesize limit: MHW079_trimmed_clipped_R2_paired_fastqc.html
[2025-05-20 11:02:40,019] multiqc                                            [DEBUG  ]  File ignored by hicexplorer because it exceeded search pattern filesize limit: MHW079_trimmed_clipped_R2_paired_fastqc.html
[2025-05-20 11:02:40,020] multiqc                                            [DEBUG  ]  File ignored by nanostat because it exceeded search pattern filesize limit: MHW079_trimmed_clipped_R2_paired_fastqc.html
[2025-05-20 11:02:40,020] multiqc                                            [DEBUG  ]  File ignored by lima/summary because it exceeded search pattern filesize limit: MHW079_trimmed_clipped_R2_paired_fastqc.html
[2025-05-20 11:02:40,023] multiqc                                            [DEBUG  ]  File ignored by vep/vep_txt because it exceeded search pattern filesize limit: MHW079_trimmed_clipped_R2_paired_fastqc.html
[2025-05-20 11:02:40,023] multiqc                                            [DEBUG  ]  File ignored by longranger/invocation because it exceeded search pattern filesize limit: MHW079_trimmed_clipped_R2_paired_fastqc.html
[2025-05-20 11:02:40,060] multiqc                                            [DEBUG  ]  File ignored by ccs/v4 because it exceeded search pattern filesize limit: MHW079_trimmed_clipped_R1_paired_fastqc.html
[2025-05-20 11:02:40,061] multiqc                                            [DEBUG  ]  File ignored by hicexplorer because it exceeded search pattern filesize limit: MHW079_trimmed_clipped_R1_paired_fastqc.html
[2025-05-20 11:02:40,062] multiqc                                            [DEBUG  ]  File ignored by nanostat because it exceeded search pattern filesize limit: MHW079_trimmed_clipped_R1_paired_fastqc.html
[2025-05-20 11:02:40,062] multiqc                                            [DEBUG  ]  File ignored by lima/summary because it exceeded search pattern filesize limit: MHW079_trimmed_clipped_R1_paired_fastqc.html
[2025-05-20 11:02:40,065] multiqc                                            [DEBUG  ]  File ignored by vep/vep_txt because it exceeded search pattern filesize limit: MHW079_trimmed_clipped_R1_paired_fastqc.html
[2025-05-20 11:02:40,065] multiqc                                            [DEBUG  ]  File ignored by longranger/invocation because it exceeded search pattern filesize limit: MHW079_trimmed_clipped_R1_paired_fastqc.html
[2025-05-20 11:02:40,102] multiqc                                            [DEBUG  ]  File ignored by ccs/v4 because it exceeded search pattern filesize limit: MHW081_trimmed_clipped_R1_paired_fastqc.html
[2025-05-20 11:02:40,104] multiqc                                            [DEBUG  ]  File ignored by hicexplorer because it exceeded search pattern filesize limit: MHW081_trimmed_clipped_R1_paired_fastqc.html
[2025-05-20 11:02:40,104] multiqc                                            [DEBUG  ]  File ignored by nanostat because it exceeded search pattern filesize limit: MHW081_trimmed_clipped_R1_paired_fastqc.html
[2025-05-20 11:02:40,104] multiqc                                            [DEBUG  ]  File ignored by lima/summary because it exceeded search pattern filesize limit: MHW081_trimmed_clipped_R1_paired_fastqc.html
[2025-05-20 11:02:40,107] multiqc                                            [DEBUG  ]  File ignored by vep/vep_txt because it exceeded search pattern filesize limit: MHW081_trimmed_clipped_R1_paired_fastqc.html
[2025-05-20 11:02:40,107] multiqc                                            [DEBUG  ]  File ignored by longranger/invocation because it exceeded search pattern filesize limit: MHW081_trimmed_clipped_R1_paired_fastqc.html
[2025-05-20 11:02:40,145] multiqc                                            [DEBUG  ]  File ignored by ccs/v4 because it exceeded search pattern filesize limit: MHW073_trimmed_clipped_R1_paired_fastqc.html
[2025-05-20 11:02:40,147] multiqc                                            [DEBUG  ]  File ignored by hicexplorer because it exceeded search pattern filesize limit: MHW073_trimmed_clipped_R1_paired_fastqc.html
[2025-05-20 11:02:40,147] multiqc                                            [DEBUG  ]  File ignored by nanostat because it exceeded search pattern filesize limit: MHW073_trimmed_clipped_R1_paired_fastqc.html
[2025-05-20 11:02:40,147] multiqc                                            [DEBUG  ]  File ignored by lima/summary because it exceeded search pattern filesize limit: MHW073_trimmed_clipped_R1_paired_fastqc.html
[2025-05-20 11:02:40,150] multiqc                                            [DEBUG  ]  File ignored by vep/vep_txt because it exceeded search pattern filesize limit: MHW073_trimmed_clipped_R1_paired_fastqc.html
[2025-05-20 11:02:40,150] multiqc                                            [DEBUG  ]  File ignored by longranger/invocation because it exceeded search pattern filesize limit: MHW073_trimmed_clipped_R1_paired_fastqc.html
[2025-05-20 11:02:40,187] multiqc                                            [DEBUG  ]  File ignored by ccs/v4 because it exceeded search pattern filesize limit: MHW081_trimmed_clipped_R2_paired_fastqc.html
[2025-05-20 11:02:40,189] multiqc                                            [DEBUG  ]  File ignored by hicexplorer because it exceeded search pattern filesize limit: MHW081_trimmed_clipped_R2_paired_fastqc.html
[2025-05-20 11:02:40,189] multiqc                                            [DEBUG  ]  File ignored by nanostat because it exceeded search pattern filesize limit: MHW081_trimmed_clipped_R2_paired_fastqc.html
[2025-05-20 11:02:40,189] multiqc                                            [DEBUG  ]  File ignored by lima/summary because it exceeded search pattern filesize limit: MHW081_trimmed_clipped_R2_paired_fastqc.html
[2025-05-20 11:02:40,192] multiqc                                            [DEBUG  ]  File ignored by vep/vep_txt because it exceeded search pattern filesize limit: MHW081_trimmed_clipped_R2_paired_fastqc.html
[2025-05-20 11:02:40,192] multiqc                                            [DEBUG  ]  File ignored by longranger/invocation because it exceeded search pattern filesize limit: MHW081_trimmed_clipped_R2_paired_fastqc.html
[2025-05-20 11:02:40,227] multiqc                                            [DEBUG  ]  File ignored by ccs/v4 because it exceeded search pattern filesize limit: MHW082_trimmed_clipped_R1_paired_fastqc.html
[2025-05-20 11:02:40,229] multiqc                                            [DEBUG  ]  File ignored by hicexplorer because it exceeded search pattern filesize limit: MHW082_trimmed_clipped_R1_paired_fastqc.html
[2025-05-20 11:02:40,229] multiqc                                            [DEBUG  ]  File ignored by nanostat because it exceeded search pattern filesize limit: MHW082_trimmed_clipped_R1_paired_fastqc.html
[2025-05-20 11:02:40,229] multiqc                                            [DEBUG  ]  File ignored by lima/summary because it exceeded search pattern filesize limit: MHW082_trimmed_clipped_R1_paired_fastqc.html
[2025-05-20 11:02:40,232] multiqc                                            [DEBUG  ]  File ignored by vep/vep_txt because it exceeded search pattern filesize limit: MHW082_trimmed_clipped_R1_paired_fastqc.html
[2025-05-20 11:02:40,232] multiqc                                            [DEBUG  ]  File ignored by longranger/invocation because it exceeded search pattern filesize limit: MHW082_trimmed_clipped_R1_paired_fastqc.html
[2025-05-20 11:02:40,269] multiqc                                            [DEBUG  ]  File ignored by ccs/v4 because it exceeded search pattern filesize limit: MHW082_trimmed_clipped_R2_paired_fastqc.html
[2025-05-20 11:02:40,271] multiqc                                            [DEBUG  ]  File ignored by hicexplorer because it exceeded search pattern filesize limit: MHW082_trimmed_clipped_R2_paired_fastqc.html
[2025-05-20 11:02:40,271] multiqc                                            [DEBUG  ]  File ignored by nanostat because it exceeded search pattern filesize limit: MHW082_trimmed_clipped_R2_paired_fastqc.html
[2025-05-20 11:02:40,271] multiqc                                            [DEBUG  ]  File ignored by lima/summary because it exceeded search pattern filesize limit: MHW082_trimmed_clipped_R2_paired_fastqc.html
[2025-05-20 11:02:40,274] multiqc                                            [DEBUG  ]  File ignored by vep/vep_txt because it exceeded search pattern filesize limit: MHW082_trimmed_clipped_R2_paired_fastqc.html
[2025-05-20 11:02:40,274] multiqc                                            [DEBUG  ]  File ignored by longranger/invocation because it exceeded search pattern filesize limit: MHW082_trimmed_clipped_R2_paired_fastqc.html
[2025-05-20 11:02:40,310] multiqc                                            [DEBUG  ]  File ignored by ccs/v4 because it exceeded search pattern filesize limit: MHW085_trimmed_clipped_R1_paired_fastqc.html
[2025-05-20 11:02:40,312] multiqc                                            [DEBUG  ]  File ignored by hicexplorer because it exceeded search pattern filesize limit: MHW085_trimmed_clipped_R1_paired_fastqc.html
[2025-05-20 11:02:40,312] multiqc                                            [DEBUG  ]  File ignored by nanostat because it exceeded search pattern filesize limit: MHW085_trimmed_clipped_R1_paired_fastqc.html
[2025-05-20 11:02:40,312] multiqc                                            [DEBUG  ]  File ignored by lima/summary because it exceeded search pattern filesize limit: MHW085_trimmed_clipped_R1_paired_fastqc.html
[2025-05-20 11:02:40,315] multiqc                                            [DEBUG  ]  File ignored by vep/vep_txt because it exceeded search pattern filesize limit: MHW085_trimmed_clipped_R1_paired_fastqc.html
[2025-05-20 11:02:40,315] multiqc                                            [DEBUG  ]  File ignored by longranger/invocation because it exceeded search pattern filesize limit: MHW085_trimmed_clipped_R1_paired_fastqc.html
[2025-05-20 11:02:40,353] multiqc                                            [DEBUG  ]  File ignored by ccs/v4 because it exceeded search pattern filesize limit: MHW083_trimmed_clipped_R2_paired_fastqc.html
[2025-05-20 11:02:40,354] multiqc                                            [DEBUG  ]  File ignored by hicexplorer because it exceeded search pattern filesize limit: MHW083_trimmed_clipped_R2_paired_fastqc.html
[2025-05-20 11:02:40,355] multiqc                                            [DEBUG  ]  File ignored by nanostat because it exceeded search pattern filesize limit: MHW083_trimmed_clipped_R2_paired_fastqc.html
[2025-05-20 11:02:40,355] multiqc                                            [DEBUG  ]  File ignored by lima/summary because it exceeded search pattern filesize limit: MHW083_trimmed_clipped_R2_paired_fastqc.html
[2025-05-20 11:02:40,358] multiqc                                            [DEBUG  ]  File ignored by vep/vep_txt because it exceeded search pattern filesize limit: MHW083_trimmed_clipped_R2_paired_fastqc.html
[2025-05-20 11:02:40,358] multiqc                                            [DEBUG  ]  File ignored by longranger/invocation because it exceeded search pattern filesize limit: MHW083_trimmed_clipped_R2_paired_fastqc.html
[2025-05-20 11:02:40,424] multiqc                                            [DEBUG  ]  File ignored by ccs/v4 because it exceeded search pattern filesize limit: MHW084_trimmed_clipped_R1_paired_fastqc.html
[2025-05-20 11:02:40,426] multiqc                                            [DEBUG  ]  File ignored by hicexplorer because it exceeded search pattern filesize limit: MHW084_trimmed_clipped_R1_paired_fastqc.html
[2025-05-20 11:02:40,426] multiqc                                            [DEBUG  ]  File ignored by nanostat because it exceeded search pattern filesize limit: MHW084_trimmed_clipped_R1_paired_fastqc.html
[2025-05-20 11:02:40,426] multiqc                                            [DEBUG  ]  File ignored by lima/summary because it exceeded search pattern filesize limit: MHW084_trimmed_clipped_R1_paired_fastqc.html
[2025-05-20 11:02:40,429] multiqc                                            [DEBUG  ]  File ignored by vep/vep_txt because it exceeded search pattern filesize limit: MHW084_trimmed_clipped_R1_paired_fastqc.html
[2025-05-20 11:02:40,429] multiqc                                            [DEBUG  ]  File ignored by longranger/invocation because it exceeded search pattern filesize limit: MHW084_trimmed_clipped_R1_paired_fastqc.html
[2025-05-20 11:02:40,486] multiqc                                            [DEBUG  ]  File ignored by ccs/v4 because it exceeded search pattern filesize limit: MHW084_trimmed_clipped_R2_paired_fastqc.html
[2025-05-20 11:02:40,488] multiqc                                            [DEBUG  ]  File ignored by hicexplorer because it exceeded search pattern filesize limit: MHW084_trimmed_clipped_R2_paired_fastqc.html
[2025-05-20 11:02:40,488] multiqc                                            [DEBUG  ]  File ignored by nanostat because it exceeded search pattern filesize limit: MHW084_trimmed_clipped_R2_paired_fastqc.html
[2025-05-20 11:02:40,488] multiqc                                            [DEBUG  ]  File ignored by lima/summary because it exceeded search pattern filesize limit: MHW084_trimmed_clipped_R2_paired_fastqc.html
[2025-05-20 11:02:40,491] multiqc                                            [DEBUG  ]  File ignored by vep/vep_txt because it exceeded search pattern filesize limit: MHW084_trimmed_clipped_R2_paired_fastqc.html
[2025-05-20 11:02:40,491] multiqc                                            [DEBUG  ]  File ignored by longranger/invocation because it exceeded search pattern filesize limit: MHW084_trimmed_clipped_R2_paired_fastqc.html
[2025-05-20 11:02:40,536] multiqc                                            [DEBUG  ]  File ignored by ccs/v4 because it exceeded search pattern filesize limit: MHW085_trimmed_clipped_R2_paired_fastqc.html
[2025-05-20 11:02:40,538] multiqc                                            [DEBUG  ]  File ignored by hicexplorer because it exceeded search pattern filesize limit: MHW085_trimmed_clipped_R2_paired_fastqc.html
[2025-05-20 11:02:40,538] multiqc                                            [DEBUG  ]  File ignored by nanostat because it exceeded search pattern filesize limit: MHW085_trimmed_clipped_R2_paired_fastqc.html
[2025-05-20 11:02:40,538] multiqc                                            [DEBUG  ]  File ignored by lima/summary because it exceeded search pattern filesize limit: MHW085_trimmed_clipped_R2_paired_fastqc.html
[2025-05-20 11:02:40,541] multiqc                                            [DEBUG  ]  File ignored by vep/vep_txt because it exceeded search pattern filesize limit: MHW085_trimmed_clipped_R2_paired_fastqc.html
[2025-05-20 11:02:40,541] multiqc                                            [DEBUG  ]  File ignored by longranger/invocation because it exceeded search pattern filesize limit: MHW085_trimmed_clipped_R2_paired_fastqc.html
[2025-05-20 11:02:40,577] multiqc                                            [DEBUG  ]  File ignored by ccs/v4 because it exceeded search pattern filesize limit: MHW086_trimmed_clipped_R2_paired_fastqc.html
[2025-05-20 11:02:40,579] multiqc                                            [DEBUG  ]  File ignored by hicexplorer because it exceeded search pattern filesize limit: MHW086_trimmed_clipped_R2_paired_fastqc.html
[2025-05-20 11:02:40,579] multiqc                                            [DEBUG  ]  File ignored by nanostat because it exceeded search pattern filesize limit: MHW086_trimmed_clipped_R2_paired_fastqc.html
[2025-05-20 11:02:40,579] multiqc                                            [DEBUG  ]  File ignored by lima/summary because it exceeded search pattern filesize limit: MHW086_trimmed_clipped_R2_paired_fastqc.html
[2025-05-20 11:02:40,582] multiqc                                            [DEBUG  ]  File ignored by vep/vep_txt because it exceeded search pattern filesize limit: MHW086_trimmed_clipped_R2_paired_fastqc.html
[2025-05-20 11:02:40,582] multiqc                                            [DEBUG  ]  File ignored by longranger/invocation because it exceeded search pattern filesize limit: MHW086_trimmed_clipped_R2_paired_fastqc.html
[2025-05-20 11:02:40,626] multiqc                                            [DEBUG  ]  File ignored by ccs/v4 because it exceeded search pattern filesize limit: MHW078_trimmed_clipped_R2_paired_fastqc.html
[2025-05-20 11:02:40,628] multiqc                                            [DEBUG  ]  File ignored by hicexplorer because it exceeded search pattern filesize limit: MHW078_trimmed_clipped_R2_paired_fastqc.html
[2025-05-20 11:02:40,628] multiqc                                            [DEBUG  ]  File ignored by nanostat because it exceeded search pattern filesize limit: MHW078_trimmed_clipped_R2_paired_fastqc.html
[2025-05-20 11:02:40,628] multiqc                                            [DEBUG  ]  File ignored by lima/summary because it exceeded search pattern filesize limit: MHW078_trimmed_clipped_R2_paired_fastqc.html
[2025-05-20 11:02:40,631] multiqc                                            [DEBUG  ]  File ignored by vep/vep_txt because it exceeded search pattern filesize limit: MHW078_trimmed_clipped_R2_paired_fastqc.html
[2025-05-20 11:02:40,631] multiqc                                            [DEBUG  ]  File ignored by longranger/invocation because it exceeded search pattern filesize limit: MHW078_trimmed_clipped_R2_paired_fastqc.html
[2025-05-20 11:02:40,674] multiqc                                            [DEBUG  ]  File ignored by ccs/v4 because it exceeded search pattern filesize limit: MHW078_trimmed_clipped_R1_paired_fastqc.html
[2025-05-20 11:02:40,676] multiqc                                            [DEBUG  ]  File ignored by hicexplorer because it exceeded search pattern filesize limit: MHW078_trimmed_clipped_R1_paired_fastqc.html
[2025-05-20 11:02:40,676] multiqc                                            [DEBUG  ]  File ignored by nanostat because it exceeded search pattern filesize limit: MHW078_trimmed_clipped_R1_paired_fastqc.html
[2025-05-20 11:02:40,676] multiqc                                            [DEBUG  ]  File ignored by lima/summary because it exceeded search pattern filesize limit: MHW078_trimmed_clipped_R1_paired_fastqc.html
[2025-05-20 11:02:40,679] multiqc                                            [DEBUG  ]  File ignored by vep/vep_txt because it exceeded search pattern filesize limit: MHW078_trimmed_clipped_R1_paired_fastqc.html
[2025-05-20 11:02:40,680] multiqc                                            [DEBUG  ]  File ignored by longranger/invocation because it exceeded search pattern filesize limit: MHW078_trimmed_clipped_R1_paired_fastqc.html
[2025-05-20 11:02:40,727] multiqc                                            [DEBUG  ]  File ignored by ccs/v4 because it exceeded search pattern filesize limit: MHW087_trimmed_clipped_R1_paired_fastqc.html
[2025-05-20 11:02:40,728] multiqc                                            [DEBUG  ]  File ignored by hicexplorer because it exceeded search pattern filesize limit: MHW087_trimmed_clipped_R1_paired_fastqc.html
[2025-05-20 11:02:40,729] multiqc                                            [DEBUG  ]  File ignored by nanostat because it exceeded search pattern filesize limit: MHW087_trimmed_clipped_R1_paired_fastqc.html
[2025-05-20 11:02:40,729] multiqc                                            [DEBUG  ]  File ignored by lima/summary because it exceeded search pattern filesize limit: MHW087_trimmed_clipped_R1_paired_fastqc.html
[2025-05-20 11:02:40,732] multiqc                                            [DEBUG  ]  File ignored by vep/vep_txt because it exceeded search pattern filesize limit: MHW087_trimmed_clipped_R1_paired_fastqc.html
[2025-05-20 11:02:40,732] multiqc                                            [DEBUG  ]  File ignored by longranger/invocation because it exceeded search pattern filesize limit: MHW087_trimmed_clipped_R1_paired_fastqc.html
[2025-05-20 11:02:40,782] multiqc                                            [DEBUG  ]  File ignored by ccs/v4 because it exceeded search pattern filesize limit: MHW087_trimmed_clipped_R2_paired_fastqc.html
[2025-05-20 11:02:40,784] multiqc                                            [DEBUG  ]  File ignored by hicexplorer because it exceeded search pattern filesize limit: MHW087_trimmed_clipped_R2_paired_fastqc.html
[2025-05-20 11:02:40,784] multiqc                                            [DEBUG  ]  File ignored by nanostat because it exceeded search pattern filesize limit: MHW087_trimmed_clipped_R2_paired_fastqc.html
[2025-05-20 11:02:40,784] multiqc                                            [DEBUG  ]  File ignored by lima/summary because it exceeded search pattern filesize limit: MHW087_trimmed_clipped_R2_paired_fastqc.html
[2025-05-20 11:02:40,787] multiqc                                            [DEBUG  ]  File ignored by vep/vep_txt because it exceeded search pattern filesize limit: MHW087_trimmed_clipped_R2_paired_fastqc.html
[2025-05-20 11:02:40,788] multiqc                                            [DEBUG  ]  File ignored by longranger/invocation because it exceeded search pattern filesize limit: MHW087_trimmed_clipped_R2_paired_fastqc.html
[2025-05-20 11:02:40,840] multiqc                                            [DEBUG  ]  File ignored by ccs/v4 because it exceeded search pattern filesize limit: MHW088_trimmed_clipped_R1_paired_fastqc.html
[2025-05-20 11:02:40,842] multiqc                                            [DEBUG  ]  File ignored by hicexplorer because it exceeded search pattern filesize limit: MHW088_trimmed_clipped_R1_paired_fastqc.html
[2025-05-20 11:02:40,842] multiqc                                            [DEBUG  ]  File ignored by nanostat because it exceeded search pattern filesize limit: MHW088_trimmed_clipped_R1_paired_fastqc.html
[2025-05-20 11:02:40,842] multiqc                                            [DEBUG  ]  File ignored by lima/summary because it exceeded search pattern filesize limit: MHW088_trimmed_clipped_R1_paired_fastqc.html
[2025-05-20 11:02:40,845] multiqc                                            [DEBUG  ]  File ignored by vep/vep_txt because it exceeded search pattern filesize limit: MHW088_trimmed_clipped_R1_paired_fastqc.html
[2025-05-20 11:02:40,845] multiqc                                            [DEBUG  ]  File ignored by longranger/invocation because it exceeded search pattern filesize limit: MHW088_trimmed_clipped_R1_paired_fastqc.html
[2025-05-20 11:02:40,892] multiqc                                            [DEBUG  ]  File ignored by ccs/v4 because it exceeded search pattern filesize limit: MHW088_trimmed_clipped_R2_paired_fastqc.html
[2025-05-20 11:02:40,894] multiqc                                            [DEBUG  ]  File ignored by hicexplorer because it exceeded search pattern filesize limit: MHW088_trimmed_clipped_R2_paired_fastqc.html
[2025-05-20 11:02:40,894] multiqc                                            [DEBUG  ]  File ignored by nanostat because it exceeded search pattern filesize limit: MHW088_trimmed_clipped_R2_paired_fastqc.html
[2025-05-20 11:02:40,894] multiqc                                            [DEBUG  ]  File ignored by lima/summary because it exceeded search pattern filesize limit: MHW088_trimmed_clipped_R2_paired_fastqc.html
[2025-05-20 11:02:40,897] multiqc                                            [DEBUG  ]  File ignored by vep/vep_txt because it exceeded search pattern filesize limit: MHW088_trimmed_clipped_R2_paired_fastqc.html
[2025-05-20 11:02:40,897] multiqc                                            [DEBUG  ]  File ignored by longranger/invocation because it exceeded search pattern filesize limit: MHW088_trimmed_clipped_R2_paired_fastqc.html
[2025-05-20 11:02:40,934] multiqc                                            [DEBUG  ]  File ignored by ccs/v4 because it exceeded search pattern filesize limit: MHW090_trimmed_clipped_R1_paired_fastqc.html
[2025-05-20 11:02:40,936] multiqc                                            [DEBUG  ]  File ignored by hicexplorer because it exceeded search pattern filesize limit: MHW090_trimmed_clipped_R1_paired_fastqc.html
[2025-05-20 11:02:40,936] multiqc                                            [DEBUG  ]  File ignored by nanostat because it exceeded search pattern filesize limit: MHW090_trimmed_clipped_R1_paired_fastqc.html
[2025-05-20 11:02:40,936] multiqc                                            [DEBUG  ]  File ignored by lima/summary because it exceeded search pattern filesize limit: MHW090_trimmed_clipped_R1_paired_fastqc.html
[2025-05-20 11:02:40,939] multiqc                                            [DEBUG  ]  File ignored by vep/vep_txt because it exceeded search pattern filesize limit: MHW090_trimmed_clipped_R1_paired_fastqc.html
[2025-05-20 11:02:40,939] multiqc                                            [DEBUG  ]  File ignored by longranger/invocation because it exceeded search pattern filesize limit: MHW090_trimmed_clipped_R1_paired_fastqc.html
[2025-05-20 11:02:40,992] multiqc                                            [DEBUG  ]  File ignored by ccs/v4 because it exceeded search pattern filesize limit: MHW089_trimmed_clipped_R2_paired_fastqc.html
[2025-05-20 11:02:40,994] multiqc                                            [DEBUG  ]  File ignored by hicexplorer because it exceeded search pattern filesize limit: MHW089_trimmed_clipped_R2_paired_fastqc.html
[2025-05-20 11:02:40,995] multiqc                                            [DEBUG  ]  File ignored by nanostat because it exceeded search pattern filesize limit: MHW089_trimmed_clipped_R2_paired_fastqc.html
[2025-05-20 11:02:40,995] multiqc                                            [DEBUG  ]  File ignored by lima/summary because it exceeded search pattern filesize limit: MHW089_trimmed_clipped_R2_paired_fastqc.html
[2025-05-20 11:02:40,998] multiqc                                            [DEBUG  ]  File ignored by vep/vep_txt because it exceeded search pattern filesize limit: MHW089_trimmed_clipped_R2_paired_fastqc.html
[2025-05-20 11:02:40,998] multiqc                                            [DEBUG  ]  File ignored by longranger/invocation because it exceeded search pattern filesize limit: MHW089_trimmed_clipped_R2_paired_fastqc.html
[2025-05-20 11:02:41,043] multiqc                                            [DEBUG  ]  File ignored by ccs/v4 because it exceeded search pattern filesize limit: MHW089_trimmed_clipped_R1_paired_fastqc.html
[2025-05-20 11:02:41,045] multiqc                                            [DEBUG  ]  File ignored by hicexplorer because it exceeded search pattern filesize limit: MHW089_trimmed_clipped_R1_paired_fastqc.html
[2025-05-20 11:02:41,045] multiqc                                            [DEBUG  ]  File ignored by nanostat because it exceeded search pattern filesize limit: MHW089_trimmed_clipped_R1_paired_fastqc.html
[2025-05-20 11:02:41,045] multiqc                                            [DEBUG  ]  File ignored by lima/summary because it exceeded search pattern filesize limit: MHW089_trimmed_clipped_R1_paired_fastqc.html
[2025-05-20 11:02:41,048] multiqc                                            [DEBUG  ]  File ignored by vep/vep_txt because it exceeded search pattern filesize limit: MHW089_trimmed_clipped_R1_paired_fastqc.html
[2025-05-20 11:02:41,048] multiqc                                            [DEBUG  ]  File ignored by longranger/invocation because it exceeded search pattern filesize limit: MHW089_trimmed_clipped_R1_paired_fastqc.html
[2025-05-20 11:02:41,092] multiqc                                            [DEBUG  ]  File ignored by ccs/v4 because it exceeded search pattern filesize limit: MHW090_trimmed_clipped_R2_paired_fastqc.html
[2025-05-20 11:02:41,094] multiqc                                            [DEBUG  ]  File ignored by hicexplorer because it exceeded search pattern filesize limit: MHW090_trimmed_clipped_R2_paired_fastqc.html
[2025-05-20 11:02:41,094] multiqc                                            [DEBUG  ]  File ignored by nanostat because it exceeded search pattern filesize limit: MHW090_trimmed_clipped_R2_paired_fastqc.html
[2025-05-20 11:02:41,094] multiqc                                            [DEBUG  ]  File ignored by lima/summary because it exceeded search pattern filesize limit: MHW090_trimmed_clipped_R2_paired_fastqc.html
[2025-05-20 11:02:41,097] multiqc                                            [DEBUG  ]  File ignored by vep/vep_txt because it exceeded search pattern filesize limit: MHW090_trimmed_clipped_R2_paired_fastqc.html
[2025-05-20 11:02:41,097] multiqc                                            [DEBUG  ]  File ignored by longranger/invocation because it exceeded search pattern filesize limit: MHW090_trimmed_clipped_R2_paired_fastqc.html
[2025-05-20 11:02:41,144] multiqc                                            [DEBUG  ]  File ignored by ccs/v4 because it exceeded search pattern filesize limit: MHW092_trimmed_clipped_R1_paired_fastqc.html
[2025-05-20 11:02:41,146] multiqc                                            [DEBUG  ]  File ignored by hicexplorer because it exceeded search pattern filesize limit: MHW092_trimmed_clipped_R1_paired_fastqc.html
[2025-05-20 11:02:41,146] multiqc                                            [DEBUG  ]  File ignored by nanostat because it exceeded search pattern filesize limit: MHW092_trimmed_clipped_R1_paired_fastqc.html
[2025-05-20 11:02:41,146] multiqc                                            [DEBUG  ]  File ignored by lima/summary because it exceeded search pattern filesize limit: MHW092_trimmed_clipped_R1_paired_fastqc.html
[2025-05-20 11:02:41,149] multiqc                                            [DEBUG  ]  File ignored by vep/vep_txt because it exceeded search pattern filesize limit: MHW092_trimmed_clipped_R1_paired_fastqc.html
[2025-05-20 11:02:41,149] multiqc                                            [DEBUG  ]  File ignored by longranger/invocation because it exceeded search pattern filesize limit: MHW092_trimmed_clipped_R1_paired_fastqc.html
[2025-05-20 11:02:41,197] multiqc                                            [DEBUG  ]  File ignored by ccs/v4 because it exceeded search pattern filesize limit: MHW092_trimmed_clipped_R2_paired_fastqc.html
[2025-05-20 11:02:41,199] multiqc                                            [DEBUG  ]  File ignored by hicexplorer because it exceeded search pattern filesize limit: MHW092_trimmed_clipped_R2_paired_fastqc.html
[2025-05-20 11:02:41,199] multiqc                                            [DEBUG  ]  File ignored by nanostat because it exceeded search pattern filesize limit: MHW092_trimmed_clipped_R2_paired_fastqc.html
[2025-05-20 11:02:41,199] multiqc                                            [DEBUG  ]  File ignored by lima/summary because it exceeded search pattern filesize limit: MHW092_trimmed_clipped_R2_paired_fastqc.html
[2025-05-20 11:02:41,202] multiqc                                            [DEBUG  ]  File ignored by vep/vep_txt because it exceeded search pattern filesize limit: MHW092_trimmed_clipped_R2_paired_fastqc.html
[2025-05-20 11:02:41,202] multiqc                                            [DEBUG  ]  File ignored by longranger/invocation because it exceeded search pattern filesize limit: MHW092_trimmed_clipped_R2_paired_fastqc.html
[2025-05-20 11:02:41,250] multiqc                                            [DEBUG  ]  File ignored by ccs/v4 because it exceeded search pattern filesize limit: MHW083_trimmed_clipped_R1_paired_fastqc.html
[2025-05-20 11:02:41,252] multiqc                                            [DEBUG  ]  File ignored by hicexplorer because it exceeded search pattern filesize limit: MHW083_trimmed_clipped_R1_paired_fastqc.html
[2025-05-20 11:02:41,252] multiqc                                            [DEBUG  ]  File ignored by nanostat because it exceeded search pattern filesize limit: MHW083_trimmed_clipped_R1_paired_fastqc.html
[2025-05-20 11:02:41,252] multiqc                                            [DEBUG  ]  File ignored by lima/summary because it exceeded search pattern filesize limit: MHW083_trimmed_clipped_R1_paired_fastqc.html
[2025-05-20 11:02:41,255] multiqc                                            [DEBUG  ]  File ignored by vep/vep_txt because it exceeded search pattern filesize limit: MHW083_trimmed_clipped_R1_paired_fastqc.html
[2025-05-20 11:02:41,256] multiqc                                            [DEBUG  ]  File ignored by longranger/invocation because it exceeded search pattern filesize limit: MHW083_trimmed_clipped_R1_paired_fastqc.html
[2025-05-20 11:02:41,293] multiqc                                            [DEBUG  ]  File ignored by ccs/v4 because it exceeded search pattern filesize limit: MHW093_trimmed_clipped_R2_paired_fastqc.html
[2025-05-20 11:02:41,295] multiqc                                            [DEBUG  ]  File ignored by hicexplorer because it exceeded search pattern filesize limit: MHW093_trimmed_clipped_R2_paired_fastqc.html
[2025-05-20 11:02:41,295] multiqc                                            [DEBUG  ]  File ignored by nanostat because it exceeded search pattern filesize limit: MHW093_trimmed_clipped_R2_paired_fastqc.html
[2025-05-20 11:02:41,295] multiqc                                            [DEBUG  ]  File ignored by lima/summary because it exceeded search pattern filesize limit: MHW093_trimmed_clipped_R2_paired_fastqc.html
[2025-05-20 11:02:41,298] multiqc                                            [DEBUG  ]  File ignored by vep/vep_txt because it exceeded search pattern filesize limit: MHW093_trimmed_clipped_R2_paired_fastqc.html
[2025-05-20 11:02:41,298] multiqc                                            [DEBUG  ]  File ignored by longranger/invocation because it exceeded search pattern filesize limit: MHW093_trimmed_clipped_R2_paired_fastqc.html
[2025-05-20 11:02:41,352] multiqc                                            [DEBUG  ]  File ignored by ccs/v4 because it exceeded search pattern filesize limit: MHW093_trimmed_clipped_R1_paired_fastqc.html
[2025-05-20 11:02:41,353] multiqc                                            [DEBUG  ]  File ignored by hicexplorer because it exceeded search pattern filesize limit: MHW093_trimmed_clipped_R1_paired_fastqc.html
[2025-05-20 11:02:41,354] multiqc                                            [DEBUG  ]  File ignored by nanostat because it exceeded search pattern filesize limit: MHW093_trimmed_clipped_R1_paired_fastqc.html
[2025-05-20 11:02:41,354] multiqc                                            [DEBUG  ]  File ignored by lima/summary because it exceeded search pattern filesize limit: MHW093_trimmed_clipped_R1_paired_fastqc.html
[2025-05-20 11:02:41,357] multiqc                                            [DEBUG  ]  File ignored by vep/vep_txt because it exceeded search pattern filesize limit: MHW093_trimmed_clipped_R1_paired_fastqc.html
[2025-05-20 11:02:41,357] multiqc                                            [DEBUG  ]  File ignored by longranger/invocation because it exceeded search pattern filesize limit: MHW093_trimmed_clipped_R1_paired_fastqc.html
[2025-05-20 11:02:41,411] multiqc                                            [DEBUG  ]  File ignored by ccs/v4 because it exceeded search pattern filesize limit: MHW094_trimmed_clipped_R1_paired_fastqc.html
[2025-05-20 11:02:41,413] multiqc                                            [DEBUG  ]  File ignored by hicexplorer because it exceeded search pattern filesize limit: MHW094_trimmed_clipped_R1_paired_fastqc.html
[2025-05-20 11:02:41,413] multiqc                                            [DEBUG  ]  File ignored by nanostat because it exceeded search pattern filesize limit: MHW094_trimmed_clipped_R1_paired_fastqc.html
[2025-05-20 11:02:41,413] multiqc                                            [DEBUG  ]  File ignored by lima/summary because it exceeded search pattern filesize limit: MHW094_trimmed_clipped_R1_paired_fastqc.html
[2025-05-20 11:02:41,417] multiqc                                            [DEBUG  ]  File ignored by vep/vep_txt because it exceeded search pattern filesize limit: MHW094_trimmed_clipped_R1_paired_fastqc.html
[2025-05-20 11:02:41,417] multiqc                                            [DEBUG  ]  File ignored by longranger/invocation because it exceeded search pattern filesize limit: MHW094_trimmed_clipped_R1_paired_fastqc.html
[2025-05-20 11:02:41,463] multiqc                                            [DEBUG  ]  File ignored by ccs/v4 because it exceeded search pattern filesize limit: MHW094_trimmed_clipped_R2_paired_fastqc.html
[2025-05-20 11:02:41,465] multiqc                                            [DEBUG  ]  File ignored by hicexplorer because it exceeded search pattern filesize limit: MHW094_trimmed_clipped_R2_paired_fastqc.html
[2025-05-20 11:02:41,465] multiqc                                            [DEBUG  ]  File ignored by nanostat because it exceeded search pattern filesize limit: MHW094_trimmed_clipped_R2_paired_fastqc.html
[2025-05-20 11:02:41,465] multiqc                                            [DEBUG  ]  File ignored by lima/summary because it exceeded search pattern filesize limit: MHW094_trimmed_clipped_R2_paired_fastqc.html
[2025-05-20 11:02:41,469] multiqc                                            [DEBUG  ]  File ignored by vep/vep_txt because it exceeded search pattern filesize limit: MHW094_trimmed_clipped_R2_paired_fastqc.html
[2025-05-20 11:02:41,469] multiqc                                            [DEBUG  ]  File ignored by longranger/invocation because it exceeded search pattern filesize limit: MHW094_trimmed_clipped_R2_paired_fastqc.html
[2025-05-20 11:02:41,522] multiqc                                            [DEBUG  ]  File ignored by ccs/v4 because it exceeded search pattern filesize limit: MHW095_trimmed_clipped_R1_paired_fastqc.html
[2025-05-20 11:02:41,523] multiqc                                            [DEBUG  ]  File ignored by hicexplorer because it exceeded search pattern filesize limit: MHW095_trimmed_clipped_R1_paired_fastqc.html
[2025-05-20 11:02:41,524] multiqc                                            [DEBUG  ]  File ignored by nanostat because it exceeded search pattern filesize limit: MHW095_trimmed_clipped_R1_paired_fastqc.html
[2025-05-20 11:02:41,524] multiqc                                            [DEBUG  ]  File ignored by lima/summary because it exceeded search pattern filesize limit: MHW095_trimmed_clipped_R1_paired_fastqc.html
[2025-05-20 11:02:41,527] multiqc                                            [DEBUG  ]  File ignored by vep/vep_txt because it exceeded search pattern filesize limit: MHW095_trimmed_clipped_R1_paired_fastqc.html
[2025-05-20 11:02:41,527] multiqc                                            [DEBUG  ]  File ignored by longranger/invocation because it exceeded search pattern filesize limit: MHW095_trimmed_clipped_R1_paired_fastqc.html
[2025-05-20 11:02:41,565] multiqc                                            [DEBUG  ]  File ignored by ccs/v4 because it exceeded search pattern filesize limit: MHW086_trimmed_clipped_R1_paired_fastqc.html
[2025-05-20 11:02:41,567] multiqc                                            [DEBUG  ]  File ignored by hicexplorer because it exceeded search pattern filesize limit: MHW086_trimmed_clipped_R1_paired_fastqc.html
[2025-05-20 11:02:41,567] multiqc                                            [DEBUG  ]  File ignored by nanostat because it exceeded search pattern filesize limit: MHW086_trimmed_clipped_R1_paired_fastqc.html
[2025-05-20 11:02:41,567] multiqc                                            [DEBUG  ]  File ignored by lima/summary because it exceeded search pattern filesize limit: MHW086_trimmed_clipped_R1_paired_fastqc.html
[2025-05-20 11:02:41,570] multiqc                                            [DEBUG  ]  File ignored by vep/vep_txt because it exceeded search pattern filesize limit: MHW086_trimmed_clipped_R1_paired_fastqc.html
[2025-05-20 11:02:41,570] multiqc                                            [DEBUG  ]  File ignored by longranger/invocation because it exceeded search pattern filesize limit: MHW086_trimmed_clipped_R1_paired_fastqc.html
[2025-05-20 11:02:41,607] multiqc                                            [DEBUG  ]  File ignored by ccs/v4 because it exceeded search pattern filesize limit: MHW095_trimmed_clipped_R2_paired_fastqc.html
[2025-05-20 11:02:41,609] multiqc                                            [DEBUG  ]  File ignored by hicexplorer because it exceeded search pattern filesize limit: MHW095_trimmed_clipped_R2_paired_fastqc.html
[2025-05-20 11:02:41,609] multiqc                                            [DEBUG  ]  File ignored by nanostat because it exceeded search pattern filesize limit: MHW095_trimmed_clipped_R2_paired_fastqc.html
[2025-05-20 11:02:41,609] multiqc                                            [DEBUG  ]  File ignored by lima/summary because it exceeded search pattern filesize limit: MHW095_trimmed_clipped_R2_paired_fastqc.html
[2025-05-20 11:02:41,612] multiqc                                            [DEBUG  ]  File ignored by vep/vep_txt because it exceeded search pattern filesize limit: MHW095_trimmed_clipped_R2_paired_fastqc.html
[2025-05-20 11:02:41,612] multiqc                                            [DEBUG  ]  File ignored by longranger/invocation because it exceeded search pattern filesize limit: MHW095_trimmed_clipped_R2_paired_fastqc.html
[2025-05-20 11:02:41,650] multiqc                                            [DEBUG  ]  File ignored by ccs/v4 because it exceeded search pattern filesize limit: MHW098_trimmed_clipped_R1_paired_fastqc.html
[2025-05-20 11:02:41,652] multiqc                                            [DEBUG  ]  File ignored by hicexplorer because it exceeded search pattern filesize limit: MHW098_trimmed_clipped_R1_paired_fastqc.html
[2025-05-20 11:02:41,653] multiqc                                            [DEBUG  ]  File ignored by nanostat because it exceeded search pattern filesize limit: MHW098_trimmed_clipped_R1_paired_fastqc.html
[2025-05-20 11:02:41,653] multiqc                                            [DEBUG  ]  File ignored by lima/summary because it exceeded search pattern filesize limit: MHW098_trimmed_clipped_R1_paired_fastqc.html
[2025-05-20 11:02:41,656] multiqc                                            [DEBUG  ]  File ignored by vep/vep_txt because it exceeded search pattern filesize limit: MHW098_trimmed_clipped_R1_paired_fastqc.html
[2025-05-20 11:02:41,656] multiqc                                            [DEBUG  ]  File ignored by longranger/invocation because it exceeded search pattern filesize limit: MHW098_trimmed_clipped_R1_paired_fastqc.html
[2025-05-20 11:02:41,693] multiqc                                            [DEBUG  ]  File ignored by ccs/v4 because it exceeded search pattern filesize limit: MHW097_trimmed_clipped_R2_paired_fastqc.html
[2025-05-20 11:02:41,695] multiqc                                            [DEBUG  ]  File ignored by hicexplorer because it exceeded search pattern filesize limit: MHW097_trimmed_clipped_R2_paired_fastqc.html
[2025-05-20 11:02:41,695] multiqc                                            [DEBUG  ]  File ignored by nanostat because it exceeded search pattern filesize limit: MHW097_trimmed_clipped_R2_paired_fastqc.html
[2025-05-20 11:02:41,695] multiqc                                            [DEBUG  ]  File ignored by lima/summary because it exceeded search pattern filesize limit: MHW097_trimmed_clipped_R2_paired_fastqc.html
[2025-05-20 11:02:41,698] multiqc                                            [DEBUG  ]  File ignored by vep/vep_txt because it exceeded search pattern filesize limit: MHW097_trimmed_clipped_R2_paired_fastqc.html
[2025-05-20 11:02:41,698] multiqc                                            [DEBUG  ]  File ignored by longranger/invocation because it exceeded search pattern filesize limit: MHW097_trimmed_clipped_R2_paired_fastqc.html
[2025-05-20 11:02:41,737] multiqc                                            [DEBUG  ]  File ignored by ccs/v4 because it exceeded search pattern filesize limit: MHW096_trimmed_clipped_R2_paired_fastqc.html
[2025-05-20 11:02:41,738] multiqc                                            [DEBUG  ]  File ignored by hicexplorer because it exceeded search pattern filesize limit: MHW096_trimmed_clipped_R2_paired_fastqc.html
[2025-05-20 11:02:41,739] multiqc                                            [DEBUG  ]  File ignored by nanostat because it exceeded search pattern filesize limit: MHW096_trimmed_clipped_R2_paired_fastqc.html
[2025-05-20 11:02:41,739] multiqc                                            [DEBUG  ]  File ignored by lima/summary because it exceeded search pattern filesize limit: MHW096_trimmed_clipped_R2_paired_fastqc.html
[2025-05-20 11:02:41,742] multiqc                                            [DEBUG  ]  File ignored by vep/vep_txt because it exceeded search pattern filesize limit: MHW096_trimmed_clipped_R2_paired_fastqc.html
[2025-05-20 11:02:41,742] multiqc                                            [DEBUG  ]  File ignored by longranger/invocation because it exceeded search pattern filesize limit: MHW096_trimmed_clipped_R2_paired_fastqc.html
[2025-05-20 11:02:41,780] multiqc                                            [DEBUG  ]  File ignored by ccs/v4 because it exceeded search pattern filesize limit: MHW096_trimmed_clipped_R1_paired_fastqc.html
[2025-05-20 11:02:41,781] multiqc                                            [DEBUG  ]  File ignored by hicexplorer because it exceeded search pattern filesize limit: MHW096_trimmed_clipped_R1_paired_fastqc.html
[2025-05-20 11:02:41,782] multiqc                                            [DEBUG  ]  File ignored by nanostat because it exceeded search pattern filesize limit: MHW096_trimmed_clipped_R1_paired_fastqc.html
[2025-05-20 11:02:41,782] multiqc                                            [DEBUG  ]  File ignored by lima/summary because it exceeded search pattern filesize limit: MHW096_trimmed_clipped_R1_paired_fastqc.html
[2025-05-20 11:02:41,785] multiqc                                            [DEBUG  ]  File ignored by vep/vep_txt because it exceeded search pattern filesize limit: MHW096_trimmed_clipped_R1_paired_fastqc.html
[2025-05-20 11:02:41,785] multiqc                                            [DEBUG  ]  File ignored by longranger/invocation because it exceeded search pattern filesize limit: MHW096_trimmed_clipped_R1_paired_fastqc.html
[2025-05-20 11:02:41,823] multiqc                                            [DEBUG  ]  File ignored by ccs/v4 because it exceeded search pattern filesize limit: MHW098_trimmed_clipped_R2_paired_fastqc.html
[2025-05-20 11:02:41,825] multiqc                                            [DEBUG  ]  File ignored by hicexplorer because it exceeded search pattern filesize limit: MHW098_trimmed_clipped_R2_paired_fastqc.html
[2025-05-20 11:02:41,825] multiqc                                            [DEBUG  ]  File ignored by nanostat because it exceeded search pattern filesize limit: MHW098_trimmed_clipped_R2_paired_fastqc.html
[2025-05-20 11:02:41,825] multiqc                                            [DEBUG  ]  File ignored by lima/summary because it exceeded search pattern filesize limit: MHW098_trimmed_clipped_R2_paired_fastqc.html
[2025-05-20 11:02:41,828] multiqc                                            [DEBUG  ]  File ignored by vep/vep_txt because it exceeded search pattern filesize limit: MHW098_trimmed_clipped_R2_paired_fastqc.html
[2025-05-20 11:02:41,828] multiqc                                            [DEBUG  ]  File ignored by longranger/invocation because it exceeded search pattern filesize limit: MHW098_trimmed_clipped_R2_paired_fastqc.html
[2025-05-20 11:02:41,867] multiqc                                            [DEBUG  ]  File ignored by ccs/v4 because it exceeded search pattern filesize limit: MHW099_trimmed_clipped_R1_paired_fastqc.html
[2025-05-20 11:02:41,869] multiqc                                            [DEBUG  ]  File ignored by hicexplorer because it exceeded search pattern filesize limit: MHW099_trimmed_clipped_R1_paired_fastqc.html
[2025-05-20 11:02:41,869] multiqc                                            [DEBUG  ]  File ignored by nanostat because it exceeded search pattern filesize limit: MHW099_trimmed_clipped_R1_paired_fastqc.html
[2025-05-20 11:02:41,869] multiqc                                            [DEBUG  ]  File ignored by lima/summary because it exceeded search pattern filesize limit: MHW099_trimmed_clipped_R1_paired_fastqc.html
[2025-05-20 11:02:41,872] multiqc                                            [DEBUG  ]  File ignored by vep/vep_txt because it exceeded search pattern filesize limit: MHW099_trimmed_clipped_R1_paired_fastqc.html
[2025-05-20 11:02:41,872] multiqc                                            [DEBUG  ]  File ignored by longranger/invocation because it exceeded search pattern filesize limit: MHW099_trimmed_clipped_R1_paired_fastqc.html
[2025-05-20 11:02:41,909] multiqc                                            [DEBUG  ]  File ignored by ccs/v4 because it exceeded search pattern filesize limit: MHW099_trimmed_clipped_R2_paired_fastqc.html
[2025-05-20 11:02:41,911] multiqc                                            [DEBUG  ]  File ignored by hicexplorer because it exceeded search pattern filesize limit: MHW099_trimmed_clipped_R2_paired_fastqc.html
[2025-05-20 11:02:41,911] multiqc                                            [DEBUG  ]  File ignored by nanostat because it exceeded search pattern filesize limit: MHW099_trimmed_clipped_R2_paired_fastqc.html
[2025-05-20 11:02:41,911] multiqc                                            [DEBUG  ]  File ignored by lima/summary because it exceeded search pattern filesize limit: MHW099_trimmed_clipped_R2_paired_fastqc.html
[2025-05-20 11:02:41,914] multiqc                                            [DEBUG  ]  File ignored by vep/vep_txt because it exceeded search pattern filesize limit: MHW099_trimmed_clipped_R2_paired_fastqc.html
[2025-05-20 11:02:41,914] multiqc                                            [DEBUG  ]  File ignored by longranger/invocation because it exceeded search pattern filesize limit: MHW099_trimmed_clipped_R2_paired_fastqc.html
[2025-05-20 11:02:41,952] multiqc                                            [DEBUG  ]  File ignored by ccs/v4 because it exceeded search pattern filesize limit: MHW091_trimmed_clipped_R2_paired_fastqc.html
[2025-05-20 11:02:41,954] multiqc                                            [DEBUG  ]  File ignored by hicexplorer because it exceeded search pattern filesize limit: MHW091_trimmed_clipped_R2_paired_fastqc.html
[2025-05-20 11:02:41,954] multiqc                                            [DEBUG  ]  File ignored by nanostat because it exceeded search pattern filesize limit: MHW091_trimmed_clipped_R2_paired_fastqc.html
[2025-05-20 11:02:41,954] multiqc                                            [DEBUG  ]  File ignored by lima/summary because it exceeded search pattern filesize limit: MHW091_trimmed_clipped_R2_paired_fastqc.html
[2025-05-20 11:02:41,957] multiqc                                            [DEBUG  ]  File ignored by vep/vep_txt because it exceeded search pattern filesize limit: MHW091_trimmed_clipped_R2_paired_fastqc.html
[2025-05-20 11:02:41,957] multiqc                                            [DEBUG  ]  File ignored by longranger/invocation because it exceeded search pattern filesize limit: MHW091_trimmed_clipped_R2_paired_fastqc.html
[2025-05-20 11:02:41,995] multiqc                                            [DEBUG  ]  File ignored by ccs/v4 because it exceeded search pattern filesize limit: MHW091_trimmed_clipped_R1_paired_fastqc.html
[2025-05-20 11:02:41,997] multiqc                                            [DEBUG  ]  File ignored by hicexplorer because it exceeded search pattern filesize limit: MHW091_trimmed_clipped_R1_paired_fastqc.html
[2025-05-20 11:02:41,997] multiqc                                            [DEBUG  ]  File ignored by nanostat because it exceeded search pattern filesize limit: MHW091_trimmed_clipped_R1_paired_fastqc.html
[2025-05-20 11:02:41,997] multiqc                                            [DEBUG  ]  File ignored by lima/summary because it exceeded search pattern filesize limit: MHW091_trimmed_clipped_R1_paired_fastqc.html
[2025-05-20 11:02:42,000] multiqc                                            [DEBUG  ]  File ignored by vep/vep_txt because it exceeded search pattern filesize limit: MHW091_trimmed_clipped_R1_paired_fastqc.html
[2025-05-20 11:02:42,000] multiqc                                            [DEBUG  ]  File ignored by longranger/invocation because it exceeded search pattern filesize limit: MHW091_trimmed_clipped_R1_paired_fastqc.html
[2025-05-20 11:02:42,038] multiqc                                            [DEBUG  ]  File ignored by ccs/v4 because it exceeded search pattern filesize limit: MHW100_trimmed_clipped_R2_paired_fastqc.html
[2025-05-20 11:02:42,040] multiqc                                            [DEBUG  ]  File ignored by hicexplorer because it exceeded search pattern filesize limit: MHW100_trimmed_clipped_R2_paired_fastqc.html
[2025-05-20 11:02:42,040] multiqc                                            [DEBUG  ]  File ignored by nanostat because it exceeded search pattern filesize limit: MHW100_trimmed_clipped_R2_paired_fastqc.html
[2025-05-20 11:02:42,040] multiqc                                            [DEBUG  ]  File ignored by lima/summary because it exceeded search pattern filesize limit: MHW100_trimmed_clipped_R2_paired_fastqc.html
[2025-05-20 11:02:42,043] multiqc                                            [DEBUG  ]  File ignored by vep/vep_txt because it exceeded search pattern filesize limit: MHW100_trimmed_clipped_R2_paired_fastqc.html
[2025-05-20 11:02:42,043] multiqc                                            [DEBUG  ]  File ignored by longranger/invocation because it exceeded search pattern filesize limit: MHW100_trimmed_clipped_R2_paired_fastqc.html
[2025-05-20 11:02:42,081] multiqc                                            [DEBUG  ]  File ignored by ccs/v4 because it exceeded search pattern filesize limit: MHW101_trimmed_clipped_R1_paired_fastqc.html
[2025-05-20 11:02:42,083] multiqc                                            [DEBUG  ]  File ignored by hicexplorer because it exceeded search pattern filesize limit: MHW101_trimmed_clipped_R1_paired_fastqc.html
[2025-05-20 11:02:42,083] multiqc                                            [DEBUG  ]  File ignored by nanostat because it exceeded search pattern filesize limit: MHW101_trimmed_clipped_R1_paired_fastqc.html
[2025-05-20 11:02:42,083] multiqc                                            [DEBUG  ]  File ignored by lima/summary because it exceeded search pattern filesize limit: MHW101_trimmed_clipped_R1_paired_fastqc.html
[2025-05-20 11:02:42,086] multiqc                                            [DEBUG  ]  File ignored by vep/vep_txt because it exceeded search pattern filesize limit: MHW101_trimmed_clipped_R1_paired_fastqc.html
[2025-05-20 11:02:42,087] multiqc                                            [DEBUG  ]  File ignored by longranger/invocation because it exceeded search pattern filesize limit: MHW101_trimmed_clipped_R1_paired_fastqc.html
[2025-05-20 11:02:42,124] multiqc                                            [DEBUG  ]  File ignored by ccs/v4 because it exceeded search pattern filesize limit: MHW101_trimmed_clipped_R2_paired_fastqc.html
[2025-05-20 11:02:42,126] multiqc                                            [DEBUG  ]  File ignored by hicexplorer because it exceeded search pattern filesize limit: MHW101_trimmed_clipped_R2_paired_fastqc.html
[2025-05-20 11:02:42,126] multiqc                                            [DEBUG  ]  File ignored by nanostat because it exceeded search pattern filesize limit: MHW101_trimmed_clipped_R2_paired_fastqc.html
[2025-05-20 11:02:42,126] multiqc                                            [DEBUG  ]  File ignored by lima/summary because it exceeded search pattern filesize limit: MHW101_trimmed_clipped_R2_paired_fastqc.html
[2025-05-20 11:02:42,129] multiqc                                            [DEBUG  ]  File ignored by vep/vep_txt because it exceeded search pattern filesize limit: MHW101_trimmed_clipped_R2_paired_fastqc.html
[2025-05-20 11:02:42,129] multiqc                                            [DEBUG  ]  File ignored by longranger/invocation because it exceeded search pattern filesize limit: MHW101_trimmed_clipped_R2_paired_fastqc.html
[2025-05-20 11:02:42,167] multiqc                                            [DEBUG  ]  File ignored by ccs/v4 because it exceeded search pattern filesize limit: MHW103_trimmed_clipped_R1_paired_fastqc.html
[2025-05-20 11:02:42,169] multiqc                                            [DEBUG  ]  File ignored by hicexplorer because it exceeded search pattern filesize limit: MHW103_trimmed_clipped_R1_paired_fastqc.html
[2025-05-20 11:02:42,169] multiqc                                            [DEBUG  ]  File ignored by nanostat because it exceeded search pattern filesize limit: MHW103_trimmed_clipped_R1_paired_fastqc.html
[2025-05-20 11:02:42,169] multiqc                                            [DEBUG  ]  File ignored by lima/summary because it exceeded search pattern filesize limit: MHW103_trimmed_clipped_R1_paired_fastqc.html
[2025-05-20 11:02:42,172] multiqc                                            [DEBUG  ]  File ignored by vep/vep_txt because it exceeded search pattern filesize limit: MHW103_trimmed_clipped_R1_paired_fastqc.html
[2025-05-20 11:02:42,172] multiqc                                            [DEBUG  ]  File ignored by longranger/invocation because it exceeded search pattern filesize limit: MHW103_trimmed_clipped_R1_paired_fastqc.html
[2025-05-20 11:02:42,210] multiqc                                            [DEBUG  ]  File ignored by ccs/v4 because it exceeded search pattern filesize limit: MHW102_trimmed_clipped_R2_paired_fastqc.html
[2025-05-20 11:02:42,212] multiqc                                            [DEBUG  ]  File ignored by hicexplorer because it exceeded search pattern filesize limit: MHW102_trimmed_clipped_R2_paired_fastqc.html
[2025-05-20 11:02:42,212] multiqc                                            [DEBUG  ]  File ignored by nanostat because it exceeded search pattern filesize limit: MHW102_trimmed_clipped_R2_paired_fastqc.html
[2025-05-20 11:02:42,212] multiqc                                            [DEBUG  ]  File ignored by lima/summary because it exceeded search pattern filesize limit: MHW102_trimmed_clipped_R2_paired_fastqc.html
[2025-05-20 11:02:42,215] multiqc                                            [DEBUG  ]  File ignored by vep/vep_txt because it exceeded search pattern filesize limit: MHW102_trimmed_clipped_R2_paired_fastqc.html
[2025-05-20 11:02:42,215] multiqc                                            [DEBUG  ]  File ignored by longranger/invocation because it exceeded search pattern filesize limit: MHW102_trimmed_clipped_R2_paired_fastqc.html
[2025-05-20 11:02:42,287] multiqc                                            [DEBUG  ]  File ignored by ccs/v4 because it exceeded search pattern filesize limit: MHW102_trimmed_clipped_R1_paired_fastqc.html
[2025-05-20 11:02:42,289] multiqc                                            [DEBUG  ]  File ignored by hicexplorer because it exceeded search pattern filesize limit: MHW102_trimmed_clipped_R1_paired_fastqc.html
[2025-05-20 11:02:42,289] multiqc                                            [DEBUG  ]  File ignored by nanostat because it exceeded search pattern filesize limit: MHW102_trimmed_clipped_R1_paired_fastqc.html
[2025-05-20 11:02:42,289] multiqc                                            [DEBUG  ]  File ignored by lima/summary because it exceeded search pattern filesize limit: MHW102_trimmed_clipped_R1_paired_fastqc.html
[2025-05-20 11:02:42,292] multiqc                                            [DEBUG  ]  File ignored by vep/vep_txt because it exceeded search pattern filesize limit: MHW102_trimmed_clipped_R1_paired_fastqc.html
[2025-05-20 11:02:42,292] multiqc                                            [DEBUG  ]  File ignored by longranger/invocation because it exceeded search pattern filesize limit: MHW102_trimmed_clipped_R1_paired_fastqc.html
[2025-05-20 11:02:42,330] multiqc                                            [DEBUG  ]  File ignored by ccs/v4 because it exceeded search pattern filesize limit: MHW104_trimmed_clipped_R1_paired_fastqc.html
[2025-05-20 11:02:42,331] multiqc                                            [DEBUG  ]  File ignored by hicexplorer because it exceeded search pattern filesize limit: MHW104_trimmed_clipped_R1_paired_fastqc.html
[2025-05-20 11:02:42,332] multiqc                                            [DEBUG  ]  File ignored by nanostat because it exceeded search pattern filesize limit: MHW104_trimmed_clipped_R1_paired_fastqc.html
[2025-05-20 11:02:42,332] multiqc                                            [DEBUG  ]  File ignored by lima/summary because it exceeded search pattern filesize limit: MHW104_trimmed_clipped_R1_paired_fastqc.html
[2025-05-20 11:02:42,335] multiqc                                            [DEBUG  ]  File ignored by vep/vep_txt because it exceeded search pattern filesize limit: MHW104_trimmed_clipped_R1_paired_fastqc.html
[2025-05-20 11:02:42,335] multiqc                                            [DEBUG  ]  File ignored by longranger/invocation because it exceeded search pattern filesize limit: MHW104_trimmed_clipped_R1_paired_fastqc.html
[2025-05-20 11:02:42,372] multiqc                                            [DEBUG  ]  File ignored by ccs/v4 because it exceeded search pattern filesize limit: MHW103_trimmed_clipped_R2_paired_fastqc.html
[2025-05-20 11:02:42,374] multiqc                                            [DEBUG  ]  File ignored by hicexplorer because it exceeded search pattern filesize limit: MHW103_trimmed_clipped_R2_paired_fastqc.html
[2025-05-20 11:02:42,374] multiqc                                            [DEBUG  ]  File ignored by nanostat because it exceeded search pattern filesize limit: MHW103_trimmed_clipped_R2_paired_fastqc.html
[2025-05-20 11:02:42,374] multiqc                                            [DEBUG  ]  File ignored by lima/summary because it exceeded search pattern filesize limit: MHW103_trimmed_clipped_R2_paired_fastqc.html
[2025-05-20 11:02:42,377] multiqc                                            [DEBUG  ]  File ignored by vep/vep_txt because it exceeded search pattern filesize limit: MHW103_trimmed_clipped_R2_paired_fastqc.html
[2025-05-20 11:02:42,377] multiqc                                            [DEBUG  ]  File ignored by longranger/invocation because it exceeded search pattern filesize limit: MHW103_trimmed_clipped_R2_paired_fastqc.html
[2025-05-20 11:02:42,414] multiqc                                            [DEBUG  ]  File ignored by ccs/v4 because it exceeded search pattern filesize limit: MHW104_trimmed_clipped_R2_paired_fastqc.html
[2025-05-20 11:02:42,416] multiqc                                            [DEBUG  ]  File ignored by hicexplorer because it exceeded search pattern filesize limit: MHW104_trimmed_clipped_R2_paired_fastqc.html
[2025-05-20 11:02:42,416] multiqc                                            [DEBUG  ]  File ignored by nanostat because it exceeded search pattern filesize limit: MHW104_trimmed_clipped_R2_paired_fastqc.html
[2025-05-20 11:02:42,416] multiqc                                            [DEBUG  ]  File ignored by lima/summary because it exceeded search pattern filesize limit: MHW104_trimmed_clipped_R2_paired_fastqc.html
[2025-05-20 11:02:42,419] multiqc                                            [DEBUG  ]  File ignored by vep/vep_txt because it exceeded search pattern filesize limit: MHW104_trimmed_clipped_R2_paired_fastqc.html
[2025-05-20 11:02:42,419] multiqc                                            [DEBUG  ]  File ignored by longranger/invocation because it exceeded search pattern filesize limit: MHW104_trimmed_clipped_R2_paired_fastqc.html
[2025-05-20 11:02:42,457] multiqc                                            [DEBUG  ]  File ignored by ccs/v4 because it exceeded search pattern filesize limit: MHW105_trimmed_clipped_R1_paired_fastqc.html
[2025-05-20 11:02:42,459] multiqc                                            [DEBUG  ]  File ignored by hicexplorer because it exceeded search pattern filesize limit: MHW105_trimmed_clipped_R1_paired_fastqc.html
[2025-05-20 11:02:42,459] multiqc                                            [DEBUG  ]  File ignored by nanostat because it exceeded search pattern filesize limit: MHW105_trimmed_clipped_R1_paired_fastqc.html
[2025-05-20 11:02:42,459] multiqc                                            [DEBUG  ]  File ignored by lima/summary because it exceeded search pattern filesize limit: MHW105_trimmed_clipped_R1_paired_fastqc.html
[2025-05-20 11:02:42,463] multiqc                                            [DEBUG  ]  File ignored by vep/vep_txt because it exceeded search pattern filesize limit: MHW105_trimmed_clipped_R1_paired_fastqc.html
[2025-05-20 11:02:42,463] multiqc                                            [DEBUG  ]  File ignored by longranger/invocation because it exceeded search pattern filesize limit: MHW105_trimmed_clipped_R1_paired_fastqc.html
[2025-05-20 11:02:42,511] multiqc                                            [DEBUG  ]  File ignored by ccs/v4 because it exceeded search pattern filesize limit: MHW097_trimmed_clipped_R1_paired_fastqc.html
[2025-05-20 11:02:42,513] multiqc                                            [DEBUG  ]  File ignored by hicexplorer because it exceeded search pattern filesize limit: MHW097_trimmed_clipped_R1_paired_fastqc.html
[2025-05-20 11:02:42,513] multiqc                                            [DEBUG  ]  File ignored by nanostat because it exceeded search pattern filesize limit: MHW097_trimmed_clipped_R1_paired_fastqc.html
[2025-05-20 11:02:42,513] multiqc                                            [DEBUG  ]  File ignored by lima/summary because it exceeded search pattern filesize limit: MHW097_trimmed_clipped_R1_paired_fastqc.html
[2025-05-20 11:02:42,516] multiqc                                            [DEBUG  ]  File ignored by vep/vep_txt because it exceeded search pattern filesize limit: MHW097_trimmed_clipped_R1_paired_fastqc.html
[2025-05-20 11:02:42,516] multiqc                                            [DEBUG  ]  File ignored by longranger/invocation because it exceeded search pattern filesize limit: MHW097_trimmed_clipped_R1_paired_fastqc.html
[2025-05-20 11:02:42,556] multiqc                                            [DEBUG  ]  File ignored by ccs/v4 because it exceeded search pattern filesize limit: MHW105_trimmed_clipped_R2_paired_fastqc.html
[2025-05-20 11:02:42,558] multiqc                                            [DEBUG  ]  File ignored by hicexplorer because it exceeded search pattern filesize limit: MHW105_trimmed_clipped_R2_paired_fastqc.html
[2025-05-20 11:02:42,558] multiqc                                            [DEBUG  ]  File ignored by nanostat because it exceeded search pattern filesize limit: MHW105_trimmed_clipped_R2_paired_fastqc.html
[2025-05-20 11:02:42,558] multiqc                                            [DEBUG  ]  File ignored by lima/summary because it exceeded search pattern filesize limit: MHW105_trimmed_clipped_R2_paired_fastqc.html
[2025-05-20 11:02:42,561] multiqc                                            [DEBUG  ]  File ignored by vep/vep_txt because it exceeded search pattern filesize limit: MHW105_trimmed_clipped_R2_paired_fastqc.html
[2025-05-20 11:02:42,561] multiqc                                            [DEBUG  ]  File ignored by longranger/invocation because it exceeded search pattern filesize limit: MHW105_trimmed_clipped_R2_paired_fastqc.html
[2025-05-20 11:02:42,598] multiqc                                            [DEBUG  ]  File ignored by ccs/v4 because it exceeded search pattern filesize limit: MHW106_trimmed_clipped_R1_paired_fastqc.html
[2025-05-20 11:02:42,600] multiqc                                            [DEBUG  ]  File ignored by hicexplorer because it exceeded search pattern filesize limit: MHW106_trimmed_clipped_R1_paired_fastqc.html
[2025-05-20 11:02:42,600] multiqc                                            [DEBUG  ]  File ignored by nanostat because it exceeded search pattern filesize limit: MHW106_trimmed_clipped_R1_paired_fastqc.html
[2025-05-20 11:02:42,600] multiqc                                            [DEBUG  ]  File ignored by lima/summary because it exceeded search pattern filesize limit: MHW106_trimmed_clipped_R1_paired_fastqc.html
[2025-05-20 11:02:42,603] multiqc                                            [DEBUG  ]  File ignored by vep/vep_txt because it exceeded search pattern filesize limit: MHW106_trimmed_clipped_R1_paired_fastqc.html
[2025-05-20 11:02:42,603] multiqc                                            [DEBUG  ]  File ignored by longranger/invocation because it exceeded search pattern filesize limit: MHW106_trimmed_clipped_R1_paired_fastqc.html
[2025-05-20 11:02:42,641] multiqc                                            [DEBUG  ]  File ignored by ccs/v4 because it exceeded search pattern filesize limit: MHW106_trimmed_clipped_R2_paired_fastqc.html
[2025-05-20 11:02:42,642] multiqc                                            [DEBUG  ]  File ignored by hicexplorer because it exceeded search pattern filesize limit: MHW106_trimmed_clipped_R2_paired_fastqc.html
[2025-05-20 11:02:42,643] multiqc                                            [DEBUG  ]  File ignored by nanostat because it exceeded search pattern filesize limit: MHW106_trimmed_clipped_R2_paired_fastqc.html
[2025-05-20 11:02:42,643] multiqc                                            [DEBUG  ]  File ignored by lima/summary because it exceeded search pattern filesize limit: MHW106_trimmed_clipped_R2_paired_fastqc.html
[2025-05-20 11:02:42,646] multiqc                                            [DEBUG  ]  File ignored by vep/vep_txt because it exceeded search pattern filesize limit: MHW106_trimmed_clipped_R2_paired_fastqc.html
[2025-05-20 11:02:42,646] multiqc                                            [DEBUG  ]  File ignored by longranger/invocation because it exceeded search pattern filesize limit: MHW106_trimmed_clipped_R2_paired_fastqc.html
[2025-05-20 11:02:42,684] multiqc                                            [DEBUG  ]  File ignored by ccs/v4 because it exceeded search pattern filesize limit: MHW100_trimmed_clipped_R1_paired_fastqc.html
[2025-05-20 11:02:42,685] multiqc                                            [DEBUG  ]  File ignored by hicexplorer because it exceeded search pattern filesize limit: MHW100_trimmed_clipped_R1_paired_fastqc.html
[2025-05-20 11:02:42,685] multiqc                                            [DEBUG  ]  File ignored by nanostat because it exceeded search pattern filesize limit: MHW100_trimmed_clipped_R1_paired_fastqc.html
[2025-05-20 11:02:42,686] multiqc                                            [DEBUG  ]  File ignored by lima/summary because it exceeded search pattern filesize limit: MHW100_trimmed_clipped_R1_paired_fastqc.html
[2025-05-20 11:02:42,689] multiqc                                            [DEBUG  ]  File ignored by vep/vep_txt because it exceeded search pattern filesize limit: MHW100_trimmed_clipped_R1_paired_fastqc.html
[2025-05-20 11:02:42,689] multiqc                                            [DEBUG  ]  File ignored by longranger/invocation because it exceeded search pattern filesize limit: MHW100_trimmed_clipped_R1_paired_fastqc.html
[2025-05-20 11:02:42,727] multiqc                                            [DEBUG  ]  File ignored by ccs/v4 because it exceeded search pattern filesize limit: MHW107_trimmed_clipped_R1_paired_fastqc.html
[2025-05-20 11:02:42,728] multiqc                                            [DEBUG  ]  File ignored by hicexplorer because it exceeded search pattern filesize limit: MHW107_trimmed_clipped_R1_paired_fastqc.html
[2025-05-20 11:02:42,729] multiqc                                            [DEBUG  ]  File ignored by nanostat because it exceeded search pattern filesize limit: MHW107_trimmed_clipped_R1_paired_fastqc.html
[2025-05-20 11:02:42,729] multiqc                                            [DEBUG  ]  File ignored by lima/summary because it exceeded search pattern filesize limit: MHW107_trimmed_clipped_R1_paired_fastqc.html
[2025-05-20 11:02:42,732] multiqc                                            [DEBUG  ]  File ignored by vep/vep_txt because it exceeded search pattern filesize limit: MHW107_trimmed_clipped_R1_paired_fastqc.html
[2025-05-20 11:02:42,732] multiqc                                            [DEBUG  ]  File ignored by longranger/invocation because it exceeded search pattern filesize limit: MHW107_trimmed_clipped_R1_paired_fastqc.html
[2025-05-20 11:02:42,770] multiqc                                            [DEBUG  ]  File ignored by ccs/v4 because it exceeded search pattern filesize limit: MHW107_trimmed_clipped_R2_paired_fastqc.html
[2025-05-20 11:02:42,772] multiqc                                            [DEBUG  ]  File ignored by hicexplorer because it exceeded search pattern filesize limit: MHW107_trimmed_clipped_R2_paired_fastqc.html
[2025-05-20 11:02:42,772] multiqc                                            [DEBUG  ]  File ignored by nanostat because it exceeded search pattern filesize limit: MHW107_trimmed_clipped_R2_paired_fastqc.html
[2025-05-20 11:02:42,772] multiqc                                            [DEBUG  ]  File ignored by lima/summary because it exceeded search pattern filesize limit: MHW107_trimmed_clipped_R2_paired_fastqc.html
[2025-05-20 11:02:42,775] multiqc                                            [DEBUG  ]  File ignored by vep/vep_txt because it exceeded search pattern filesize limit: MHW107_trimmed_clipped_R2_paired_fastqc.html
[2025-05-20 11:02:42,775] multiqc                                            [DEBUG  ]  File ignored by longranger/invocation because it exceeded search pattern filesize limit: MHW107_trimmed_clipped_R2_paired_fastqc.html
[2025-05-20 11:02:42,813] multiqc                                            [DEBUG  ]  File ignored by ccs/v4 because it exceeded search pattern filesize limit: MHW109_trimmed_clipped_R1_paired_fastqc.html
[2025-05-20 11:02:42,815] multiqc                                            [DEBUG  ]  File ignored by hicexplorer because it exceeded search pattern filesize limit: MHW109_trimmed_clipped_R1_paired_fastqc.html
[2025-05-20 11:02:42,815] multiqc                                            [DEBUG  ]  File ignored by nanostat because it exceeded search pattern filesize limit: MHW109_trimmed_clipped_R1_paired_fastqc.html
[2025-05-20 11:02:42,815] multiqc                                            [DEBUG  ]  File ignored by lima/summary because it exceeded search pattern filesize limit: MHW109_trimmed_clipped_R1_paired_fastqc.html
[2025-05-20 11:02:42,818] multiqc                                            [DEBUG  ]  File ignored by vep/vep_txt because it exceeded search pattern filesize limit: MHW109_trimmed_clipped_R1_paired_fastqc.html
[2025-05-20 11:02:42,818] multiqc                                            [DEBUG  ]  File ignored by longranger/invocation because it exceeded search pattern filesize limit: MHW109_trimmed_clipped_R1_paired_fastqc.html
[2025-05-20 11:02:42,855] multiqc                                            [DEBUG  ]  File ignored by ccs/v4 because it exceeded search pattern filesize limit: MHW108_trimmed_clipped_R2_paired_fastqc.html
[2025-05-20 11:02:42,857] multiqc                                            [DEBUG  ]  File ignored by hicexplorer because it exceeded search pattern filesize limit: MHW108_trimmed_clipped_R2_paired_fastqc.html
[2025-05-20 11:02:42,857] multiqc                                            [DEBUG  ]  File ignored by nanostat because it exceeded search pattern filesize limit: MHW108_trimmed_clipped_R2_paired_fastqc.html
[2025-05-20 11:02:42,857] multiqc                                            [DEBUG  ]  File ignored by lima/summary because it exceeded search pattern filesize limit: MHW108_trimmed_clipped_R2_paired_fastqc.html
[2025-05-20 11:02:42,861] multiqc                                            [DEBUG  ]  File ignored by vep/vep_txt because it exceeded search pattern filesize limit: MHW108_trimmed_clipped_R2_paired_fastqc.html
[2025-05-20 11:02:42,861] multiqc                                            [DEBUG  ]  File ignored by longranger/invocation because it exceeded search pattern filesize limit: MHW108_trimmed_clipped_R2_paired_fastqc.html
[2025-05-20 11:02:42,898] multiqc                                            [DEBUG  ]  File ignored by ccs/v4 because it exceeded search pattern filesize limit: MHW108_trimmed_clipped_R1_paired_fastqc.html
[2025-05-20 11:02:42,900] multiqc                                            [DEBUG  ]  File ignored by hicexplorer because it exceeded search pattern filesize limit: MHW108_trimmed_clipped_R1_paired_fastqc.html
[2025-05-20 11:02:42,900] multiqc                                            [DEBUG  ]  File ignored by nanostat because it exceeded search pattern filesize limit: MHW108_trimmed_clipped_R1_paired_fastqc.html
[2025-05-20 11:02:42,900] multiqc                                            [DEBUG  ]  File ignored by lima/summary because it exceeded search pattern filesize limit: MHW108_trimmed_clipped_R1_paired_fastqc.html
[2025-05-20 11:02:42,903] multiqc                                            [DEBUG  ]  File ignored by vep/vep_txt because it exceeded search pattern filesize limit: MHW108_trimmed_clipped_R1_paired_fastqc.html
[2025-05-20 11:02:42,904] multiqc                                            [DEBUG  ]  File ignored by longranger/invocation because it exceeded search pattern filesize limit: MHW108_trimmed_clipped_R1_paired_fastqc.html
[2025-05-20 11:02:42,942] multiqc                                            [DEBUG  ]  File ignored by ccs/v4 because it exceeded search pattern filesize limit: MHW109_trimmed_clipped_R2_paired_fastqc.html
[2025-05-20 11:02:42,943] multiqc                                            [DEBUG  ]  File ignored by hicexplorer because it exceeded search pattern filesize limit: MHW109_trimmed_clipped_R2_paired_fastqc.html
[2025-05-20 11:02:42,944] multiqc                                            [DEBUG  ]  File ignored by nanostat because it exceeded search pattern filesize limit: MHW109_trimmed_clipped_R2_paired_fastqc.html
[2025-05-20 11:02:42,944] multiqc                                            [DEBUG  ]  File ignored by lima/summary because it exceeded search pattern filesize limit: MHW109_trimmed_clipped_R2_paired_fastqc.html
[2025-05-20 11:02:42,947] multiqc                                            [DEBUG  ]  File ignored by vep/vep_txt because it exceeded search pattern filesize limit: MHW109_trimmed_clipped_R2_paired_fastqc.html
[2025-05-20 11:02:42,947] multiqc                                            [DEBUG  ]  File ignored by longranger/invocation because it exceeded search pattern filesize limit: MHW109_trimmed_clipped_R2_paired_fastqc.html
[2025-05-20 11:02:42,984] multiqc                                            [DEBUG  ]  File ignored by ccs/v4 because it exceeded search pattern filesize limit: MHW111_trimmed_clipped_R1_paired_fastqc.html
[2025-05-20 11:02:42,986] multiqc                                            [DEBUG  ]  File ignored by hicexplorer because it exceeded search pattern filesize limit: MHW111_trimmed_clipped_R1_paired_fastqc.html
[2025-05-20 11:02:42,986] multiqc                                            [DEBUG  ]  File ignored by nanostat because it exceeded search pattern filesize limit: MHW111_trimmed_clipped_R1_paired_fastqc.html
[2025-05-20 11:02:42,986] multiqc                                            [DEBUG  ]  File ignored by lima/summary because it exceeded search pattern filesize limit: MHW111_trimmed_clipped_R1_paired_fastqc.html
[2025-05-20 11:02:42,989] multiqc                                            [DEBUG  ]  File ignored by vep/vep_txt because it exceeded search pattern filesize limit: MHW111_trimmed_clipped_R1_paired_fastqc.html
[2025-05-20 11:02:42,989] multiqc                                            [DEBUG  ]  File ignored by longranger/invocation because it exceeded search pattern filesize limit: MHW111_trimmed_clipped_R1_paired_fastqc.html
[2025-05-20 11:02:43,028] multiqc                                            [DEBUG  ]  File ignored by ccs/v4 because it exceeded search pattern filesize limit: MHW110_trimmed_clipped_R2_paired_fastqc.html
[2025-05-20 11:02:43,029] multiqc                                            [DEBUG  ]  File ignored by hicexplorer because it exceeded search pattern filesize limit: MHW110_trimmed_clipped_R2_paired_fastqc.html
[2025-05-20 11:02:43,030] multiqc                                            [DEBUG  ]  File ignored by nanostat because it exceeded search pattern filesize limit: MHW110_trimmed_clipped_R2_paired_fastqc.html
[2025-05-20 11:02:43,030] multiqc                                            [DEBUG  ]  File ignored by lima/summary because it exceeded search pattern filesize limit: MHW110_trimmed_clipped_R2_paired_fastqc.html
[2025-05-20 11:02:43,033] multiqc                                            [DEBUG  ]  File ignored by vep/vep_txt because it exceeded search pattern filesize limit: MHW110_trimmed_clipped_R2_paired_fastqc.html
[2025-05-20 11:02:43,033] multiqc                                            [DEBUG  ]  File ignored by longranger/invocation because it exceeded search pattern filesize limit: MHW110_trimmed_clipped_R2_paired_fastqc.html
[2025-05-20 11:02:43,070] multiqc                                            [DEBUG  ]  File ignored by ccs/v4 because it exceeded search pattern filesize limit: MHW110_trimmed_clipped_R1_paired_fastqc.html
[2025-05-20 11:02:43,072] multiqc                                            [DEBUG  ]  File ignored by hicexplorer because it exceeded search pattern filesize limit: MHW110_trimmed_clipped_R1_paired_fastqc.html
[2025-05-20 11:02:43,072] multiqc                                            [DEBUG  ]  File ignored by nanostat because it exceeded search pattern filesize limit: MHW110_trimmed_clipped_R1_paired_fastqc.html
[2025-05-20 11:02:43,072] multiqc                                            [DEBUG  ]  File ignored by lima/summary because it exceeded search pattern filesize limit: MHW110_trimmed_clipped_R1_paired_fastqc.html
[2025-05-20 11:02:43,075] multiqc                                            [DEBUG  ]  File ignored by vep/vep_txt because it exceeded search pattern filesize limit: MHW110_trimmed_clipped_R1_paired_fastqc.html
[2025-05-20 11:02:43,075] multiqc                                            [DEBUG  ]  File ignored by longranger/invocation because it exceeded search pattern filesize limit: MHW110_trimmed_clipped_R1_paired_fastqc.html
[2025-05-20 11:02:43,115] multiqc                                            [DEBUG  ]  File ignored by ccs/v4 because it exceeded search pattern filesize limit: MHW112_trimmed_clipped_R1_paired_fastqc.html
[2025-05-20 11:02:43,117] multiqc                                            [DEBUG  ]  File ignored by hicexplorer because it exceeded search pattern filesize limit: MHW112_trimmed_clipped_R1_paired_fastqc.html
[2025-05-20 11:02:43,117] multiqc                                            [DEBUG  ]  File ignored by nanostat because it exceeded search pattern filesize limit: MHW112_trimmed_clipped_R1_paired_fastqc.html
[2025-05-20 11:02:43,117] multiqc                                            [DEBUG  ]  File ignored by lima/summary because it exceeded search pattern filesize limit: MHW112_trimmed_clipped_R1_paired_fastqc.html
[2025-05-20 11:02:43,120] multiqc                                            [DEBUG  ]  File ignored by vep/vep_txt because it exceeded search pattern filesize limit: MHW112_trimmed_clipped_R1_paired_fastqc.html
[2025-05-20 11:02:43,120] multiqc                                            [DEBUG  ]  File ignored by longranger/invocation because it exceeded search pattern filesize limit: MHW112_trimmed_clipped_R1_paired_fastqc.html
[2025-05-20 11:02:43,181] multiqc                                            [DEBUG  ]  File ignored by ccs/v4 because it exceeded search pattern filesize limit: MHW112_trimmed_clipped_R2_paired_fastqc.html
[2025-05-20 11:02:43,183] multiqc                                            [DEBUG  ]  File ignored by hicexplorer because it exceeded search pattern filesize limit: MHW112_trimmed_clipped_R2_paired_fastqc.html
[2025-05-20 11:02:43,183] multiqc                                            [DEBUG  ]  File ignored by nanostat because it exceeded search pattern filesize limit: MHW112_trimmed_clipped_R2_paired_fastqc.html
[2025-05-20 11:02:43,183] multiqc                                            [DEBUG  ]  File ignored by lima/summary because it exceeded search pattern filesize limit: MHW112_trimmed_clipped_R2_paired_fastqc.html
[2025-05-20 11:02:43,186] multiqc                                            [DEBUG  ]  File ignored by vep/vep_txt because it exceeded search pattern filesize limit: MHW112_trimmed_clipped_R2_paired_fastqc.html
[2025-05-20 11:02:43,187] multiqc                                            [DEBUG  ]  File ignored by longranger/invocation because it exceeded search pattern filesize limit: MHW112_trimmed_clipped_R2_paired_fastqc.html
[2025-05-20 11:02:43,237] multiqc                                            [DEBUG  ]  File ignored by ccs/v4 because it exceeded search pattern filesize limit: MHW113_trimmed_clipped_R2_paired_fastqc.html
[2025-05-20 11:02:43,239] multiqc                                            [DEBUG  ]  File ignored by hicexplorer because it exceeded search pattern filesize limit: MHW113_trimmed_clipped_R2_paired_fastqc.html
[2025-05-20 11:02:43,239] multiqc                                            [DEBUG  ]  File ignored by nanostat because it exceeded search pattern filesize limit: MHW113_trimmed_clipped_R2_paired_fastqc.html
[2025-05-20 11:02:43,239] multiqc                                            [DEBUG  ]  File ignored by lima/summary because it exceeded search pattern filesize limit: MHW113_trimmed_clipped_R2_paired_fastqc.html
[2025-05-20 11:02:43,242] multiqc                                            [DEBUG  ]  File ignored by vep/vep_txt because it exceeded search pattern filesize limit: MHW113_trimmed_clipped_R2_paired_fastqc.html
[2025-05-20 11:02:43,242] multiqc                                            [DEBUG  ]  File ignored by longranger/invocation because it exceeded search pattern filesize limit: MHW113_trimmed_clipped_R2_paired_fastqc.html
[2025-05-20 11:02:43,292] multiqc                                            [DEBUG  ]  File ignored by ccs/v4 because it exceeded search pattern filesize limit: MHW113_trimmed_clipped_R1_paired_fastqc.html
[2025-05-20 11:02:43,294] multiqc                                            [DEBUG  ]  File ignored by hicexplorer because it exceeded search pattern filesize limit: MHW113_trimmed_clipped_R1_paired_fastqc.html
[2025-05-20 11:02:43,294] multiqc                                            [DEBUG  ]  File ignored by nanostat because it exceeded search pattern filesize limit: MHW113_trimmed_clipped_R1_paired_fastqc.html
[2025-05-20 11:02:43,294] multiqc                                            [DEBUG  ]  File ignored by lima/summary because it exceeded search pattern filesize limit: MHW113_trimmed_clipped_R1_paired_fastqc.html
[2025-05-20 11:02:43,297] multiqc                                            [DEBUG  ]  File ignored by vep/vep_txt because it exceeded search pattern filesize limit: MHW113_trimmed_clipped_R1_paired_fastqc.html
[2025-05-20 11:02:43,297] multiqc                                            [DEBUG  ]  File ignored by longranger/invocation because it exceeded search pattern filesize limit: MHW113_trimmed_clipped_R1_paired_fastqc.html
[2025-05-20 11:02:43,351] multiqc                                            [DEBUG  ]  File ignored by ccs/v4 because it exceeded search pattern filesize limit: MHW111_trimmed_clipped_R2_paired_fastqc.html
[2025-05-20 11:02:43,353] multiqc                                            [DEBUG  ]  File ignored by hicexplorer because it exceeded search pattern filesize limit: MHW111_trimmed_clipped_R2_paired_fastqc.html
[2025-05-20 11:02:43,353] multiqc                                            [DEBUG  ]  File ignored by nanostat because it exceeded search pattern filesize limit: MHW111_trimmed_clipped_R2_paired_fastqc.html
[2025-05-20 11:02:43,353] multiqc                                            [DEBUG  ]  File ignored by lima/summary because it exceeded search pattern filesize limit: MHW111_trimmed_clipped_R2_paired_fastqc.html
[2025-05-20 11:02:43,357] multiqc                                            [DEBUG  ]  File ignored by vep/vep_txt because it exceeded search pattern filesize limit: MHW111_trimmed_clipped_R2_paired_fastqc.html
[2025-05-20 11:02:43,357] multiqc                                            [DEBUG  ]  File ignored by longranger/invocation because it exceeded search pattern filesize limit: MHW111_trimmed_clipped_R2_paired_fastqc.html
[2025-05-20 11:02:43,409] multiqc                                            [DEBUG  ]  File ignored by ccs/v4 because it exceeded search pattern filesize limit: MHW114_trimmed_clipped_R2_paired_fastqc.html
[2025-05-20 11:02:43,411] multiqc                                            [DEBUG  ]  File ignored by hicexplorer because it exceeded search pattern filesize limit: MHW114_trimmed_clipped_R2_paired_fastqc.html
[2025-05-20 11:02:43,411] multiqc                                            [DEBUG  ]  File ignored by nanostat because it exceeded search pattern filesize limit: MHW114_trimmed_clipped_R2_paired_fastqc.html
[2025-05-20 11:02:43,411] multiqc                                            [DEBUG  ]  File ignored by lima/summary because it exceeded search pattern filesize limit: MHW114_trimmed_clipped_R2_paired_fastqc.html
[2025-05-20 11:02:43,415] multiqc                                            [DEBUG  ]  File ignored by vep/vep_txt because it exceeded search pattern filesize limit: MHW114_trimmed_clipped_R2_paired_fastqc.html
[2025-05-20 11:02:43,415] multiqc                                            [DEBUG  ]  File ignored by longranger/invocation because it exceeded search pattern filesize limit: MHW114_trimmed_clipped_R2_paired_fastqc.html
[2025-05-20 11:02:43,474] multiqc                                            [DEBUG  ]  File ignored by ccs/v4 because it exceeded search pattern filesize limit: MHW114_trimmed_clipped_R1_paired_fastqc.html
[2025-05-20 11:02:43,475] multiqc                                            [DEBUG  ]  File ignored by hicexplorer because it exceeded search pattern filesize limit: MHW114_trimmed_clipped_R1_paired_fastqc.html
[2025-05-20 11:02:43,476] multiqc                                            [DEBUG  ]  File ignored by nanostat because it exceeded search pattern filesize limit: MHW114_trimmed_clipped_R1_paired_fastqc.html
[2025-05-20 11:02:43,476] multiqc                                            [DEBUG  ]  File ignored by lima/summary because it exceeded search pattern filesize limit: MHW114_trimmed_clipped_R1_paired_fastqc.html
[2025-05-20 11:02:43,479] multiqc                                            [DEBUG  ]  File ignored by vep/vep_txt because it exceeded search pattern filesize limit: MHW114_trimmed_clipped_R1_paired_fastqc.html
[2025-05-20 11:02:43,479] multiqc                                            [DEBUG  ]  File ignored by longranger/invocation because it exceeded search pattern filesize limit: MHW114_trimmed_clipped_R1_paired_fastqc.html
[2025-05-20 11:02:43,538] multiqc                                            [DEBUG  ]  File ignored by ccs/v4 because it exceeded search pattern filesize limit: MHW116_trimmed_clipped_R1_paired_fastqc.html
[2025-05-20 11:02:43,540] multiqc                                            [DEBUG  ]  File ignored by hicexplorer because it exceeded search pattern filesize limit: MHW116_trimmed_clipped_R1_paired_fastqc.html
[2025-05-20 11:02:43,540] multiqc                                            [DEBUG  ]  File ignored by nanostat because it exceeded search pattern filesize limit: MHW116_trimmed_clipped_R1_paired_fastqc.html
[2025-05-20 11:02:43,540] multiqc                                            [DEBUG  ]  File ignored by lima/summary because it exceeded search pattern filesize limit: MHW116_trimmed_clipped_R1_paired_fastqc.html
[2025-05-20 11:02:43,543] multiqc                                            [DEBUG  ]  File ignored by vep/vep_txt because it exceeded search pattern filesize limit: MHW116_trimmed_clipped_R1_paired_fastqc.html
[2025-05-20 11:02:43,543] multiqc                                            [DEBUG  ]  File ignored by longranger/invocation because it exceeded search pattern filesize limit: MHW116_trimmed_clipped_R1_paired_fastqc.html
[2025-05-20 11:02:43,592] multiqc                                            [DEBUG  ]  File ignored by ccs/v4 because it exceeded search pattern filesize limit: MHW116_trimmed_clipped_R2_paired_fastqc.html
[2025-05-20 11:02:43,593] multiqc                                            [DEBUG  ]  File ignored by hicexplorer because it exceeded search pattern filesize limit: MHW116_trimmed_clipped_R2_paired_fastqc.html
[2025-05-20 11:02:43,594] multiqc                                            [DEBUG  ]  File ignored by nanostat because it exceeded search pattern filesize limit: MHW116_trimmed_clipped_R2_paired_fastqc.html
[2025-05-20 11:02:43,594] multiqc                                            [DEBUG  ]  File ignored by lima/summary because it exceeded search pattern filesize limit: MHW116_trimmed_clipped_R2_paired_fastqc.html
[2025-05-20 11:02:43,597] multiqc                                            [DEBUG  ]  File ignored by vep/vep_txt because it exceeded search pattern filesize limit: MHW116_trimmed_clipped_R2_paired_fastqc.html
[2025-05-20 11:02:43,597] multiqc                                            [DEBUG  ]  File ignored by longranger/invocation because it exceeded search pattern filesize limit: MHW116_trimmed_clipped_R2_paired_fastqc.html
[2025-05-20 11:02:43,635] multiqc                                            [DEBUG  ]  File ignored by ccs/v4 because it exceeded search pattern filesize limit: MHW115_trimmed_clipped_R1_paired_fastqc.html
[2025-05-20 11:02:43,637] multiqc                                            [DEBUG  ]  File ignored by hicexplorer because it exceeded search pattern filesize limit: MHW115_trimmed_clipped_R1_paired_fastqc.html
[2025-05-20 11:02:43,637] multiqc                                            [DEBUG  ]  File ignored by nanostat because it exceeded search pattern filesize limit: MHW115_trimmed_clipped_R1_paired_fastqc.html
[2025-05-20 11:02:43,637] multiqc                                            [DEBUG  ]  File ignored by lima/summary because it exceeded search pattern filesize limit: MHW115_trimmed_clipped_R1_paired_fastqc.html
[2025-05-20 11:02:43,640] multiqc                                            [DEBUG  ]  File ignored by vep/vep_txt because it exceeded search pattern filesize limit: MHW115_trimmed_clipped_R1_paired_fastqc.html
[2025-05-20 11:02:43,640] multiqc                                            [DEBUG  ]  File ignored by longranger/invocation because it exceeded search pattern filesize limit: MHW115_trimmed_clipped_R1_paired_fastqc.html
[2025-05-20 11:02:43,678] multiqc                                            [DEBUG  ]  File ignored by ccs/v4 because it exceeded search pattern filesize limit: MHW115_trimmed_clipped_R2_paired_fastqc.html
[2025-05-20 11:02:43,680] multiqc                                            [DEBUG  ]  File ignored by hicexplorer because it exceeded search pattern filesize limit: MHW115_trimmed_clipped_R2_paired_fastqc.html
[2025-05-20 11:02:43,680] multiqc                                            [DEBUG  ]  File ignored by nanostat because it exceeded search pattern filesize limit: MHW115_trimmed_clipped_R2_paired_fastqc.html
[2025-05-20 11:02:43,680] multiqc                                            [DEBUG  ]  File ignored by lima/summary because it exceeded search pattern filesize limit: MHW115_trimmed_clipped_R2_paired_fastqc.html
[2025-05-20 11:02:43,683] multiqc                                            [DEBUG  ]  File ignored by vep/vep_txt because it exceeded search pattern filesize limit: MHW115_trimmed_clipped_R2_paired_fastqc.html
[2025-05-20 11:02:43,683] multiqc                                            [DEBUG  ]  File ignored by longranger/invocation because it exceeded search pattern filesize limit: MHW115_trimmed_clipped_R2_paired_fastqc.html
[2025-05-20 11:02:43,721] multiqc                                            [DEBUG  ]  File ignored by ccs/v4 because it exceeded search pattern filesize limit: MHW117_trimmed_clipped_R1_paired_fastqc.html
[2025-05-20 11:02:43,723] multiqc                                            [DEBUG  ]  File ignored by hicexplorer because it exceeded search pattern filesize limit: MHW117_trimmed_clipped_R1_paired_fastqc.html
[2025-05-20 11:02:43,723] multiqc                                            [DEBUG  ]  File ignored by nanostat because it exceeded search pattern filesize limit: MHW117_trimmed_clipped_R1_paired_fastqc.html
[2025-05-20 11:02:43,723] multiqc                                            [DEBUG  ]  File ignored by lima/summary because it exceeded search pattern filesize limit: MHW117_trimmed_clipped_R1_paired_fastqc.html
[2025-05-20 11:02:43,727] multiqc                                            [DEBUG  ]  File ignored by vep/vep_txt because it exceeded search pattern filesize limit: MHW117_trimmed_clipped_R1_paired_fastqc.html
[2025-05-20 11:02:43,727] multiqc                                            [DEBUG  ]  File ignored by longranger/invocation because it exceeded search pattern filesize limit: MHW117_trimmed_clipped_R1_paired_fastqc.html
[2025-05-20 11:02:43,767] multiqc                                            [DEBUG  ]  File ignored by ccs/v4 because it exceeded search pattern filesize limit: MHW118_trimmed_clipped_R2_paired_fastqc.html
[2025-05-20 11:02:43,769] multiqc                                            [DEBUG  ]  File ignored by hicexplorer because it exceeded search pattern filesize limit: MHW118_trimmed_clipped_R2_paired_fastqc.html
[2025-05-20 11:02:43,769] multiqc                                            [DEBUG  ]  File ignored by nanostat because it exceeded search pattern filesize limit: MHW118_trimmed_clipped_R2_paired_fastqc.html
[2025-05-20 11:02:43,769] multiqc                                            [DEBUG  ]  File ignored by lima/summary because it exceeded search pattern filesize limit: MHW118_trimmed_clipped_R2_paired_fastqc.html
[2025-05-20 11:02:43,772] multiqc                                            [DEBUG  ]  File ignored by vep/vep_txt because it exceeded search pattern filesize limit: MHW118_trimmed_clipped_R2_paired_fastqc.html
[2025-05-20 11:02:43,772] multiqc                                            [DEBUG  ]  File ignored by longranger/invocation because it exceeded search pattern filesize limit: MHW118_trimmed_clipped_R2_paired_fastqc.html
[2025-05-20 11:02:43,809] multiqc                                            [DEBUG  ]  File ignored by ccs/v4 because it exceeded search pattern filesize limit: MHW117_trimmed_clipped_R2_paired_fastqc.html
[2025-05-20 11:02:43,811] multiqc                                            [DEBUG  ]  File ignored by hicexplorer because it exceeded search pattern filesize limit: MHW117_trimmed_clipped_R2_paired_fastqc.html
[2025-05-20 11:02:43,811] multiqc                                            [DEBUG  ]  File ignored by nanostat because it exceeded search pattern filesize limit: MHW117_trimmed_clipped_R2_paired_fastqc.html
[2025-05-20 11:02:43,811] multiqc                                            [DEBUG  ]  File ignored by lima/summary because it exceeded search pattern filesize limit: MHW117_trimmed_clipped_R2_paired_fastqc.html
[2025-05-20 11:02:43,814] multiqc                                            [DEBUG  ]  File ignored by vep/vep_txt because it exceeded search pattern filesize limit: MHW117_trimmed_clipped_R2_paired_fastqc.html
[2025-05-20 11:02:43,814] multiqc                                            [DEBUG  ]  File ignored by longranger/invocation because it exceeded search pattern filesize limit: MHW117_trimmed_clipped_R2_paired_fastqc.html
[2025-05-20 11:02:43,853] multiqc                                            [DEBUG  ]  File ignored by ccs/v4 because it exceeded search pattern filesize limit: MHW118_trimmed_clipped_R1_paired_fastqc.html
[2025-05-20 11:02:43,854] multiqc                                            [DEBUG  ]  File ignored by hicexplorer because it exceeded search pattern filesize limit: MHW118_trimmed_clipped_R1_paired_fastqc.html
[2025-05-20 11:02:43,855] multiqc                                            [DEBUG  ]  File ignored by nanostat because it exceeded search pattern filesize limit: MHW118_trimmed_clipped_R1_paired_fastqc.html
[2025-05-20 11:02:43,855] multiqc                                            [DEBUG  ]  File ignored by lima/summary because it exceeded search pattern filesize limit: MHW118_trimmed_clipped_R1_paired_fastqc.html
[2025-05-20 11:02:43,858] multiqc                                            [DEBUG  ]  File ignored by vep/vep_txt because it exceeded search pattern filesize limit: MHW118_trimmed_clipped_R1_paired_fastqc.html
[2025-05-20 11:02:43,858] multiqc                                            [DEBUG  ]  File ignored by longranger/invocation because it exceeded search pattern filesize limit: MHW118_trimmed_clipped_R1_paired_fastqc.html
[2025-05-20 11:02:43,896] multiqc                                            [DEBUG  ]  File ignored by ccs/v4 because it exceeded search pattern filesize limit: MHW119_trimmed_clipped_R2_paired_fastqc.html
[2025-05-20 11:02:43,898] multiqc                                            [DEBUG  ]  File ignored by hicexplorer because it exceeded search pattern filesize limit: MHW119_trimmed_clipped_R2_paired_fastqc.html
[2025-05-20 11:02:43,898] multiqc                                            [DEBUG  ]  File ignored by nanostat because it exceeded search pattern filesize limit: MHW119_trimmed_clipped_R2_paired_fastqc.html
[2025-05-20 11:02:43,898] multiqc                                            [DEBUG  ]  File ignored by lima/summary because it exceeded search pattern filesize limit: MHW119_trimmed_clipped_R2_paired_fastqc.html
[2025-05-20 11:02:43,901] multiqc                                            [DEBUG  ]  File ignored by vep/vep_txt because it exceeded search pattern filesize limit: MHW119_trimmed_clipped_R2_paired_fastqc.html
[2025-05-20 11:02:43,902] multiqc                                            [DEBUG  ]  File ignored by longranger/invocation because it exceeded search pattern filesize limit: MHW119_trimmed_clipped_R2_paired_fastqc.html
[2025-05-20 11:02:43,954] multiqc                                            [DEBUG  ]  File ignored by ccs/v4 because it exceeded search pattern filesize limit: MHW119_trimmed_clipped_R1_paired_fastqc.html
[2025-05-20 11:02:43,956] multiqc                                            [DEBUG  ]  File ignored by hicexplorer because it exceeded search pattern filesize limit: MHW119_trimmed_clipped_R1_paired_fastqc.html
[2025-05-20 11:02:43,956] multiqc                                            [DEBUG  ]  File ignored by nanostat because it exceeded search pattern filesize limit: MHW119_trimmed_clipped_R1_paired_fastqc.html
[2025-05-20 11:02:43,956] multiqc                                            [DEBUG  ]  File ignored by lima/summary because it exceeded search pattern filesize limit: MHW119_trimmed_clipped_R1_paired_fastqc.html
[2025-05-20 11:02:43,959] multiqc                                            [DEBUG  ]  File ignored by vep/vep_txt because it exceeded search pattern filesize limit: MHW119_trimmed_clipped_R1_paired_fastqc.html
[2025-05-20 11:02:43,959] multiqc                                            [DEBUG  ]  File ignored by longranger/invocation because it exceeded search pattern filesize limit: MHW119_trimmed_clipped_R1_paired_fastqc.html
[2025-05-20 11:02:43,998] multiqc                                            [DEBUG  ]  File ignored by ccs/v4 because it exceeded search pattern filesize limit: MHW120_trimmed_clipped_R1_paired_fastqc.html
[2025-05-20 11:02:43,999] multiqc                                            [DEBUG  ]  File ignored by hicexplorer because it exceeded search pattern filesize limit: MHW120_trimmed_clipped_R1_paired_fastqc.html
[2025-05-20 11:02:43,999] multiqc                                            [DEBUG  ]  File ignored by nanostat because it exceeded search pattern filesize limit: MHW120_trimmed_clipped_R1_paired_fastqc.html
[2025-05-20 11:02:43,999] multiqc                                            [DEBUG  ]  File ignored by lima/summary because it exceeded search pattern filesize limit: MHW120_trimmed_clipped_R1_paired_fastqc.html
[2025-05-20 11:02:44,003] multiqc                                            [DEBUG  ]  File ignored by vep/vep_txt because it exceeded search pattern filesize limit: MHW120_trimmed_clipped_R1_paired_fastqc.html
[2025-05-20 11:02:44,003] multiqc                                            [DEBUG  ]  File ignored by longranger/invocation because it exceeded search pattern filesize limit: MHW120_trimmed_clipped_R1_paired_fastqc.html
[2025-05-20 11:02:44,041] multiqc                                            [DEBUG  ]  File ignored by ccs/v4 because it exceeded search pattern filesize limit: MHW120_trimmed_clipped_R2_paired_fastqc.html
[2025-05-20 11:02:44,042] multiqc                                            [DEBUG  ]  File ignored by hicexplorer because it exceeded search pattern filesize limit: MHW120_trimmed_clipped_R2_paired_fastqc.html
[2025-05-20 11:02:44,043] multiqc                                            [DEBUG  ]  File ignored by nanostat because it exceeded search pattern filesize limit: MHW120_trimmed_clipped_R2_paired_fastqc.html
[2025-05-20 11:02:44,043] multiqc                                            [DEBUG  ]  File ignored by lima/summary because it exceeded search pattern filesize limit: MHW120_trimmed_clipped_R2_paired_fastqc.html
[2025-05-20 11:02:44,046] multiqc                                            [DEBUG  ]  File ignored by vep/vep_txt because it exceeded search pattern filesize limit: MHW120_trimmed_clipped_R2_paired_fastqc.html
[2025-05-20 11:02:44,046] multiqc                                            [DEBUG  ]  File ignored by longranger/invocation because it exceeded search pattern filesize limit: MHW120_trimmed_clipped_R2_paired_fastqc.html
[2025-05-20 11:02:44,100] multiqc                                            [DEBUG  ]  File ignored by ccs/v4 because it exceeded search pattern filesize limit: MHW122_trimmed_clipped_R2_paired_fastqc.html
[2025-05-20 11:02:44,102] multiqc                                            [DEBUG  ]  File ignored by hicexplorer because it exceeded search pattern filesize limit: MHW122_trimmed_clipped_R2_paired_fastqc.html
[2025-05-20 11:02:44,102] multiqc                                            [DEBUG  ]  File ignored by nanostat because it exceeded search pattern filesize limit: MHW122_trimmed_clipped_R2_paired_fastqc.html
[2025-05-20 11:02:44,102] multiqc                                            [DEBUG  ]  File ignored by lima/summary because it exceeded search pattern filesize limit: MHW122_trimmed_clipped_R2_paired_fastqc.html
[2025-05-20 11:02:44,105] multiqc                                            [DEBUG  ]  File ignored by vep/vep_txt because it exceeded search pattern filesize limit: MHW122_trimmed_clipped_R2_paired_fastqc.html
[2025-05-20 11:02:44,105] multiqc                                            [DEBUG  ]  File ignored by longranger/invocation because it exceeded search pattern filesize limit: MHW122_trimmed_clipped_R2_paired_fastqc.html
[2025-05-20 11:02:44,157] multiqc                                            [DEBUG  ]  File ignored by ccs/v4 because it exceeded search pattern filesize limit: MHW122_trimmed_clipped_R1_paired_fastqc.html
[2025-05-20 11:02:44,158] multiqc                                            [DEBUG  ]  File ignored by hicexplorer because it exceeded search pattern filesize limit: MHW122_trimmed_clipped_R1_paired_fastqc.html
[2025-05-20 11:02:44,159] multiqc                                            [DEBUG  ]  File ignored by nanostat because it exceeded search pattern filesize limit: MHW122_trimmed_clipped_R1_paired_fastqc.html
[2025-05-20 11:02:44,159] multiqc                                            [DEBUG  ]  File ignored by lima/summary because it exceeded search pattern filesize limit: MHW122_trimmed_clipped_R1_paired_fastqc.html
[2025-05-20 11:02:44,162] multiqc                                            [DEBUG  ]  File ignored by vep/vep_txt because it exceeded search pattern filesize limit: MHW122_trimmed_clipped_R1_paired_fastqc.html
[2025-05-20 11:02:44,162] multiqc                                            [DEBUG  ]  File ignored by longranger/invocation because it exceeded search pattern filesize limit: MHW122_trimmed_clipped_R1_paired_fastqc.html
[2025-05-20 11:02:44,200] multiqc                                            [DEBUG  ]  File ignored by ccs/v4 because it exceeded search pattern filesize limit: MHW121_trimmed_clipped_R2_paired_fastqc.html
[2025-05-20 11:02:44,202] multiqc                                            [DEBUG  ]  File ignored by hicexplorer because it exceeded search pattern filesize limit: MHW121_trimmed_clipped_R2_paired_fastqc.html
[2025-05-20 11:02:44,202] multiqc                                            [DEBUG  ]  File ignored by nanostat because it exceeded search pattern filesize limit: MHW121_trimmed_clipped_R2_paired_fastqc.html
[2025-05-20 11:02:44,202] multiqc                                            [DEBUG  ]  File ignored by lima/summary because it exceeded search pattern filesize limit: MHW121_trimmed_clipped_R2_paired_fastqc.html
[2025-05-20 11:02:44,205] multiqc                                            [DEBUG  ]  File ignored by vep/vep_txt because it exceeded search pattern filesize limit: MHW121_trimmed_clipped_R2_paired_fastqc.html
[2025-05-20 11:02:44,205] multiqc                                            [DEBUG  ]  File ignored by longranger/invocation because it exceeded search pattern filesize limit: MHW121_trimmed_clipped_R2_paired_fastqc.html
[2025-05-20 11:02:44,243] multiqc                                            [DEBUG  ]  File ignored by ccs/v4 because it exceeded search pattern filesize limit: MHW123_trimmed_clipped_R1_paired_fastqc.html
[2025-05-20 11:02:44,244] multiqc                                            [DEBUG  ]  File ignored by hicexplorer because it exceeded search pattern filesize limit: MHW123_trimmed_clipped_R1_paired_fastqc.html
[2025-05-20 11:02:44,245] multiqc                                            [DEBUG  ]  File ignored by nanostat because it exceeded search pattern filesize limit: MHW123_trimmed_clipped_R1_paired_fastqc.html
[2025-05-20 11:02:44,245] multiqc                                            [DEBUG  ]  File ignored by lima/summary because it exceeded search pattern filesize limit: MHW123_trimmed_clipped_R1_paired_fastqc.html
[2025-05-20 11:02:44,248] multiqc                                            [DEBUG  ]  File ignored by vep/vep_txt because it exceeded search pattern filesize limit: MHW123_trimmed_clipped_R1_paired_fastqc.html
[2025-05-20 11:02:44,248] multiqc                                            [DEBUG  ]  File ignored by longranger/invocation because it exceeded search pattern filesize limit: MHW123_trimmed_clipped_R1_paired_fastqc.html
[2025-05-20 11:02:44,286] multiqc                                            [DEBUG  ]  File ignored by ccs/v4 because it exceeded search pattern filesize limit: MHW121_trimmed_clipped_R1_paired_fastqc.html
[2025-05-20 11:02:44,287] multiqc                                            [DEBUG  ]  File ignored by hicexplorer because it exceeded search pattern filesize limit: MHW121_trimmed_clipped_R1_paired_fastqc.html
[2025-05-20 11:02:44,288] multiqc                                            [DEBUG  ]  File ignored by nanostat because it exceeded search pattern filesize limit: MHW121_trimmed_clipped_R1_paired_fastqc.html
[2025-05-20 11:02:44,288] multiqc                                            [DEBUG  ]  File ignored by lima/summary because it exceeded search pattern filesize limit: MHW121_trimmed_clipped_R1_paired_fastqc.html
[2025-05-20 11:02:44,291] multiqc                                            [DEBUG  ]  File ignored by vep/vep_txt because it exceeded search pattern filesize limit: MHW121_trimmed_clipped_R1_paired_fastqc.html
[2025-05-20 11:02:44,291] multiqc                                            [DEBUG  ]  File ignored by longranger/invocation because it exceeded search pattern filesize limit: MHW121_trimmed_clipped_R1_paired_fastqc.html
[2025-05-20 11:02:44,329] multiqc                                            [DEBUG  ]  File ignored by ccs/v4 because it exceeded search pattern filesize limit: MHW124_trimmed_clipped_R2_paired_fastqc.html
[2025-05-20 11:02:44,331] multiqc                                            [DEBUG  ]  File ignored by hicexplorer because it exceeded search pattern filesize limit: MHW124_trimmed_clipped_R2_paired_fastqc.html
[2025-05-20 11:02:44,331] multiqc                                            [DEBUG  ]  File ignored by nanostat because it exceeded search pattern filesize limit: MHW124_trimmed_clipped_R2_paired_fastqc.html
[2025-05-20 11:02:44,331] multiqc                                            [DEBUG  ]  File ignored by lima/summary because it exceeded search pattern filesize limit: MHW124_trimmed_clipped_R2_paired_fastqc.html
[2025-05-20 11:02:44,334] multiqc                                            [DEBUG  ]  File ignored by vep/vep_txt because it exceeded search pattern filesize limit: MHW124_trimmed_clipped_R2_paired_fastqc.html
[2025-05-20 11:02:44,334] multiqc                                            [DEBUG  ]  File ignored by longranger/invocation because it exceeded search pattern filesize limit: MHW124_trimmed_clipped_R2_paired_fastqc.html
[2025-05-20 11:02:44,372] multiqc                                            [DEBUG  ]  File ignored by ccs/v4 because it exceeded search pattern filesize limit: MHW126_trimmed_clipped_R2_paired_fastqc.html
[2025-05-20 11:02:44,374] multiqc                                            [DEBUG  ]  File ignored by hicexplorer because it exceeded search pattern filesize limit: MHW126_trimmed_clipped_R2_paired_fastqc.html
[2025-05-20 11:02:44,374] multiqc                                            [DEBUG  ]  File ignored by nanostat because it exceeded search pattern filesize limit: MHW126_trimmed_clipped_R2_paired_fastqc.html
[2025-05-20 11:02:44,374] multiqc                                            [DEBUG  ]  File ignored by lima/summary because it exceeded search pattern filesize limit: MHW126_trimmed_clipped_R2_paired_fastqc.html
[2025-05-20 11:02:44,377] multiqc                                            [DEBUG  ]  File ignored by vep/vep_txt because it exceeded search pattern filesize limit: MHW126_trimmed_clipped_R2_paired_fastqc.html
[2025-05-20 11:02:44,377] multiqc                                            [DEBUG  ]  File ignored by longranger/invocation because it exceeded search pattern filesize limit: MHW126_trimmed_clipped_R2_paired_fastqc.html
[2025-05-20 11:02:44,417] multiqc                                            [DEBUG  ]  File ignored by ccs/v4 because it exceeded search pattern filesize limit: MHW126_trimmed_clipped_R1_paired_fastqc.html
[2025-05-20 11:02:44,418] multiqc                                            [DEBUG  ]  File ignored by hicexplorer because it exceeded search pattern filesize limit: MHW126_trimmed_clipped_R1_paired_fastqc.html
[2025-05-20 11:02:44,419] multiqc                                            [DEBUG  ]  File ignored by nanostat because it exceeded search pattern filesize limit: MHW126_trimmed_clipped_R1_paired_fastqc.html
[2025-05-20 11:02:44,419] multiqc                                            [DEBUG  ]  File ignored by lima/summary because it exceeded search pattern filesize limit: MHW126_trimmed_clipped_R1_paired_fastqc.html
[2025-05-20 11:02:44,422] multiqc                                            [DEBUG  ]  File ignored by vep/vep_txt because it exceeded search pattern filesize limit: MHW126_trimmed_clipped_R1_paired_fastqc.html
[2025-05-20 11:02:44,422] multiqc                                            [DEBUG  ]  File ignored by longranger/invocation because it exceeded search pattern filesize limit: MHW126_trimmed_clipped_R1_paired_fastqc.html
[2025-05-20 11:02:44,460] multiqc                                            [DEBUG  ]  File ignored by ccs/v4 because it exceeded search pattern filesize limit: MHW124_trimmed_clipped_R1_paired_fastqc.html
[2025-05-20 11:02:44,462] multiqc                                            [DEBUG  ]  File ignored by hicexplorer because it exceeded search pattern filesize limit: MHW124_trimmed_clipped_R1_paired_fastqc.html
[2025-05-20 11:02:44,462] multiqc                                            [DEBUG  ]  File ignored by nanostat because it exceeded search pattern filesize limit: MHW124_trimmed_clipped_R1_paired_fastqc.html
[2025-05-20 11:02:44,463] multiqc                                            [DEBUG  ]  File ignored by lima/summary because it exceeded search pattern filesize limit: MHW124_trimmed_clipped_R1_paired_fastqc.html
[2025-05-20 11:02:44,466] multiqc                                            [DEBUG  ]  File ignored by vep/vep_txt because it exceeded search pattern filesize limit: MHW124_trimmed_clipped_R1_paired_fastqc.html
[2025-05-20 11:02:44,466] multiqc                                            [DEBUG  ]  File ignored by longranger/invocation because it exceeded search pattern filesize limit: MHW124_trimmed_clipped_R1_paired_fastqc.html
[2025-05-20 11:02:44,505] multiqc                                            [DEBUG  ]  File ignored by ccs/v4 because it exceeded search pattern filesize limit: MHW123_trimmed_clipped_R2_paired_fastqc.html
[2025-05-20 11:02:44,507] multiqc                                            [DEBUG  ]  File ignored by hicexplorer because it exceeded search pattern filesize limit: MHW123_trimmed_clipped_R2_paired_fastqc.html
[2025-05-20 11:02:44,507] multiqc                                            [DEBUG  ]  File ignored by nanostat because it exceeded search pattern filesize limit: MHW123_trimmed_clipped_R2_paired_fastqc.html
[2025-05-20 11:02:44,507] multiqc                                            [DEBUG  ]  File ignored by lima/summary because it exceeded search pattern filesize limit: MHW123_trimmed_clipped_R2_paired_fastqc.html
[2025-05-20 11:02:44,510] multiqc                                            [DEBUG  ]  File ignored by vep/vep_txt because it exceeded search pattern filesize limit: MHW123_trimmed_clipped_R2_paired_fastqc.html
[2025-05-20 11:02:44,510] multiqc                                            [DEBUG  ]  File ignored by longranger/invocation because it exceeded search pattern filesize limit: MHW123_trimmed_clipped_R2_paired_fastqc.html
[2025-05-20 11:02:44,548] multiqc                                            [DEBUG  ]  File ignored by ccs/v4 because it exceeded search pattern filesize limit: MHW125_trimmed_clipped_R1_paired_fastqc.html
[2025-05-20 11:02:44,550] multiqc                                            [DEBUG  ]  File ignored by hicexplorer because it exceeded search pattern filesize limit: MHW125_trimmed_clipped_R1_paired_fastqc.html
[2025-05-20 11:02:44,550] multiqc                                            [DEBUG  ]  File ignored by nanostat because it exceeded search pattern filesize limit: MHW125_trimmed_clipped_R1_paired_fastqc.html
[2025-05-20 11:02:44,550] multiqc                                            [DEBUG  ]  File ignored by lima/summary because it exceeded search pattern filesize limit: MHW125_trimmed_clipped_R1_paired_fastqc.html
[2025-05-20 11:02:44,554] multiqc                                            [DEBUG  ]  File ignored by vep/vep_txt because it exceeded search pattern filesize limit: MHW125_trimmed_clipped_R1_paired_fastqc.html
[2025-05-20 11:02:44,554] multiqc                                            [DEBUG  ]  File ignored by longranger/invocation because it exceeded search pattern filesize limit: MHW125_trimmed_clipped_R1_paired_fastqc.html
[2025-05-20 11:02:44,592] multiqc                                            [DEBUG  ]  File ignored by ccs/v4 because it exceeded search pattern filesize limit: MHW125_trimmed_clipped_R2_paired_fastqc.html
[2025-05-20 11:02:44,594] multiqc                                            [DEBUG  ]  File ignored by hicexplorer because it exceeded search pattern filesize limit: MHW125_trimmed_clipped_R2_paired_fastqc.html
[2025-05-20 11:02:44,594] multiqc                                            [DEBUG  ]  File ignored by nanostat because it exceeded search pattern filesize limit: MHW125_trimmed_clipped_R2_paired_fastqc.html
[2025-05-20 11:02:44,594] multiqc                                            [DEBUG  ]  File ignored by lima/summary because it exceeded search pattern filesize limit: MHW125_trimmed_clipped_R2_paired_fastqc.html
[2025-05-20 11:02:44,597] multiqc                                            [DEBUG  ]  File ignored by vep/vep_txt because it exceeded search pattern filesize limit: MHW125_trimmed_clipped_R2_paired_fastqc.html
[2025-05-20 11:02:44,597] multiqc                                            [DEBUG  ]  File ignored by longranger/invocation because it exceeded search pattern filesize limit: MHW125_trimmed_clipped_R2_paired_fastqc.html
[2025-05-20 11:02:44,636] multiqc                                            [DEBUG  ]  File ignored by ccs/v4 because it exceeded search pattern filesize limit: MHW127_trimmed_clipped_R2_paired_fastqc.html
[2025-05-20 11:02:44,637] multiqc                                            [DEBUG  ]  File ignored by hicexplorer because it exceeded search pattern filesize limit: MHW127_trimmed_clipped_R2_paired_fastqc.html
[2025-05-20 11:02:44,638] multiqc                                            [DEBUG  ]  File ignored by nanostat because it exceeded search pattern filesize limit: MHW127_trimmed_clipped_R2_paired_fastqc.html
[2025-05-20 11:02:44,638] multiqc                                            [DEBUG  ]  File ignored by lima/summary because it exceeded search pattern filesize limit: MHW127_trimmed_clipped_R2_paired_fastqc.html
[2025-05-20 11:02:44,641] multiqc                                            [DEBUG  ]  File ignored by vep/vep_txt because it exceeded search pattern filesize limit: MHW127_trimmed_clipped_R2_paired_fastqc.html
[2025-05-20 11:02:44,641] multiqc                                            [DEBUG  ]  File ignored by longranger/invocation because it exceeded search pattern filesize limit: MHW127_trimmed_clipped_R2_paired_fastqc.html
[2025-05-20 11:02:44,679] multiqc                                            [DEBUG  ]  File ignored by ccs/v4 because it exceeded search pattern filesize limit: MHW127_trimmed_clipped_R1_paired_fastqc.html
[2025-05-20 11:02:44,681] multiqc                                            [DEBUG  ]  File ignored by hicexplorer because it exceeded search pattern filesize limit: MHW127_trimmed_clipped_R1_paired_fastqc.html
[2025-05-20 11:02:44,681] multiqc                                            [DEBUG  ]  File ignored by nanostat because it exceeded search pattern filesize limit: MHW127_trimmed_clipped_R1_paired_fastqc.html
[2025-05-20 11:02:44,681] multiqc                                            [DEBUG  ]  File ignored by lima/summary because it exceeded search pattern filesize limit: MHW127_trimmed_clipped_R1_paired_fastqc.html
[2025-05-20 11:02:44,684] multiqc                                            [DEBUG  ]  File ignored by vep/vep_txt because it exceeded search pattern filesize limit: MHW127_trimmed_clipped_R1_paired_fastqc.html
[2025-05-20 11:02:44,684] multiqc                                            [DEBUG  ]  File ignored by longranger/invocation because it exceeded search pattern filesize limit: MHW127_trimmed_clipped_R1_paired_fastqc.html
[2025-05-20 11:02:44,723] multiqc                                            [DEBUG  ]  File ignored by ccs/v4 because it exceeded search pattern filesize limit: MHW128_trimmed_clipped_R1_paired_fastqc.html
[2025-05-20 11:02:44,724] multiqc                                            [DEBUG  ]  File ignored by hicexplorer because it exceeded search pattern filesize limit: MHW128_trimmed_clipped_R1_paired_fastqc.html
[2025-05-20 11:02:44,724] multiqc                                            [DEBUG  ]  File ignored by nanostat because it exceeded search pattern filesize limit: MHW128_trimmed_clipped_R1_paired_fastqc.html
[2025-05-20 11:02:44,725] multiqc                                            [DEBUG  ]  File ignored by lima/summary because it exceeded search pattern filesize limit: MHW128_trimmed_clipped_R1_paired_fastqc.html
[2025-05-20 11:02:44,728] multiqc                                            [DEBUG  ]  File ignored by vep/vep_txt because it exceeded search pattern filesize limit: MHW128_trimmed_clipped_R1_paired_fastqc.html
[2025-05-20 11:02:44,728] multiqc                                            [DEBUG  ]  File ignored by longranger/invocation because it exceeded search pattern filesize limit: MHW128_trimmed_clipped_R1_paired_fastqc.html
[2025-05-20 11:02:44,766] multiqc                                            [DEBUG  ]  File ignored by ccs/v4 because it exceeded search pattern filesize limit: MHW128_trimmed_clipped_R2_paired_fastqc.html
[2025-05-20 11:02:44,768] multiqc                                            [DEBUG  ]  File ignored by hicexplorer because it exceeded search pattern filesize limit: MHW128_trimmed_clipped_R2_paired_fastqc.html
[2025-05-20 11:02:44,768] multiqc                                            [DEBUG  ]  File ignored by nanostat because it exceeded search pattern filesize limit: MHW128_trimmed_clipped_R2_paired_fastqc.html
[2025-05-20 11:02:44,768] multiqc                                            [DEBUG  ]  File ignored by lima/summary because it exceeded search pattern filesize limit: MHW128_trimmed_clipped_R2_paired_fastqc.html
[2025-05-20 11:02:44,771] multiqc                                            [DEBUG  ]  File ignored by vep/vep_txt because it exceeded search pattern filesize limit: MHW128_trimmed_clipped_R2_paired_fastqc.html
[2025-05-20 11:02:44,771] multiqc                                            [DEBUG  ]  File ignored by longranger/invocation because it exceeded search pattern filesize limit: MHW128_trimmed_clipped_R2_paired_fastqc.html
[2025-05-20 11:02:44,809] multiqc                                            [DEBUG  ]  File ignored by ccs/v4 because it exceeded search pattern filesize limit: MHW130_trimmed_clipped_R2_paired_fastqc.html
[2025-05-20 11:02:44,811] multiqc                                            [DEBUG  ]  File ignored by hicexplorer because it exceeded search pattern filesize limit: MHW130_trimmed_clipped_R2_paired_fastqc.html
[2025-05-20 11:02:44,811] multiqc                                            [DEBUG  ]  File ignored by nanostat because it exceeded search pattern filesize limit: MHW130_trimmed_clipped_R2_paired_fastqc.html
[2025-05-20 11:02:44,811] multiqc                                            [DEBUG  ]  File ignored by lima/summary because it exceeded search pattern filesize limit: MHW130_trimmed_clipped_R2_paired_fastqc.html
[2025-05-20 11:02:44,815] multiqc                                            [DEBUG  ]  File ignored by vep/vep_txt because it exceeded search pattern filesize limit: MHW130_trimmed_clipped_R2_paired_fastqc.html
[2025-05-20 11:02:44,815] multiqc                                            [DEBUG  ]  File ignored by longranger/invocation because it exceeded search pattern filesize limit: MHW130_trimmed_clipped_R2_paired_fastqc.html
[2025-05-20 11:02:44,852] multiqc                                            [DEBUG  ]  File ignored by ccs/v4 because it exceeded search pattern filesize limit: MHW130_trimmed_clipped_R1_paired_fastqc.html
[2025-05-20 11:02:44,853] multiqc                                            [DEBUG  ]  File ignored by hicexplorer because it exceeded search pattern filesize limit: MHW130_trimmed_clipped_R1_paired_fastqc.html
[2025-05-20 11:02:44,854] multiqc                                            [DEBUG  ]  File ignored by nanostat because it exceeded search pattern filesize limit: MHW130_trimmed_clipped_R1_paired_fastqc.html
[2025-05-20 11:02:44,854] multiqc                                            [DEBUG  ]  File ignored by lima/summary because it exceeded search pattern filesize limit: MHW130_trimmed_clipped_R1_paired_fastqc.html
[2025-05-20 11:02:44,857] multiqc                                            [DEBUG  ]  File ignored by vep/vep_txt because it exceeded search pattern filesize limit: MHW130_trimmed_clipped_R1_paired_fastqc.html
[2025-05-20 11:02:44,857] multiqc                                            [DEBUG  ]  File ignored by longranger/invocation because it exceeded search pattern filesize limit: MHW130_trimmed_clipped_R1_paired_fastqc.html
[2025-05-20 11:02:44,896] multiqc                                            [DEBUG  ]  File ignored by ccs/v4 because it exceeded search pattern filesize limit: MHW132_trimmed_clipped_R2_paired_fastqc.html
[2025-05-20 11:02:44,897] multiqc                                            [DEBUG  ]  File ignored by hicexplorer because it exceeded search pattern filesize limit: MHW132_trimmed_clipped_R2_paired_fastqc.html
[2025-05-20 11:02:44,898] multiqc                                            [DEBUG  ]  File ignored by nanostat because it exceeded search pattern filesize limit: MHW132_trimmed_clipped_R2_paired_fastqc.html
[2025-05-20 11:02:44,898] multiqc                                            [DEBUG  ]  File ignored by lima/summary because it exceeded search pattern filesize limit: MHW132_trimmed_clipped_R2_paired_fastqc.html
[2025-05-20 11:02:44,901] multiqc                                            [DEBUG  ]  File ignored by vep/vep_txt because it exceeded search pattern filesize limit: MHW132_trimmed_clipped_R2_paired_fastqc.html
[2025-05-20 11:02:44,901] multiqc                                            [DEBUG  ]  File ignored by longranger/invocation because it exceeded search pattern filesize limit: MHW132_trimmed_clipped_R2_paired_fastqc.html
[2025-05-20 11:02:44,939] multiqc                                            [DEBUG  ]  File ignored by ccs/v4 because it exceeded search pattern filesize limit: MHW132_trimmed_clipped_R1_paired_fastqc.html
[2025-05-20 11:02:44,941] multiqc                                            [DEBUG  ]  File ignored by hicexplorer because it exceeded search pattern filesize limit: MHW132_trimmed_clipped_R1_paired_fastqc.html
[2025-05-20 11:02:44,941] multiqc                                            [DEBUG  ]  File ignored by nanostat because it exceeded search pattern filesize limit: MHW132_trimmed_clipped_R1_paired_fastqc.html
[2025-05-20 11:02:44,941] multiqc                                            [DEBUG  ]  File ignored by lima/summary because it exceeded search pattern filesize limit: MHW132_trimmed_clipped_R1_paired_fastqc.html
[2025-05-20 11:02:44,945] multiqc                                            [DEBUG  ]  File ignored by vep/vep_txt because it exceeded search pattern filesize limit: MHW132_trimmed_clipped_R1_paired_fastqc.html
[2025-05-20 11:02:44,945] multiqc                                            [DEBUG  ]  File ignored by longranger/invocation because it exceeded search pattern filesize limit: MHW132_trimmed_clipped_R1_paired_fastqc.html
[2025-05-20 11:02:45,005] multiqc                                            [DEBUG  ]  File ignored by ccs/v4 because it exceeded search pattern filesize limit: MHW129_trimmed_clipped_R1_paired_fastqc.html
[2025-05-20 11:02:45,006] multiqc                                            [DEBUG  ]  File ignored by hicexplorer because it exceeded search pattern filesize limit: MHW129_trimmed_clipped_R1_paired_fastqc.html
[2025-05-20 11:02:45,007] multiqc                                            [DEBUG  ]  File ignored by nanostat because it exceeded search pattern filesize limit: MHW129_trimmed_clipped_R1_paired_fastqc.html
[2025-05-20 11:02:45,007] multiqc                                            [DEBUG  ]  File ignored by lima/summary because it exceeded search pattern filesize limit: MHW129_trimmed_clipped_R1_paired_fastqc.html
[2025-05-20 11:02:45,010] multiqc                                            [DEBUG  ]  File ignored by vep/vep_txt because it exceeded search pattern filesize limit: MHW129_trimmed_clipped_R1_paired_fastqc.html
[2025-05-20 11:02:45,010] multiqc                                            [DEBUG  ]  File ignored by longranger/invocation because it exceeded search pattern filesize limit: MHW129_trimmed_clipped_R1_paired_fastqc.html
[2025-05-20 11:02:45,071] multiqc                                            [DEBUG  ]  File ignored by ccs/v4 because it exceeded search pattern filesize limit: MHW131_trimmed_clipped_R1_paired_fastqc.html
[2025-05-20 11:02:45,073] multiqc                                            [DEBUG  ]  File ignored by hicexplorer because it exceeded search pattern filesize limit: MHW131_trimmed_clipped_R1_paired_fastqc.html
[2025-05-20 11:02:45,073] multiqc                                            [DEBUG  ]  File ignored by nanostat because it exceeded search pattern filesize limit: MHW131_trimmed_clipped_R1_paired_fastqc.html
[2025-05-20 11:02:45,073] multiqc                                            [DEBUG  ]  File ignored by lima/summary because it exceeded search pattern filesize limit: MHW131_trimmed_clipped_R1_paired_fastqc.html
[2025-05-20 11:02:45,076] multiqc                                            [DEBUG  ]  File ignored by vep/vep_txt because it exceeded search pattern filesize limit: MHW131_trimmed_clipped_R1_paired_fastqc.html
[2025-05-20 11:02:45,076] multiqc                                            [DEBUG  ]  File ignored by longranger/invocation because it exceeded search pattern filesize limit: MHW131_trimmed_clipped_R1_paired_fastqc.html
[2025-05-20 11:02:45,157] multiqc                                            [DEBUG  ]  File ignored by ccs/v4 because it exceeded search pattern filesize limit: MHW131_trimmed_clipped_R2_paired_fastqc.html
[2025-05-20 11:02:45,159] multiqc                                            [DEBUG  ]  File ignored by hicexplorer because it exceeded search pattern filesize limit: MHW131_trimmed_clipped_R2_paired_fastqc.html
[2025-05-20 11:02:45,159] multiqc                                            [DEBUG  ]  File ignored by nanostat because it exceeded search pattern filesize limit: MHW131_trimmed_clipped_R2_paired_fastqc.html
[2025-05-20 11:02:45,159] multiqc                                            [DEBUG  ]  File ignored by lima/summary because it exceeded search pattern filesize limit: MHW131_trimmed_clipped_R2_paired_fastqc.html
[2025-05-20 11:02:45,162] multiqc                                            [DEBUG  ]  File ignored by vep/vep_txt because it exceeded search pattern filesize limit: MHW131_trimmed_clipped_R2_paired_fastqc.html
[2025-05-20 11:02:45,162] multiqc                                            [DEBUG  ]  File ignored by longranger/invocation because it exceeded search pattern filesize limit: MHW131_trimmed_clipped_R2_paired_fastqc.html
[2025-05-20 11:02:45,211] multiqc                                            [DEBUG  ]  File ignored by ccs/v4 because it exceeded search pattern filesize limit: MHW129_trimmed_clipped_R2_paired_fastqc.html
[2025-05-20 11:02:45,212] multiqc                                            [DEBUG  ]  File ignored by hicexplorer because it exceeded search pattern filesize limit: MHW129_trimmed_clipped_R2_paired_fastqc.html
[2025-05-20 11:02:45,212] multiqc                                            [DEBUG  ]  File ignored by nanostat because it exceeded search pattern filesize limit: MHW129_trimmed_clipped_R2_paired_fastqc.html
[2025-05-20 11:02:45,212] multiqc                                            [DEBUG  ]  File ignored by lima/summary because it exceeded search pattern filesize limit: MHW129_trimmed_clipped_R2_paired_fastqc.html
[2025-05-20 11:02:45,216] multiqc                                            [DEBUG  ]  File ignored by vep/vep_txt because it exceeded search pattern filesize limit: MHW129_trimmed_clipped_R2_paired_fastqc.html
[2025-05-20 11:02:45,216] multiqc                                            [DEBUG  ]  File ignored by longranger/invocation because it exceeded search pattern filesize limit: MHW129_trimmed_clipped_R2_paired_fastqc.html
[2025-05-20 11:02:45,254] multiqc                                            [DEBUG  ]  File ignored by ccs/v4 because it exceeded search pattern filesize limit: MHW133_trimmed_clipped_R2_paired_fastqc.html
[2025-05-20 11:02:45,256] multiqc                                            [DEBUG  ]  File ignored by hicexplorer because it exceeded search pattern filesize limit: MHW133_trimmed_clipped_R2_paired_fastqc.html
[2025-05-20 11:02:45,256] multiqc                                            [DEBUG  ]  File ignored by nanostat because it exceeded search pattern filesize limit: MHW133_trimmed_clipped_R2_paired_fastqc.html
[2025-05-20 11:02:45,256] multiqc                                            [DEBUG  ]  File ignored by lima/summary because it exceeded search pattern filesize limit: MHW133_trimmed_clipped_R2_paired_fastqc.html
[2025-05-20 11:02:45,259] multiqc                                            [DEBUG  ]  File ignored by vep/vep_txt because it exceeded search pattern filesize limit: MHW133_trimmed_clipped_R2_paired_fastqc.html
[2025-05-20 11:02:45,259] multiqc                                            [DEBUG  ]  File ignored by longranger/invocation because it exceeded search pattern filesize limit: MHW133_trimmed_clipped_R2_paired_fastqc.html
[2025-05-20 11:02:45,296] multiqc                                            [DEBUG  ]  File ignored by ccs/v4 because it exceeded search pattern filesize limit: MHW133_trimmed_clipped_R1_paired_fastqc.html
[2025-05-20 11:02:45,298] multiqc                                            [DEBUG  ]  File ignored by hicexplorer because it exceeded search pattern filesize limit: MHW133_trimmed_clipped_R1_paired_fastqc.html
[2025-05-20 11:02:45,298] multiqc                                            [DEBUG  ]  File ignored by nanostat because it exceeded search pattern filesize limit: MHW133_trimmed_clipped_R1_paired_fastqc.html
[2025-05-20 11:02:45,298] multiqc                                            [DEBUG  ]  File ignored by lima/summary because it exceeded search pattern filesize limit: MHW133_trimmed_clipped_R1_paired_fastqc.html
[2025-05-20 11:02:45,301] multiqc                                            [DEBUG  ]  File ignored by vep/vep_txt because it exceeded search pattern filesize limit: MHW133_trimmed_clipped_R1_paired_fastqc.html
[2025-05-20 11:02:45,302] multiqc                                            [DEBUG  ]  File ignored by longranger/invocation because it exceeded search pattern filesize limit: MHW133_trimmed_clipped_R1_paired_fastqc.html
[2025-05-20 11:02:45,340] multiqc                                            [DEBUG  ]  File ignored by ccs/v4 because it exceeded search pattern filesize limit: MHW134_trimmed_clipped_R2_paired_fastqc.html
[2025-05-20 11:02:45,342] multiqc                                            [DEBUG  ]  File ignored by hicexplorer because it exceeded search pattern filesize limit: MHW134_trimmed_clipped_R2_paired_fastqc.html
[2025-05-20 11:02:45,342] multiqc                                            [DEBUG  ]  File ignored by nanostat because it exceeded search pattern filesize limit: MHW134_trimmed_clipped_R2_paired_fastqc.html
[2025-05-20 11:02:45,342] multiqc                                            [DEBUG  ]  File ignored by lima/summary because it exceeded search pattern filesize limit: MHW134_trimmed_clipped_R2_paired_fastqc.html
[2025-05-20 11:02:45,345] multiqc                                            [DEBUG  ]  File ignored by vep/vep_txt because it exceeded search pattern filesize limit: MHW134_trimmed_clipped_R2_paired_fastqc.html
[2025-05-20 11:02:45,345] multiqc                                            [DEBUG  ]  File ignored by longranger/invocation because it exceeded search pattern filesize limit: MHW134_trimmed_clipped_R2_paired_fastqc.html
[2025-05-20 11:02:45,412] multiqc                                            [DEBUG  ]  File ignored by ccs/v4 because it exceeded search pattern filesize limit: MHW134_trimmed_clipped_R1_paired_fastqc.html
[2025-05-20 11:02:45,413] multiqc                                            [DEBUG  ]  File ignored by hicexplorer because it exceeded search pattern filesize limit: MHW134_trimmed_clipped_R1_paired_fastqc.html
[2025-05-20 11:02:45,413] multiqc                                            [DEBUG  ]  File ignored by nanostat because it exceeded search pattern filesize limit: MHW134_trimmed_clipped_R1_paired_fastqc.html
[2025-05-20 11:02:45,414] multiqc                                            [DEBUG  ]  File ignored by lima/summary because it exceeded search pattern filesize limit: MHW134_trimmed_clipped_R1_paired_fastqc.html
[2025-05-20 11:02:45,417] multiqc                                            [DEBUG  ]  File ignored by vep/vep_txt because it exceeded search pattern filesize limit: MHW134_trimmed_clipped_R1_paired_fastqc.html
[2025-05-20 11:02:45,417] multiqc                                            [DEBUG  ]  File ignored by longranger/invocation because it exceeded search pattern filesize limit: MHW134_trimmed_clipped_R1_paired_fastqc.html
[2025-05-20 11:02:45,479] multiqc                                            [DEBUG  ]  File ignored by ccs/v4 because it exceeded search pattern filesize limit: MHW135_trimmed_clipped_R2_paired_fastqc.html
[2025-05-20 11:02:45,480] multiqc                                            [DEBUG  ]  File ignored by hicexplorer because it exceeded search pattern filesize limit: MHW135_trimmed_clipped_R2_paired_fastqc.html
[2025-05-20 11:02:45,480] multiqc                                            [DEBUG  ]  File ignored by nanostat because it exceeded search pattern filesize limit: MHW135_trimmed_clipped_R2_paired_fastqc.html
[2025-05-20 11:02:45,480] multiqc                                            [DEBUG  ]  File ignored by lima/summary because it exceeded search pattern filesize limit: MHW135_trimmed_clipped_R2_paired_fastqc.html
[2025-05-20 11:02:45,483] multiqc                                            [DEBUG  ]  File ignored by vep/vep_txt because it exceeded search pattern filesize limit: MHW135_trimmed_clipped_R2_paired_fastqc.html
[2025-05-20 11:02:45,484] multiqc                                            [DEBUG  ]  File ignored by longranger/invocation because it exceeded search pattern filesize limit: MHW135_trimmed_clipped_R2_paired_fastqc.html
[2025-05-20 11:02:45,547] multiqc                                            [DEBUG  ]  File ignored by ccs/v4 because it exceeded search pattern filesize limit: MHW135_trimmed_clipped_R1_paired_fastqc.html
[2025-05-20 11:02:45,549] multiqc                                            [DEBUG  ]  File ignored by hicexplorer because it exceeded search pattern filesize limit: MHW135_trimmed_clipped_R1_paired_fastqc.html
[2025-05-20 11:02:45,549] multiqc                                            [DEBUG  ]  File ignored by nanostat because it exceeded search pattern filesize limit: MHW135_trimmed_clipped_R1_paired_fastqc.html
[2025-05-20 11:02:45,549] multiqc                                            [DEBUG  ]  File ignored by lima/summary because it exceeded search pattern filesize limit: MHW135_trimmed_clipped_R1_paired_fastqc.html
[2025-05-20 11:02:45,552] multiqc                                            [DEBUG  ]  File ignored by vep/vep_txt because it exceeded search pattern filesize limit: MHW135_trimmed_clipped_R1_paired_fastqc.html
[2025-05-20 11:02:45,553] multiqc                                            [DEBUG  ]  File ignored by longranger/invocation because it exceeded search pattern filesize limit: MHW135_trimmed_clipped_R1_paired_fastqc.html
[2025-05-20 11:02:45,619] multiqc                                            [DEBUG  ]  File ignored by ccs/v4 because it exceeded search pattern filesize limit: MHW136_trimmed_clipped_R2_paired_fastqc.html
[2025-05-20 11:02:45,620] multiqc                                            [DEBUG  ]  File ignored by hicexplorer because it exceeded search pattern filesize limit: MHW136_trimmed_clipped_R2_paired_fastqc.html
[2025-05-20 11:02:45,621] multiqc                                            [DEBUG  ]  File ignored by nanostat because it exceeded search pattern filesize limit: MHW136_trimmed_clipped_R2_paired_fastqc.html
[2025-05-20 11:02:45,621] multiqc                                            [DEBUG  ]  File ignored by lima/summary because it exceeded search pattern filesize limit: MHW136_trimmed_clipped_R2_paired_fastqc.html
[2025-05-20 11:02:45,624] multiqc                                            [DEBUG  ]  File ignored by vep/vep_txt because it exceeded search pattern filesize limit: MHW136_trimmed_clipped_R2_paired_fastqc.html
[2025-05-20 11:02:45,624] multiqc                                            [DEBUG  ]  File ignored by longranger/invocation because it exceeded search pattern filesize limit: MHW136_trimmed_clipped_R2_paired_fastqc.html
[2025-05-20 11:02:45,701] multiqc                                            [DEBUG  ]  File ignored by ccs/v4 because it exceeded search pattern filesize limit: MHW136_trimmed_clipped_R1_paired_fastqc.html
[2025-05-20 11:02:45,702] multiqc                                            [DEBUG  ]  File ignored by hicexplorer because it exceeded search pattern filesize limit: MHW136_trimmed_clipped_R1_paired_fastqc.html
[2025-05-20 11:02:45,703] multiqc                                            [DEBUG  ]  File ignored by nanostat because it exceeded search pattern filesize limit: MHW136_trimmed_clipped_R1_paired_fastqc.html
[2025-05-20 11:02:45,703] multiqc                                            [DEBUG  ]  File ignored by lima/summary because it exceeded search pattern filesize limit: MHW136_trimmed_clipped_R1_paired_fastqc.html
[2025-05-20 11:02:45,706] multiqc                                            [DEBUG  ]  File ignored by vep/vep_txt because it exceeded search pattern filesize limit: MHW136_trimmed_clipped_R1_paired_fastqc.html
[2025-05-20 11:02:45,706] multiqc                                            [DEBUG  ]  File ignored by longranger/invocation because it exceeded search pattern filesize limit: MHW136_trimmed_clipped_R1_paired_fastqc.html
[2025-05-20 11:02:45,768] multiqc                                            [DEBUG  ]  File ignored by ccs/v4 because it exceeded search pattern filesize limit: MHW137_trimmed_clipped_R1_paired_fastqc.html
[2025-05-20 11:02:45,770] multiqc                                            [DEBUG  ]  File ignored by hicexplorer because it exceeded search pattern filesize limit: MHW137_trimmed_clipped_R1_paired_fastqc.html
[2025-05-20 11:02:45,770] multiqc                                            [DEBUG  ]  File ignored by nanostat because it exceeded search pattern filesize limit: MHW137_trimmed_clipped_R1_paired_fastqc.html
[2025-05-20 11:02:45,770] multiqc                                            [DEBUG  ]  File ignored by lima/summary because it exceeded search pattern filesize limit: MHW137_trimmed_clipped_R1_paired_fastqc.html
[2025-05-20 11:02:45,773] multiqc                                            [DEBUG  ]  File ignored by vep/vep_txt because it exceeded search pattern filesize limit: MHW137_trimmed_clipped_R1_paired_fastqc.html
[2025-05-20 11:02:45,773] multiqc                                            [DEBUG  ]  File ignored by longranger/invocation because it exceeded search pattern filesize limit: MHW137_trimmed_clipped_R1_paired_fastqc.html
[2025-05-20 11:02:45,834] multiqc                                            [DEBUG  ]  File ignored by ccs/v4 because it exceeded search pattern filesize limit: MHW137_trimmed_clipped_R2_paired_fastqc.html
[2025-05-20 11:02:45,836] multiqc                                            [DEBUG  ]  File ignored by hicexplorer because it exceeded search pattern filesize limit: MHW137_trimmed_clipped_R2_paired_fastqc.html
[2025-05-20 11:02:45,836] multiqc                                            [DEBUG  ]  File ignored by nanostat because it exceeded search pattern filesize limit: MHW137_trimmed_clipped_R2_paired_fastqc.html
[2025-05-20 11:02:45,836] multiqc                                            [DEBUG  ]  File ignored by lima/summary because it exceeded search pattern filesize limit: MHW137_trimmed_clipped_R2_paired_fastqc.html
[2025-05-20 11:02:45,839] multiqc                                            [DEBUG  ]  File ignored by vep/vep_txt because it exceeded search pattern filesize limit: MHW137_trimmed_clipped_R2_paired_fastqc.html
[2025-05-20 11:02:45,839] multiqc                                            [DEBUG  ]  File ignored by longranger/invocation because it exceeded search pattern filesize limit: MHW137_trimmed_clipped_R2_paired_fastqc.html
[2025-05-20 11:02:45,896] multiqc                                            [DEBUG  ]  File ignored by ccs/v4 because it exceeded search pattern filesize limit: MHW138_trimmed_clipped_R1_paired_fastqc.html
[2025-05-20 11:02:45,898] multiqc                                            [DEBUG  ]  File ignored by hicexplorer because it exceeded search pattern filesize limit: MHW138_trimmed_clipped_R1_paired_fastqc.html
[2025-05-20 11:02:45,898] multiqc                                            [DEBUG  ]  File ignored by nanostat because it exceeded search pattern filesize limit: MHW138_trimmed_clipped_R1_paired_fastqc.html
[2025-05-20 11:02:45,898] multiqc                                            [DEBUG  ]  File ignored by lima/summary because it exceeded search pattern filesize limit: MHW138_trimmed_clipped_R1_paired_fastqc.html
[2025-05-20 11:02:45,901] multiqc                                            [DEBUG  ]  File ignored by vep/vep_txt because it exceeded search pattern filesize limit: MHW138_trimmed_clipped_R1_paired_fastqc.html
[2025-05-20 11:02:45,901] multiqc                                            [DEBUG  ]  File ignored by longranger/invocation because it exceeded search pattern filesize limit: MHW138_trimmed_clipped_R1_paired_fastqc.html
[2025-05-20 11:02:45,965] multiqc                                            [DEBUG  ]  File ignored by ccs/v4 because it exceeded search pattern filesize limit: MHW138_trimmed_clipped_R2_paired_fastqc.html
[2025-05-20 11:02:45,966] multiqc                                            [DEBUG  ]  File ignored by hicexplorer because it exceeded search pattern filesize limit: MHW138_trimmed_clipped_R2_paired_fastqc.html
[2025-05-20 11:02:45,967] multiqc                                            [DEBUG  ]  File ignored by nanostat because it exceeded search pattern filesize limit: MHW138_trimmed_clipped_R2_paired_fastqc.html
[2025-05-20 11:02:45,967] multiqc                                            [DEBUG  ]  File ignored by lima/summary because it exceeded search pattern filesize limit: MHW138_trimmed_clipped_R2_paired_fastqc.html
[2025-05-20 11:02:45,970] multiqc                                            [DEBUG  ]  File ignored by vep/vep_txt because it exceeded search pattern filesize limit: MHW138_trimmed_clipped_R2_paired_fastqc.html
[2025-05-20 11:02:45,970] multiqc                                            [DEBUG  ]  File ignored by longranger/invocation because it exceeded search pattern filesize limit: MHW138_trimmed_clipped_R2_paired_fastqc.html
[2025-05-20 11:02:46,008] multiqc                                            [DEBUG  ]  File ignored by ccs/v4 because it exceeded search pattern filesize limit: MHW140_trimmed_clipped_R2_paired_fastqc.html
[2025-05-20 11:02:46,009] multiqc                                            [DEBUG  ]  File ignored by hicexplorer because it exceeded search pattern filesize limit: MHW140_trimmed_clipped_R2_paired_fastqc.html
[2025-05-20 11:02:46,009] multiqc                                            [DEBUG  ]  File ignored by nanostat because it exceeded search pattern filesize limit: MHW140_trimmed_clipped_R2_paired_fastqc.html
[2025-05-20 11:02:46,009] multiqc                                            [DEBUG  ]  File ignored by lima/summary because it exceeded search pattern filesize limit: MHW140_trimmed_clipped_R2_paired_fastqc.html
[2025-05-20 11:02:46,013] multiqc                                            [DEBUG  ]  File ignored by vep/vep_txt because it exceeded search pattern filesize limit: MHW140_trimmed_clipped_R2_paired_fastqc.html
[2025-05-20 11:02:46,013] multiqc                                            [DEBUG  ]  File ignored by longranger/invocation because it exceeded search pattern filesize limit: MHW140_trimmed_clipped_R2_paired_fastqc.html
[2025-05-20 11:02:46,072] multiqc                                            [DEBUG  ]  File ignored by ccs/v4 because it exceeded search pattern filesize limit: MHW140_trimmed_clipped_R1_paired_fastqc.html
[2025-05-20 11:02:46,074] multiqc                                            [DEBUG  ]  File ignored by hicexplorer because it exceeded search pattern filesize limit: MHW140_trimmed_clipped_R1_paired_fastqc.html
[2025-05-20 11:02:46,074] multiqc                                            [DEBUG  ]  File ignored by nanostat because it exceeded search pattern filesize limit: MHW140_trimmed_clipped_R1_paired_fastqc.html
[2025-05-20 11:02:46,074] multiqc                                            [DEBUG  ]  File ignored by lima/summary because it exceeded search pattern filesize limit: MHW140_trimmed_clipped_R1_paired_fastqc.html
[2025-05-20 11:02:46,077] multiqc                                            [DEBUG  ]  File ignored by vep/vep_txt because it exceeded search pattern filesize limit: MHW140_trimmed_clipped_R1_paired_fastqc.html
[2025-05-20 11:02:46,077] multiqc                                            [DEBUG  ]  File ignored by longranger/invocation because it exceeded search pattern filesize limit: MHW140_trimmed_clipped_R1_paired_fastqc.html
[2025-05-20 11:02:46,136] multiqc                                            [DEBUG  ]  File ignored by ccs/v4 because it exceeded search pattern filesize limit: MHW139_trimmed_clipped_R2_paired_fastqc.html
[2025-05-20 11:02:46,138] multiqc                                            [DEBUG  ]  File ignored by hicexplorer because it exceeded search pattern filesize limit: MHW139_trimmed_clipped_R2_paired_fastqc.html
[2025-05-20 11:02:46,138] multiqc                                            [DEBUG  ]  File ignored by nanostat because it exceeded search pattern filesize limit: MHW139_trimmed_clipped_R2_paired_fastqc.html
[2025-05-20 11:02:46,138] multiqc                                            [DEBUG  ]  File ignored by lima/summary because it exceeded search pattern filesize limit: MHW139_trimmed_clipped_R2_paired_fastqc.html
[2025-05-20 11:02:46,141] multiqc                                            [DEBUG  ]  File ignored by vep/vep_txt because it exceeded search pattern filesize limit: MHW139_trimmed_clipped_R2_paired_fastqc.html
[2025-05-20 11:02:46,141] multiqc                                            [DEBUG  ]  File ignored by longranger/invocation because it exceeded search pattern filesize limit: MHW139_trimmed_clipped_R2_paired_fastqc.html
[2025-05-20 11:02:46,208] multiqc                                            [DEBUG  ]  File ignored by ccs/v4 because it exceeded search pattern filesize limit: MHW139_trimmed_clipped_R1_paired_fastqc.html
[2025-05-20 11:02:46,210] multiqc                                            [DEBUG  ]  File ignored by hicexplorer because it exceeded search pattern filesize limit: MHW139_trimmed_clipped_R1_paired_fastqc.html
[2025-05-20 11:02:46,210] multiqc                                            [DEBUG  ]  File ignored by nanostat because it exceeded search pattern filesize limit: MHW139_trimmed_clipped_R1_paired_fastqc.html
[2025-05-20 11:02:46,210] multiqc                                            [DEBUG  ]  File ignored by lima/summary because it exceeded search pattern filesize limit: MHW139_trimmed_clipped_R1_paired_fastqc.html
[2025-05-20 11:02:46,213] multiqc                                            [DEBUG  ]  File ignored by vep/vep_txt because it exceeded search pattern filesize limit: MHW139_trimmed_clipped_R1_paired_fastqc.html
[2025-05-20 11:02:46,213] multiqc                                            [DEBUG  ]  File ignored by longranger/invocation because it exceeded search pattern filesize limit: MHW139_trimmed_clipped_R1_paired_fastqc.html
[2025-05-20 11:02:46,272] multiqc                                            [DEBUG  ]  File ignored by ccs/v4 because it exceeded search pattern filesize limit: MHW141_trimmed_clipped_R2_paired_fastqc.html
[2025-05-20 11:02:46,274] multiqc                                            [DEBUG  ]  File ignored by hicexplorer because it exceeded search pattern filesize limit: MHW141_trimmed_clipped_R2_paired_fastqc.html
[2025-05-20 11:02:46,274] multiqc                                            [DEBUG  ]  File ignored by nanostat because it exceeded search pattern filesize limit: MHW141_trimmed_clipped_R2_paired_fastqc.html
[2025-05-20 11:02:46,274] multiqc                                            [DEBUG  ]  File ignored by lima/summary because it exceeded search pattern filesize limit: MHW141_trimmed_clipped_R2_paired_fastqc.html
[2025-05-20 11:02:46,277] multiqc                                            [DEBUG  ]  File ignored by vep/vep_txt because it exceeded search pattern filesize limit: MHW141_trimmed_clipped_R2_paired_fastqc.html
[2025-05-20 11:02:46,277] multiqc                                            [DEBUG  ]  File ignored by longranger/invocation because it exceeded search pattern filesize limit: MHW141_trimmed_clipped_R2_paired_fastqc.html
[2025-05-20 11:02:46,340] multiqc                                            [DEBUG  ]  File ignored by ccs/v4 because it exceeded search pattern filesize limit: MHW141_trimmed_clipped_R1_paired_fastqc.html
[2025-05-20 11:02:46,341] multiqc                                            [DEBUG  ]  File ignored by hicexplorer because it exceeded search pattern filesize limit: MHW141_trimmed_clipped_R1_paired_fastqc.html
[2025-05-20 11:02:46,342] multiqc                                            [DEBUG  ]  File ignored by nanostat because it exceeded search pattern filesize limit: MHW141_trimmed_clipped_R1_paired_fastqc.html
[2025-05-20 11:02:46,342] multiqc                                            [DEBUG  ]  File ignored by lima/summary because it exceeded search pattern filesize limit: MHW141_trimmed_clipped_R1_paired_fastqc.html
[2025-05-20 11:02:46,345] multiqc                                            [DEBUG  ]  File ignored by vep/vep_txt because it exceeded search pattern filesize limit: MHW141_trimmed_clipped_R1_paired_fastqc.html
[2025-05-20 11:02:46,345] multiqc                                            [DEBUG  ]  File ignored by longranger/invocation because it exceeded search pattern filesize limit: MHW141_trimmed_clipped_R1_paired_fastqc.html
[2025-05-20 11:02:46,400] multiqc                                            [DEBUG  ]  File ignored by ccs/v4 because it exceeded search pattern filesize limit: MHW142_trimmed_clipped_R2_paired_fastqc.html
[2025-05-20 11:02:46,402] multiqc                                            [DEBUG  ]  File ignored by hicexplorer because it exceeded search pattern filesize limit: MHW142_trimmed_clipped_R2_paired_fastqc.html
[2025-05-20 11:02:46,402] multiqc                                            [DEBUG  ]  File ignored by nanostat because it exceeded search pattern filesize limit: MHW142_trimmed_clipped_R2_paired_fastqc.html
[2025-05-20 11:02:46,402] multiqc                                            [DEBUG  ]  File ignored by lima/summary because it exceeded search pattern filesize limit: MHW142_trimmed_clipped_R2_paired_fastqc.html
[2025-05-20 11:02:46,405] multiqc                                            [DEBUG  ]  File ignored by vep/vep_txt because it exceeded search pattern filesize limit: MHW142_trimmed_clipped_R2_paired_fastqc.html
[2025-05-20 11:02:46,405] multiqc                                            [DEBUG  ]  File ignored by longranger/invocation because it exceeded search pattern filesize limit: MHW142_trimmed_clipped_R2_paired_fastqc.html
[2025-05-20 11:02:46,443] multiqc                                            [DEBUG  ]  File ignored by ccs/v4 because it exceeded search pattern filesize limit: MHW142_trimmed_clipped_R1_paired_fastqc.html
[2025-05-20 11:02:46,444] multiqc                                            [DEBUG  ]  File ignored by hicexplorer because it exceeded search pattern filesize limit: MHW142_trimmed_clipped_R1_paired_fastqc.html
[2025-05-20 11:02:46,445] multiqc                                            [DEBUG  ]  File ignored by nanostat because it exceeded search pattern filesize limit: MHW142_trimmed_clipped_R1_paired_fastqc.html
[2025-05-20 11:02:46,445] multiqc                                            [DEBUG  ]  File ignored by lima/summary because it exceeded search pattern filesize limit: MHW142_trimmed_clipped_R1_paired_fastqc.html
[2025-05-20 11:02:46,448] multiqc                                            [DEBUG  ]  File ignored by vep/vep_txt because it exceeded search pattern filesize limit: MHW142_trimmed_clipped_R1_paired_fastqc.html
[2025-05-20 11:02:46,448] multiqc                                            [DEBUG  ]  File ignored by longranger/invocation because it exceeded search pattern filesize limit: MHW142_trimmed_clipped_R1_paired_fastqc.html
[2025-05-20 11:02:46,486] multiqc                                            [DEBUG  ]  File ignored by ccs/v4 because it exceeded search pattern filesize limit: MHW144_trimmed_clipped_R2_paired_fastqc.html
[2025-05-20 11:02:46,487] multiqc                                            [DEBUG  ]  File ignored by hicexplorer because it exceeded search pattern filesize limit: MHW144_trimmed_clipped_R2_paired_fastqc.html
[2025-05-20 11:02:46,487] multiqc                                            [DEBUG  ]  File ignored by nanostat because it exceeded search pattern filesize limit: MHW144_trimmed_clipped_R2_paired_fastqc.html
[2025-05-20 11:02:46,488] multiqc                                            [DEBUG  ]  File ignored by lima/summary because it exceeded search pattern filesize limit: MHW144_trimmed_clipped_R2_paired_fastqc.html
[2025-05-20 11:02:46,491] multiqc                                            [DEBUG  ]  File ignored by vep/vep_txt because it exceeded search pattern filesize limit: MHW144_trimmed_clipped_R2_paired_fastqc.html
[2025-05-20 11:02:46,491] multiqc                                            [DEBUG  ]  File ignored by longranger/invocation because it exceeded search pattern filesize limit: MHW144_trimmed_clipped_R2_paired_fastqc.html
[2025-05-20 11:02:46,528] multiqc                                            [DEBUG  ]  File ignored by ccs/v4 because it exceeded search pattern filesize limit: MHW143_trimmed_clipped_R2_paired_fastqc.html
[2025-05-20 11:02:46,529] multiqc                                            [DEBUG  ]  File ignored by hicexplorer because it exceeded search pattern filesize limit: MHW143_trimmed_clipped_R2_paired_fastqc.html
[2025-05-20 11:02:46,529] multiqc                                            [DEBUG  ]  File ignored by nanostat because it exceeded search pattern filesize limit: MHW143_trimmed_clipped_R2_paired_fastqc.html
[2025-05-20 11:02:46,529] multiqc                                            [DEBUG  ]  File ignored by lima/summary because it exceeded search pattern filesize limit: MHW143_trimmed_clipped_R2_paired_fastqc.html
[2025-05-20 11:02:46,533] multiqc                                            [DEBUG  ]  File ignored by vep/vep_txt because it exceeded search pattern filesize limit: MHW143_trimmed_clipped_R2_paired_fastqc.html
[2025-05-20 11:02:46,533] multiqc                                            [DEBUG  ]  File ignored by longranger/invocation because it exceeded search pattern filesize limit: MHW143_trimmed_clipped_R2_paired_fastqc.html
[2025-05-20 11:02:46,589] multiqc                                            [DEBUG  ]  File ignored by ccs/v4 because it exceeded search pattern filesize limit: MHW143_trimmed_clipped_R1_paired_fastqc.html
[2025-05-20 11:02:46,591] multiqc                                            [DEBUG  ]  File ignored by hicexplorer because it exceeded search pattern filesize limit: MHW143_trimmed_clipped_R1_paired_fastqc.html
[2025-05-20 11:02:46,591] multiqc                                            [DEBUG  ]  File ignored by nanostat because it exceeded search pattern filesize limit: MHW143_trimmed_clipped_R1_paired_fastqc.html
[2025-05-20 11:02:46,591] multiqc                                            [DEBUG  ]  File ignored by lima/summary because it exceeded search pattern filesize limit: MHW143_trimmed_clipped_R1_paired_fastqc.html
[2025-05-20 11:02:46,594] multiqc                                            [DEBUG  ]  File ignored by vep/vep_txt because it exceeded search pattern filesize limit: MHW143_trimmed_clipped_R1_paired_fastqc.html
[2025-05-20 11:02:46,594] multiqc                                            [DEBUG  ]  File ignored by longranger/invocation because it exceeded search pattern filesize limit: MHW143_trimmed_clipped_R1_paired_fastqc.html
[2025-05-20 11:02:46,647] multiqc                                            [DEBUG  ]  File ignored by ccs/v4 because it exceeded search pattern filesize limit: MHW144_trimmed_clipped_R1_paired_fastqc.html
[2025-05-20 11:02:46,649] multiqc                                            [DEBUG  ]  File ignored by hicexplorer because it exceeded search pattern filesize limit: MHW144_trimmed_clipped_R1_paired_fastqc.html
[2025-05-20 11:02:46,649] multiqc                                            [DEBUG  ]  File ignored by nanostat because it exceeded search pattern filesize limit: MHW144_trimmed_clipped_R1_paired_fastqc.html
[2025-05-20 11:02:46,649] multiqc                                            [DEBUG  ]  File ignored by lima/summary because it exceeded search pattern filesize limit: MHW144_trimmed_clipped_R1_paired_fastqc.html
[2025-05-20 11:02:46,652] multiqc                                            [DEBUG  ]  File ignored by vep/vep_txt because it exceeded search pattern filesize limit: MHW144_trimmed_clipped_R1_paired_fastqc.html
[2025-05-20 11:02:46,652] multiqc                                            [DEBUG  ]  File ignored by longranger/invocation because it exceeded search pattern filesize limit: MHW144_trimmed_clipped_R1_paired_fastqc.html
[2025-05-20 11:02:46,698] multiqc                                            [DEBUG  ]  File ignored by ccs/v4 because it exceeded search pattern filesize limit: MHW145_trimmed_clipped_R1_paired_fastqc.html
[2025-05-20 11:02:46,700] multiqc                                            [DEBUG  ]  File ignored by hicexplorer because it exceeded search pattern filesize limit: MHW145_trimmed_clipped_R1_paired_fastqc.html
[2025-05-20 11:02:46,700] multiqc                                            [DEBUG  ]  File ignored by nanostat because it exceeded search pattern filesize limit: MHW145_trimmed_clipped_R1_paired_fastqc.html
[2025-05-20 11:02:46,700] multiqc                                            [DEBUG  ]  File ignored by lima/summary because it exceeded search pattern filesize limit: MHW145_trimmed_clipped_R1_paired_fastqc.html
[2025-05-20 11:02:46,703] multiqc                                            [DEBUG  ]  File ignored by vep/vep_txt because it exceeded search pattern filesize limit: MHW145_trimmed_clipped_R1_paired_fastqc.html
[2025-05-20 11:02:46,703] multiqc                                            [DEBUG  ]  File ignored by longranger/invocation because it exceeded search pattern filesize limit: MHW145_trimmed_clipped_R1_paired_fastqc.html
[2025-05-20 11:02:46,754] multiqc                                            [DEBUG  ]  File ignored by ccs/v4 because it exceeded search pattern filesize limit: MHW145_trimmed_clipped_R2_paired_fastqc.html
[2025-05-20 11:02:46,756] multiqc                                            [DEBUG  ]  File ignored by hicexplorer because it exceeded search pattern filesize limit: MHW145_trimmed_clipped_R2_paired_fastqc.html
[2025-05-20 11:02:46,756] multiqc                                            [DEBUG  ]  File ignored by nanostat because it exceeded search pattern filesize limit: MHW145_trimmed_clipped_R2_paired_fastqc.html
[2025-05-20 11:02:46,757] multiqc                                            [DEBUG  ]  File ignored by lima/summary because it exceeded search pattern filesize limit: MHW145_trimmed_clipped_R2_paired_fastqc.html
[2025-05-20 11:02:46,760] multiqc                                            [DEBUG  ]  File ignored by vep/vep_txt because it exceeded search pattern filesize limit: MHW145_trimmed_clipped_R2_paired_fastqc.html
[2025-05-20 11:02:46,760] multiqc                                            [DEBUG  ]  File ignored by longranger/invocation because it exceeded search pattern filesize limit: MHW145_trimmed_clipped_R2_paired_fastqc.html
[2025-05-20 11:02:46,828] multiqc                                            [DEBUG  ]  File ignored by ccs/v4 because it exceeded search pattern filesize limit: MHW146_trimmed_clipped_R1_paired_fastqc.html
[2025-05-20 11:02:46,830] multiqc                                            [DEBUG  ]  File ignored by hicexplorer because it exceeded search pattern filesize limit: MHW146_trimmed_clipped_R1_paired_fastqc.html
[2025-05-20 11:02:46,830] multiqc                                            [DEBUG  ]  File ignored by nanostat because it exceeded search pattern filesize limit: MHW146_trimmed_clipped_R1_paired_fastqc.html
[2025-05-20 11:02:46,830] multiqc                                            [DEBUG  ]  File ignored by lima/summary because it exceeded search pattern filesize limit: MHW146_trimmed_clipped_R1_paired_fastqc.html
[2025-05-20 11:02:46,833] multiqc                                            [DEBUG  ]  File ignored by vep/vep_txt because it exceeded search pattern filesize limit: MHW146_trimmed_clipped_R1_paired_fastqc.html
[2025-05-20 11:02:46,833] multiqc                                            [DEBUG  ]  File ignored by longranger/invocation because it exceeded search pattern filesize limit: MHW146_trimmed_clipped_R1_paired_fastqc.html
[2025-05-20 11:02:46,876] multiqc                                            [DEBUG  ]  File ignored by ccs/v4 because it exceeded search pattern filesize limit: MHW146_trimmed_clipped_R2_paired_fastqc.html
[2025-05-20 11:02:46,878] multiqc                                            [DEBUG  ]  File ignored by hicexplorer because it exceeded search pattern filesize limit: MHW146_trimmed_clipped_R2_paired_fastqc.html
[2025-05-20 11:02:46,878] multiqc                                            [DEBUG  ]  File ignored by nanostat because it exceeded search pattern filesize limit: MHW146_trimmed_clipped_R2_paired_fastqc.html
[2025-05-20 11:02:46,878] multiqc                                            [DEBUG  ]  File ignored by lima/summary because it exceeded search pattern filesize limit: MHW146_trimmed_clipped_R2_paired_fastqc.html
[2025-05-20 11:02:46,881] multiqc                                            [DEBUG  ]  File ignored by vep/vep_txt because it exceeded search pattern filesize limit: MHW146_trimmed_clipped_R2_paired_fastqc.html
[2025-05-20 11:02:46,882] multiqc                                            [DEBUG  ]  File ignored by longranger/invocation because it exceeded search pattern filesize limit: MHW146_trimmed_clipped_R2_paired_fastqc.html
[2025-05-20 11:02:46,940] multiqc                                            [DEBUG  ]  File ignored by ccs/v4 because it exceeded search pattern filesize limit: MHW147_trimmed_clipped_R2_paired_fastqc.html
[2025-05-20 11:02:46,941] multiqc                                            [DEBUG  ]  File ignored by hicexplorer because it exceeded search pattern filesize limit: MHW147_trimmed_clipped_R2_paired_fastqc.html
[2025-05-20 11:02:46,942] multiqc                                            [DEBUG  ]  File ignored by nanostat because it exceeded search pattern filesize limit: MHW147_trimmed_clipped_R2_paired_fastqc.html
[2025-05-20 11:02:46,942] multiqc                                            [DEBUG  ]  File ignored by lima/summary because it exceeded search pattern filesize limit: MHW147_trimmed_clipped_R2_paired_fastqc.html
[2025-05-20 11:02:46,945] multiqc                                            [DEBUG  ]  File ignored by vep/vep_txt because it exceeded search pattern filesize limit: MHW147_trimmed_clipped_R2_paired_fastqc.html
[2025-05-20 11:02:46,945] multiqc                                            [DEBUG  ]  File ignored by longranger/invocation because it exceeded search pattern filesize limit: MHW147_trimmed_clipped_R2_paired_fastqc.html
[2025-05-20 11:02:47,013] multiqc                                            [DEBUG  ]  File ignored by ccs/v4 because it exceeded search pattern filesize limit: MHW147_trimmed_clipped_R1_paired_fastqc.html
[2025-05-20 11:02:47,014] multiqc                                            [DEBUG  ]  File ignored by hicexplorer because it exceeded search pattern filesize limit: MHW147_trimmed_clipped_R1_paired_fastqc.html
[2025-05-20 11:02:47,014] multiqc                                            [DEBUG  ]  File ignored by nanostat because it exceeded search pattern filesize limit: MHW147_trimmed_clipped_R1_paired_fastqc.html
[2025-05-20 11:02:47,015] multiqc                                            [DEBUG  ]  File ignored by lima/summary because it exceeded search pattern filesize limit: MHW147_trimmed_clipped_R1_paired_fastqc.html
[2025-05-20 11:02:47,018] multiqc                                            [DEBUG  ]  File ignored by vep/vep_txt because it exceeded search pattern filesize limit: MHW147_trimmed_clipped_R1_paired_fastqc.html
[2025-05-20 11:02:47,018] multiqc                                            [DEBUG  ]  File ignored by longranger/invocation because it exceeded search pattern filesize limit: MHW147_trimmed_clipped_R1_paired_fastqc.html
[2025-05-20 11:02:47,065] multiqc                                            [DEBUG  ]  File ignored by ccs/v4 because it exceeded search pattern filesize limit: MHW148_trimmed_clipped_R2_paired_fastqc.html
[2025-05-20 11:02:47,067] multiqc                                            [DEBUG  ]  File ignored by hicexplorer because it exceeded search pattern filesize limit: MHW148_trimmed_clipped_R2_paired_fastqc.html
[2025-05-20 11:02:47,067] multiqc                                            [DEBUG  ]  File ignored by nanostat because it exceeded search pattern filesize limit: MHW148_trimmed_clipped_R2_paired_fastqc.html
[2025-05-20 11:02:47,067] multiqc                                            [DEBUG  ]  File ignored by lima/summary because it exceeded search pattern filesize limit: MHW148_trimmed_clipped_R2_paired_fastqc.html
[2025-05-20 11:02:47,070] multiqc                                            [DEBUG  ]  File ignored by vep/vep_txt because it exceeded search pattern filesize limit: MHW148_trimmed_clipped_R2_paired_fastqc.html
[2025-05-20 11:02:47,070] multiqc                                            [DEBUG  ]  File ignored by longranger/invocation because it exceeded search pattern filesize limit: MHW148_trimmed_clipped_R2_paired_fastqc.html
[2025-05-20 11:02:47,136] multiqc                                            [DEBUG  ]  File ignored by ccs/v4 because it exceeded search pattern filesize limit: MHW148_trimmed_clipped_R1_paired_fastqc.html
[2025-05-20 11:02:47,138] multiqc                                            [DEBUG  ]  File ignored by hicexplorer because it exceeded search pattern filesize limit: MHW148_trimmed_clipped_R1_paired_fastqc.html
[2025-05-20 11:02:47,138] multiqc                                            [DEBUG  ]  File ignored by nanostat because it exceeded search pattern filesize limit: MHW148_trimmed_clipped_R1_paired_fastqc.html
[2025-05-20 11:02:47,138] multiqc                                            [DEBUG  ]  File ignored by lima/summary because it exceeded search pattern filesize limit: MHW148_trimmed_clipped_R1_paired_fastqc.html
[2025-05-20 11:02:47,141] multiqc                                            [DEBUG  ]  File ignored by vep/vep_txt because it exceeded search pattern filesize limit: MHW148_trimmed_clipped_R1_paired_fastqc.html
[2025-05-20 11:02:47,141] multiqc                                            [DEBUG  ]  File ignored by longranger/invocation because it exceeded search pattern filesize limit: MHW148_trimmed_clipped_R1_paired_fastqc.html
[2025-05-20 11:02:47,187] multiqc                                            [DEBUG  ]  File ignored by ccs/v4 because it exceeded search pattern filesize limit: MHW149_trimmed_clipped_R1_paired_fastqc.html
[2025-05-20 11:02:47,189] multiqc                                            [DEBUG  ]  File ignored by hicexplorer because it exceeded search pattern filesize limit: MHW149_trimmed_clipped_R1_paired_fastqc.html
[2025-05-20 11:02:47,189] multiqc                                            [DEBUG  ]  File ignored by nanostat because it exceeded search pattern filesize limit: MHW149_trimmed_clipped_R1_paired_fastqc.html
[2025-05-20 11:02:47,189] multiqc                                            [DEBUG  ]  File ignored by lima/summary because it exceeded search pattern filesize limit: MHW149_trimmed_clipped_R1_paired_fastqc.html
[2025-05-20 11:02:47,193] multiqc                                            [DEBUG  ]  File ignored by vep/vep_txt because it exceeded search pattern filesize limit: MHW149_trimmed_clipped_R1_paired_fastqc.html
[2025-05-20 11:02:47,193] multiqc                                            [DEBUG  ]  File ignored by longranger/invocation because it exceeded search pattern filesize limit: MHW149_trimmed_clipped_R1_paired_fastqc.html
[2025-05-20 11:02:47,252] multiqc                                            [DEBUG  ]  File ignored by ccs/v4 because it exceeded search pattern filesize limit: MHW150_trimmed_clipped_R2_paired_fastqc.html
[2025-05-20 11:02:47,254] multiqc                                            [DEBUG  ]  File ignored by hicexplorer because it exceeded search pattern filesize limit: MHW150_trimmed_clipped_R2_paired_fastqc.html
[2025-05-20 11:02:47,254] multiqc                                            [DEBUG  ]  File ignored by nanostat because it exceeded search pattern filesize limit: MHW150_trimmed_clipped_R2_paired_fastqc.html
[2025-05-20 11:02:47,254] multiqc                                            [DEBUG  ]  File ignored by lima/summary because it exceeded search pattern filesize limit: MHW150_trimmed_clipped_R2_paired_fastqc.html
[2025-05-20 11:02:47,258] multiqc                                            [DEBUG  ]  File ignored by vep/vep_txt because it exceeded search pattern filesize limit: MHW150_trimmed_clipped_R2_paired_fastqc.html
[2025-05-20 11:02:47,258] multiqc                                            [DEBUG  ]  File ignored by longranger/invocation because it exceeded search pattern filesize limit: MHW150_trimmed_clipped_R2_paired_fastqc.html
[2025-05-20 11:02:47,296] multiqc                                            [DEBUG  ]  File ignored by ccs/v4 because it exceeded search pattern filesize limit: MHW150_trimmed_clipped_R1_paired_fastqc.html
[2025-05-20 11:02:47,298] multiqc                                            [DEBUG  ]  File ignored by hicexplorer because it exceeded search pattern filesize limit: MHW150_trimmed_clipped_R1_paired_fastqc.html
[2025-05-20 11:02:47,298] multiqc                                            [DEBUG  ]  File ignored by nanostat because it exceeded search pattern filesize limit: MHW150_trimmed_clipped_R1_paired_fastqc.html
[2025-05-20 11:02:47,298] multiqc                                            [DEBUG  ]  File ignored by lima/summary because it exceeded search pattern filesize limit: MHW150_trimmed_clipped_R1_paired_fastqc.html
[2025-05-20 11:02:47,301] multiqc                                            [DEBUG  ]  File ignored by vep/vep_txt because it exceeded search pattern filesize limit: MHW150_trimmed_clipped_R1_paired_fastqc.html
[2025-05-20 11:02:47,301] multiqc                                            [DEBUG  ]  File ignored by longranger/invocation because it exceeded search pattern filesize limit: MHW150_trimmed_clipped_R1_paired_fastqc.html
[2025-05-20 11:02:47,339] multiqc                                            [DEBUG  ]  File ignored by ccs/v4 because it exceeded search pattern filesize limit: MHW149_trimmed_clipped_R2_paired_fastqc.html
[2025-05-20 11:02:47,341] multiqc                                            [DEBUG  ]  File ignored by hicexplorer because it exceeded search pattern filesize limit: MHW149_trimmed_clipped_R2_paired_fastqc.html
[2025-05-20 11:02:47,341] multiqc                                            [DEBUG  ]  File ignored by nanostat because it exceeded search pattern filesize limit: MHW149_trimmed_clipped_R2_paired_fastqc.html
[2025-05-20 11:02:47,341] multiqc                                            [DEBUG  ]  File ignored by lima/summary because it exceeded search pattern filesize limit: MHW149_trimmed_clipped_R2_paired_fastqc.html
[2025-05-20 11:02:47,345] multiqc                                            [DEBUG  ]  File ignored by vep/vep_txt because it exceeded search pattern filesize limit: MHW149_trimmed_clipped_R2_paired_fastqc.html
[2025-05-20 11:02:47,345] multiqc                                            [DEBUG  ]  File ignored by longranger/invocation because it exceeded search pattern filesize limit: MHW149_trimmed_clipped_R2_paired_fastqc.html
[2025-05-20 11:02:47,394] multiqc                                            [DEBUG  ]  File ignored by ccs/v4 because it exceeded search pattern filesize limit: MHW151_trimmed_clipped_R2_paired_fastqc.html
[2025-05-20 11:02:47,396] multiqc                                            [DEBUG  ]  File ignored by hicexplorer because it exceeded search pattern filesize limit: MHW151_trimmed_clipped_R2_paired_fastqc.html
[2025-05-20 11:02:47,396] multiqc                                            [DEBUG  ]  File ignored by nanostat because it exceeded search pattern filesize limit: MHW151_trimmed_clipped_R2_paired_fastqc.html
[2025-05-20 11:02:47,396] multiqc                                            [DEBUG  ]  File ignored by lima/summary because it exceeded search pattern filesize limit: MHW151_trimmed_clipped_R2_paired_fastqc.html
[2025-05-20 11:02:47,399] multiqc                                            [DEBUG  ]  File ignored by vep/vep_txt because it exceeded search pattern filesize limit: MHW151_trimmed_clipped_R2_paired_fastqc.html
[2025-05-20 11:02:47,399] multiqc                                            [DEBUG  ]  File ignored by longranger/invocation because it exceeded search pattern filesize limit: MHW151_trimmed_clipped_R2_paired_fastqc.html
[2025-05-20 11:02:47,438] multiqc                                            [DEBUG  ]  File ignored by ccs/v4 because it exceeded search pattern filesize limit: MHW151_trimmed_clipped_R1_paired_fastqc.html
[2025-05-20 11:02:47,439] multiqc                                            [DEBUG  ]  File ignored by hicexplorer because it exceeded search pattern filesize limit: MHW151_trimmed_clipped_R1_paired_fastqc.html
[2025-05-20 11:02:47,440] multiqc                                            [DEBUG  ]  File ignored by nanostat because it exceeded search pattern filesize limit: MHW151_trimmed_clipped_R1_paired_fastqc.html
[2025-05-20 11:02:47,440] multiqc                                            [DEBUG  ]  File ignored by lima/summary because it exceeded search pattern filesize limit: MHW151_trimmed_clipped_R1_paired_fastqc.html
[2025-05-20 11:02:47,443] multiqc                                            [DEBUG  ]  File ignored by vep/vep_txt because it exceeded search pattern filesize limit: MHW151_trimmed_clipped_R1_paired_fastqc.html
[2025-05-20 11:02:47,443] multiqc                                            [DEBUG  ]  File ignored by longranger/invocation because it exceeded search pattern filesize limit: MHW151_trimmed_clipped_R1_paired_fastqc.html
[2025-05-20 11:02:47,481] multiqc                                            [DEBUG  ]  File ignored by ccs/v4 because it exceeded search pattern filesize limit: MHW152_trimmed_clipped_R2_paired_fastqc.html
[2025-05-20 11:02:47,483] multiqc                                            [DEBUG  ]  File ignored by hicexplorer because it exceeded search pattern filesize limit: MHW152_trimmed_clipped_R2_paired_fastqc.html
[2025-05-20 11:02:47,483] multiqc                                            [DEBUG  ]  File ignored by nanostat because it exceeded search pattern filesize limit: MHW152_trimmed_clipped_R2_paired_fastqc.html
[2025-05-20 11:02:47,483] multiqc                                            [DEBUG  ]  File ignored by lima/summary because it exceeded search pattern filesize limit: MHW152_trimmed_clipped_R2_paired_fastqc.html
[2025-05-20 11:02:47,486] multiqc                                            [DEBUG  ]  File ignored by vep/vep_txt because it exceeded search pattern filesize limit: MHW152_trimmed_clipped_R2_paired_fastqc.html
[2025-05-20 11:02:47,486] multiqc                                            [DEBUG  ]  File ignored by longranger/invocation because it exceeded search pattern filesize limit: MHW152_trimmed_clipped_R2_paired_fastqc.html
[2025-05-20 11:02:47,524] multiqc                                            [DEBUG  ]  File ignored by ccs/v4 because it exceeded search pattern filesize limit: MHW152_trimmed_clipped_R1_paired_fastqc.html
[2025-05-20 11:02:47,526] multiqc                                            [DEBUG  ]  File ignored by hicexplorer because it exceeded search pattern filesize limit: MHW152_trimmed_clipped_R1_paired_fastqc.html
[2025-05-20 11:02:47,526] multiqc                                            [DEBUG  ]  File ignored by nanostat because it exceeded search pattern filesize limit: MHW152_trimmed_clipped_R1_paired_fastqc.html
[2025-05-20 11:02:47,526] multiqc                                            [DEBUG  ]  File ignored by lima/summary because it exceeded search pattern filesize limit: MHW152_trimmed_clipped_R1_paired_fastqc.html
[2025-05-20 11:02:47,529] multiqc                                            [DEBUG  ]  File ignored by vep/vep_txt because it exceeded search pattern filesize limit: MHW152_trimmed_clipped_R1_paired_fastqc.html
[2025-05-20 11:02:47,529] multiqc                                            [DEBUG  ]  File ignored by longranger/invocation because it exceeded search pattern filesize limit: MHW152_trimmed_clipped_R1_paired_fastqc.html
[2025-05-20 11:02:47,580] multiqc                                            [DEBUG  ]  File ignored by ccs/v4 because it exceeded search pattern filesize limit: MHW153_trimmed_clipped_R2_paired_fastqc.html
[2025-05-20 11:02:47,581] multiqc                                            [DEBUG  ]  File ignored by hicexplorer because it exceeded search pattern filesize limit: MHW153_trimmed_clipped_R2_paired_fastqc.html
[2025-05-20 11:02:47,582] multiqc                                            [DEBUG  ]  File ignored by nanostat because it exceeded search pattern filesize limit: MHW153_trimmed_clipped_R2_paired_fastqc.html
[2025-05-20 11:02:47,582] multiqc                                            [DEBUG  ]  File ignored by lima/summary because it exceeded search pattern filesize limit: MHW153_trimmed_clipped_R2_paired_fastqc.html
[2025-05-20 11:02:47,585] multiqc                                            [DEBUG  ]  File ignored by vep/vep_txt because it exceeded search pattern filesize limit: MHW153_trimmed_clipped_R2_paired_fastqc.html
[2025-05-20 11:02:47,585] multiqc                                            [DEBUG  ]  File ignored by longranger/invocation because it exceeded search pattern filesize limit: MHW153_trimmed_clipped_R2_paired_fastqc.html
[2025-05-20 11:02:47,622] multiqc                                            [DEBUG  ]  File ignored by ccs/v4 because it exceeded search pattern filesize limit: MHW153_trimmed_clipped_R1_paired_fastqc.html
[2025-05-20 11:02:47,624] multiqc                                            [DEBUG  ]  File ignored by hicexplorer because it exceeded search pattern filesize limit: MHW153_trimmed_clipped_R1_paired_fastqc.html
[2025-05-20 11:02:47,624] multiqc                                            [DEBUG  ]  File ignored by nanostat because it exceeded search pattern filesize limit: MHW153_trimmed_clipped_R1_paired_fastqc.html
[2025-05-20 11:02:47,624] multiqc                                            [DEBUG  ]  File ignored by lima/summary because it exceeded search pattern filesize limit: MHW153_trimmed_clipped_R1_paired_fastqc.html
[2025-05-20 11:02:47,627] multiqc                                            [DEBUG  ]  File ignored by vep/vep_txt because it exceeded search pattern filesize limit: MHW153_trimmed_clipped_R1_paired_fastqc.html
[2025-05-20 11:02:47,627] multiqc                                            [DEBUG  ]  File ignored by longranger/invocation because it exceeded search pattern filesize limit: MHW153_trimmed_clipped_R1_paired_fastqc.html
[2025-05-20 11:02:47,666] multiqc                                            [DEBUG  ]  File ignored by ccs/v4 because it exceeded search pattern filesize limit: MHW154_trimmed_clipped_R2_paired_fastqc.html
[2025-05-20 11:02:47,667] multiqc                                            [DEBUG  ]  File ignored by hicexplorer because it exceeded search pattern filesize limit: MHW154_trimmed_clipped_R2_paired_fastqc.html
[2025-05-20 11:02:47,667] multiqc                                            [DEBUG  ]  File ignored by nanostat because it exceeded search pattern filesize limit: MHW154_trimmed_clipped_R2_paired_fastqc.html
[2025-05-20 11:02:47,667] multiqc                                            [DEBUG  ]  File ignored by lima/summary because it exceeded search pattern filesize limit: MHW154_trimmed_clipped_R2_paired_fastqc.html
[2025-05-20 11:02:47,671] multiqc                                            [DEBUG  ]  File ignored by vep/vep_txt because it exceeded search pattern filesize limit: MHW154_trimmed_clipped_R2_paired_fastqc.html
[2025-05-20 11:02:47,671] multiqc                                            [DEBUG  ]  File ignored by longranger/invocation because it exceeded search pattern filesize limit: MHW154_trimmed_clipped_R2_paired_fastqc.html
[2025-05-20 11:02:47,708] multiqc                                            [DEBUG  ]  File ignored by ccs/v4 because it exceeded search pattern filesize limit: MHW154_trimmed_clipped_R1_paired_fastqc.html
[2025-05-20 11:02:47,710] multiqc                                            [DEBUG  ]  File ignored by hicexplorer because it exceeded search pattern filesize limit: MHW154_trimmed_clipped_R1_paired_fastqc.html
[2025-05-20 11:02:47,710] multiqc                                            [DEBUG  ]  File ignored by nanostat because it exceeded search pattern filesize limit: MHW154_trimmed_clipped_R1_paired_fastqc.html
[2025-05-20 11:02:47,710] multiqc                                            [DEBUG  ]  File ignored by lima/summary because it exceeded search pattern filesize limit: MHW154_trimmed_clipped_R1_paired_fastqc.html
[2025-05-20 11:02:47,713] multiqc                                            [DEBUG  ]  File ignored by vep/vep_txt because it exceeded search pattern filesize limit: MHW154_trimmed_clipped_R1_paired_fastqc.html
[2025-05-20 11:02:47,714] multiqc                                            [DEBUG  ]  File ignored by longranger/invocation because it exceeded search pattern filesize limit: MHW154_trimmed_clipped_R1_paired_fastqc.html
[2025-05-20 11:02:47,751] multiqc                                            [DEBUG  ]  File ignored by ccs/v4 because it exceeded search pattern filesize limit: MHW156_trimmed_clipped_R2_paired_fastqc.html
[2025-05-20 11:02:47,753] multiqc                                            [DEBUG  ]  File ignored by hicexplorer because it exceeded search pattern filesize limit: MHW156_trimmed_clipped_R2_paired_fastqc.html
[2025-05-20 11:02:47,753] multiqc                                            [DEBUG  ]  File ignored by nanostat because it exceeded search pattern filesize limit: MHW156_trimmed_clipped_R2_paired_fastqc.html
[2025-05-20 11:02:47,753] multiqc                                            [DEBUG  ]  File ignored by lima/summary because it exceeded search pattern filesize limit: MHW156_trimmed_clipped_R2_paired_fastqc.html
[2025-05-20 11:02:47,757] multiqc                                            [DEBUG  ]  File ignored by vep/vep_txt because it exceeded search pattern filesize limit: MHW156_trimmed_clipped_R2_paired_fastqc.html
[2025-05-20 11:02:47,757] multiqc                                            [DEBUG  ]  File ignored by longranger/invocation because it exceeded search pattern filesize limit: MHW156_trimmed_clipped_R2_paired_fastqc.html
[2025-05-20 11:02:47,801] multiqc                                            [DEBUG  ]  File ignored by ccs/v4 because it exceeded search pattern filesize limit: MHW156_trimmed_clipped_R1_paired_fastqc.html
[2025-05-20 11:02:47,803] multiqc                                            [DEBUG  ]  File ignored by hicexplorer because it exceeded search pattern filesize limit: MHW156_trimmed_clipped_R1_paired_fastqc.html
[2025-05-20 11:02:47,803] multiqc                                            [DEBUG  ]  File ignored by nanostat because it exceeded search pattern filesize limit: MHW156_trimmed_clipped_R1_paired_fastqc.html
[2025-05-20 11:02:47,803] multiqc                                            [DEBUG  ]  File ignored by lima/summary because it exceeded search pattern filesize limit: MHW156_trimmed_clipped_R1_paired_fastqc.html
[2025-05-20 11:02:47,806] multiqc                                            [DEBUG  ]  File ignored by vep/vep_txt because it exceeded search pattern filesize limit: MHW156_trimmed_clipped_R1_paired_fastqc.html
[2025-05-20 11:02:47,807] multiqc                                            [DEBUG  ]  File ignored by longranger/invocation because it exceeded search pattern filesize limit: MHW156_trimmed_clipped_R1_paired_fastqc.html
[2025-05-20 11:02:47,844] multiqc                                            [DEBUG  ]  File ignored by ccs/v4 because it exceeded search pattern filesize limit: MHW155_trimmed_clipped_R1_paired_fastqc.html
[2025-05-20 11:02:47,846] multiqc                                            [DEBUG  ]  File ignored by hicexplorer because it exceeded search pattern filesize limit: MHW155_trimmed_clipped_R1_paired_fastqc.html
[2025-05-20 11:02:47,846] multiqc                                            [DEBUG  ]  File ignored by nanostat because it exceeded search pattern filesize limit: MHW155_trimmed_clipped_R1_paired_fastqc.html
[2025-05-20 11:02:47,846] multiqc                                            [DEBUG  ]  File ignored by lima/summary because it exceeded search pattern filesize limit: MHW155_trimmed_clipped_R1_paired_fastqc.html
[2025-05-20 11:02:47,850] multiqc                                            [DEBUG  ]  File ignored by vep/vep_txt because it exceeded search pattern filesize limit: MHW155_trimmed_clipped_R1_paired_fastqc.html
[2025-05-20 11:02:47,850] multiqc                                            [DEBUG  ]  File ignored by longranger/invocation because it exceeded search pattern filesize limit: MHW155_trimmed_clipped_R1_paired_fastqc.html
[2025-05-20 11:02:47,911] multiqc                                            [DEBUG  ]  File ignored by ccs/v4 because it exceeded search pattern filesize limit: MHW155_trimmed_clipped_R2_paired_fastqc.html
[2025-05-20 11:02:47,913] multiqc                                            [DEBUG  ]  File ignored by hicexplorer because it exceeded search pattern filesize limit: MHW155_trimmed_clipped_R2_paired_fastqc.html
[2025-05-20 11:02:47,913] multiqc                                            [DEBUG  ]  File ignored by nanostat because it exceeded search pattern filesize limit: MHW155_trimmed_clipped_R2_paired_fastqc.html
[2025-05-20 11:02:47,913] multiqc                                            [DEBUG  ]  File ignored by lima/summary because it exceeded search pattern filesize limit: MHW155_trimmed_clipped_R2_paired_fastqc.html
[2025-05-20 11:02:47,917] multiqc                                            [DEBUG  ]  File ignored by vep/vep_txt because it exceeded search pattern filesize limit: MHW155_trimmed_clipped_R2_paired_fastqc.html
[2025-05-20 11:02:47,917] multiqc                                            [DEBUG  ]  File ignored by longranger/invocation because it exceeded search pattern filesize limit: MHW155_trimmed_clipped_R2_paired_fastqc.html
[2025-05-20 11:02:47,953] multiqc                                            [DEBUG  ]  File ignored by ccs/v4 because it exceeded search pattern filesize limit: MHW157_trimmed_clipped_R1_paired_fastqc.html
[2025-05-20 11:02:47,955] multiqc                                            [DEBUG  ]  File ignored by hicexplorer because it exceeded search pattern filesize limit: MHW157_trimmed_clipped_R1_paired_fastqc.html
[2025-05-20 11:02:47,955] multiqc                                            [DEBUG  ]  File ignored by nanostat because it exceeded search pattern filesize limit: MHW157_trimmed_clipped_R1_paired_fastqc.html
[2025-05-20 11:02:47,955] multiqc                                            [DEBUG  ]  File ignored by lima/summary because it exceeded search pattern filesize limit: MHW157_trimmed_clipped_R1_paired_fastqc.html
[2025-05-20 11:02:47,959] multiqc                                            [DEBUG  ]  File ignored by vep/vep_txt because it exceeded search pattern filesize limit: MHW157_trimmed_clipped_R1_paired_fastqc.html
[2025-05-20 11:02:47,959] multiqc                                            [DEBUG  ]  File ignored by longranger/invocation because it exceeded search pattern filesize limit: MHW157_trimmed_clipped_R1_paired_fastqc.html
[2025-05-20 11:02:47,997] multiqc                                            [DEBUG  ]  File ignored by ccs/v4 because it exceeded search pattern filesize limit: MHW157_trimmed_clipped_R2_paired_fastqc.html
[2025-05-20 11:02:47,999] multiqc                                            [DEBUG  ]  File ignored by hicexplorer because it exceeded search pattern filesize limit: MHW157_trimmed_clipped_R2_paired_fastqc.html
[2025-05-20 11:02:47,999] multiqc                                            [DEBUG  ]  File ignored by nanostat because it exceeded search pattern filesize limit: MHW157_trimmed_clipped_R2_paired_fastqc.html
[2025-05-20 11:02:47,999] multiqc                                            [DEBUG  ]  File ignored by lima/summary because it exceeded search pattern filesize limit: MHW157_trimmed_clipped_R2_paired_fastqc.html
[2025-05-20 11:02:48,002] multiqc                                            [DEBUG  ]  File ignored by vep/vep_txt because it exceeded search pattern filesize limit: MHW157_trimmed_clipped_R2_paired_fastqc.html
[2025-05-20 11:02:48,002] multiqc                                            [DEBUG  ]  File ignored by longranger/invocation because it exceeded search pattern filesize limit: MHW157_trimmed_clipped_R2_paired_fastqc.html
[2025-05-20 11:02:48,055] multiqc                                            [DEBUG  ]  File ignored by ccs/v4 because it exceeded search pattern filesize limit: MHW158_trimmed_clipped_R1_paired_fastqc.html
[2025-05-20 11:02:48,057] multiqc                                            [DEBUG  ]  File ignored by hicexplorer because it exceeded search pattern filesize limit: MHW158_trimmed_clipped_R1_paired_fastqc.html
[2025-05-20 11:02:48,057] multiqc                                            [DEBUG  ]  File ignored by nanostat because it exceeded search pattern filesize limit: MHW158_trimmed_clipped_R1_paired_fastqc.html
[2025-05-20 11:02:48,057] multiqc                                            [DEBUG  ]  File ignored by lima/summary because it exceeded search pattern filesize limit: MHW158_trimmed_clipped_R1_paired_fastqc.html
[2025-05-20 11:02:48,060] multiqc                                            [DEBUG  ]  File ignored by vep/vep_txt because it exceeded search pattern filesize limit: MHW158_trimmed_clipped_R1_paired_fastqc.html
[2025-05-20 11:02:48,060] multiqc                                            [DEBUG  ]  File ignored by longranger/invocation because it exceeded search pattern filesize limit: MHW158_trimmed_clipped_R1_paired_fastqc.html
[2025-05-20 11:02:48,098] multiqc                                            [DEBUG  ]  File ignored by ccs/v4 because it exceeded search pattern filesize limit: MHW158_trimmed_clipped_R2_paired_fastqc.html
[2025-05-20 11:02:48,099] multiqc                                            [DEBUG  ]  File ignored by hicexplorer because it exceeded search pattern filesize limit: MHW158_trimmed_clipped_R2_paired_fastqc.html
[2025-05-20 11:02:48,100] multiqc                                            [DEBUG  ]  File ignored by nanostat because it exceeded search pattern filesize limit: MHW158_trimmed_clipped_R2_paired_fastqc.html
[2025-05-20 11:02:48,100] multiqc                                            [DEBUG  ]  File ignored by lima/summary because it exceeded search pattern filesize limit: MHW158_trimmed_clipped_R2_paired_fastqc.html
[2025-05-20 11:02:48,103] multiqc                                            [DEBUG  ]  File ignored by vep/vep_txt because it exceeded search pattern filesize limit: MHW158_trimmed_clipped_R2_paired_fastqc.html
[2025-05-20 11:02:48,103] multiqc                                            [DEBUG  ]  File ignored by longranger/invocation because it exceeded search pattern filesize limit: MHW158_trimmed_clipped_R2_paired_fastqc.html
[2025-05-20 11:02:48,141] multiqc                                            [DEBUG  ]  File ignored by ccs/v4 because it exceeded search pattern filesize limit: MHW159_trimmed_clipped_R1_paired_fastqc.html
[2025-05-20 11:02:48,143] multiqc                                            [DEBUG  ]  File ignored by hicexplorer because it exceeded search pattern filesize limit: MHW159_trimmed_clipped_R1_paired_fastqc.html
[2025-05-20 11:02:48,143] multiqc                                            [DEBUG  ]  File ignored by nanostat because it exceeded search pattern filesize limit: MHW159_trimmed_clipped_R1_paired_fastqc.html
[2025-05-20 11:02:48,143] multiqc                                            [DEBUG  ]  File ignored by lima/summary because it exceeded search pattern filesize limit: MHW159_trimmed_clipped_R1_paired_fastqc.html
[2025-05-20 11:02:48,146] multiqc                                            [DEBUG  ]  File ignored by vep/vep_txt because it exceeded search pattern filesize limit: MHW159_trimmed_clipped_R1_paired_fastqc.html
[2025-05-20 11:02:48,146] multiqc                                            [DEBUG  ]  File ignored by longranger/invocation because it exceeded search pattern filesize limit: MHW159_trimmed_clipped_R1_paired_fastqc.html
[2025-05-20 11:02:48,185] multiqc                                            [DEBUG  ]  File ignored by ccs/v4 because it exceeded search pattern filesize limit: MHW159_trimmed_clipped_R2_paired_fastqc.html
[2025-05-20 11:02:48,186] multiqc                                            [DEBUG  ]  File ignored by hicexplorer because it exceeded search pattern filesize limit: MHW159_trimmed_clipped_R2_paired_fastqc.html
[2025-05-20 11:02:48,187] multiqc                                            [DEBUG  ]  File ignored by nanostat because it exceeded search pattern filesize limit: MHW159_trimmed_clipped_R2_paired_fastqc.html
[2025-05-20 11:02:48,187] multiqc                                            [DEBUG  ]  File ignored by lima/summary because it exceeded search pattern filesize limit: MHW159_trimmed_clipped_R2_paired_fastqc.html
[2025-05-20 11:02:48,190] multiqc                                            [DEBUG  ]  File ignored by vep/vep_txt because it exceeded search pattern filesize limit: MHW159_trimmed_clipped_R2_paired_fastqc.html
[2025-05-20 11:02:48,190] multiqc                                            [DEBUG  ]  File ignored by longranger/invocation because it exceeded search pattern filesize limit: MHW159_trimmed_clipped_R2_paired_fastqc.html
[2025-05-20 11:02:48,254] multiqc                                            [DEBUG  ]  File ignored by ccs/v4 because it exceeded search pattern filesize limit: MHW160_trimmed_clipped_R1_paired_fastqc.html
[2025-05-20 11:02:48,256] multiqc                                            [DEBUG  ]  File ignored by hicexplorer because it exceeded search pattern filesize limit: MHW160_trimmed_clipped_R1_paired_fastqc.html
[2025-05-20 11:02:48,257] multiqc                                            [DEBUG  ]  File ignored by nanostat because it exceeded search pattern filesize limit: MHW160_trimmed_clipped_R1_paired_fastqc.html
[2025-05-20 11:02:48,257] multiqc                                            [DEBUG  ]  File ignored by lima/summary because it exceeded search pattern filesize limit: MHW160_trimmed_clipped_R1_paired_fastqc.html
[2025-05-20 11:02:48,260] multiqc                                            [DEBUG  ]  File ignored by vep/vep_txt because it exceeded search pattern filesize limit: MHW160_trimmed_clipped_R1_paired_fastqc.html
[2025-05-20 11:02:48,260] multiqc                                            [DEBUG  ]  File ignored by longranger/invocation because it exceeded search pattern filesize limit: MHW160_trimmed_clipped_R1_paired_fastqc.html
[2025-05-20 11:02:48,322] multiqc                                            [DEBUG  ]  File ignored by ccs/v4 because it exceeded search pattern filesize limit: MHW160_trimmed_clipped_R2_paired_fastqc.html
[2025-05-20 11:02:48,324] multiqc                                            [DEBUG  ]  File ignored by hicexplorer because it exceeded search pattern filesize limit: MHW160_trimmed_clipped_R2_paired_fastqc.html
[2025-05-20 11:02:48,324] multiqc                                            [DEBUG  ]  File ignored by nanostat because it exceeded search pattern filesize limit: MHW160_trimmed_clipped_R2_paired_fastqc.html
[2025-05-20 11:02:48,324] multiqc                                            [DEBUG  ]  File ignored by lima/summary because it exceeded search pattern filesize limit: MHW160_trimmed_clipped_R2_paired_fastqc.html
[2025-05-20 11:02:48,328] multiqc                                            [DEBUG  ]  File ignored by vep/vep_txt because it exceeded search pattern filesize limit: MHW160_trimmed_clipped_R2_paired_fastqc.html
[2025-05-20 11:02:48,328] multiqc                                            [DEBUG  ]  File ignored by longranger/invocation because it exceeded search pattern filesize limit: MHW160_trimmed_clipped_R2_paired_fastqc.html
[2025-05-20 11:02:48,386] multiqc                                            [DEBUG  ]  File ignored by ccs/v4 because it exceeded search pattern filesize limit: MHW161_trimmed_clipped_R2_paired_fastqc.html
[2025-05-20 11:02:48,388] multiqc                                            [DEBUG  ]  File ignored by hicexplorer because it exceeded search pattern filesize limit: MHW161_trimmed_clipped_R2_paired_fastqc.html
[2025-05-20 11:02:48,388] multiqc                                            [DEBUG  ]  File ignored by nanostat because it exceeded search pattern filesize limit: MHW161_trimmed_clipped_R2_paired_fastqc.html
[2025-05-20 11:02:48,388] multiqc                                            [DEBUG  ]  File ignored by lima/summary because it exceeded search pattern filesize limit: MHW161_trimmed_clipped_R2_paired_fastqc.html
[2025-05-20 11:02:48,391] multiqc                                            [DEBUG  ]  File ignored by vep/vep_txt because it exceeded search pattern filesize limit: MHW161_trimmed_clipped_R2_paired_fastqc.html
[2025-05-20 11:02:48,391] multiqc                                            [DEBUG  ]  File ignored by longranger/invocation because it exceeded search pattern filesize limit: MHW161_trimmed_clipped_R2_paired_fastqc.html
[2025-05-20 11:02:48,428] multiqc                                            [DEBUG  ]  File ignored by ccs/v4 because it exceeded search pattern filesize limit: MHW161_trimmed_clipped_R1_paired_fastqc.html
[2025-05-20 11:02:48,430] multiqc                                            [DEBUG  ]  File ignored by hicexplorer because it exceeded search pattern filesize limit: MHW161_trimmed_clipped_R1_paired_fastqc.html
[2025-05-20 11:02:48,430] multiqc                                            [DEBUG  ]  File ignored by nanostat because it exceeded search pattern filesize limit: MHW161_trimmed_clipped_R1_paired_fastqc.html
[2025-05-20 11:02:48,430] multiqc                                            [DEBUG  ]  File ignored by lima/summary because it exceeded search pattern filesize limit: MHW161_trimmed_clipped_R1_paired_fastqc.html
[2025-05-20 11:02:48,433] multiqc                                            [DEBUG  ]  File ignored by vep/vep_txt because it exceeded search pattern filesize limit: MHW161_trimmed_clipped_R1_paired_fastqc.html
[2025-05-20 11:02:48,433] multiqc                                            [DEBUG  ]  File ignored by longranger/invocation because it exceeded search pattern filesize limit: MHW161_trimmed_clipped_R1_paired_fastqc.html
[2025-05-20 11:02:48,471] multiqc                                            [DEBUG  ]  File ignored by ccs/v4 because it exceeded search pattern filesize limit: MHW162_trimmed_clipped_R2_paired_fastqc.html
[2025-05-20 11:02:48,473] multiqc                                            [DEBUG  ]  File ignored by hicexplorer because it exceeded search pattern filesize limit: MHW162_trimmed_clipped_R2_paired_fastqc.html
[2025-05-20 11:02:48,473] multiqc                                            [DEBUG  ]  File ignored by nanostat because it exceeded search pattern filesize limit: MHW162_trimmed_clipped_R2_paired_fastqc.html
[2025-05-20 11:02:48,473] multiqc                                            [DEBUG  ]  File ignored by lima/summary because it exceeded search pattern filesize limit: MHW162_trimmed_clipped_R2_paired_fastqc.html
[2025-05-20 11:02:48,476] multiqc                                            [DEBUG  ]  File ignored by vep/vep_txt because it exceeded search pattern filesize limit: MHW162_trimmed_clipped_R2_paired_fastqc.html
[2025-05-20 11:02:48,476] multiqc                                            [DEBUG  ]  File ignored by longranger/invocation because it exceeded search pattern filesize limit: MHW162_trimmed_clipped_R2_paired_fastqc.html
[2025-05-20 11:02:48,514] multiqc                                            [DEBUG  ]  File ignored by ccs/v4 because it exceeded search pattern filesize limit: MHW164_trimmed_clipped_R2_paired_fastqc.html
[2025-05-20 11:02:48,516] multiqc                                            [DEBUG  ]  File ignored by hicexplorer because it exceeded search pattern filesize limit: MHW164_trimmed_clipped_R2_paired_fastqc.html
[2025-05-20 11:02:48,516] multiqc                                            [DEBUG  ]  File ignored by nanostat because it exceeded search pattern filesize limit: MHW164_trimmed_clipped_R2_paired_fastqc.html
[2025-05-20 11:02:48,516] multiqc                                            [DEBUG  ]  File ignored by lima/summary because it exceeded search pattern filesize limit: MHW164_trimmed_clipped_R2_paired_fastqc.html
[2025-05-20 11:02:48,519] multiqc                                            [DEBUG  ]  File ignored by vep/vep_txt because it exceeded search pattern filesize limit: MHW164_trimmed_clipped_R2_paired_fastqc.html
[2025-05-20 11:02:48,520] multiqc                                            [DEBUG  ]  File ignored by longranger/invocation because it exceeded search pattern filesize limit: MHW164_trimmed_clipped_R2_paired_fastqc.html
[2025-05-20 11:02:48,582] multiqc                                            [DEBUG  ]  File ignored by ccs/v4 because it exceeded search pattern filesize limit: MHW164_trimmed_clipped_R1_paired_fastqc.html
[2025-05-20 11:02:48,584] multiqc                                            [DEBUG  ]  File ignored by hicexplorer because it exceeded search pattern filesize limit: MHW164_trimmed_clipped_R1_paired_fastqc.html
[2025-05-20 11:02:48,584] multiqc                                            [DEBUG  ]  File ignored by nanostat because it exceeded search pattern filesize limit: MHW164_trimmed_clipped_R1_paired_fastqc.html
[2025-05-20 11:02:48,584] multiqc                                            [DEBUG  ]  File ignored by lima/summary because it exceeded search pattern filesize limit: MHW164_trimmed_clipped_R1_paired_fastqc.html
[2025-05-20 11:02:48,588] multiqc                                            [DEBUG  ]  File ignored by vep/vep_txt because it exceeded search pattern filesize limit: MHW164_trimmed_clipped_R1_paired_fastqc.html
[2025-05-20 11:02:48,588] multiqc                                            [DEBUG  ]  File ignored by longranger/invocation because it exceeded search pattern filesize limit: MHW164_trimmed_clipped_R1_paired_fastqc.html
[2025-05-20 11:02:48,646] multiqc                                            [DEBUG  ]  File ignored by ccs/v4 because it exceeded search pattern filesize limit: MHW165_trimmed_clipped_R1_paired_fastqc.html
[2025-05-20 11:02:48,648] multiqc                                            [DEBUG  ]  File ignored by hicexplorer because it exceeded search pattern filesize limit: MHW165_trimmed_clipped_R1_paired_fastqc.html
[2025-05-20 11:02:48,648] multiqc                                            [DEBUG  ]  File ignored by nanostat because it exceeded search pattern filesize limit: MHW165_trimmed_clipped_R1_paired_fastqc.html
[2025-05-20 11:02:48,648] multiqc                                            [DEBUG  ]  File ignored by lima/summary because it exceeded search pattern filesize limit: MHW165_trimmed_clipped_R1_paired_fastqc.html
[2025-05-20 11:02:48,651] multiqc                                            [DEBUG  ]  File ignored by vep/vep_txt because it exceeded search pattern filesize limit: MHW165_trimmed_clipped_R1_paired_fastqc.html
[2025-05-20 11:02:48,651] multiqc                                            [DEBUG  ]  File ignored by longranger/invocation because it exceeded search pattern filesize limit: MHW165_trimmed_clipped_R1_paired_fastqc.html
[2025-05-20 11:02:48,690] multiqc                                            [DEBUG  ]  File ignored by ccs/v4 because it exceeded search pattern filesize limit: MHW165_trimmed_clipped_R2_paired_fastqc.html
[2025-05-20 11:02:48,691] multiqc                                            [DEBUG  ]  File ignored by hicexplorer because it exceeded search pattern filesize limit: MHW165_trimmed_clipped_R2_paired_fastqc.html
[2025-05-20 11:02:48,692] multiqc                                            [DEBUG  ]  File ignored by nanostat because it exceeded search pattern filesize limit: MHW165_trimmed_clipped_R2_paired_fastqc.html
[2025-05-20 11:02:48,692] multiqc                                            [DEBUG  ]  File ignored by lima/summary because it exceeded search pattern filesize limit: MHW165_trimmed_clipped_R2_paired_fastqc.html
[2025-05-20 11:02:48,695] multiqc                                            [DEBUG  ]  File ignored by vep/vep_txt because it exceeded search pattern filesize limit: MHW165_trimmed_clipped_R2_paired_fastqc.html
[2025-05-20 11:02:48,695] multiqc                                            [DEBUG  ]  File ignored by longranger/invocation because it exceeded search pattern filesize limit: MHW165_trimmed_clipped_R2_paired_fastqc.html
[2025-05-20 11:02:48,765] multiqc                                            [DEBUG  ]  File ignored by ccs/v4 because it exceeded search pattern filesize limit: MHW166_trimmed_clipped_R1_paired_fastqc.html
[2025-05-20 11:02:48,767] multiqc                                            [DEBUG  ]  File ignored by hicexplorer because it exceeded search pattern filesize limit: MHW166_trimmed_clipped_R1_paired_fastqc.html
[2025-05-20 11:02:48,767] multiqc                                            [DEBUG  ]  File ignored by nanostat because it exceeded search pattern filesize limit: MHW166_trimmed_clipped_R1_paired_fastqc.html
[2025-05-20 11:02:48,767] multiqc                                            [DEBUG  ]  File ignored by lima/summary because it exceeded search pattern filesize limit: MHW166_trimmed_clipped_R1_paired_fastqc.html
[2025-05-20 11:02:48,770] multiqc                                            [DEBUG  ]  File ignored by vep/vep_txt because it exceeded search pattern filesize limit: MHW166_trimmed_clipped_R1_paired_fastqc.html
[2025-05-20 11:02:48,770] multiqc                                            [DEBUG  ]  File ignored by longranger/invocation because it exceeded search pattern filesize limit: MHW166_trimmed_clipped_R1_paired_fastqc.html
[2025-05-20 11:02:48,830] multiqc                                            [DEBUG  ]  File ignored by ccs/v4 because it exceeded search pattern filesize limit: MHW167_trimmed_clipped_R2_paired_fastqc.html
[2025-05-20 11:02:48,831] multiqc                                            [DEBUG  ]  File ignored by hicexplorer because it exceeded search pattern filesize limit: MHW167_trimmed_clipped_R2_paired_fastqc.html
[2025-05-20 11:02:48,832] multiqc                                            [DEBUG  ]  File ignored by nanostat because it exceeded search pattern filesize limit: MHW167_trimmed_clipped_R2_paired_fastqc.html
[2025-05-20 11:02:48,832] multiqc                                            [DEBUG  ]  File ignored by lima/summary because it exceeded search pattern filesize limit: MHW167_trimmed_clipped_R2_paired_fastqc.html
[2025-05-20 11:02:48,835] multiqc                                            [DEBUG  ]  File ignored by vep/vep_txt because it exceeded search pattern filesize limit: MHW167_trimmed_clipped_R2_paired_fastqc.html
[2025-05-20 11:02:48,835] multiqc                                            [DEBUG  ]  File ignored by longranger/invocation because it exceeded search pattern filesize limit: MHW167_trimmed_clipped_R2_paired_fastqc.html
[2025-05-20 11:02:48,907] multiqc                                            [DEBUG  ]  File ignored by ccs/v4 because it exceeded search pattern filesize limit: MHW166_trimmed_clipped_R2_paired_fastqc.html
[2025-05-20 11:02:48,909] multiqc                                            [DEBUG  ]  File ignored by hicexplorer because it exceeded search pattern filesize limit: MHW166_trimmed_clipped_R2_paired_fastqc.html
[2025-05-20 11:02:48,909] multiqc                                            [DEBUG  ]  File ignored by nanostat because it exceeded search pattern filesize limit: MHW166_trimmed_clipped_R2_paired_fastqc.html
[2025-05-20 11:02:48,909] multiqc                                            [DEBUG  ]  File ignored by lima/summary because it exceeded search pattern filesize limit: MHW166_trimmed_clipped_R2_paired_fastqc.html
[2025-05-20 11:02:48,912] multiqc                                            [DEBUG  ]  File ignored by vep/vep_txt because it exceeded search pattern filesize limit: MHW166_trimmed_clipped_R2_paired_fastqc.html
[2025-05-20 11:02:48,912] multiqc                                            [DEBUG  ]  File ignored by longranger/invocation because it exceeded search pattern filesize limit: MHW166_trimmed_clipped_R2_paired_fastqc.html
[2025-05-20 11:02:48,960] multiqc                                            [DEBUG  ]  File ignored by ccs/v4 because it exceeded search pattern filesize limit: MHW167_trimmed_clipped_R1_paired_fastqc.html
[2025-05-20 11:02:48,962] multiqc                                            [DEBUG  ]  File ignored by hicexplorer because it exceeded search pattern filesize limit: MHW167_trimmed_clipped_R1_paired_fastqc.html
[2025-05-20 11:02:48,962] multiqc                                            [DEBUG  ]  File ignored by nanostat because it exceeded search pattern filesize limit: MHW167_trimmed_clipped_R1_paired_fastqc.html
[2025-05-20 11:02:48,962] multiqc                                            [DEBUG  ]  File ignored by lima/summary because it exceeded search pattern filesize limit: MHW167_trimmed_clipped_R1_paired_fastqc.html
[2025-05-20 11:02:48,965] multiqc                                            [DEBUG  ]  File ignored by vep/vep_txt because it exceeded search pattern filesize limit: MHW167_trimmed_clipped_R1_paired_fastqc.html
[2025-05-20 11:02:48,965] multiqc                                            [DEBUG  ]  File ignored by longranger/invocation because it exceeded search pattern filesize limit: MHW167_trimmed_clipped_R1_paired_fastqc.html
[2025-05-20 11:02:49,025] multiqc                                            [DEBUG  ]  File ignored by ccs/v4 because it exceeded search pattern filesize limit: MHW168_trimmed_clipped_R1_paired_fastqc.html
[2025-05-20 11:02:49,027] multiqc                                            [DEBUG  ]  File ignored by hicexplorer because it exceeded search pattern filesize limit: MHW168_trimmed_clipped_R1_paired_fastqc.html
[2025-05-20 11:02:49,027] multiqc                                            [DEBUG  ]  File ignored by nanostat because it exceeded search pattern filesize limit: MHW168_trimmed_clipped_R1_paired_fastqc.html
[2025-05-20 11:02:49,027] multiqc                                            [DEBUG  ]  File ignored by lima/summary because it exceeded search pattern filesize limit: MHW168_trimmed_clipped_R1_paired_fastqc.html
[2025-05-20 11:02:49,030] multiqc                                            [DEBUG  ]  File ignored by vep/vep_txt because it exceeded search pattern filesize limit: MHW168_trimmed_clipped_R1_paired_fastqc.html
[2025-05-20 11:02:49,030] multiqc                                            [DEBUG  ]  File ignored by longranger/invocation because it exceeded search pattern filesize limit: MHW168_trimmed_clipped_R1_paired_fastqc.html
[2025-05-20 11:02:49,088] multiqc                                            [DEBUG  ]  File ignored by ccs/v4 because it exceeded search pattern filesize limit: MHW169_trimmed_clipped_R1_paired_fastqc.html
[2025-05-20 11:02:49,090] multiqc                                            [DEBUG  ]  File ignored by hicexplorer because it exceeded search pattern filesize limit: MHW169_trimmed_clipped_R1_paired_fastqc.html
[2025-05-20 11:02:49,090] multiqc                                            [DEBUG  ]  File ignored by nanostat because it exceeded search pattern filesize limit: MHW169_trimmed_clipped_R1_paired_fastqc.html
[2025-05-20 11:02:49,090] multiqc                                            [DEBUG  ]  File ignored by lima/summary because it exceeded search pattern filesize limit: MHW169_trimmed_clipped_R1_paired_fastqc.html
[2025-05-20 11:02:49,093] multiqc                                            [DEBUG  ]  File ignored by vep/vep_txt because it exceeded search pattern filesize limit: MHW169_trimmed_clipped_R1_paired_fastqc.html
[2025-05-20 11:02:49,093] multiqc                                            [DEBUG  ]  File ignored by longranger/invocation because it exceeded search pattern filesize limit: MHW169_trimmed_clipped_R1_paired_fastqc.html
[2025-05-20 11:02:49,131] multiqc                                            [DEBUG  ]  File ignored by ccs/v4 because it exceeded search pattern filesize limit: MHW162_trimmed_clipped_R1_paired_fastqc.html
[2025-05-20 11:02:49,133] multiqc                                            [DEBUG  ]  File ignored by hicexplorer because it exceeded search pattern filesize limit: MHW162_trimmed_clipped_R1_paired_fastqc.html
[2025-05-20 11:02:49,133] multiqc                                            [DEBUG  ]  File ignored by nanostat because it exceeded search pattern filesize limit: MHW162_trimmed_clipped_R1_paired_fastqc.html
[2025-05-20 11:02:49,133] multiqc                                            [DEBUG  ]  File ignored by lima/summary because it exceeded search pattern filesize limit: MHW162_trimmed_clipped_R1_paired_fastqc.html
[2025-05-20 11:02:49,136] multiqc                                            [DEBUG  ]  File ignored by vep/vep_txt because it exceeded search pattern filesize limit: MHW162_trimmed_clipped_R1_paired_fastqc.html
[2025-05-20 11:02:49,136] multiqc                                            [DEBUG  ]  File ignored by longranger/invocation because it exceeded search pattern filesize limit: MHW162_trimmed_clipped_R1_paired_fastqc.html
[2025-05-20 11:02:49,173] multiqc                                            [DEBUG  ]  File ignored by ccs/v4 because it exceeded search pattern filesize limit: MHW168_trimmed_clipped_R2_paired_fastqc.html
[2025-05-20 11:02:49,175] multiqc                                            [DEBUG  ]  File ignored by hicexplorer because it exceeded search pattern filesize limit: MHW168_trimmed_clipped_R2_paired_fastqc.html
[2025-05-20 11:02:49,175] multiqc                                            [DEBUG  ]  File ignored by nanostat because it exceeded search pattern filesize limit: MHW168_trimmed_clipped_R2_paired_fastqc.html
[2025-05-20 11:02:49,175] multiqc                                            [DEBUG  ]  File ignored by lima/summary because it exceeded search pattern filesize limit: MHW168_trimmed_clipped_R2_paired_fastqc.html
[2025-05-20 11:02:49,178] multiqc                                            [DEBUG  ]  File ignored by vep/vep_txt because it exceeded search pattern filesize limit: MHW168_trimmed_clipped_R2_paired_fastqc.html
[2025-05-20 11:02:49,178] multiqc                                            [DEBUG  ]  File ignored by longranger/invocation because it exceeded search pattern filesize limit: MHW168_trimmed_clipped_R2_paired_fastqc.html
[2025-05-20 11:02:49,215] multiqc                                            [DEBUG  ]  File ignored by ccs/v4 because it exceeded search pattern filesize limit: MHW169_trimmed_clipped_R2_paired_fastqc.html
[2025-05-20 11:02:49,217] multiqc                                            [DEBUG  ]  File ignored by hicexplorer because it exceeded search pattern filesize limit: MHW169_trimmed_clipped_R2_paired_fastqc.html
[2025-05-20 11:02:49,217] multiqc                                            [DEBUG  ]  File ignored by nanostat because it exceeded search pattern filesize limit: MHW169_trimmed_clipped_R2_paired_fastqc.html
[2025-05-20 11:02:49,217] multiqc                                            [DEBUG  ]  File ignored by lima/summary because it exceeded search pattern filesize limit: MHW169_trimmed_clipped_R2_paired_fastqc.html
[2025-05-20 11:02:49,220] multiqc                                            [DEBUG  ]  File ignored by vep/vep_txt because it exceeded search pattern filesize limit: MHW169_trimmed_clipped_R2_paired_fastqc.html
[2025-05-20 11:02:49,220] multiqc                                            [DEBUG  ]  File ignored by longranger/invocation because it exceeded search pattern filesize limit: MHW169_trimmed_clipped_R2_paired_fastqc.html
[2025-05-20 11:02:49,257] multiqc                                            [DEBUG  ]  File ignored by ccs/v4 because it exceeded search pattern filesize limit: MHW163_trimmed_clipped_R2_paired_fastqc.html
[2025-05-20 11:02:49,258] multiqc                                            [DEBUG  ]  File ignored by hicexplorer because it exceeded search pattern filesize limit: MHW163_trimmed_clipped_R2_paired_fastqc.html
[2025-05-20 11:02:49,259] multiqc                                            [DEBUG  ]  File ignored by nanostat because it exceeded search pattern filesize limit: MHW163_trimmed_clipped_R2_paired_fastqc.html
[2025-05-20 11:02:49,259] multiqc                                            [DEBUG  ]  File ignored by lima/summary because it exceeded search pattern filesize limit: MHW163_trimmed_clipped_R2_paired_fastqc.html
[2025-05-20 11:02:49,262] multiqc                                            [DEBUG  ]  File ignored by vep/vep_txt because it exceeded search pattern filesize limit: MHW163_trimmed_clipped_R2_paired_fastqc.html
[2025-05-20 11:02:49,262] multiqc                                            [DEBUG  ]  File ignored by longranger/invocation because it exceeded search pattern filesize limit: MHW163_trimmed_clipped_R2_paired_fastqc.html
[2025-05-20 11:02:49,299] multiqc                                            [DEBUG  ]  File ignored by ccs/v4 because it exceeded search pattern filesize limit: MHW163_trimmed_clipped_R1_paired_fastqc.html
[2025-05-20 11:02:49,301] multiqc                                            [DEBUG  ]  File ignored by hicexplorer because it exceeded search pattern filesize limit: MHW163_trimmed_clipped_R1_paired_fastqc.html
[2025-05-20 11:02:49,301] multiqc                                            [DEBUG  ]  File ignored by nanostat because it exceeded search pattern filesize limit: MHW163_trimmed_clipped_R1_paired_fastqc.html
[2025-05-20 11:02:49,301] multiqc                                            [DEBUG  ]  File ignored by lima/summary because it exceeded search pattern filesize limit: MHW163_trimmed_clipped_R1_paired_fastqc.html
[2025-05-20 11:02:49,304] multiqc                                            [DEBUG  ]  File ignored by vep/vep_txt because it exceeded search pattern filesize limit: MHW163_trimmed_clipped_R1_paired_fastqc.html
[2025-05-20 11:02:49,304] multiqc                                            [DEBUG  ]  File ignored by longranger/invocation because it exceeded search pattern filesize limit: MHW163_trimmed_clipped_R1_paired_fastqc.html
[2025-05-20 11:02:49,342] multiqc                                            [DEBUG  ]  File ignored by ccs/v4 because it exceeded search pattern filesize limit: MHW170_trimmed_clipped_R1_paired_fastqc.html
[2025-05-20 11:02:49,343] multiqc                                            [DEBUG  ]  File ignored by hicexplorer because it exceeded search pattern filesize limit: MHW170_trimmed_clipped_R1_paired_fastqc.html
[2025-05-20 11:02:49,344] multiqc                                            [DEBUG  ]  File ignored by nanostat because it exceeded search pattern filesize limit: MHW170_trimmed_clipped_R1_paired_fastqc.html
[2025-05-20 11:02:49,344] multiqc                                            [DEBUG  ]  File ignored by lima/summary because it exceeded search pattern filesize limit: MHW170_trimmed_clipped_R1_paired_fastqc.html
[2025-05-20 11:02:49,347] multiqc                                            [DEBUG  ]  File ignored by vep/vep_txt because it exceeded search pattern filesize limit: MHW170_trimmed_clipped_R1_paired_fastqc.html
[2025-05-20 11:02:49,347] multiqc                                            [DEBUG  ]  File ignored by longranger/invocation because it exceeded search pattern filesize limit: MHW170_trimmed_clipped_R1_paired_fastqc.html
[2025-05-20 11:02:49,398] multiqc                                            [DEBUG  ]  File ignored by ccs/v4 because it exceeded search pattern filesize limit: MHW170_trimmed_clipped_R2_paired_fastqc.html
[2025-05-20 11:02:49,400] multiqc                                            [DEBUG  ]  File ignored by hicexplorer because it exceeded search pattern filesize limit: MHW170_trimmed_clipped_R2_paired_fastqc.html
[2025-05-20 11:02:49,400] multiqc                                            [DEBUG  ]  File ignored by nanostat because it exceeded search pattern filesize limit: MHW170_trimmed_clipped_R2_paired_fastqc.html
[2025-05-20 11:02:49,400] multiqc                                            [DEBUG  ]  File ignored by lima/summary because it exceeded search pattern filesize limit: MHW170_trimmed_clipped_R2_paired_fastqc.html
[2025-05-20 11:02:49,403] multiqc                                            [DEBUG  ]  File ignored by vep/vep_txt because it exceeded search pattern filesize limit: MHW170_trimmed_clipped_R2_paired_fastqc.html
[2025-05-20 11:02:49,403] multiqc                                            [DEBUG  ]  File ignored by longranger/invocation because it exceeded search pattern filesize limit: MHW170_trimmed_clipped_R2_paired_fastqc.html
[2025-05-20 11:02:49,462] multiqc                                            [DEBUG  ]  File ignored by ccs/v4 because it exceeded search pattern filesize limit: MHW172_trimmed_clipped_R1_paired_fastqc.html
[2025-05-20 11:02:49,464] multiqc                                            [DEBUG  ]  File ignored by hicexplorer because it exceeded search pattern filesize limit: MHW172_trimmed_clipped_R1_paired_fastqc.html
[2025-05-20 11:02:49,464] multiqc                                            [DEBUG  ]  File ignored by nanostat because it exceeded search pattern filesize limit: MHW172_trimmed_clipped_R1_paired_fastqc.html
[2025-05-20 11:02:49,464] multiqc                                            [DEBUG  ]  File ignored by lima/summary because it exceeded search pattern filesize limit: MHW172_trimmed_clipped_R1_paired_fastqc.html
[2025-05-20 11:02:49,467] multiqc                                            [DEBUG  ]  File ignored by vep/vep_txt because it exceeded search pattern filesize limit: MHW172_trimmed_clipped_R1_paired_fastqc.html
[2025-05-20 11:02:49,467] multiqc                                            [DEBUG  ]  File ignored by longranger/invocation because it exceeded search pattern filesize limit: MHW172_trimmed_clipped_R1_paired_fastqc.html
[2025-05-20 11:02:49,505] multiqc                                            [DEBUG  ]  File ignored by ccs/v4 because it exceeded search pattern filesize limit: MHW172_trimmed_clipped_R2_paired_fastqc.html
[2025-05-20 11:02:49,507] multiqc                                            [DEBUG  ]  File ignored by hicexplorer because it exceeded search pattern filesize limit: MHW172_trimmed_clipped_R2_paired_fastqc.html
[2025-05-20 11:02:49,507] multiqc                                            [DEBUG  ]  File ignored by nanostat because it exceeded search pattern filesize limit: MHW172_trimmed_clipped_R2_paired_fastqc.html
[2025-05-20 11:02:49,507] multiqc                                            [DEBUG  ]  File ignored by lima/summary because it exceeded search pattern filesize limit: MHW172_trimmed_clipped_R2_paired_fastqc.html
[2025-05-20 11:02:49,510] multiqc                                            [DEBUG  ]  File ignored by vep/vep_txt because it exceeded search pattern filesize limit: MHW172_trimmed_clipped_R2_paired_fastqc.html
[2025-05-20 11:02:49,510] multiqc                                            [DEBUG  ]  File ignored by longranger/invocation because it exceeded search pattern filesize limit: MHW172_trimmed_clipped_R2_paired_fastqc.html
[2025-05-20 11:02:49,549] multiqc                                            [DEBUG  ]  File ignored by ccs/v4 because it exceeded search pattern filesize limit: MHW171_trimmed_clipped_R2_paired_fastqc.html
[2025-05-20 11:02:49,550] multiqc                                            [DEBUG  ]  File ignored by hicexplorer because it exceeded search pattern filesize limit: MHW171_trimmed_clipped_R2_paired_fastqc.html
[2025-05-20 11:02:49,551] multiqc                                            [DEBUG  ]  File ignored by nanostat because it exceeded search pattern filesize limit: MHW171_trimmed_clipped_R2_paired_fastqc.html
[2025-05-20 11:02:49,551] multiqc                                            [DEBUG  ]  File ignored by lima/summary because it exceeded search pattern filesize limit: MHW171_trimmed_clipped_R2_paired_fastqc.html
[2025-05-20 11:02:49,554] multiqc                                            [DEBUG  ]  File ignored by vep/vep_txt because it exceeded search pattern filesize limit: MHW171_trimmed_clipped_R2_paired_fastqc.html
[2025-05-20 11:02:49,554] multiqc                                            [DEBUG  ]  File ignored by longranger/invocation because it exceeded search pattern filesize limit: MHW171_trimmed_clipped_R2_paired_fastqc.html
[2025-05-20 11:02:49,592] multiqc                                            [DEBUG  ]  File ignored by ccs/v4 because it exceeded search pattern filesize limit: MHW171_trimmed_clipped_R1_paired_fastqc.html
[2025-05-20 11:02:49,594] multiqc                                            [DEBUG  ]  File ignored by hicexplorer because it exceeded search pattern filesize limit: MHW171_trimmed_clipped_R1_paired_fastqc.html
[2025-05-20 11:02:49,594] multiqc                                            [DEBUG  ]  File ignored by nanostat because it exceeded search pattern filesize limit: MHW171_trimmed_clipped_R1_paired_fastqc.html
[2025-05-20 11:02:49,594] multiqc                                            [DEBUG  ]  File ignored by lima/summary because it exceeded search pattern filesize limit: MHW171_trimmed_clipped_R1_paired_fastqc.html
[2025-05-20 11:02:49,597] multiqc                                            [DEBUG  ]  File ignored by vep/vep_txt because it exceeded search pattern filesize limit: MHW171_trimmed_clipped_R1_paired_fastqc.html
[2025-05-20 11:02:49,597] multiqc                                            [DEBUG  ]  File ignored by longranger/invocation because it exceeded search pattern filesize limit: MHW171_trimmed_clipped_R1_paired_fastqc.html
[2025-05-20 11:02:49,665] multiqc                                            [DEBUG  ]  File ignored by ccs/v4 because it exceeded search pattern filesize limit: MHW173_trimmed_clipped_R1_paired_fastqc.html
[2025-05-20 11:02:49,667] multiqc                                            [DEBUG  ]  File ignored by hicexplorer because it exceeded search pattern filesize limit: MHW173_trimmed_clipped_R1_paired_fastqc.html
[2025-05-20 11:02:49,667] multiqc                                            [DEBUG  ]  File ignored by nanostat because it exceeded search pattern filesize limit: MHW173_trimmed_clipped_R1_paired_fastqc.html
[2025-05-20 11:02:49,667] multiqc                                            [DEBUG  ]  File ignored by lima/summary because it exceeded search pattern filesize limit: MHW173_trimmed_clipped_R1_paired_fastqc.html
[2025-05-20 11:02:49,670] multiqc                                            [DEBUG  ]  File ignored by vep/vep_txt because it exceeded search pattern filesize limit: MHW173_trimmed_clipped_R1_paired_fastqc.html
[2025-05-20 11:02:49,670] multiqc                                            [DEBUG  ]  File ignored by longranger/invocation because it exceeded search pattern filesize limit: MHW173_trimmed_clipped_R1_paired_fastqc.html
[2025-05-20 11:02:49,708] multiqc                                            [DEBUG  ]  File ignored by ccs/v4 because it exceeded search pattern filesize limit: MHW174_trimmed_clipped_R1_paired_fastqc.html
[2025-05-20 11:02:49,710] multiqc                                            [DEBUG  ]  File ignored by hicexplorer because it exceeded search pattern filesize limit: MHW174_trimmed_clipped_R1_paired_fastqc.html
[2025-05-20 11:02:49,710] multiqc                                            [DEBUG  ]  File ignored by nanostat because it exceeded search pattern filesize limit: MHW174_trimmed_clipped_R1_paired_fastqc.html
[2025-05-20 11:02:49,710] multiqc                                            [DEBUG  ]  File ignored by lima/summary because it exceeded search pattern filesize limit: MHW174_trimmed_clipped_R1_paired_fastqc.html
[2025-05-20 11:02:49,713] multiqc                                            [DEBUG  ]  File ignored by vep/vep_txt because it exceeded search pattern filesize limit: MHW174_trimmed_clipped_R1_paired_fastqc.html
[2025-05-20 11:02:49,713] multiqc                                            [DEBUG  ]  File ignored by longranger/invocation because it exceeded search pattern filesize limit: MHW174_trimmed_clipped_R1_paired_fastqc.html
[2025-05-20 11:02:49,751] multiqc                                            [DEBUG  ]  File ignored by ccs/v4 because it exceeded search pattern filesize limit: MHW176_trimmed_clipped_R1_paired_fastqc.html
[2025-05-20 11:02:49,753] multiqc                                            [DEBUG  ]  File ignored by hicexplorer because it exceeded search pattern filesize limit: MHW176_trimmed_clipped_R1_paired_fastqc.html
[2025-05-20 11:02:49,753] multiqc                                            [DEBUG  ]  File ignored by nanostat because it exceeded search pattern filesize limit: MHW176_trimmed_clipped_R1_paired_fastqc.html
[2025-05-20 11:02:49,753] multiqc                                            [DEBUG  ]  File ignored by lima/summary because it exceeded search pattern filesize limit: MHW176_trimmed_clipped_R1_paired_fastqc.html
[2025-05-20 11:02:49,756] multiqc                                            [DEBUG  ]  File ignored by vep/vep_txt because it exceeded search pattern filesize limit: MHW176_trimmed_clipped_R1_paired_fastqc.html
[2025-05-20 11:02:49,756] multiqc                                            [DEBUG  ]  File ignored by longranger/invocation because it exceeded search pattern filesize limit: MHW176_trimmed_clipped_R1_paired_fastqc.html
[2025-05-20 11:02:49,802] multiqc                                            [DEBUG  ]  File ignored by ccs/v4 because it exceeded search pattern filesize limit: MHW174_trimmed_clipped_R2_paired_fastqc.html
[2025-05-20 11:02:49,804] multiqc                                            [DEBUG  ]  File ignored by hicexplorer because it exceeded search pattern filesize limit: MHW174_trimmed_clipped_R2_paired_fastqc.html
[2025-05-20 11:02:49,804] multiqc                                            [DEBUG  ]  File ignored by nanostat because it exceeded search pattern filesize limit: MHW174_trimmed_clipped_R2_paired_fastqc.html
[2025-05-20 11:02:49,804] multiqc                                            [DEBUG  ]  File ignored by lima/summary because it exceeded search pattern filesize limit: MHW174_trimmed_clipped_R2_paired_fastqc.html
[2025-05-20 11:02:49,807] multiqc                                            [DEBUG  ]  File ignored by vep/vep_txt because it exceeded search pattern filesize limit: MHW174_trimmed_clipped_R2_paired_fastqc.html
[2025-05-20 11:02:49,807] multiqc                                            [DEBUG  ]  File ignored by longranger/invocation because it exceeded search pattern filesize limit: MHW174_trimmed_clipped_R2_paired_fastqc.html
[2025-05-20 11:02:49,858] multiqc                                            [DEBUG  ]  File ignored by ccs/v4 because it exceeded search pattern filesize limit: MHW177_trimmed_clipped_R1_paired_fastqc.html
[2025-05-20 11:02:49,860] multiqc                                            [DEBUG  ]  File ignored by hicexplorer because it exceeded search pattern filesize limit: MHW177_trimmed_clipped_R1_paired_fastqc.html
[2025-05-20 11:02:49,860] multiqc                                            [DEBUG  ]  File ignored by nanostat because it exceeded search pattern filesize limit: MHW177_trimmed_clipped_R1_paired_fastqc.html
[2025-05-20 11:02:49,860] multiqc                                            [DEBUG  ]  File ignored by lima/summary because it exceeded search pattern filesize limit: MHW177_trimmed_clipped_R1_paired_fastqc.html
[2025-05-20 11:02:49,863] multiqc                                            [DEBUG  ]  File ignored by vep/vep_txt because it exceeded search pattern filesize limit: MHW177_trimmed_clipped_R1_paired_fastqc.html
[2025-05-20 11:02:49,863] multiqc                                            [DEBUG  ]  File ignored by longranger/invocation because it exceeded search pattern filesize limit: MHW177_trimmed_clipped_R1_paired_fastqc.html
[2025-05-20 11:02:49,901] multiqc                                            [DEBUG  ]  File ignored by ccs/v4 because it exceeded search pattern filesize limit: MHW176_trimmed_clipped_R2_paired_fastqc.html
[2025-05-20 11:02:49,903] multiqc                                            [DEBUG  ]  File ignored by hicexplorer because it exceeded search pattern filesize limit: MHW176_trimmed_clipped_R2_paired_fastqc.html
[2025-05-20 11:02:49,903] multiqc                                            [DEBUG  ]  File ignored by nanostat because it exceeded search pattern filesize limit: MHW176_trimmed_clipped_R2_paired_fastqc.html
[2025-05-20 11:02:49,903] multiqc                                            [DEBUG  ]  File ignored by lima/summary because it exceeded search pattern filesize limit: MHW176_trimmed_clipped_R2_paired_fastqc.html
[2025-05-20 11:02:49,907] multiqc                                            [DEBUG  ]  File ignored by vep/vep_txt because it exceeded search pattern filesize limit: MHW176_trimmed_clipped_R2_paired_fastqc.html
[2025-05-20 11:02:49,907] multiqc                                            [DEBUG  ]  File ignored by longranger/invocation because it exceeded search pattern filesize limit: MHW176_trimmed_clipped_R2_paired_fastqc.html
[2025-05-20 11:02:49,963] multiqc                                            [DEBUG  ]  File ignored by ccs/v4 because it exceeded search pattern filesize limit: MHW177_trimmed_clipped_R2_paired_fastqc.html
[2025-05-20 11:02:49,965] multiqc                                            [DEBUG  ]  File ignored by hicexplorer because it exceeded search pattern filesize limit: MHW177_trimmed_clipped_R2_paired_fastqc.html
[2025-05-20 11:02:49,965] multiqc                                            [DEBUG  ]  File ignored by nanostat because it exceeded search pattern filesize limit: MHW177_trimmed_clipped_R2_paired_fastqc.html
[2025-05-20 11:02:49,965] multiqc                                            [DEBUG  ]  File ignored by lima/summary because it exceeded search pattern filesize limit: MHW177_trimmed_clipped_R2_paired_fastqc.html
[2025-05-20 11:02:49,968] multiqc                                            [DEBUG  ]  File ignored by vep/vep_txt because it exceeded search pattern filesize limit: MHW177_trimmed_clipped_R2_paired_fastqc.html
[2025-05-20 11:02:49,968] multiqc                                            [DEBUG  ]  File ignored by longranger/invocation because it exceeded search pattern filesize limit: MHW177_trimmed_clipped_R2_paired_fastqc.html
[2025-05-20 11:02:50,016] multiqc                                            [DEBUG  ]  File ignored by ccs/v4 because it exceeded search pattern filesize limit: MHW178_trimmed_clipped_R2_paired_fastqc.html
[2025-05-20 11:02:50,018] multiqc                                            [DEBUG  ]  File ignored by hicexplorer because it exceeded search pattern filesize limit: MHW178_trimmed_clipped_R2_paired_fastqc.html
[2025-05-20 11:02:50,018] multiqc                                            [DEBUG  ]  File ignored by nanostat because it exceeded search pattern filesize limit: MHW178_trimmed_clipped_R2_paired_fastqc.html
[2025-05-20 11:02:50,018] multiqc                                            [DEBUG  ]  File ignored by lima/summary because it exceeded search pattern filesize limit: MHW178_trimmed_clipped_R2_paired_fastqc.html
[2025-05-20 11:02:50,021] multiqc                                            [DEBUG  ]  File ignored by vep/vep_txt because it exceeded search pattern filesize limit: MHW178_trimmed_clipped_R2_paired_fastqc.html
[2025-05-20 11:02:50,021] multiqc                                            [DEBUG  ]  File ignored by longranger/invocation because it exceeded search pattern filesize limit: MHW178_trimmed_clipped_R2_paired_fastqc.html
[2025-05-20 11:02:50,081] multiqc                                            [DEBUG  ]  File ignored by ccs/v4 because it exceeded search pattern filesize limit: MHW178_trimmed_clipped_R1_paired_fastqc.html
[2025-05-20 11:02:50,082] multiqc                                            [DEBUG  ]  File ignored by hicexplorer because it exceeded search pattern filesize limit: MHW178_trimmed_clipped_R1_paired_fastqc.html
[2025-05-20 11:02:50,083] multiqc                                            [DEBUG  ]  File ignored by nanostat because it exceeded search pattern filesize limit: MHW178_trimmed_clipped_R1_paired_fastqc.html
[2025-05-20 11:02:50,083] multiqc                                            [DEBUG  ]  File ignored by lima/summary because it exceeded search pattern filesize limit: MHW178_trimmed_clipped_R1_paired_fastqc.html
[2025-05-20 11:02:50,116] multiqc                                            [DEBUG  ]  File ignored by vep/vep_txt because it exceeded search pattern filesize limit: MHW178_trimmed_clipped_R1_paired_fastqc.html
[2025-05-20 11:02:50,116] multiqc                                            [DEBUG  ]  File ignored by longranger/invocation because it exceeded search pattern filesize limit: MHW178_trimmed_clipped_R1_paired_fastqc.html
[2025-05-20 11:02:50,166] multiqc                                            [DEBUG  ]  File ignored by ccs/v4 because it exceeded search pattern filesize limit: MHW179_trimmed_clipped_R1_paired_fastqc.html
[2025-05-20 11:02:50,167] multiqc                                            [DEBUG  ]  File ignored by hicexplorer because it exceeded search pattern filesize limit: MHW179_trimmed_clipped_R1_paired_fastqc.html
[2025-05-20 11:02:50,167] multiqc                                            [DEBUG  ]  File ignored by nanostat because it exceeded search pattern filesize limit: MHW179_trimmed_clipped_R1_paired_fastqc.html
[2025-05-20 11:02:50,168] multiqc                                            [DEBUG  ]  File ignored by lima/summary because it exceeded search pattern filesize limit: MHW179_trimmed_clipped_R1_paired_fastqc.html
[2025-05-20 11:02:50,170] multiqc                                            [DEBUG  ]  File ignored by vep/vep_txt because it exceeded search pattern filesize limit: MHW179_trimmed_clipped_R1_paired_fastqc.html
[2025-05-20 11:02:50,171] multiqc                                            [DEBUG  ]  File ignored by longranger/invocation because it exceeded search pattern filesize limit: MHW179_trimmed_clipped_R1_paired_fastqc.html
[2025-05-20 11:02:50,208] multiqc                                            [DEBUG  ]  File ignored by ccs/v4 because it exceeded search pattern filesize limit: MHW179_trimmed_clipped_R2_paired_fastqc.html
[2025-05-20 11:02:50,210] multiqc                                            [DEBUG  ]  File ignored by hicexplorer because it exceeded search pattern filesize limit: MHW179_trimmed_clipped_R2_paired_fastqc.html
[2025-05-20 11:02:50,210] multiqc                                            [DEBUG  ]  File ignored by nanostat because it exceeded search pattern filesize limit: MHW179_trimmed_clipped_R2_paired_fastqc.html
[2025-05-20 11:02:50,210] multiqc                                            [DEBUG  ]  File ignored by lima/summary because it exceeded search pattern filesize limit: MHW179_trimmed_clipped_R2_paired_fastqc.html
[2025-05-20 11:02:50,213] multiqc                                            [DEBUG  ]  File ignored by vep/vep_txt because it exceeded search pattern filesize limit: MHW179_trimmed_clipped_R2_paired_fastqc.html
[2025-05-20 11:02:50,213] multiqc                                            [DEBUG  ]  File ignored by longranger/invocation because it exceeded search pattern filesize limit: MHW179_trimmed_clipped_R2_paired_fastqc.html
[2025-05-20 11:02:50,258] multiqc                                            [DEBUG  ]  File ignored by ccs/v4 because it exceeded search pattern filesize limit: MHW180_trimmed_clipped_R1_paired_fastqc.html
[2025-05-20 11:02:50,259] multiqc                                            [DEBUG  ]  File ignored by hicexplorer because it exceeded search pattern filesize limit: MHW180_trimmed_clipped_R1_paired_fastqc.html
[2025-05-20 11:02:50,259] multiqc                                            [DEBUG  ]  File ignored by nanostat because it exceeded search pattern filesize limit: MHW180_trimmed_clipped_R1_paired_fastqc.html
[2025-05-20 11:02:50,260] multiqc                                            [DEBUG  ]  File ignored by lima/summary because it exceeded search pattern filesize limit: MHW180_trimmed_clipped_R1_paired_fastqc.html
[2025-05-20 11:02:50,263] multiqc                                            [DEBUG  ]  File ignored by vep/vep_txt because it exceeded search pattern filesize limit: MHW180_trimmed_clipped_R1_paired_fastqc.html
[2025-05-20 11:02:50,263] multiqc                                            [DEBUG  ]  File ignored by longranger/invocation because it exceeded search pattern filesize limit: MHW180_trimmed_clipped_R1_paired_fastqc.html
[2025-05-20 11:02:50,309] multiqc                                            [DEBUG  ]  File ignored by ccs/v4 because it exceeded search pattern filesize limit: MHW180_trimmed_clipped_R2_paired_fastqc.html
[2025-05-20 11:02:50,310] multiqc                                            [DEBUG  ]  File ignored by hicexplorer because it exceeded search pattern filesize limit: MHW180_trimmed_clipped_R2_paired_fastqc.html
[2025-05-20 11:02:50,311] multiqc                                            [DEBUG  ]  File ignored by nanostat because it exceeded search pattern filesize limit: MHW180_trimmed_clipped_R2_paired_fastqc.html
[2025-05-20 11:02:50,311] multiqc                                            [DEBUG  ]  File ignored by lima/summary because it exceeded search pattern filesize limit: MHW180_trimmed_clipped_R2_paired_fastqc.html
[2025-05-20 11:02:50,314] multiqc                                            [DEBUG  ]  File ignored by vep/vep_txt because it exceeded search pattern filesize limit: MHW180_trimmed_clipped_R2_paired_fastqc.html
[2025-05-20 11:02:50,314] multiqc                                            [DEBUG  ]  File ignored by longranger/invocation because it exceeded search pattern filesize limit: MHW180_trimmed_clipped_R2_paired_fastqc.html
[2025-05-20 11:02:50,364] multiqc                                            [DEBUG  ]  File ignored by ccs/v4 because it exceeded search pattern filesize limit: MHW181_trimmed_clipped_R1_paired_fastqc.html
[2025-05-20 11:02:50,366] multiqc                                            [DEBUG  ]  File ignored by hicexplorer because it exceeded search pattern filesize limit: MHW181_trimmed_clipped_R1_paired_fastqc.html
[2025-05-20 11:02:50,366] multiqc                                            [DEBUG  ]  File ignored by nanostat because it exceeded search pattern filesize limit: MHW181_trimmed_clipped_R1_paired_fastqc.html
[2025-05-20 11:02:50,366] multiqc                                            [DEBUG  ]  File ignored by lima/summary because it exceeded search pattern filesize limit: MHW181_trimmed_clipped_R1_paired_fastqc.html
[2025-05-20 11:02:50,370] multiqc                                            [DEBUG  ]  File ignored by vep/vep_txt because it exceeded search pattern filesize limit: MHW181_trimmed_clipped_R1_paired_fastqc.html
[2025-05-20 11:02:50,370] multiqc                                            [DEBUG  ]  File ignored by longranger/invocation because it exceeded search pattern filesize limit: MHW181_trimmed_clipped_R1_paired_fastqc.html
[2025-05-20 11:02:50,418] multiqc                                            [DEBUG  ]  File ignored by ccs/v4 because it exceeded search pattern filesize limit: MHW181_trimmed_clipped_R2_paired_fastqc.html
[2025-05-20 11:02:50,419] multiqc                                            [DEBUG  ]  File ignored by hicexplorer because it exceeded search pattern filesize limit: MHW181_trimmed_clipped_R2_paired_fastqc.html
[2025-05-20 11:02:50,420] multiqc                                            [DEBUG  ]  File ignored by nanostat because it exceeded search pattern filesize limit: MHW181_trimmed_clipped_R2_paired_fastqc.html
[2025-05-20 11:02:50,420] multiqc                                            [DEBUG  ]  File ignored by lima/summary because it exceeded search pattern filesize limit: MHW181_trimmed_clipped_R2_paired_fastqc.html
[2025-05-20 11:02:50,423] multiqc                                            [DEBUG  ]  File ignored by vep/vep_txt because it exceeded search pattern filesize limit: MHW181_trimmed_clipped_R2_paired_fastqc.html
[2025-05-20 11:02:50,423] multiqc                                            [DEBUG  ]  File ignored by longranger/invocation because it exceeded search pattern filesize limit: MHW181_trimmed_clipped_R2_paired_fastqc.html
[2025-05-20 11:02:50,467] multiqc                                            [DEBUG  ]  File ignored by ccs/v4 because it exceeded search pattern filesize limit: MHW182_trimmed_clipped_R1_paired_fastqc.html
[2025-05-20 11:02:50,469] multiqc                                            [DEBUG  ]  File ignored by hicexplorer because it exceeded search pattern filesize limit: MHW182_trimmed_clipped_R1_paired_fastqc.html
[2025-05-20 11:02:50,469] multiqc                                            [DEBUG  ]  File ignored by nanostat because it exceeded search pattern filesize limit: MHW182_trimmed_clipped_R1_paired_fastqc.html
[2025-05-20 11:02:50,469] multiqc                                            [DEBUG  ]  File ignored by lima/summary because it exceeded search pattern filesize limit: MHW182_trimmed_clipped_R1_paired_fastqc.html
[2025-05-20 11:02:50,473] multiqc                                            [DEBUG  ]  File ignored by vep/vep_txt because it exceeded search pattern filesize limit: MHW182_trimmed_clipped_R1_paired_fastqc.html
[2025-05-20 11:02:50,473] multiqc                                            [DEBUG  ]  File ignored by longranger/invocation because it exceeded search pattern filesize limit: MHW182_trimmed_clipped_R1_paired_fastqc.html
[2025-05-20 11:02:50,521] multiqc                                            [DEBUG  ]  File ignored by ccs/v4 because it exceeded search pattern filesize limit: MHW173_trimmed_clipped_R2_paired_fastqc.html
[2025-05-20 11:02:50,523] multiqc                                            [DEBUG  ]  File ignored by hicexplorer because it exceeded search pattern filesize limit: MHW173_trimmed_clipped_R2_paired_fastqc.html
[2025-05-20 11:02:50,523] multiqc                                            [DEBUG  ]  File ignored by nanostat because it exceeded search pattern filesize limit: MHW173_trimmed_clipped_R2_paired_fastqc.html
[2025-05-20 11:02:50,523] multiqc                                            [DEBUG  ]  File ignored by lima/summary because it exceeded search pattern filesize limit: MHW173_trimmed_clipped_R2_paired_fastqc.html
[2025-05-20 11:02:50,526] multiqc                                            [DEBUG  ]  File ignored by vep/vep_txt because it exceeded search pattern filesize limit: MHW173_trimmed_clipped_R2_paired_fastqc.html
[2025-05-20 11:02:50,526] multiqc                                            [DEBUG  ]  File ignored by longranger/invocation because it exceeded search pattern filesize limit: MHW173_trimmed_clipped_R2_paired_fastqc.html
[2025-05-20 11:02:50,571] multiqc                                            [DEBUG  ]  File ignored by ccs/v4 because it exceeded search pattern filesize limit: MHW175_trimmed_clipped_R2_paired_fastqc.html
[2025-05-20 11:02:50,573] multiqc                                            [DEBUG  ]  File ignored by hicexplorer because it exceeded search pattern filesize limit: MHW175_trimmed_clipped_R2_paired_fastqc.html
[2025-05-20 11:02:50,573] multiqc                                            [DEBUG  ]  File ignored by nanostat because it exceeded search pattern filesize limit: MHW175_trimmed_clipped_R2_paired_fastqc.html
[2025-05-20 11:02:50,573] multiqc                                            [DEBUG  ]  File ignored by lima/summary because it exceeded search pattern filesize limit: MHW175_trimmed_clipped_R2_paired_fastqc.html
[2025-05-20 11:02:50,576] multiqc                                            [DEBUG  ]  File ignored by vep/vep_txt because it exceeded search pattern filesize limit: MHW175_trimmed_clipped_R2_paired_fastqc.html
[2025-05-20 11:02:50,576] multiqc                                            [DEBUG  ]  File ignored by longranger/invocation because it exceeded search pattern filesize limit: MHW175_trimmed_clipped_R2_paired_fastqc.html
[2025-05-20 11:02:50,627] multiqc                                            [DEBUG  ]  File ignored by ccs/v4 because it exceeded search pattern filesize limit: MHW182_trimmed_clipped_R2_paired_fastqc.html
[2025-05-20 11:02:50,629] multiqc                                            [DEBUG  ]  File ignored by hicexplorer because it exceeded search pattern filesize limit: MHW182_trimmed_clipped_R2_paired_fastqc.html
[2025-05-20 11:02:50,629] multiqc                                            [DEBUG  ]  File ignored by nanostat because it exceeded search pattern filesize limit: MHW182_trimmed_clipped_R2_paired_fastqc.html
[2025-05-20 11:02:50,629] multiqc                                            [DEBUG  ]  File ignored by lima/summary because it exceeded search pattern filesize limit: MHW182_trimmed_clipped_R2_paired_fastqc.html
[2025-05-20 11:02:50,633] multiqc                                            [DEBUG  ]  File ignored by vep/vep_txt because it exceeded search pattern filesize limit: MHW182_trimmed_clipped_R2_paired_fastqc.html
[2025-05-20 11:02:50,633] multiqc                                            [DEBUG  ]  File ignored by longranger/invocation because it exceeded search pattern filesize limit: MHW182_trimmed_clipped_R2_paired_fastqc.html
[2025-05-20 11:02:50,682] multiqc                                            [DEBUG  ]  File ignored by ccs/v4 because it exceeded search pattern filesize limit: MHW175_trimmed_clipped_R1_paired_fastqc.html
[2025-05-20 11:02:50,684] multiqc                                            [DEBUG  ]  File ignored by hicexplorer because it exceeded search pattern filesize limit: MHW175_trimmed_clipped_R1_paired_fastqc.html
[2025-05-20 11:02:50,684] multiqc                                            [DEBUG  ]  File ignored by nanostat because it exceeded search pattern filesize limit: MHW175_trimmed_clipped_R1_paired_fastqc.html
[2025-05-20 11:02:50,684] multiqc                                            [DEBUG  ]  File ignored by lima/summary because it exceeded search pattern filesize limit: MHW175_trimmed_clipped_R1_paired_fastqc.html
[2025-05-20 11:02:50,687] multiqc                                            [DEBUG  ]  File ignored by vep/vep_txt because it exceeded search pattern filesize limit: MHW175_trimmed_clipped_R1_paired_fastqc.html
[2025-05-20 11:02:50,687] multiqc                                            [DEBUG  ]  File ignored by longranger/invocation because it exceeded search pattern filesize limit: MHW175_trimmed_clipped_R1_paired_fastqc.html
[2025-05-20 11:02:50,725] multiqc                                            [DEBUG  ]  File ignored by ccs/v4 because it exceeded search pattern filesize limit: MHW183_trimmed_clipped_R1_paired_fastqc.html
[2025-05-20 11:02:50,726] multiqc                                            [DEBUG  ]  File ignored by hicexplorer because it exceeded search pattern filesize limit: MHW183_trimmed_clipped_R1_paired_fastqc.html
[2025-05-20 11:02:50,727] multiqc                                            [DEBUG  ]  File ignored by nanostat because it exceeded search pattern filesize limit: MHW183_trimmed_clipped_R1_paired_fastqc.html
[2025-05-20 11:02:50,727] multiqc                                            [DEBUG  ]  File ignored by lima/summary because it exceeded search pattern filesize limit: MHW183_trimmed_clipped_R1_paired_fastqc.html
[2025-05-20 11:02:50,730] multiqc                                            [DEBUG  ]  File ignored by vep/vep_txt because it exceeded search pattern filesize limit: MHW183_trimmed_clipped_R1_paired_fastqc.html
[2025-05-20 11:02:50,730] multiqc                                            [DEBUG  ]  File ignored by longranger/invocation because it exceeded search pattern filesize limit: MHW183_trimmed_clipped_R1_paired_fastqc.html
[2025-05-20 11:02:50,774] multiqc                                            [DEBUG  ]  File ignored by ccs/v4 because it exceeded search pattern filesize limit: MHW183_trimmed_clipped_R2_paired_fastqc.html
[2025-05-20 11:02:50,776] multiqc                                            [DEBUG  ]  File ignored by hicexplorer because it exceeded search pattern filesize limit: MHW183_trimmed_clipped_R2_paired_fastqc.html
[2025-05-20 11:02:50,776] multiqc                                            [DEBUG  ]  File ignored by nanostat because it exceeded search pattern filesize limit: MHW183_trimmed_clipped_R2_paired_fastqc.html
[2025-05-20 11:02:50,776] multiqc                                            [DEBUG  ]  File ignored by lima/summary because it exceeded search pattern filesize limit: MHW183_trimmed_clipped_R2_paired_fastqc.html
[2025-05-20 11:02:50,779] multiqc                                            [DEBUG  ]  File ignored by vep/vep_txt because it exceeded search pattern filesize limit: MHW183_trimmed_clipped_R2_paired_fastqc.html
[2025-05-20 11:02:50,779] multiqc                                            [DEBUG  ]  File ignored by longranger/invocation because it exceeded search pattern filesize limit: MHW183_trimmed_clipped_R2_paired_fastqc.html
[2025-05-20 11:02:50,829] multiqc                                            [DEBUG  ]  File ignored by ccs/v4 because it exceeded search pattern filesize limit: MHW184_trimmed_clipped_R1_paired_fastqc.html
[2025-05-20 11:02:50,831] multiqc                                            [DEBUG  ]  File ignored by hicexplorer because it exceeded search pattern filesize limit: MHW184_trimmed_clipped_R1_paired_fastqc.html
[2025-05-20 11:02:50,831] multiqc                                            [DEBUG  ]  File ignored by nanostat because it exceeded search pattern filesize limit: MHW184_trimmed_clipped_R1_paired_fastqc.html
[2025-05-20 11:02:50,831] multiqc                                            [DEBUG  ]  File ignored by lima/summary because it exceeded search pattern filesize limit: MHW184_trimmed_clipped_R1_paired_fastqc.html
[2025-05-20 11:02:50,835] multiqc                                            [DEBUG  ]  File ignored by vep/vep_txt because it exceeded search pattern filesize limit: MHW184_trimmed_clipped_R1_paired_fastqc.html
[2025-05-20 11:02:50,835] multiqc                                            [DEBUG  ]  File ignored by longranger/invocation because it exceeded search pattern filesize limit: MHW184_trimmed_clipped_R1_paired_fastqc.html
[2025-05-20 11:02:50,885] multiqc                                            [DEBUG  ]  File ignored by ccs/v4 because it exceeded search pattern filesize limit: MHW185_trimmed_clipped_R2_paired_fastqc.html
[2025-05-20 11:02:50,886] multiqc                                            [DEBUG  ]  File ignored by hicexplorer because it exceeded search pattern filesize limit: MHW185_trimmed_clipped_R2_paired_fastqc.html
[2025-05-20 11:02:50,887] multiqc                                            [DEBUG  ]  File ignored by nanostat because it exceeded search pattern filesize limit: MHW185_trimmed_clipped_R2_paired_fastqc.html
[2025-05-20 11:02:50,887] multiqc                                            [DEBUG  ]  File ignored by lima/summary because it exceeded search pattern filesize limit: MHW185_trimmed_clipped_R2_paired_fastqc.html
[2025-05-20 11:02:50,890] multiqc                                            [DEBUG  ]  File ignored by vep/vep_txt because it exceeded search pattern filesize limit: MHW185_trimmed_clipped_R2_paired_fastqc.html
[2025-05-20 11:02:50,890] multiqc                                            [DEBUG  ]  File ignored by longranger/invocation because it exceeded search pattern filesize limit: MHW185_trimmed_clipped_R2_paired_fastqc.html
[2025-05-20 11:02:50,928] multiqc                                            [DEBUG  ]  File ignored by ccs/v4 because it exceeded search pattern filesize limit: MHW185_trimmed_clipped_R1_paired_fastqc.html
[2025-05-20 11:02:50,929] multiqc                                            [DEBUG  ]  File ignored by hicexplorer because it exceeded search pattern filesize limit: MHW185_trimmed_clipped_R1_paired_fastqc.html
[2025-05-20 11:02:50,930] multiqc                                            [DEBUG  ]  File ignored by nanostat because it exceeded search pattern filesize limit: MHW185_trimmed_clipped_R1_paired_fastqc.html
[2025-05-20 11:02:50,930] multiqc                                            [DEBUG  ]  File ignored by lima/summary because it exceeded search pattern filesize limit: MHW185_trimmed_clipped_R1_paired_fastqc.html
[2025-05-20 11:02:50,933] multiqc                                            [DEBUG  ]  File ignored by vep/vep_txt because it exceeded search pattern filesize limit: MHW185_trimmed_clipped_R1_paired_fastqc.html
[2025-05-20 11:02:50,933] multiqc                                            [DEBUG  ]  File ignored by longranger/invocation because it exceeded search pattern filesize limit: MHW185_trimmed_clipped_R1_paired_fastqc.html
[2025-05-20 11:02:50,980] multiqc                                            [DEBUG  ]  File ignored by ccs/v4 because it exceeded search pattern filesize limit: MHW184_trimmed_clipped_R2_paired_fastqc.html
[2025-05-20 11:02:50,982] multiqc                                            [DEBUG  ]  File ignored by hicexplorer because it exceeded search pattern filesize limit: MHW184_trimmed_clipped_R2_paired_fastqc.html
[2025-05-20 11:02:50,982] multiqc                                            [DEBUG  ]  File ignored by nanostat because it exceeded search pattern filesize limit: MHW184_trimmed_clipped_R2_paired_fastqc.html
[2025-05-20 11:02:50,982] multiqc                                            [DEBUG  ]  File ignored by lima/summary because it exceeded search pattern filesize limit: MHW184_trimmed_clipped_R2_paired_fastqc.html
[2025-05-20 11:02:50,985] multiqc                                            [DEBUG  ]  File ignored by vep/vep_txt because it exceeded search pattern filesize limit: MHW184_trimmed_clipped_R2_paired_fastqc.html
[2025-05-20 11:02:50,986] multiqc                                            [DEBUG  ]  File ignored by longranger/invocation because it exceeded search pattern filesize limit: MHW184_trimmed_clipped_R2_paired_fastqc.html
[2025-05-20 11:02:51,036] multiqc                                            [DEBUG  ]  File ignored by ccs/v4 because it exceeded search pattern filesize limit: MHW186_trimmed_clipped_R1_paired_fastqc.html
[2025-05-20 11:02:51,038] multiqc                                            [DEBUG  ]  File ignored by hicexplorer because it exceeded search pattern filesize limit: MHW186_trimmed_clipped_R1_paired_fastqc.html
[2025-05-20 11:02:51,038] multiqc                                            [DEBUG  ]  File ignored by nanostat because it exceeded search pattern filesize limit: MHW186_trimmed_clipped_R1_paired_fastqc.html
[2025-05-20 11:02:51,038] multiqc                                            [DEBUG  ]  File ignored by lima/summary because it exceeded search pattern filesize limit: MHW186_trimmed_clipped_R1_paired_fastqc.html
[2025-05-20 11:02:51,042] multiqc                                            [DEBUG  ]  File ignored by vep/vep_txt because it exceeded search pattern filesize limit: MHW186_trimmed_clipped_R1_paired_fastqc.html
[2025-05-20 11:02:51,042] multiqc                                            [DEBUG  ]  File ignored by longranger/invocation because it exceeded search pattern filesize limit: MHW186_trimmed_clipped_R1_paired_fastqc.html
[2025-05-20 11:02:51,095] multiqc                                            [DEBUG  ]  File ignored by ccs/v4 because it exceeded search pattern filesize limit: MHW186_trimmed_clipped_R2_paired_fastqc.html
[2025-05-20 11:02:51,097] multiqc                                            [DEBUG  ]  File ignored by hicexplorer because it exceeded search pattern filesize limit: MHW186_trimmed_clipped_R2_paired_fastqc.html
[2025-05-20 11:02:51,097] multiqc                                            [DEBUG  ]  File ignored by nanostat because it exceeded search pattern filesize limit: MHW186_trimmed_clipped_R2_paired_fastqc.html
[2025-05-20 11:02:51,097] multiqc                                            [DEBUG  ]  File ignored by lima/summary because it exceeded search pattern filesize limit: MHW186_trimmed_clipped_R2_paired_fastqc.html
[2025-05-20 11:02:51,100] multiqc                                            [DEBUG  ]  File ignored by vep/vep_txt because it exceeded search pattern filesize limit: MHW186_trimmed_clipped_R2_paired_fastqc.html
[2025-05-20 11:02:51,100] multiqc                                            [DEBUG  ]  File ignored by longranger/invocation because it exceeded search pattern filesize limit: MHW186_trimmed_clipped_R2_paired_fastqc.html
[2025-05-20 11:02:51,148] multiqc                                            [DEBUG  ]  File ignored by ccs/v4 because it exceeded search pattern filesize limit: MHW188_trimmed_clipped_R1_paired_fastqc.html
[2025-05-20 11:02:51,150] multiqc                                            [DEBUG  ]  File ignored by hicexplorer because it exceeded search pattern filesize limit: MHW188_trimmed_clipped_R1_paired_fastqc.html
[2025-05-20 11:02:51,151] multiqc                                            [DEBUG  ]  File ignored by nanostat because it exceeded search pattern filesize limit: MHW188_trimmed_clipped_R1_paired_fastqc.html
[2025-05-20 11:02:51,151] multiqc                                            [DEBUG  ]  File ignored by lima/summary because it exceeded search pattern filesize limit: MHW188_trimmed_clipped_R1_paired_fastqc.html
[2025-05-20 11:02:51,154] multiqc                                            [DEBUG  ]  File ignored by vep/vep_txt because it exceeded search pattern filesize limit: MHW188_trimmed_clipped_R1_paired_fastqc.html
[2025-05-20 11:02:51,154] multiqc                                            [DEBUG  ]  File ignored by longranger/invocation because it exceeded search pattern filesize limit: MHW188_trimmed_clipped_R1_paired_fastqc.html
[2025-05-20 11:02:51,203] multiqc                                            [DEBUG  ]  File ignored by ccs/v4 because it exceeded search pattern filesize limit: MHW189_trimmed_clipped_R1_paired_fastqc.html
[2025-05-20 11:02:51,205] multiqc                                            [DEBUG  ]  File ignored by hicexplorer because it exceeded search pattern filesize limit: MHW189_trimmed_clipped_R1_paired_fastqc.html
[2025-05-20 11:02:51,205] multiqc                                            [DEBUG  ]  File ignored by nanostat because it exceeded search pattern filesize limit: MHW189_trimmed_clipped_R1_paired_fastqc.html
[2025-05-20 11:02:51,205] multiqc                                            [DEBUG  ]  File ignored by lima/summary because it exceeded search pattern filesize limit: MHW189_trimmed_clipped_R1_paired_fastqc.html
[2025-05-20 11:02:51,208] multiqc                                            [DEBUG  ]  File ignored by vep/vep_txt because it exceeded search pattern filesize limit: MHW189_trimmed_clipped_R1_paired_fastqc.html
[2025-05-20 11:02:51,208] multiqc                                            [DEBUG  ]  File ignored by longranger/invocation because it exceeded search pattern filesize limit: MHW189_trimmed_clipped_R1_paired_fastqc.html
[2025-05-20 11:02:51,246] multiqc                                            [DEBUG  ]  File ignored by ccs/v4 because it exceeded search pattern filesize limit: MHW190_trimmed_clipped_R1_paired_fastqc.html
[2025-05-20 11:02:51,248] multiqc                                            [DEBUG  ]  File ignored by hicexplorer because it exceeded search pattern filesize limit: MHW190_trimmed_clipped_R1_paired_fastqc.html
[2025-05-20 11:02:51,248] multiqc                                            [DEBUG  ]  File ignored by nanostat because it exceeded search pattern filesize limit: MHW190_trimmed_clipped_R1_paired_fastqc.html
[2025-05-20 11:02:51,248] multiqc                                            [DEBUG  ]  File ignored by lima/summary because it exceeded search pattern filesize limit: MHW190_trimmed_clipped_R1_paired_fastqc.html
[2025-05-20 11:02:51,252] multiqc                                            [DEBUG  ]  File ignored by vep/vep_txt because it exceeded search pattern filesize limit: MHW190_trimmed_clipped_R1_paired_fastqc.html
[2025-05-20 11:02:51,252] multiqc                                            [DEBUG  ]  File ignored by longranger/invocation because it exceeded search pattern filesize limit: MHW190_trimmed_clipped_R1_paired_fastqc.html
[2025-05-20 11:02:51,289] multiqc                                            [DEBUG  ]  File ignored by ccs/v4 because it exceeded search pattern filesize limit: MHW190_trimmed_clipped_R2_paired_fastqc.html
[2025-05-20 11:02:51,291] multiqc                                            [DEBUG  ]  File ignored by hicexplorer because it exceeded search pattern filesize limit: MHW190_trimmed_clipped_R2_paired_fastqc.html
[2025-05-20 11:02:51,291] multiqc                                            [DEBUG  ]  File ignored by nanostat because it exceeded search pattern filesize limit: MHW190_trimmed_clipped_R2_paired_fastqc.html
[2025-05-20 11:02:51,291] multiqc                                            [DEBUG  ]  File ignored by lima/summary because it exceeded search pattern filesize limit: MHW190_trimmed_clipped_R2_paired_fastqc.html
[2025-05-20 11:02:51,294] multiqc                                            [DEBUG  ]  File ignored by vep/vep_txt because it exceeded search pattern filesize limit: MHW190_trimmed_clipped_R2_paired_fastqc.html
[2025-05-20 11:02:51,294] multiqc                                            [DEBUG  ]  File ignored by longranger/invocation because it exceeded search pattern filesize limit: MHW190_trimmed_clipped_R2_paired_fastqc.html
[2025-05-20 11:02:51,346] multiqc                                            [DEBUG  ]  File ignored by ccs/v4 because it exceeded search pattern filesize limit: MHW191_trimmed_clipped_R1_paired_fastqc.html
[2025-05-20 11:02:51,347] multiqc                                            [DEBUG  ]  File ignored by hicexplorer because it exceeded search pattern filesize limit: MHW191_trimmed_clipped_R1_paired_fastqc.html
[2025-05-20 11:02:51,348] multiqc                                            [DEBUG  ]  File ignored by nanostat because it exceeded search pattern filesize limit: MHW191_trimmed_clipped_R1_paired_fastqc.html
[2025-05-20 11:02:51,348] multiqc                                            [DEBUG  ]  File ignored by lima/summary because it exceeded search pattern filesize limit: MHW191_trimmed_clipped_R1_paired_fastqc.html
[2025-05-20 11:02:51,351] multiqc                                            [DEBUG  ]  File ignored by vep/vep_txt because it exceeded search pattern filesize limit: MHW191_trimmed_clipped_R1_paired_fastqc.html
[2025-05-20 11:02:51,351] multiqc                                            [DEBUG  ]  File ignored by longranger/invocation because it exceeded search pattern filesize limit: MHW191_trimmed_clipped_R1_paired_fastqc.html
[2025-05-20 11:02:51,399] multiqc                                            [DEBUG  ]  File ignored by ccs/v4 because it exceeded search pattern filesize limit: MHW191_trimmed_clipped_R2_paired_fastqc.html
[2025-05-20 11:02:51,400] multiqc                                            [DEBUG  ]  File ignored by hicexplorer because it exceeded search pattern filesize limit: MHW191_trimmed_clipped_R2_paired_fastqc.html
[2025-05-20 11:02:51,401] multiqc                                            [DEBUG  ]  File ignored by nanostat because it exceeded search pattern filesize limit: MHW191_trimmed_clipped_R2_paired_fastqc.html
[2025-05-20 11:02:51,401] multiqc                                            [DEBUG  ]  File ignored by lima/summary because it exceeded search pattern filesize limit: MHW191_trimmed_clipped_R2_paired_fastqc.html
[2025-05-20 11:02:51,404] multiqc                                            [DEBUG  ]  File ignored by vep/vep_txt because it exceeded search pattern filesize limit: MHW191_trimmed_clipped_R2_paired_fastqc.html
[2025-05-20 11:02:51,404] multiqc                                            [DEBUG  ]  File ignored by longranger/invocation because it exceeded search pattern filesize limit: MHW191_trimmed_clipped_R2_paired_fastqc.html
[2025-05-20 11:02:51,442] multiqc                                            [DEBUG  ]  File ignored by ccs/v4 because it exceeded search pattern filesize limit: MHW189_trimmed_clipped_R2_paired_fastqc.html
[2025-05-20 11:02:51,444] multiqc                                            [DEBUG  ]  File ignored by hicexplorer because it exceeded search pattern filesize limit: MHW189_trimmed_clipped_R2_paired_fastqc.html
[2025-05-20 11:02:51,444] multiqc                                            [DEBUG  ]  File ignored by nanostat because it exceeded search pattern filesize limit: MHW189_trimmed_clipped_R2_paired_fastqc.html
[2025-05-20 11:02:51,444] multiqc                                            [DEBUG  ]  File ignored by lima/summary because it exceeded search pattern filesize limit: MHW189_trimmed_clipped_R2_paired_fastqc.html
[2025-05-20 11:02:51,447] multiqc                                            [DEBUG  ]  File ignored by vep/vep_txt because it exceeded search pattern filesize limit: MHW189_trimmed_clipped_R2_paired_fastqc.html
[2025-05-20 11:02:51,447] multiqc                                            [DEBUG  ]  File ignored by longranger/invocation because it exceeded search pattern filesize limit: MHW189_trimmed_clipped_R2_paired_fastqc.html
[2025-05-20 11:02:51,485] multiqc                                            [DEBUG  ]  File ignored by ccs/v4 because it exceeded search pattern filesize limit: MHW192_trimmed_clipped_R1_paired_fastqc.html
[2025-05-20 11:02:51,486] multiqc                                            [DEBUG  ]  File ignored by hicexplorer because it exceeded search pattern filesize limit: MHW192_trimmed_clipped_R1_paired_fastqc.html
[2025-05-20 11:02:51,487] multiqc                                            [DEBUG  ]  File ignored by nanostat because it exceeded search pattern filesize limit: MHW192_trimmed_clipped_R1_paired_fastqc.html
[2025-05-20 11:02:51,487] multiqc                                            [DEBUG  ]  File ignored by lima/summary because it exceeded search pattern filesize limit: MHW192_trimmed_clipped_R1_paired_fastqc.html
[2025-05-20 11:02:51,490] multiqc                                            [DEBUG  ]  File ignored by vep/vep_txt because it exceeded search pattern filesize limit: MHW192_trimmed_clipped_R1_paired_fastqc.html
[2025-05-20 11:02:51,490] multiqc                                            [DEBUG  ]  File ignored by longranger/invocation because it exceeded search pattern filesize limit: MHW192_trimmed_clipped_R1_paired_fastqc.html
[2025-05-20 11:02:51,527] multiqc                                            [DEBUG  ]  File ignored by ccs/v4 because it exceeded search pattern filesize limit: MHW192_trimmed_clipped_R2_paired_fastqc.html
[2025-05-20 11:02:51,529] multiqc                                            [DEBUG  ]  File ignored by hicexplorer because it exceeded search pattern filesize limit: MHW192_trimmed_clipped_R2_paired_fastqc.html
[2025-05-20 11:02:51,529] multiqc                                            [DEBUG  ]  File ignored by nanostat because it exceeded search pattern filesize limit: MHW192_trimmed_clipped_R2_paired_fastqc.html
[2025-05-20 11:02:51,529] multiqc                                            [DEBUG  ]  File ignored by lima/summary because it exceeded search pattern filesize limit: MHW192_trimmed_clipped_R2_paired_fastqc.html
[2025-05-20 11:02:51,532] multiqc                                            [DEBUG  ]  File ignored by vep/vep_txt because it exceeded search pattern filesize limit: MHW192_trimmed_clipped_R2_paired_fastqc.html
[2025-05-20 11:02:51,532] multiqc                                            [DEBUG  ]  File ignored by longranger/invocation because it exceeded search pattern filesize limit: MHW192_trimmed_clipped_R2_paired_fastqc.html
[2025-05-20 11:02:51,569] multiqc                                            [DEBUG  ]  File ignored by ccs/v4 because it exceeded search pattern filesize limit: MHW196_trimmed_clipped_R1_paired_fastqc.html
[2025-05-20 11:02:51,571] multiqc                                            [DEBUG  ]  File ignored by hicexplorer because it exceeded search pattern filesize limit: MHW196_trimmed_clipped_R1_paired_fastqc.html
[2025-05-20 11:02:51,571] multiqc                                            [DEBUG  ]  File ignored by nanostat because it exceeded search pattern filesize limit: MHW196_trimmed_clipped_R1_paired_fastqc.html
[2025-05-20 11:02:51,571] multiqc                                            [DEBUG  ]  File ignored by lima/summary because it exceeded search pattern filesize limit: MHW196_trimmed_clipped_R1_paired_fastqc.html
[2025-05-20 11:02:51,574] multiqc                                            [DEBUG  ]  File ignored by vep/vep_txt because it exceeded search pattern filesize limit: MHW196_trimmed_clipped_R1_paired_fastqc.html
[2025-05-20 11:02:51,574] multiqc                                            [DEBUG  ]  File ignored by longranger/invocation because it exceeded search pattern filesize limit: MHW196_trimmed_clipped_R1_paired_fastqc.html
[2025-05-20 11:02:51,612] multiqc                                            [DEBUG  ]  File ignored by ccs/v4 because it exceeded search pattern filesize limit: MHW196_trimmed_clipped_R2_paired_fastqc.html
[2025-05-20 11:02:51,613] multiqc                                            [DEBUG  ]  File ignored by hicexplorer because it exceeded search pattern filesize limit: MHW196_trimmed_clipped_R2_paired_fastqc.html
[2025-05-20 11:02:51,614] multiqc                                            [DEBUG  ]  File ignored by nanostat because it exceeded search pattern filesize limit: MHW196_trimmed_clipped_R2_paired_fastqc.html
[2025-05-20 11:02:51,614] multiqc                                            [DEBUG  ]  File ignored by lima/summary because it exceeded search pattern filesize limit: MHW196_trimmed_clipped_R2_paired_fastqc.html
[2025-05-20 11:02:51,617] multiqc                                            [DEBUG  ]  File ignored by vep/vep_txt because it exceeded search pattern filesize limit: MHW196_trimmed_clipped_R2_paired_fastqc.html
[2025-05-20 11:02:51,617] multiqc                                            [DEBUG  ]  File ignored by longranger/invocation because it exceeded search pattern filesize limit: MHW196_trimmed_clipped_R2_paired_fastqc.html
[2025-05-20 11:02:51,655] multiqc                                            [DEBUG  ]  File ignored by ccs/v4 because it exceeded search pattern filesize limit: MHW193_trimmed_clipped_R1_paired_fastqc.html
[2025-05-20 11:02:51,656] multiqc                                            [DEBUG  ]  File ignored by hicexplorer because it exceeded search pattern filesize limit: MHW193_trimmed_clipped_R1_paired_fastqc.html
[2025-05-20 11:02:51,656] multiqc                                            [DEBUG  ]  File ignored by nanostat because it exceeded search pattern filesize limit: MHW193_trimmed_clipped_R1_paired_fastqc.html
[2025-05-20 11:02:51,656] multiqc                                            [DEBUG  ]  File ignored by lima/summary because it exceeded search pattern filesize limit: MHW193_trimmed_clipped_R1_paired_fastqc.html
[2025-05-20 11:02:51,659] multiqc                                            [DEBUG  ]  File ignored by vep/vep_txt because it exceeded search pattern filesize limit: MHW193_trimmed_clipped_R1_paired_fastqc.html
[2025-05-20 11:02:51,659] multiqc                                            [DEBUG  ]  File ignored by longranger/invocation because it exceeded search pattern filesize limit: MHW193_trimmed_clipped_R1_paired_fastqc.html
[2025-05-20 11:02:51,698] multiqc                                            [DEBUG  ]  File ignored by ccs/v4 because it exceeded search pattern filesize limit: MHW194_trimmed_clipped_R2_paired_fastqc.html
[2025-05-20 11:02:51,700] multiqc                                            [DEBUG  ]  File ignored by hicexplorer because it exceeded search pattern filesize limit: MHW194_trimmed_clipped_R2_paired_fastqc.html
[2025-05-20 11:02:51,700] multiqc                                            [DEBUG  ]  File ignored by nanostat because it exceeded search pattern filesize limit: MHW194_trimmed_clipped_R2_paired_fastqc.html
[2025-05-20 11:02:51,700] multiqc                                            [DEBUG  ]  File ignored by lima/summary because it exceeded search pattern filesize limit: MHW194_trimmed_clipped_R2_paired_fastqc.html
[2025-05-20 11:02:51,703] multiqc                                            [DEBUG  ]  File ignored by vep/vep_txt because it exceeded search pattern filesize limit: MHW194_trimmed_clipped_R2_paired_fastqc.html
[2025-05-20 11:02:51,703] multiqc                                            [DEBUG  ]  File ignored by longranger/invocation because it exceeded search pattern filesize limit: MHW194_trimmed_clipped_R2_paired_fastqc.html
[2025-05-20 11:02:51,751] multiqc                                            [DEBUG  ]  File ignored by ccs/v4 because it exceeded search pattern filesize limit: MHW194_trimmed_clipped_R1_paired_fastqc.html
[2025-05-20 11:02:51,752] multiqc                                            [DEBUG  ]  File ignored by hicexplorer because it exceeded search pattern filesize limit: MHW194_trimmed_clipped_R1_paired_fastqc.html
[2025-05-20 11:02:51,753] multiqc                                            [DEBUG  ]  File ignored by nanostat because it exceeded search pattern filesize limit: MHW194_trimmed_clipped_R1_paired_fastqc.html
[2025-05-20 11:02:51,753] multiqc                                            [DEBUG  ]  File ignored by lima/summary because it exceeded search pattern filesize limit: MHW194_trimmed_clipped_R1_paired_fastqc.html
[2025-05-20 11:02:51,756] multiqc                                            [DEBUG  ]  File ignored by vep/vep_txt because it exceeded search pattern filesize limit: MHW194_trimmed_clipped_R1_paired_fastqc.html
[2025-05-20 11:02:51,756] multiqc                                            [DEBUG  ]  File ignored by longranger/invocation because it exceeded search pattern filesize limit: MHW194_trimmed_clipped_R1_paired_fastqc.html
[2025-05-20 11:02:51,793] multiqc                                            [DEBUG  ]  File ignored by ccs/v4 because it exceeded search pattern filesize limit: MHW193_trimmed_clipped_R2_paired_fastqc.html
[2025-05-20 11:02:51,795] multiqc                                            [DEBUG  ]  File ignored by hicexplorer because it exceeded search pattern filesize limit: MHW193_trimmed_clipped_R2_paired_fastqc.html
[2025-05-20 11:02:51,795] multiqc                                            [DEBUG  ]  File ignored by nanostat because it exceeded search pattern filesize limit: MHW193_trimmed_clipped_R2_paired_fastqc.html
[2025-05-20 11:02:51,795] multiqc                                            [DEBUG  ]  File ignored by lima/summary because it exceeded search pattern filesize limit: MHW193_trimmed_clipped_R2_paired_fastqc.html
[2025-05-20 11:02:51,798] multiqc                                            [DEBUG  ]  File ignored by vep/vep_txt because it exceeded search pattern filesize limit: MHW193_trimmed_clipped_R2_paired_fastqc.html
[2025-05-20 11:02:51,798] multiqc                                            [DEBUG  ]  File ignored by longranger/invocation because it exceeded search pattern filesize limit: MHW193_trimmed_clipped_R2_paired_fastqc.html
[2025-05-20 11:02:51,835] multiqc                                            [DEBUG  ]  File ignored by ccs/v4 because it exceeded search pattern filesize limit: MHW195_trimmed_clipped_R2_paired_fastqc.html
[2025-05-20 11:02:51,837] multiqc                                            [DEBUG  ]  File ignored by hicexplorer because it exceeded search pattern filesize limit: MHW195_trimmed_clipped_R2_paired_fastqc.html
[2025-05-20 11:02:51,837] multiqc                                            [DEBUG  ]  File ignored by nanostat because it exceeded search pattern filesize limit: MHW195_trimmed_clipped_R2_paired_fastqc.html
[2025-05-20 11:02:51,837] multiqc                                            [DEBUG  ]  File ignored by lima/summary because it exceeded search pattern filesize limit: MHW195_trimmed_clipped_R2_paired_fastqc.html
[2025-05-20 11:02:51,840] multiqc                                            [DEBUG  ]  File ignored by vep/vep_txt because it exceeded search pattern filesize limit: MHW195_trimmed_clipped_R2_paired_fastqc.html
[2025-05-20 11:02:51,840] multiqc                                            [DEBUG  ]  File ignored by longranger/invocation because it exceeded search pattern filesize limit: MHW195_trimmed_clipped_R2_paired_fastqc.html
[2025-05-20 11:02:51,887] multiqc                                            [DEBUG  ]  File ignored by ccs/v4 because it exceeded search pattern filesize limit: MHW195_trimmed_clipped_R1_paired_fastqc.html
[2025-05-20 11:02:51,888] multiqc                                            [DEBUG  ]  File ignored by hicexplorer because it exceeded search pattern filesize limit: MHW195_trimmed_clipped_R1_paired_fastqc.html
[2025-05-20 11:02:51,889] multiqc                                            [DEBUG  ]  File ignored by nanostat because it exceeded search pattern filesize limit: MHW195_trimmed_clipped_R1_paired_fastqc.html
[2025-05-20 11:02:51,889] multiqc                                            [DEBUG  ]  File ignored by lima/summary because it exceeded search pattern filesize limit: MHW195_trimmed_clipped_R1_paired_fastqc.html
[2025-05-20 11:02:51,892] multiqc                                            [DEBUG  ]  File ignored by vep/vep_txt because it exceeded search pattern filesize limit: MHW195_trimmed_clipped_R1_paired_fastqc.html
[2025-05-20 11:02:51,892] multiqc                                            [DEBUG  ]  File ignored by longranger/invocation because it exceeded search pattern filesize limit: MHW195_trimmed_clipped_R1_paired_fastqc.html
[2025-05-20 11:02:51,940] multiqc                                            [DEBUG  ]  File ignored by ccs/v4 because it exceeded search pattern filesize limit: MHW197_trimmed_clipped_R1_paired_fastqc.html
[2025-05-20 11:02:51,942] multiqc                                            [DEBUG  ]  File ignored by hicexplorer because it exceeded search pattern filesize limit: MHW197_trimmed_clipped_R1_paired_fastqc.html
[2025-05-20 11:02:51,942] multiqc                                            [DEBUG  ]  File ignored by nanostat because it exceeded search pattern filesize limit: MHW197_trimmed_clipped_R1_paired_fastqc.html
[2025-05-20 11:02:51,942] multiqc                                            [DEBUG  ]  File ignored by lima/summary because it exceeded search pattern filesize limit: MHW197_trimmed_clipped_R1_paired_fastqc.html
[2025-05-20 11:02:51,945] multiqc                                            [DEBUG  ]  File ignored by vep/vep_txt because it exceeded search pattern filesize limit: MHW197_trimmed_clipped_R1_paired_fastqc.html
[2025-05-20 11:02:51,945] multiqc                                            [DEBUG  ]  File ignored by longranger/invocation because it exceeded search pattern filesize limit: MHW197_trimmed_clipped_R1_paired_fastqc.html
[2025-05-20 11:02:52,030] multiqc                                            [DEBUG  ]  File ignored by ccs/v4 because it exceeded search pattern filesize limit: MHW188_trimmed_clipped_R2_paired_fastqc.html
[2025-05-20 11:02:52,032] multiqc                                            [DEBUG  ]  File ignored by hicexplorer because it exceeded search pattern filesize limit: MHW188_trimmed_clipped_R2_paired_fastqc.html
[2025-05-20 11:02:52,032] multiqc                                            [DEBUG  ]  File ignored by nanostat because it exceeded search pattern filesize limit: MHW188_trimmed_clipped_R2_paired_fastqc.html
[2025-05-20 11:02:52,032] multiqc                                            [DEBUG  ]  File ignored by lima/summary because it exceeded search pattern filesize limit: MHW188_trimmed_clipped_R2_paired_fastqc.html
[2025-05-20 11:02:52,035] multiqc                                            [DEBUG  ]  File ignored by vep/vep_txt because it exceeded search pattern filesize limit: MHW188_trimmed_clipped_R2_paired_fastqc.html
[2025-05-20 11:02:52,035] multiqc                                            [DEBUG  ]  File ignored by longranger/invocation because it exceeded search pattern filesize limit: MHW188_trimmed_clipped_R2_paired_fastqc.html
[2025-05-20 11:02:52,116] multiqc                                            [DEBUG  ]  File ignored by ccs/v4 because it exceeded search pattern filesize limit: MHW187_trimmed_clipped_R2_paired_fastqc.html
[2025-05-20 11:02:52,117] multiqc                                            [DEBUG  ]  File ignored by hicexplorer because it exceeded search pattern filesize limit: MHW187_trimmed_clipped_R2_paired_fastqc.html
[2025-05-20 11:02:52,117] multiqc                                            [DEBUG  ]  File ignored by nanostat because it exceeded search pattern filesize limit: MHW187_trimmed_clipped_R2_paired_fastqc.html
[2025-05-20 11:02:52,117] multiqc                                            [DEBUG  ]  File ignored by lima/summary because it exceeded search pattern filesize limit: MHW187_trimmed_clipped_R2_paired_fastqc.html
[2025-05-20 11:02:52,121] multiqc                                            [DEBUG  ]  File ignored by vep/vep_txt because it exceeded search pattern filesize limit: MHW187_trimmed_clipped_R2_paired_fastqc.html
[2025-05-20 11:02:52,121] multiqc                                            [DEBUG  ]  File ignored by longranger/invocation because it exceeded search pattern filesize limit: MHW187_trimmed_clipped_R2_paired_fastqc.html
[2025-05-20 11:02:52,203] multiqc                                            [DEBUG  ]  File ignored by ccs/v4 because it exceeded search pattern filesize limit: MHW197_trimmed_clipped_R2_paired_fastqc.html
[2025-05-20 11:02:52,205] multiqc                                            [DEBUG  ]  File ignored by hicexplorer because it exceeded search pattern filesize limit: MHW197_trimmed_clipped_R2_paired_fastqc.html
[2025-05-20 11:02:52,205] multiqc                                            [DEBUG  ]  File ignored by nanostat because it exceeded search pattern filesize limit: MHW197_trimmed_clipped_R2_paired_fastqc.html
[2025-05-20 11:02:52,205] multiqc                                            [DEBUG  ]  File ignored by lima/summary because it exceeded search pattern filesize limit: MHW197_trimmed_clipped_R2_paired_fastqc.html
[2025-05-20 11:02:52,209] multiqc                                            [DEBUG  ]  File ignored by vep/vep_txt because it exceeded search pattern filesize limit: MHW197_trimmed_clipped_R2_paired_fastqc.html
[2025-05-20 11:02:52,209] multiqc                                            [DEBUG  ]  File ignored by longranger/invocation because it exceeded search pattern filesize limit: MHW197_trimmed_clipped_R2_paired_fastqc.html
[2025-05-20 11:02:52,256] multiqc                                            [DEBUG  ]  File ignored by ccs/v4 because it exceeded search pattern filesize limit: MHW187_trimmed_clipped_R1_paired_fastqc.html
[2025-05-20 11:02:52,258] multiqc                                            [DEBUG  ]  File ignored by hicexplorer because it exceeded search pattern filesize limit: MHW187_trimmed_clipped_R1_paired_fastqc.html
[2025-05-20 11:02:52,258] multiqc                                            [DEBUG  ]  File ignored by nanostat because it exceeded search pattern filesize limit: MHW187_trimmed_clipped_R1_paired_fastqc.html
[2025-05-20 11:02:52,258] multiqc                                            [DEBUG  ]  File ignored by lima/summary because it exceeded search pattern filesize limit: MHW187_trimmed_clipped_R1_paired_fastqc.html
[2025-05-20 11:02:52,261] multiqc                                            [DEBUG  ]  File ignored by vep/vep_txt because it exceeded search pattern filesize limit: MHW187_trimmed_clipped_R1_paired_fastqc.html
[2025-05-20 11:02:52,262] multiqc                                            [DEBUG  ]  File ignored by longranger/invocation because it exceeded search pattern filesize limit: MHW187_trimmed_clipped_R1_paired_fastqc.html
[2025-05-20 11:02:52,299] multiqc                                            [DEBUG  ]  File ignored by ccs/v4 because it exceeded search pattern filesize limit: MHW198_trimmed_clipped_R1_paired_fastqc.html
[2025-05-20 11:02:52,300] multiqc                                            [DEBUG  ]  File ignored by hicexplorer because it exceeded search pattern filesize limit: MHW198_trimmed_clipped_R1_paired_fastqc.html
[2025-05-20 11:02:52,301] multiqc                                            [DEBUG  ]  File ignored by nanostat because it exceeded search pattern filesize limit: MHW198_trimmed_clipped_R1_paired_fastqc.html
[2025-05-20 11:02:52,301] multiqc                                            [DEBUG  ]  File ignored by lima/summary because it exceeded search pattern filesize limit: MHW198_trimmed_clipped_R1_paired_fastqc.html
[2025-05-20 11:02:52,304] multiqc                                            [DEBUG  ]  File ignored by vep/vep_txt because it exceeded search pattern filesize limit: MHW198_trimmed_clipped_R1_paired_fastqc.html
[2025-05-20 11:02:52,304] multiqc                                            [DEBUG  ]  File ignored by longranger/invocation because it exceeded search pattern filesize limit: MHW198_trimmed_clipped_R1_paired_fastqc.html
[2025-05-20 11:02:52,370] multiqc                                            [DEBUG  ]  File ignored by ccs/v4 because it exceeded search pattern filesize limit: MHW198_trimmed_clipped_R2_paired_fastqc.html
[2025-05-20 11:02:52,372] multiqc                                            [DEBUG  ]  File ignored by hicexplorer because it exceeded search pattern filesize limit: MHW198_trimmed_clipped_R2_paired_fastqc.html
[2025-05-20 11:02:52,372] multiqc                                            [DEBUG  ]  File ignored by nanostat because it exceeded search pattern filesize limit: MHW198_trimmed_clipped_R2_paired_fastqc.html
[2025-05-20 11:02:52,372] multiqc                                            [DEBUG  ]  File ignored by lima/summary because it exceeded search pattern filesize limit: MHW198_trimmed_clipped_R2_paired_fastqc.html
[2025-05-20 11:02:52,376] multiqc                                            [DEBUG  ]  File ignored by vep/vep_txt because it exceeded search pattern filesize limit: MHW198_trimmed_clipped_R2_paired_fastqc.html
[2025-05-20 11:02:52,376] multiqc                                            [DEBUG  ]  File ignored by longranger/invocation because it exceeded search pattern filesize limit: MHW198_trimmed_clipped_R2_paired_fastqc.html
[2025-05-20 11:02:52,418] multiqc                                            [DEBUG  ]  File ignored by ccs/v4 because it exceeded search pattern filesize limit: MHW199_trimmed_clipped_R2_paired_fastqc.html
[2025-05-20 11:02:52,420] multiqc                                            [DEBUG  ]  File ignored by hicexplorer because it exceeded search pattern filesize limit: MHW199_trimmed_clipped_R2_paired_fastqc.html
[2025-05-20 11:02:52,420] multiqc                                            [DEBUG  ]  File ignored by nanostat because it exceeded search pattern filesize limit: MHW199_trimmed_clipped_R2_paired_fastqc.html
[2025-05-20 11:02:52,420] multiqc                                            [DEBUG  ]  File ignored by lima/summary because it exceeded search pattern filesize limit: MHW199_trimmed_clipped_R2_paired_fastqc.html
[2025-05-20 11:02:52,424] multiqc                                            [DEBUG  ]  File ignored by vep/vep_txt because it exceeded search pattern filesize limit: MHW199_trimmed_clipped_R2_paired_fastqc.html
[2025-05-20 11:02:52,424] multiqc                                            [DEBUG  ]  File ignored by longranger/invocation because it exceeded search pattern filesize limit: MHW199_trimmed_clipped_R2_paired_fastqc.html
[2025-05-20 11:02:52,507] multiqc                                            [DEBUG  ]  File ignored by ccs/v4 because it exceeded search pattern filesize limit: MHW199_trimmed_clipped_R1_paired_fastqc.html
[2025-05-20 11:02:52,509] multiqc                                            [DEBUG  ]  File ignored by hicexplorer because it exceeded search pattern filesize limit: MHW199_trimmed_clipped_R1_paired_fastqc.html
[2025-05-20 11:02:52,509] multiqc                                            [DEBUG  ]  File ignored by nanostat because it exceeded search pattern filesize limit: MHW199_trimmed_clipped_R1_paired_fastqc.html
[2025-05-20 11:02:52,509] multiqc                                            [DEBUG  ]  File ignored by lima/summary because it exceeded search pattern filesize limit: MHW199_trimmed_clipped_R1_paired_fastqc.html
[2025-05-20 11:02:52,512] multiqc                                            [DEBUG  ]  File ignored by vep/vep_txt because it exceeded search pattern filesize limit: MHW199_trimmed_clipped_R1_paired_fastqc.html
[2025-05-20 11:02:52,512] multiqc                                            [DEBUG  ]  File ignored by longranger/invocation because it exceeded search pattern filesize limit: MHW199_trimmed_clipped_R1_paired_fastqc.html
[2025-05-20 11:02:52,560] multiqc                                            [DEBUG  ]  File ignored by ccs/v4 because it exceeded search pattern filesize limit: MHW200_trimmed_clipped_R1_paired_fastqc.html
[2025-05-20 11:02:52,562] multiqc                                            [DEBUG  ]  File ignored by hicexplorer because it exceeded search pattern filesize limit: MHW200_trimmed_clipped_R1_paired_fastqc.html
[2025-05-20 11:02:52,562] multiqc                                            [DEBUG  ]  File ignored by nanostat because it exceeded search pattern filesize limit: MHW200_trimmed_clipped_R1_paired_fastqc.html
[2025-05-20 11:02:52,562] multiqc                                            [DEBUG  ]  File ignored by lima/summary because it exceeded search pattern filesize limit: MHW200_trimmed_clipped_R1_paired_fastqc.html
[2025-05-20 11:02:52,565] multiqc                                            [DEBUG  ]  File ignored by vep/vep_txt because it exceeded search pattern filesize limit: MHW200_trimmed_clipped_R1_paired_fastqc.html
[2025-05-20 11:02:52,565] multiqc                                            [DEBUG  ]  File ignored by longranger/invocation because it exceeded search pattern filesize limit: MHW200_trimmed_clipped_R1_paired_fastqc.html
[2025-05-20 11:02:52,616] multiqc                                            [DEBUG  ]  File ignored by ccs/v4 because it exceeded search pattern filesize limit: MHW201_trimmed_clipped_R1_paired_fastqc.html
[2025-05-20 11:02:52,618] multiqc                                            [DEBUG  ]  File ignored by hicexplorer because it exceeded search pattern filesize limit: MHW201_trimmed_clipped_R1_paired_fastqc.html
[2025-05-20 11:02:52,618] multiqc                                            [DEBUG  ]  File ignored by nanostat because it exceeded search pattern filesize limit: MHW201_trimmed_clipped_R1_paired_fastqc.html
[2025-05-20 11:02:52,618] multiqc                                            [DEBUG  ]  File ignored by lima/summary because it exceeded search pattern filesize limit: MHW201_trimmed_clipped_R1_paired_fastqc.html
[2025-05-20 11:02:52,621] multiqc                                            [DEBUG  ]  File ignored by vep/vep_txt because it exceeded search pattern filesize limit: MHW201_trimmed_clipped_R1_paired_fastqc.html
[2025-05-20 11:02:52,621] multiqc                                            [DEBUG  ]  File ignored by longranger/invocation because it exceeded search pattern filesize limit: MHW201_trimmed_clipped_R1_paired_fastqc.html
[2025-05-20 11:02:52,667] multiqc                                            [DEBUG  ]  File ignored by ccs/v4 because it exceeded search pattern filesize limit: MHW201_trimmed_clipped_R2_paired_fastqc.html
[2025-05-20 11:02:52,669] multiqc                                            [DEBUG  ]  File ignored by hicexplorer because it exceeded search pattern filesize limit: MHW201_trimmed_clipped_R2_paired_fastqc.html
[2025-05-20 11:02:52,669] multiqc                                            [DEBUG  ]  File ignored by nanostat because it exceeded search pattern filesize limit: MHW201_trimmed_clipped_R2_paired_fastqc.html
[2025-05-20 11:02:52,669] multiqc                                            [DEBUG  ]  File ignored by lima/summary because it exceeded search pattern filesize limit: MHW201_trimmed_clipped_R2_paired_fastqc.html
[2025-05-20 11:02:52,672] multiqc                                            [DEBUG  ]  File ignored by vep/vep_txt because it exceeded search pattern filesize limit: MHW201_trimmed_clipped_R2_paired_fastqc.html
[2025-05-20 11:02:52,672] multiqc                                            [DEBUG  ]  File ignored by longranger/invocation because it exceeded search pattern filesize limit: MHW201_trimmed_clipped_R2_paired_fastqc.html
[2025-05-20 11:02:52,730] multiqc                                            [DEBUG  ]  File ignored by ccs/v4 because it exceeded search pattern filesize limit: MHW200_trimmed_clipped_R2_paired_fastqc.html
[2025-05-20 11:02:52,732] multiqc                                            [DEBUG  ]  File ignored by hicexplorer because it exceeded search pattern filesize limit: MHW200_trimmed_clipped_R2_paired_fastqc.html
[2025-05-20 11:02:52,732] multiqc                                            [DEBUG  ]  File ignored by nanostat because it exceeded search pattern filesize limit: MHW200_trimmed_clipped_R2_paired_fastqc.html
[2025-05-20 11:02:52,732] multiqc                                            [DEBUG  ]  File ignored by lima/summary because it exceeded search pattern filesize limit: MHW200_trimmed_clipped_R2_paired_fastqc.html
[2025-05-20 11:02:52,736] multiqc                                            [DEBUG  ]  File ignored by vep/vep_txt because it exceeded search pattern filesize limit: MHW200_trimmed_clipped_R2_paired_fastqc.html
[2025-05-20 11:02:52,736] multiqc                                            [DEBUG  ]  File ignored by longranger/invocation because it exceeded search pattern filesize limit: MHW200_trimmed_clipped_R2_paired_fastqc.html
[2025-05-20 11:02:52,783] multiqc                                            [DEBUG  ]  File ignored by ccs/v4 because it exceeded search pattern filesize limit: MHW204_trimmed_clipped_R1_paired_fastqc.html
[2025-05-20 11:02:52,785] multiqc                                            [DEBUG  ]  File ignored by hicexplorer because it exceeded search pattern filesize limit: MHW204_trimmed_clipped_R1_paired_fastqc.html
[2025-05-20 11:02:52,785] multiqc                                            [DEBUG  ]  File ignored by nanostat because it exceeded search pattern filesize limit: MHW204_trimmed_clipped_R1_paired_fastqc.html
[2025-05-20 11:02:52,785] multiqc                                            [DEBUG  ]  File ignored by lima/summary because it exceeded search pattern filesize limit: MHW204_trimmed_clipped_R1_paired_fastqc.html
[2025-05-20 11:02:52,788] multiqc                                            [DEBUG  ]  File ignored by vep/vep_txt because it exceeded search pattern filesize limit: MHW204_trimmed_clipped_R1_paired_fastqc.html
[2025-05-20 11:02:52,788] multiqc                                            [DEBUG  ]  File ignored by longranger/invocation because it exceeded search pattern filesize limit: MHW204_trimmed_clipped_R1_paired_fastqc.html
[2025-05-20 11:02:52,854] multiqc                                            [DEBUG  ]  File ignored by ccs/v4 because it exceeded search pattern filesize limit: MHW203_trimmed_clipped_R1_paired_fastqc.html
[2025-05-20 11:02:52,856] multiqc                                            [DEBUG  ]  File ignored by hicexplorer because it exceeded search pattern filesize limit: MHW203_trimmed_clipped_R1_paired_fastqc.html
[2025-05-20 11:02:52,856] multiqc                                            [DEBUG  ]  File ignored by nanostat because it exceeded search pattern filesize limit: MHW203_trimmed_clipped_R1_paired_fastqc.html
[2025-05-20 11:02:52,856] multiqc                                            [DEBUG  ]  File ignored by lima/summary because it exceeded search pattern filesize limit: MHW203_trimmed_clipped_R1_paired_fastqc.html
[2025-05-20 11:02:52,860] multiqc                                            [DEBUG  ]  File ignored by vep/vep_txt because it exceeded search pattern filesize limit: MHW203_trimmed_clipped_R1_paired_fastqc.html
[2025-05-20 11:02:52,860] multiqc                                            [DEBUG  ]  File ignored by longranger/invocation because it exceeded search pattern filesize limit: MHW203_trimmed_clipped_R1_paired_fastqc.html
[2025-05-20 11:02:52,931] multiqc                                            [DEBUG  ]  File ignored by ccs/v4 because it exceeded search pattern filesize limit: MHW206_trimmed_clipped_R1_paired_fastqc.html
[2025-05-20 11:02:52,933] multiqc                                            [DEBUG  ]  File ignored by hicexplorer because it exceeded search pattern filesize limit: MHW206_trimmed_clipped_R1_paired_fastqc.html
[2025-05-20 11:02:52,933] multiqc                                            [DEBUG  ]  File ignored by nanostat because it exceeded search pattern filesize limit: MHW206_trimmed_clipped_R1_paired_fastqc.html
[2025-05-20 11:02:52,933] multiqc                                            [DEBUG  ]  File ignored by lima/summary because it exceeded search pattern filesize limit: MHW206_trimmed_clipped_R1_paired_fastqc.html
[2025-05-20 11:02:52,937] multiqc                                            [DEBUG  ]  File ignored by vep/vep_txt because it exceeded search pattern filesize limit: MHW206_trimmed_clipped_R1_paired_fastqc.html
[2025-05-20 11:02:52,937] multiqc                                            [DEBUG  ]  File ignored by longranger/invocation because it exceeded search pattern filesize limit: MHW206_trimmed_clipped_R1_paired_fastqc.html
[2025-05-20 11:02:52,981] multiqc                                            [DEBUG  ]  File ignored by ccs/v4 because it exceeded search pattern filesize limit: MHW206_trimmed_clipped_R2_paired_fastqc.html
[2025-05-20 11:02:52,982] multiqc                                            [DEBUG  ]  File ignored by hicexplorer because it exceeded search pattern filesize limit: MHW206_trimmed_clipped_R2_paired_fastqc.html
[2025-05-20 11:02:52,982] multiqc                                            [DEBUG  ]  File ignored by nanostat because it exceeded search pattern filesize limit: MHW206_trimmed_clipped_R2_paired_fastqc.html
[2025-05-20 11:02:52,982] multiqc                                            [DEBUG  ]  File ignored by lima/summary because it exceeded search pattern filesize limit: MHW206_trimmed_clipped_R2_paired_fastqc.html
[2025-05-20 11:02:52,986] multiqc                                            [DEBUG  ]  File ignored by vep/vep_txt because it exceeded search pattern filesize limit: MHW206_trimmed_clipped_R2_paired_fastqc.html
[2025-05-20 11:02:52,986] multiqc                                            [DEBUG  ]  File ignored by longranger/invocation because it exceeded search pattern filesize limit: MHW206_trimmed_clipped_R2_paired_fastqc.html
[2025-05-20 11:02:53,076] multiqc                                            [DEBUG  ]  File ignored by ccs/v4 because it exceeded search pattern filesize limit: MHW204_trimmed_clipped_R2_paired_fastqc.html
[2025-05-20 11:02:53,077] multiqc                                            [DEBUG  ]  File ignored by hicexplorer because it exceeded search pattern filesize limit: MHW204_trimmed_clipped_R2_paired_fastqc.html
[2025-05-20 11:02:53,078] multiqc                                            [DEBUG  ]  File ignored by nanostat because it exceeded search pattern filesize limit: MHW204_trimmed_clipped_R2_paired_fastqc.html
[2025-05-20 11:02:53,078] multiqc                                            [DEBUG  ]  File ignored by lima/summary because it exceeded search pattern filesize limit: MHW204_trimmed_clipped_R2_paired_fastqc.html
[2025-05-20 11:02:53,081] multiqc                                            [DEBUG  ]  File ignored by vep/vep_txt because it exceeded search pattern filesize limit: MHW204_trimmed_clipped_R2_paired_fastqc.html
[2025-05-20 11:02:53,081] multiqc                                            [DEBUG  ]  File ignored by longranger/invocation because it exceeded search pattern filesize limit: MHW204_trimmed_clipped_R2_paired_fastqc.html
[2025-05-20 11:02:53,129] multiqc                                            [DEBUG  ]  File ignored by ccs/v4 because it exceeded search pattern filesize limit: MHW205_trimmed_clipped_R1_paired_fastqc.html
[2025-05-20 11:02:53,131] multiqc                                            [DEBUG  ]  File ignored by hicexplorer because it exceeded search pattern filesize limit: MHW205_trimmed_clipped_R1_paired_fastqc.html
[2025-05-20 11:02:53,131] multiqc                                            [DEBUG  ]  File ignored by nanostat because it exceeded search pattern filesize limit: MHW205_trimmed_clipped_R1_paired_fastqc.html
[2025-05-20 11:02:53,131] multiqc                                            [DEBUG  ]  File ignored by lima/summary because it exceeded search pattern filesize limit: MHW205_trimmed_clipped_R1_paired_fastqc.html
[2025-05-20 11:02:53,134] multiqc                                            [DEBUG  ]  File ignored by vep/vep_txt because it exceeded search pattern filesize limit: MHW205_trimmed_clipped_R1_paired_fastqc.html
[2025-05-20 11:02:53,134] multiqc                                            [DEBUG  ]  File ignored by longranger/invocation because it exceeded search pattern filesize limit: MHW205_trimmed_clipped_R1_paired_fastqc.html
[2025-05-20 11:02:53,187] multiqc                                            [DEBUG  ]  File ignored by ccs/v4 because it exceeded search pattern filesize limit: MHW205_trimmed_clipped_R2_paired_fastqc.html
[2025-05-20 11:02:53,189] multiqc                                            [DEBUG  ]  File ignored by hicexplorer because it exceeded search pattern filesize limit: MHW205_trimmed_clipped_R2_paired_fastqc.html
[2025-05-20 11:02:53,189] multiqc                                            [DEBUG  ]  File ignored by nanostat because it exceeded search pattern filesize limit: MHW205_trimmed_clipped_R2_paired_fastqc.html
[2025-05-20 11:02:53,189] multiqc                                            [DEBUG  ]  File ignored by lima/summary because it exceeded search pattern filesize limit: MHW205_trimmed_clipped_R2_paired_fastqc.html
[2025-05-20 11:02:53,192] multiqc                                            [DEBUG  ]  File ignored by vep/vep_txt because it exceeded search pattern filesize limit: MHW205_trimmed_clipped_R2_paired_fastqc.html
[2025-05-20 11:02:53,192] multiqc                                            [DEBUG  ]  File ignored by longranger/invocation because it exceeded search pattern filesize limit: MHW205_trimmed_clipped_R2_paired_fastqc.html
[2025-05-20 11:02:53,230] multiqc                                            [DEBUG  ]  File ignored by ccs/v4 because it exceeded search pattern filesize limit: MHW207_trimmed_clipped_R1_paired_fastqc.html
[2025-05-20 11:02:53,232] multiqc                                            [DEBUG  ]  File ignored by hicexplorer because it exceeded search pattern filesize limit: MHW207_trimmed_clipped_R1_paired_fastqc.html
[2025-05-20 11:02:53,232] multiqc                                            [DEBUG  ]  File ignored by nanostat because it exceeded search pattern filesize limit: MHW207_trimmed_clipped_R1_paired_fastqc.html
[2025-05-20 11:02:53,232] multiqc                                            [DEBUG  ]  File ignored by lima/summary because it exceeded search pattern filesize limit: MHW207_trimmed_clipped_R1_paired_fastqc.html
[2025-05-20 11:02:53,236] multiqc                                            [DEBUG  ]  File ignored by vep/vep_txt because it exceeded search pattern filesize limit: MHW207_trimmed_clipped_R1_paired_fastqc.html
[2025-05-20 11:02:53,236] multiqc                                            [DEBUG  ]  File ignored by longranger/invocation because it exceeded search pattern filesize limit: MHW207_trimmed_clipped_R1_paired_fastqc.html
[2025-05-20 11:02:53,274] multiqc                                            [DEBUG  ]  File ignored by ccs/v4 because it exceeded search pattern filesize limit: MHW207_trimmed_clipped_R2_paired_fastqc.html
[2025-05-20 11:02:53,276] multiqc                                            [DEBUG  ]  File ignored by hicexplorer because it exceeded search pattern filesize limit: MHW207_trimmed_clipped_R2_paired_fastqc.html
[2025-05-20 11:02:53,276] multiqc                                            [DEBUG  ]  File ignored by nanostat because it exceeded search pattern filesize limit: MHW207_trimmed_clipped_R2_paired_fastqc.html
[2025-05-20 11:02:53,276] multiqc                                            [DEBUG  ]  File ignored by lima/summary because it exceeded search pattern filesize limit: MHW207_trimmed_clipped_R2_paired_fastqc.html
[2025-05-20 11:02:53,279] multiqc                                            [DEBUG  ]  File ignored by vep/vep_txt because it exceeded search pattern filesize limit: MHW207_trimmed_clipped_R2_paired_fastqc.html
[2025-05-20 11:02:53,279] multiqc                                            [DEBUG  ]  File ignored by longranger/invocation because it exceeded search pattern filesize limit: MHW207_trimmed_clipped_R2_paired_fastqc.html
[2025-05-20 11:02:53,317] multiqc                                            [DEBUG  ]  File ignored by ccs/v4 because it exceeded search pattern filesize limit: MHW209_trimmed_clipped_R2_paired_fastqc.html
[2025-05-20 11:02:53,319] multiqc                                            [DEBUG  ]  File ignored by hicexplorer because it exceeded search pattern filesize limit: MHW209_trimmed_clipped_R2_paired_fastqc.html
[2025-05-20 11:02:53,319] multiqc                                            [DEBUG  ]  File ignored by nanostat because it exceeded search pattern filesize limit: MHW209_trimmed_clipped_R2_paired_fastqc.html
[2025-05-20 11:02:53,319] multiqc                                            [DEBUG  ]  File ignored by lima/summary because it exceeded search pattern filesize limit: MHW209_trimmed_clipped_R2_paired_fastqc.html
[2025-05-20 11:02:53,323] multiqc                                            [DEBUG  ]  File ignored by vep/vep_txt because it exceeded search pattern filesize limit: MHW209_trimmed_clipped_R2_paired_fastqc.html
[2025-05-20 11:02:53,323] multiqc                                            [DEBUG  ]  File ignored by longranger/invocation because it exceeded search pattern filesize limit: MHW209_trimmed_clipped_R2_paired_fastqc.html
[2025-05-20 11:02:53,374] multiqc                                            [DEBUG  ]  File ignored by ccs/v4 because it exceeded search pattern filesize limit: MHW209_trimmed_clipped_R1_paired_fastqc.html
[2025-05-20 11:02:53,376] multiqc                                            [DEBUG  ]  File ignored by hicexplorer because it exceeded search pattern filesize limit: MHW209_trimmed_clipped_R1_paired_fastqc.html
[2025-05-20 11:02:53,376] multiqc                                            [DEBUG  ]  File ignored by nanostat because it exceeded search pattern filesize limit: MHW209_trimmed_clipped_R1_paired_fastqc.html
[2025-05-20 11:02:53,376] multiqc                                            [DEBUG  ]  File ignored by lima/summary because it exceeded search pattern filesize limit: MHW209_trimmed_clipped_R1_paired_fastqc.html
[2025-05-20 11:02:53,379] multiqc                                            [DEBUG  ]  File ignored by vep/vep_txt because it exceeded search pattern filesize limit: MHW209_trimmed_clipped_R1_paired_fastqc.html
[2025-05-20 11:02:53,379] multiqc                                            [DEBUG  ]  File ignored by longranger/invocation because it exceeded search pattern filesize limit: MHW209_trimmed_clipped_R1_paired_fastqc.html
[2025-05-20 11:02:53,417] multiqc                                            [DEBUG  ]  File ignored by ccs/v4 because it exceeded search pattern filesize limit: MHW208_trimmed_clipped_R2_paired_fastqc.html
[2025-05-20 11:02:53,418] multiqc                                            [DEBUG  ]  File ignored by hicexplorer because it exceeded search pattern filesize limit: MHW208_trimmed_clipped_R2_paired_fastqc.html
[2025-05-20 11:02:53,419] multiqc                                            [DEBUG  ]  File ignored by nanostat because it exceeded search pattern filesize limit: MHW208_trimmed_clipped_R2_paired_fastqc.html
[2025-05-20 11:02:53,419] multiqc                                            [DEBUG  ]  File ignored by lima/summary because it exceeded search pattern filesize limit: MHW208_trimmed_clipped_R2_paired_fastqc.html
[2025-05-20 11:02:53,422] multiqc                                            [DEBUG  ]  File ignored by vep/vep_txt because it exceeded search pattern filesize limit: MHW208_trimmed_clipped_R2_paired_fastqc.html
[2025-05-20 11:02:53,422] multiqc                                            [DEBUG  ]  File ignored by longranger/invocation because it exceeded search pattern filesize limit: MHW208_trimmed_clipped_R2_paired_fastqc.html
[2025-05-20 11:02:53,472] multiqc                                            [DEBUG  ]  File ignored by ccs/v4 because it exceeded search pattern filesize limit: MHW208_trimmed_clipped_R1_paired_fastqc.html
[2025-05-20 11:02:53,474] multiqc                                            [DEBUG  ]  File ignored by hicexplorer because it exceeded search pattern filesize limit: MHW208_trimmed_clipped_R1_paired_fastqc.html
[2025-05-20 11:02:53,474] multiqc                                            [DEBUG  ]  File ignored by nanostat because it exceeded search pattern filesize limit: MHW208_trimmed_clipped_R1_paired_fastqc.html
[2025-05-20 11:02:53,474] multiqc                                            [DEBUG  ]  File ignored by lima/summary because it exceeded search pattern filesize limit: MHW208_trimmed_clipped_R1_paired_fastqc.html
[2025-05-20 11:02:53,477] multiqc                                            [DEBUG  ]  File ignored by vep/vep_txt because it exceeded search pattern filesize limit: MHW208_trimmed_clipped_R1_paired_fastqc.html
[2025-05-20 11:02:53,478] multiqc                                            [DEBUG  ]  File ignored by longranger/invocation because it exceeded search pattern filesize limit: MHW208_trimmed_clipped_R1_paired_fastqc.html
[2025-05-20 11:02:53,515] multiqc                                            [DEBUG  ]  File ignored by ccs/v4 because it exceeded search pattern filesize limit: MHW210_trimmed_clipped_R1_paired_fastqc.html
[2025-05-20 11:02:53,517] multiqc                                            [DEBUG  ]  File ignored by hicexplorer because it exceeded search pattern filesize limit: MHW210_trimmed_clipped_R1_paired_fastqc.html
[2025-05-20 11:02:53,517] multiqc                                            [DEBUG  ]  File ignored by nanostat because it exceeded search pattern filesize limit: MHW210_trimmed_clipped_R1_paired_fastqc.html
[2025-05-20 11:02:53,517] multiqc                                            [DEBUG  ]  File ignored by lima/summary because it exceeded search pattern filesize limit: MHW210_trimmed_clipped_R1_paired_fastqc.html
[2025-05-20 11:02:53,520] multiqc                                            [DEBUG  ]  File ignored by vep/vep_txt because it exceeded search pattern filesize limit: MHW210_trimmed_clipped_R1_paired_fastqc.html
[2025-05-20 11:02:53,520] multiqc                                            [DEBUG  ]  File ignored by longranger/invocation because it exceeded search pattern filesize limit: MHW210_trimmed_clipped_R1_paired_fastqc.html
[2025-05-20 11:02:53,557] multiqc                                            [DEBUG  ]  File ignored by ccs/v4 because it exceeded search pattern filesize limit: MHW203_trimmed_clipped_R2_paired_fastqc.html
[2025-05-20 11:02:53,558] multiqc                                            [DEBUG  ]  File ignored by hicexplorer because it exceeded search pattern filesize limit: MHW203_trimmed_clipped_R2_paired_fastqc.html
[2025-05-20 11:02:53,559] multiqc                                            [DEBUG  ]  File ignored by nanostat because it exceeded search pattern filesize limit: MHW203_trimmed_clipped_R2_paired_fastqc.html
[2025-05-20 11:02:53,559] multiqc                                            [DEBUG  ]  File ignored by lima/summary because it exceeded search pattern filesize limit: MHW203_trimmed_clipped_R2_paired_fastqc.html
[2025-05-20 11:02:53,562] multiqc                                            [DEBUG  ]  File ignored by vep/vep_txt because it exceeded search pattern filesize limit: MHW203_trimmed_clipped_R2_paired_fastqc.html
[2025-05-20 11:02:53,562] multiqc                                            [DEBUG  ]  File ignored by longranger/invocation because it exceeded search pattern filesize limit: MHW203_trimmed_clipped_R2_paired_fastqc.html
[2025-05-20 11:02:53,609] multiqc                                            [DEBUG  ]  File ignored by ccs/v4 because it exceeded search pattern filesize limit: MHW211_trimmed_clipped_R1_paired_fastqc.html
[2025-05-20 11:02:53,610] multiqc                                            [DEBUG  ]  File ignored by hicexplorer because it exceeded search pattern filesize limit: MHW211_trimmed_clipped_R1_paired_fastqc.html
[2025-05-20 11:02:53,611] multiqc                                            [DEBUG  ]  File ignored by nanostat because it exceeded search pattern filesize limit: MHW211_trimmed_clipped_R1_paired_fastqc.html
[2025-05-20 11:02:53,611] multiqc                                            [DEBUG  ]  File ignored by lima/summary because it exceeded search pattern filesize limit: MHW211_trimmed_clipped_R1_paired_fastqc.html
[2025-05-20 11:02:53,614] multiqc                                            [DEBUG  ]  File ignored by vep/vep_txt because it exceeded search pattern filesize limit: MHW211_trimmed_clipped_R1_paired_fastqc.html
[2025-05-20 11:02:53,614] multiqc                                            [DEBUG  ]  File ignored by longranger/invocation because it exceeded search pattern filesize limit: MHW211_trimmed_clipped_R1_paired_fastqc.html
[2025-05-20 11:02:53,651] multiqc                                            [DEBUG  ]  File ignored by ccs/v4 because it exceeded search pattern filesize limit: MHW210_trimmed_clipped_R2_paired_fastqc.html
[2025-05-20 11:02:53,653] multiqc                                            [DEBUG  ]  File ignored by hicexplorer because it exceeded search pattern filesize limit: MHW210_trimmed_clipped_R2_paired_fastqc.html
[2025-05-20 11:02:53,653] multiqc                                            [DEBUG  ]  File ignored by nanostat because it exceeded search pattern filesize limit: MHW210_trimmed_clipped_R2_paired_fastqc.html
[2025-05-20 11:02:53,653] multiqc                                            [DEBUG  ]  File ignored by lima/summary because it exceeded search pattern filesize limit: MHW210_trimmed_clipped_R2_paired_fastqc.html
[2025-05-20 11:02:53,656] multiqc                                            [DEBUG  ]  File ignored by vep/vep_txt because it exceeded search pattern filesize limit: MHW210_trimmed_clipped_R2_paired_fastqc.html
[2025-05-20 11:02:53,656] multiqc                                            [DEBUG  ]  File ignored by longranger/invocation because it exceeded search pattern filesize limit: MHW210_trimmed_clipped_R2_paired_fastqc.html
[2025-05-20 11:02:53,713] multiqc                                            [DEBUG  ]  File ignored by ccs/v4 because it exceeded search pattern filesize limit: MHW212_trimmed_clipped_R1_paired_fastqc.html
[2025-05-20 11:02:53,715] multiqc                                            [DEBUG  ]  File ignored by hicexplorer because it exceeded search pattern filesize limit: MHW212_trimmed_clipped_R1_paired_fastqc.html
[2025-05-20 11:02:53,715] multiqc                                            [DEBUG  ]  File ignored by nanostat because it exceeded search pattern filesize limit: MHW212_trimmed_clipped_R1_paired_fastqc.html
[2025-05-20 11:02:53,715] multiqc                                            [DEBUG  ]  File ignored by lima/summary because it exceeded search pattern filesize limit: MHW212_trimmed_clipped_R1_paired_fastqc.html
[2025-05-20 11:02:53,718] multiqc                                            [DEBUG  ]  File ignored by vep/vep_txt because it exceeded search pattern filesize limit: MHW212_trimmed_clipped_R1_paired_fastqc.html
[2025-05-20 11:02:53,718] multiqc                                            [DEBUG  ]  File ignored by longranger/invocation because it exceeded search pattern filesize limit: MHW212_trimmed_clipped_R1_paired_fastqc.html
[2025-05-20 11:02:53,756] multiqc                                            [DEBUG  ]  File ignored by ccs/v4 because it exceeded search pattern filesize limit: MHW211_trimmed_clipped_R2_paired_fastqc.html
[2025-05-20 11:02:53,757] multiqc                                            [DEBUG  ]  File ignored by hicexplorer because it exceeded search pattern filesize limit: MHW211_trimmed_clipped_R2_paired_fastqc.html
[2025-05-20 11:02:53,758] multiqc                                            [DEBUG  ]  File ignored by nanostat because it exceeded search pattern filesize limit: MHW211_trimmed_clipped_R2_paired_fastqc.html
[2025-05-20 11:02:53,758] multiqc                                            [DEBUG  ]  File ignored by lima/summary because it exceeded search pattern filesize limit: MHW211_trimmed_clipped_R2_paired_fastqc.html
[2025-05-20 11:02:53,761] multiqc                                            [DEBUG  ]  File ignored by vep/vep_txt because it exceeded search pattern filesize limit: MHW211_trimmed_clipped_R2_paired_fastqc.html
[2025-05-20 11:02:53,761] multiqc                                            [DEBUG  ]  File ignored by longranger/invocation because it exceeded search pattern filesize limit: MHW211_trimmed_clipped_R2_paired_fastqc.html
[2025-05-20 11:02:53,841] multiqc                                            [DEBUG  ]  File ignored by ccs/v4 because it exceeded search pattern filesize limit: MHW202_trimmed_clipped_R2_paired_fastqc.html
[2025-05-20 11:02:53,842] multiqc                                            [DEBUG  ]  File ignored by hicexplorer because it exceeded search pattern filesize limit: MHW202_trimmed_clipped_R2_paired_fastqc.html
[2025-05-20 11:02:53,842] multiqc                                            [DEBUG  ]  File ignored by nanostat because it exceeded search pattern filesize limit: MHW202_trimmed_clipped_R2_paired_fastqc.html
[2025-05-20 11:02:53,843] multiqc                                            [DEBUG  ]  File ignored by lima/summary because it exceeded search pattern filesize limit: MHW202_trimmed_clipped_R2_paired_fastqc.html
[2025-05-20 11:02:53,846] multiqc                                            [DEBUG  ]  File ignored by vep/vep_txt because it exceeded search pattern filesize limit: MHW202_trimmed_clipped_R2_paired_fastqc.html
[2025-05-20 11:02:53,846] multiqc                                            [DEBUG  ]  File ignored by longranger/invocation because it exceeded search pattern filesize limit: MHW202_trimmed_clipped_R2_paired_fastqc.html
[2025-05-20 11:02:53,907] multiqc                                            [DEBUG  ]  File ignored by ccs/v4 because it exceeded search pattern filesize limit: MHW202_trimmed_clipped_R1_paired_fastqc.html
[2025-05-20 11:02:53,909] multiqc                                            [DEBUG  ]  File ignored by hicexplorer because it exceeded search pattern filesize limit: MHW202_trimmed_clipped_R1_paired_fastqc.html
[2025-05-20 11:02:53,909] multiqc                                            [DEBUG  ]  File ignored by nanostat because it exceeded search pattern filesize limit: MHW202_trimmed_clipped_R1_paired_fastqc.html
[2025-05-20 11:02:53,909] multiqc                                            [DEBUG  ]  File ignored by lima/summary because it exceeded search pattern filesize limit: MHW202_trimmed_clipped_R1_paired_fastqc.html
[2025-05-20 11:02:53,912] multiqc                                            [DEBUG  ]  File ignored by vep/vep_txt because it exceeded search pattern filesize limit: MHW202_trimmed_clipped_R1_paired_fastqc.html
[2025-05-20 11:02:53,912] multiqc                                            [DEBUG  ]  File ignored by longranger/invocation because it exceeded search pattern filesize limit: MHW202_trimmed_clipped_R1_paired_fastqc.html
[2025-05-20 11:02:53,976] multiqc                                            [DEBUG  ]  File ignored by ccs/v4 because it exceeded search pattern filesize limit: MHW212_trimmed_clipped_R2_paired_fastqc.html
[2025-05-20 11:02:53,977] multiqc                                            [DEBUG  ]  File ignored by hicexplorer because it exceeded search pattern filesize limit: MHW212_trimmed_clipped_R2_paired_fastqc.html
[2025-05-20 11:02:53,978] multiqc                                            [DEBUG  ]  File ignored by nanostat because it exceeded search pattern filesize limit: MHW212_trimmed_clipped_R2_paired_fastqc.html
[2025-05-20 11:02:53,978] multiqc                                            [DEBUG  ]  File ignored by lima/summary because it exceeded search pattern filesize limit: MHW212_trimmed_clipped_R2_paired_fastqc.html
[2025-05-20 11:02:53,981] multiqc                                            [DEBUG  ]  File ignored by vep/vep_txt because it exceeded search pattern filesize limit: MHW212_trimmed_clipped_R2_paired_fastqc.html
[2025-05-20 11:02:53,981] multiqc                                            [DEBUG  ]  File ignored by longranger/invocation because it exceeded search pattern filesize limit: MHW212_trimmed_clipped_R2_paired_fastqc.html
[2025-05-20 11:02:54,053] multiqc                                            [DEBUG  ]  File ignored by ccs/v4 because it exceeded search pattern filesize limit: MHW213_trimmed_clipped_R2_paired_fastqc.html
[2025-05-20 11:02:54,055] multiqc                                            [DEBUG  ]  File ignored by hicexplorer because it exceeded search pattern filesize limit: MHW213_trimmed_clipped_R2_paired_fastqc.html
[2025-05-20 11:02:54,055] multiqc                                            [DEBUG  ]  File ignored by nanostat because it exceeded search pattern filesize limit: MHW213_trimmed_clipped_R2_paired_fastqc.html
[2025-05-20 11:02:54,055] multiqc                                            [DEBUG  ]  File ignored by lima/summary because it exceeded search pattern filesize limit: MHW213_trimmed_clipped_R2_paired_fastqc.html
[2025-05-20 11:02:54,059] multiqc                                            [DEBUG  ]  File ignored by vep/vep_txt because it exceeded search pattern filesize limit: MHW213_trimmed_clipped_R2_paired_fastqc.html
[2025-05-20 11:02:54,059] multiqc                                            [DEBUG  ]  File ignored by longranger/invocation because it exceeded search pattern filesize limit: MHW213_trimmed_clipped_R2_paired_fastqc.html
[2025-05-20 11:02:54,119] multiqc                                            [DEBUG  ]  File ignored by ccs/v4 because it exceeded search pattern filesize limit: MHW213_trimmed_clipped_R1_paired_fastqc.html
[2025-05-20 11:02:54,121] multiqc                                            [DEBUG  ]  File ignored by hicexplorer because it exceeded search pattern filesize limit: MHW213_trimmed_clipped_R1_paired_fastqc.html
[2025-05-20 11:02:54,121] multiqc                                            [DEBUG  ]  File ignored by nanostat because it exceeded search pattern filesize limit: MHW213_trimmed_clipped_R1_paired_fastqc.html
[2025-05-20 11:02:54,121] multiqc                                            [DEBUG  ]  File ignored by lima/summary because it exceeded search pattern filesize limit: MHW213_trimmed_clipped_R1_paired_fastqc.html
[2025-05-20 11:02:54,124] multiqc                                            [DEBUG  ]  File ignored by vep/vep_txt because it exceeded search pattern filesize limit: MHW213_trimmed_clipped_R1_paired_fastqc.html
[2025-05-20 11:02:54,124] multiqc                                            [DEBUG  ]  File ignored by longranger/invocation because it exceeded search pattern filesize limit: MHW213_trimmed_clipped_R1_paired_fastqc.html
[2025-05-20 11:02:54,175] multiqc                                            [DEBUG  ]  File ignored by ccs/v4 because it exceeded search pattern filesize limit: MHW214_trimmed_clipped_R1_paired_fastqc.html
[2025-05-20 11:02:54,177] multiqc                                            [DEBUG  ]  File ignored by hicexplorer because it exceeded search pattern filesize limit: MHW214_trimmed_clipped_R1_paired_fastqc.html
[2025-05-20 11:02:54,177] multiqc                                            [DEBUG  ]  File ignored by nanostat because it exceeded search pattern filesize limit: MHW214_trimmed_clipped_R1_paired_fastqc.html
[2025-05-20 11:02:54,177] multiqc                                            [DEBUG  ]  File ignored by lima/summary because it exceeded search pattern filesize limit: MHW214_trimmed_clipped_R1_paired_fastqc.html
[2025-05-20 11:02:54,181] multiqc                                            [DEBUG  ]  File ignored by vep/vep_txt because it exceeded search pattern filesize limit: MHW214_trimmed_clipped_R1_paired_fastqc.html
[2025-05-20 11:02:54,181] multiqc                                            [DEBUG  ]  File ignored by longranger/invocation because it exceeded search pattern filesize limit: MHW214_trimmed_clipped_R1_paired_fastqc.html
[2025-05-20 11:02:54,226] multiqc                                            [DEBUG  ]  File ignored by ccs/v4 because it exceeded search pattern filesize limit: MHW214_trimmed_clipped_R2_paired_fastqc.html
[2025-05-20 11:02:54,227] multiqc                                            [DEBUG  ]  File ignored by hicexplorer because it exceeded search pattern filesize limit: MHW214_trimmed_clipped_R2_paired_fastqc.html
[2025-05-20 11:02:54,228] multiqc                                            [DEBUG  ]  File ignored by nanostat because it exceeded search pattern filesize limit: MHW214_trimmed_clipped_R2_paired_fastqc.html
[2025-05-20 11:02:54,228] multiqc                                            [DEBUG  ]  File ignored by lima/summary because it exceeded search pattern filesize limit: MHW214_trimmed_clipped_R2_paired_fastqc.html
[2025-05-20 11:02:54,231] multiqc                                            [DEBUG  ]  File ignored by vep/vep_txt because it exceeded search pattern filesize limit: MHW214_trimmed_clipped_R2_paired_fastqc.html
[2025-05-20 11:02:54,231] multiqc                                            [DEBUG  ]  File ignored by longranger/invocation because it exceeded search pattern filesize limit: MHW214_trimmed_clipped_R2_paired_fastqc.html
[2025-05-20 11:02:54,297] multiqc                                            [DEBUG  ]  File ignored by ccs/v4 because it exceeded search pattern filesize limit: MHW216_trimmed_clipped_R2_paired_fastqc.html
[2025-05-20 11:02:54,299] multiqc                                            [DEBUG  ]  File ignored by hicexplorer because it exceeded search pattern filesize limit: MHW216_trimmed_clipped_R2_paired_fastqc.html
[2025-05-20 11:02:54,299] multiqc                                            [DEBUG  ]  File ignored by nanostat because it exceeded search pattern filesize limit: MHW216_trimmed_clipped_R2_paired_fastqc.html
[2025-05-20 11:02:54,299] multiqc                                            [DEBUG  ]  File ignored by lima/summary because it exceeded search pattern filesize limit: MHW216_trimmed_clipped_R2_paired_fastqc.html
[2025-05-20 11:02:54,302] multiqc                                            [DEBUG  ]  File ignored by vep/vep_txt because it exceeded search pattern filesize limit: MHW216_trimmed_clipped_R2_paired_fastqc.html
[2025-05-20 11:02:54,303] multiqc                                            [DEBUG  ]  File ignored by longranger/invocation because it exceeded search pattern filesize limit: MHW216_trimmed_clipped_R2_paired_fastqc.html
[2025-05-20 11:02:54,350] multiqc                                            [DEBUG  ]  File ignored by ccs/v4 because it exceeded search pattern filesize limit: MHW216_trimmed_clipped_R1_paired_fastqc.html
[2025-05-20 11:02:54,351] multiqc                                            [DEBUG  ]  File ignored by hicexplorer because it exceeded search pattern filesize limit: MHW216_trimmed_clipped_R1_paired_fastqc.html
[2025-05-20 11:02:54,351] multiqc                                            [DEBUG  ]  File ignored by nanostat because it exceeded search pattern filesize limit: MHW216_trimmed_clipped_R1_paired_fastqc.html
[2025-05-20 11:02:54,351] multiqc                                            [DEBUG  ]  File ignored by lima/summary because it exceeded search pattern filesize limit: MHW216_trimmed_clipped_R1_paired_fastqc.html
[2025-05-20 11:02:54,355] multiqc                                            [DEBUG  ]  File ignored by vep/vep_txt because it exceeded search pattern filesize limit: MHW216_trimmed_clipped_R1_paired_fastqc.html
[2025-05-20 11:02:54,355] multiqc                                            [DEBUG  ]  File ignored by longranger/invocation because it exceeded search pattern filesize limit: MHW216_trimmed_clipped_R1_paired_fastqc.html
[2025-05-20 11:02:54,402] multiqc                                            [DEBUG  ]  File ignored by ccs/v4 because it exceeded search pattern filesize limit: MHW215_trimmed_clipped_R2_paired_fastqc.html
[2025-05-20 11:02:54,403] multiqc                                            [DEBUG  ]  File ignored by hicexplorer because it exceeded search pattern filesize limit: MHW215_trimmed_clipped_R2_paired_fastqc.html
[2025-05-20 11:02:54,404] multiqc                                            [DEBUG  ]  File ignored by nanostat because it exceeded search pattern filesize limit: MHW215_trimmed_clipped_R2_paired_fastqc.html
[2025-05-20 11:02:54,404] multiqc                                            [DEBUG  ]  File ignored by lima/summary because it exceeded search pattern filesize limit: MHW215_trimmed_clipped_R2_paired_fastqc.html
[2025-05-20 11:02:54,407] multiqc                                            [DEBUG  ]  File ignored by vep/vep_txt because it exceeded search pattern filesize limit: MHW215_trimmed_clipped_R2_paired_fastqc.html
[2025-05-20 11:02:54,407] multiqc                                            [DEBUG  ]  File ignored by longranger/invocation because it exceeded search pattern filesize limit: MHW215_trimmed_clipped_R2_paired_fastqc.html
[2025-05-20 11:02:54,448] multiqc                                            [DEBUG  ]  File ignored by ccs/v4 because it exceeded search pattern filesize limit: MHW217_trimmed_clipped_R1_paired_fastqc.html
[2025-05-20 11:02:54,449] multiqc                                            [DEBUG  ]  File ignored by hicexplorer because it exceeded search pattern filesize limit: MHW217_trimmed_clipped_R1_paired_fastqc.html
[2025-05-20 11:02:54,450] multiqc                                            [DEBUG  ]  File ignored by nanostat because it exceeded search pattern filesize limit: MHW217_trimmed_clipped_R1_paired_fastqc.html
[2025-05-20 11:02:54,450] multiqc                                            [DEBUG  ]  File ignored by lima/summary because it exceeded search pattern filesize limit: MHW217_trimmed_clipped_R1_paired_fastqc.html
[2025-05-20 11:02:54,453] multiqc                                            [DEBUG  ]  File ignored by vep/vep_txt because it exceeded search pattern filesize limit: MHW217_trimmed_clipped_R1_paired_fastqc.html
[2025-05-20 11:02:54,453] multiqc                                            [DEBUG  ]  File ignored by longranger/invocation because it exceeded search pattern filesize limit: MHW217_trimmed_clipped_R1_paired_fastqc.html
[2025-05-20 11:02:54,502] multiqc                                            [DEBUG  ]  File ignored by ccs/v4 because it exceeded search pattern filesize limit: MHW218_trimmed_clipped_R2_paired_fastqc.html
[2025-05-20 11:02:54,503] multiqc                                            [DEBUG  ]  File ignored by hicexplorer because it exceeded search pattern filesize limit: MHW218_trimmed_clipped_R2_paired_fastqc.html
[2025-05-20 11:02:54,504] multiqc                                            [DEBUG  ]  File ignored by nanostat because it exceeded search pattern filesize limit: MHW218_trimmed_clipped_R2_paired_fastqc.html
[2025-05-20 11:02:54,504] multiqc                                            [DEBUG  ]  File ignored by lima/summary because it exceeded search pattern filesize limit: MHW218_trimmed_clipped_R2_paired_fastqc.html
[2025-05-20 11:02:54,507] multiqc                                            [DEBUG  ]  File ignored by vep/vep_txt because it exceeded search pattern filesize limit: MHW218_trimmed_clipped_R2_paired_fastqc.html
[2025-05-20 11:02:54,507] multiqc                                            [DEBUG  ]  File ignored by longranger/invocation because it exceeded search pattern filesize limit: MHW218_trimmed_clipped_R2_paired_fastqc.html
[2025-05-20 11:02:54,560] multiqc                                            [DEBUG  ]  File ignored by ccs/v4 because it exceeded search pattern filesize limit: MHW219_trimmed_clipped_R2_paired_fastqc.html
[2025-05-20 11:02:54,561] multiqc                                            [DEBUG  ]  File ignored by hicexplorer because it exceeded search pattern filesize limit: MHW219_trimmed_clipped_R2_paired_fastqc.html
[2025-05-20 11:02:54,561] multiqc                                            [DEBUG  ]  File ignored by nanostat because it exceeded search pattern filesize limit: MHW219_trimmed_clipped_R2_paired_fastqc.html
[2025-05-20 11:02:54,561] multiqc                                            [DEBUG  ]  File ignored by lima/summary because it exceeded search pattern filesize limit: MHW219_trimmed_clipped_R2_paired_fastqc.html
[2025-05-20 11:02:54,565] multiqc                                            [DEBUG  ]  File ignored by vep/vep_txt because it exceeded search pattern filesize limit: MHW219_trimmed_clipped_R2_paired_fastqc.html
[2025-05-20 11:02:54,565] multiqc                                            [DEBUG  ]  File ignored by longranger/invocation because it exceeded search pattern filesize limit: MHW219_trimmed_clipped_R2_paired_fastqc.html
[2025-05-20 11:02:54,627] multiqc                                            [DEBUG  ]  File ignored by ccs/v4 because it exceeded search pattern filesize limit: MHW219_trimmed_clipped_R1_paired_fastqc.html
[2025-05-20 11:02:54,628] multiqc                                            [DEBUG  ]  File ignored by hicexplorer because it exceeded search pattern filesize limit: MHW219_trimmed_clipped_R1_paired_fastqc.html
[2025-05-20 11:02:54,629] multiqc                                            [DEBUG  ]  File ignored by nanostat because it exceeded search pattern filesize limit: MHW219_trimmed_clipped_R1_paired_fastqc.html
[2025-05-20 11:02:54,629] multiqc                                            [DEBUG  ]  File ignored by lima/summary because it exceeded search pattern filesize limit: MHW219_trimmed_clipped_R1_paired_fastqc.html
[2025-05-20 11:02:54,632] multiqc                                            [DEBUG  ]  File ignored by vep/vep_txt because it exceeded search pattern filesize limit: MHW219_trimmed_clipped_R1_paired_fastqc.html
[2025-05-20 11:02:54,632] multiqc                                            [DEBUG  ]  File ignored by longranger/invocation because it exceeded search pattern filesize limit: MHW219_trimmed_clipped_R1_paired_fastqc.html
[2025-05-20 11:02:54,687] multiqc                                            [DEBUG  ]  File ignored by ccs/v4 because it exceeded search pattern filesize limit: MHW220_trimmed_clipped_R1_paired_fastqc.html
[2025-05-20 11:02:54,689] multiqc                                            [DEBUG  ]  File ignored by hicexplorer because it exceeded search pattern filesize limit: MHW220_trimmed_clipped_R1_paired_fastqc.html
[2025-05-20 11:02:54,689] multiqc                                            [DEBUG  ]  File ignored by nanostat because it exceeded search pattern filesize limit: MHW220_trimmed_clipped_R1_paired_fastqc.html
[2025-05-20 11:02:54,689] multiqc                                            [DEBUG  ]  File ignored by lima/summary because it exceeded search pattern filesize limit: MHW220_trimmed_clipped_R1_paired_fastqc.html
[2025-05-20 11:02:54,693] multiqc                                            [DEBUG  ]  File ignored by vep/vep_txt because it exceeded search pattern filesize limit: MHW220_trimmed_clipped_R1_paired_fastqc.html
[2025-05-20 11:02:54,693] multiqc                                            [DEBUG  ]  File ignored by longranger/invocation because it exceeded search pattern filesize limit: MHW220_trimmed_clipped_R1_paired_fastqc.html
[2025-05-20 11:02:54,765] multiqc                                            [DEBUG  ]  File ignored by ccs/v4 because it exceeded search pattern filesize limit: MHW220_trimmed_clipped_R2_paired_fastqc.html
[2025-05-20 11:02:54,767] multiqc                                            [DEBUG  ]  File ignored by hicexplorer because it exceeded search pattern filesize limit: MHW220_trimmed_clipped_R2_paired_fastqc.html
[2025-05-20 11:02:54,767] multiqc                                            [DEBUG  ]  File ignored by nanostat because it exceeded search pattern filesize limit: MHW220_trimmed_clipped_R2_paired_fastqc.html
[2025-05-20 11:02:54,767] multiqc                                            [DEBUG  ]  File ignored by lima/summary because it exceeded search pattern filesize limit: MHW220_trimmed_clipped_R2_paired_fastqc.html
[2025-05-20 11:02:54,771] multiqc                                            [DEBUG  ]  File ignored by vep/vep_txt because it exceeded search pattern filesize limit: MHW220_trimmed_clipped_R2_paired_fastqc.html
[2025-05-20 11:02:54,771] multiqc                                            [DEBUG  ]  File ignored by longranger/invocation because it exceeded search pattern filesize limit: MHW220_trimmed_clipped_R2_paired_fastqc.html
[2025-05-20 11:02:54,830] multiqc                                            [DEBUG  ]  File ignored by ccs/v4 because it exceeded search pattern filesize limit: MHW221_trimmed_clipped_R2_paired_fastqc.html
[2025-05-20 11:02:54,832] multiqc                                            [DEBUG  ]  File ignored by hicexplorer because it exceeded search pattern filesize limit: MHW221_trimmed_clipped_R2_paired_fastqc.html
[2025-05-20 11:02:54,833] multiqc                                            [DEBUG  ]  File ignored by nanostat because it exceeded search pattern filesize limit: MHW221_trimmed_clipped_R2_paired_fastqc.html
[2025-05-20 11:02:54,833] multiqc                                            [DEBUG  ]  File ignored by lima/summary because it exceeded search pattern filesize limit: MHW221_trimmed_clipped_R2_paired_fastqc.html
[2025-05-20 11:02:54,836] multiqc                                            [DEBUG  ]  File ignored by vep/vep_txt because it exceeded search pattern filesize limit: MHW221_trimmed_clipped_R2_paired_fastqc.html
[2025-05-20 11:02:54,836] multiqc                                            [DEBUG  ]  File ignored by longranger/invocation because it exceeded search pattern filesize limit: MHW221_trimmed_clipped_R2_paired_fastqc.html
[2025-05-20 11:02:54,883] multiqc                                            [DEBUG  ]  File ignored by ccs/v4 because it exceeded search pattern filesize limit: MHW221_trimmed_clipped_R1_paired_fastqc.html
[2025-05-20 11:02:54,884] multiqc                                            [DEBUG  ]  File ignored by hicexplorer because it exceeded search pattern filesize limit: MHW221_trimmed_clipped_R1_paired_fastqc.html
[2025-05-20 11:02:54,885] multiqc                                            [DEBUG  ]  File ignored by nanostat because it exceeded search pattern filesize limit: MHW221_trimmed_clipped_R1_paired_fastqc.html
[2025-05-20 11:02:54,885] multiqc                                            [DEBUG  ]  File ignored by lima/summary because it exceeded search pattern filesize limit: MHW221_trimmed_clipped_R1_paired_fastqc.html
[2025-05-20 11:02:54,888] multiqc                                            [DEBUG  ]  File ignored by vep/vep_txt because it exceeded search pattern filesize limit: MHW221_trimmed_clipped_R1_paired_fastqc.html
[2025-05-20 11:02:54,888] multiqc                                            [DEBUG  ]  File ignored by longranger/invocation because it exceeded search pattern filesize limit: MHW221_trimmed_clipped_R1_paired_fastqc.html
[2025-05-20 11:02:54,935] multiqc                                            [DEBUG  ]  File ignored by ccs/v4 because it exceeded search pattern filesize limit: MHW222_trimmed_clipped_R1_paired_fastqc.html
[2025-05-20 11:02:54,937] multiqc                                            [DEBUG  ]  File ignored by hicexplorer because it exceeded search pattern filesize limit: MHW222_trimmed_clipped_R1_paired_fastqc.html
[2025-05-20 11:02:54,937] multiqc                                            [DEBUG  ]  File ignored by nanostat because it exceeded search pattern filesize limit: MHW222_trimmed_clipped_R1_paired_fastqc.html
[2025-05-20 11:02:54,937] multiqc                                            [DEBUG  ]  File ignored by lima/summary because it exceeded search pattern filesize limit: MHW222_trimmed_clipped_R1_paired_fastqc.html
[2025-05-20 11:02:54,940] multiqc                                            [DEBUG  ]  File ignored by vep/vep_txt because it exceeded search pattern filesize limit: MHW222_trimmed_clipped_R1_paired_fastqc.html
[2025-05-20 11:02:54,940] multiqc                                            [DEBUG  ]  File ignored by longranger/invocation because it exceeded search pattern filesize limit: MHW222_trimmed_clipped_R1_paired_fastqc.html
[2025-05-20 11:02:54,978] multiqc                                            [DEBUG  ]  File ignored by ccs/v4 because it exceeded search pattern filesize limit: MHW222_trimmed_clipped_R2_paired_fastqc.html
[2025-05-20 11:02:54,980] multiqc                                            [DEBUG  ]  File ignored by hicexplorer because it exceeded search pattern filesize limit: MHW222_trimmed_clipped_R2_paired_fastqc.html
[2025-05-20 11:02:54,980] multiqc                                            [DEBUG  ]  File ignored by nanostat because it exceeded search pattern filesize limit: MHW222_trimmed_clipped_R2_paired_fastqc.html
[2025-05-20 11:02:54,980] multiqc                                            [DEBUG  ]  File ignored by lima/summary because it exceeded search pattern filesize limit: MHW222_trimmed_clipped_R2_paired_fastqc.html
[2025-05-20 11:02:54,984] multiqc                                            [DEBUG  ]  File ignored by vep/vep_txt because it exceeded search pattern filesize limit: MHW222_trimmed_clipped_R2_paired_fastqc.html
[2025-05-20 11:02:54,984] multiqc                                            [DEBUG  ]  File ignored by longranger/invocation because it exceeded search pattern filesize limit: MHW222_trimmed_clipped_R2_paired_fastqc.html
[2025-05-20 11:02:55,030] multiqc                                            [DEBUG  ]  File ignored by ccs/v4 because it exceeded search pattern filesize limit: MHW223_trimmed_clipped_R1_paired_fastqc.html
[2025-05-20 11:02:55,031] multiqc                                            [DEBUG  ]  File ignored by hicexplorer because it exceeded search pattern filesize limit: MHW223_trimmed_clipped_R1_paired_fastqc.html
[2025-05-20 11:02:55,032] multiqc                                            [DEBUG  ]  File ignored by nanostat because it exceeded search pattern filesize limit: MHW223_trimmed_clipped_R1_paired_fastqc.html
[2025-05-20 11:02:55,032] multiqc                                            [DEBUG  ]  File ignored by lima/summary because it exceeded search pattern filesize limit: MHW223_trimmed_clipped_R1_paired_fastqc.html
[2025-05-20 11:02:55,035] multiqc                                            [DEBUG  ]  File ignored by vep/vep_txt because it exceeded search pattern filesize limit: MHW223_trimmed_clipped_R1_paired_fastqc.html
[2025-05-20 11:02:55,035] multiqc                                            [DEBUG  ]  File ignored by longranger/invocation because it exceeded search pattern filesize limit: MHW223_trimmed_clipped_R1_paired_fastqc.html
[2025-05-20 11:02:55,087] multiqc                                            [DEBUG  ]  File ignored by ccs/v4 because it exceeded search pattern filesize limit: MHW218_trimmed_clipped_R1_paired_fastqc.html
[2025-05-20 11:02:55,089] multiqc                                            [DEBUG  ]  File ignored by hicexplorer because it exceeded search pattern filesize limit: MHW218_trimmed_clipped_R1_paired_fastqc.html
[2025-05-20 11:02:55,089] multiqc                                            [DEBUG  ]  File ignored by nanostat because it exceeded search pattern filesize limit: MHW218_trimmed_clipped_R1_paired_fastqc.html
[2025-05-20 11:02:55,089] multiqc                                            [DEBUG  ]  File ignored by lima/summary because it exceeded search pattern filesize limit: MHW218_trimmed_clipped_R1_paired_fastqc.html
[2025-05-20 11:02:55,093] multiqc                                            [DEBUG  ]  File ignored by vep/vep_txt because it exceeded search pattern filesize limit: MHW218_trimmed_clipped_R1_paired_fastqc.html
[2025-05-20 11:02:55,093] multiqc                                            [DEBUG  ]  File ignored by longranger/invocation because it exceeded search pattern filesize limit: MHW218_trimmed_clipped_R1_paired_fastqc.html
[2025-05-20 11:02:55,144] multiqc                                            [DEBUG  ]  File ignored by ccs/v4 because it exceeded search pattern filesize limit: MHW215_trimmed_clipped_R1_paired_fastqc.html
[2025-05-20 11:02:55,146] multiqc                                            [DEBUG  ]  File ignored by hicexplorer because it exceeded search pattern filesize limit: MHW215_trimmed_clipped_R1_paired_fastqc.html
[2025-05-20 11:02:55,146] multiqc                                            [DEBUG  ]  File ignored by nanostat because it exceeded search pattern filesize limit: MHW215_trimmed_clipped_R1_paired_fastqc.html
[2025-05-20 11:02:55,146] multiqc                                            [DEBUG  ]  File ignored by lima/summary because it exceeded search pattern filesize limit: MHW215_trimmed_clipped_R1_paired_fastqc.html
[2025-05-20 11:02:55,149] multiqc                                            [DEBUG  ]  File ignored by vep/vep_txt because it exceeded search pattern filesize limit: MHW215_trimmed_clipped_R1_paired_fastqc.html
[2025-05-20 11:02:55,150] multiqc                                            [DEBUG  ]  File ignored by longranger/invocation because it exceeded search pattern filesize limit: MHW215_trimmed_clipped_R1_paired_fastqc.html
[2025-05-20 11:02:55,186] multiqc                                            [DEBUG  ]  File ignored by ccs/v4 because it exceeded search pattern filesize limit: MHW223_trimmed_clipped_R2_paired_fastqc.html
[2025-05-20 11:02:55,188] multiqc                                            [DEBUG  ]  File ignored by hicexplorer because it exceeded search pattern filesize limit: MHW223_trimmed_clipped_R2_paired_fastqc.html
[2025-05-20 11:02:55,188] multiqc                                            [DEBUG  ]  File ignored by nanostat because it exceeded search pattern filesize limit: MHW223_trimmed_clipped_R2_paired_fastqc.html
[2025-05-20 11:02:55,188] multiqc                                            [DEBUG  ]  File ignored by lima/summary because it exceeded search pattern filesize limit: MHW223_trimmed_clipped_R2_paired_fastqc.html
[2025-05-20 11:02:55,191] multiqc                                            [DEBUG  ]  File ignored by vep/vep_txt because it exceeded search pattern filesize limit: MHW223_trimmed_clipped_R2_paired_fastqc.html
[2025-05-20 11:02:55,191] multiqc                                            [DEBUG  ]  File ignored by longranger/invocation because it exceeded search pattern filesize limit: MHW223_trimmed_clipped_R2_paired_fastqc.html
[2025-05-20 11:02:55,229] multiqc                                            [DEBUG  ]  File ignored by ccs/v4 because it exceeded search pattern filesize limit: MHW217_trimmed_clipped_R2_paired_fastqc.html
[2025-05-20 11:02:55,230] multiqc                                            [DEBUG  ]  File ignored by hicexplorer because it exceeded search pattern filesize limit: MHW217_trimmed_clipped_R2_paired_fastqc.html
[2025-05-20 11:02:55,230] multiqc                                            [DEBUG  ]  File ignored by nanostat because it exceeded search pattern filesize limit: MHW217_trimmed_clipped_R2_paired_fastqc.html
[2025-05-20 11:02:55,230] multiqc                                            [DEBUG  ]  File ignored by lima/summary because it exceeded search pattern filesize limit: MHW217_trimmed_clipped_R2_paired_fastqc.html
[2025-05-20 11:02:55,234] multiqc                                            [DEBUG  ]  File ignored by vep/vep_txt because it exceeded search pattern filesize limit: MHW217_trimmed_clipped_R2_paired_fastqc.html
[2025-05-20 11:02:55,234] multiqc                                            [DEBUG  ]  File ignored by longranger/invocation because it exceeded search pattern filesize limit: MHW217_trimmed_clipped_R2_paired_fastqc.html
[2025-05-20 11:02:55,296] multiqc                                            [DEBUG  ]  File ignored by ccs/v4 because it exceeded search pattern filesize limit: MHW224_trimmed_clipped_R1_paired_fastqc.html
[2025-05-20 11:02:55,298] multiqc                                            [DEBUG  ]  File ignored by hicexplorer because it exceeded search pattern filesize limit: MHW224_trimmed_clipped_R1_paired_fastqc.html
[2025-05-20 11:02:55,298] multiqc                                            [DEBUG  ]  File ignored by nanostat because it exceeded search pattern filesize limit: MHW224_trimmed_clipped_R1_paired_fastqc.html
[2025-05-20 11:02:55,298] multiqc                                            [DEBUG  ]  File ignored by lima/summary because it exceeded search pattern filesize limit: MHW224_trimmed_clipped_R1_paired_fastqc.html
[2025-05-20 11:02:55,302] multiqc                                            [DEBUG  ]  File ignored by vep/vep_txt because it exceeded search pattern filesize limit: MHW224_trimmed_clipped_R1_paired_fastqc.html
[2025-05-20 11:02:55,302] multiqc                                            [DEBUG  ]  File ignored by longranger/invocation because it exceeded search pattern filesize limit: MHW224_trimmed_clipped_R1_paired_fastqc.html
[2025-05-20 11:02:55,345] multiqc                                            [DEBUG  ]  File ignored by ccs/v4 because it exceeded search pattern filesize limit: MHW224_trimmed_clipped_R2_paired_fastqc.html
[2025-05-20 11:02:55,347] multiqc                                            [DEBUG  ]  File ignored by hicexplorer because it exceeded search pattern filesize limit: MHW224_trimmed_clipped_R2_paired_fastqc.html
[2025-05-20 11:02:55,347] multiqc                                            [DEBUG  ]  File ignored by nanostat because it exceeded search pattern filesize limit: MHW224_trimmed_clipped_R2_paired_fastqc.html
[2025-05-20 11:02:55,347] multiqc                                            [DEBUG  ]  File ignored by lima/summary because it exceeded search pattern filesize limit: MHW224_trimmed_clipped_R2_paired_fastqc.html
[2025-05-20 11:02:55,350] multiqc                                            [DEBUG  ]  File ignored by vep/vep_txt because it exceeded search pattern filesize limit: MHW224_trimmed_clipped_R2_paired_fastqc.html
[2025-05-20 11:02:55,350] multiqc                                            [DEBUG  ]  File ignored by longranger/invocation because it exceeded search pattern filesize limit: MHW224_trimmed_clipped_R2_paired_fastqc.html
[2025-05-20 11:02:55,417] multiqc                                            [DEBUG  ]  File ignored by ccs/v4 because it exceeded search pattern filesize limit: MHW225_trimmed_clipped_R1_paired_fastqc.html
[2025-05-20 11:02:55,419] multiqc                                            [DEBUG  ]  File ignored by hicexplorer because it exceeded search pattern filesize limit: MHW225_trimmed_clipped_R1_paired_fastqc.html
[2025-05-20 11:02:55,419] multiqc                                            [DEBUG  ]  File ignored by nanostat because it exceeded search pattern filesize limit: MHW225_trimmed_clipped_R1_paired_fastqc.html
[2025-05-20 11:02:55,419] multiqc                                            [DEBUG  ]  File ignored by lima/summary because it exceeded search pattern filesize limit: MHW225_trimmed_clipped_R1_paired_fastqc.html
[2025-05-20 11:02:55,422] multiqc                                            [DEBUG  ]  File ignored by vep/vep_txt because it exceeded search pattern filesize limit: MHW225_trimmed_clipped_R1_paired_fastqc.html
[2025-05-20 11:02:55,422] multiqc                                            [DEBUG  ]  File ignored by longranger/invocation because it exceeded search pattern filesize limit: MHW225_trimmed_clipped_R1_paired_fastqc.html
[2025-05-20 11:02:55,479] multiqc                                            [DEBUG  ]  File ignored by ccs/v4 because it exceeded search pattern filesize limit: MHW225_trimmed_clipped_R2_paired_fastqc.html
[2025-05-20 11:02:55,481] multiqc                                            [DEBUG  ]  File ignored by hicexplorer because it exceeded search pattern filesize limit: MHW225_trimmed_clipped_R2_paired_fastqc.html
[2025-05-20 11:02:55,481] multiqc                                            [DEBUG  ]  File ignored by nanostat because it exceeded search pattern filesize limit: MHW225_trimmed_clipped_R2_paired_fastqc.html
[2025-05-20 11:02:55,481] multiqc                                            [DEBUG  ]  File ignored by lima/summary because it exceeded search pattern filesize limit: MHW225_trimmed_clipped_R2_paired_fastqc.html
[2025-05-20 11:02:55,484] multiqc                                            [DEBUG  ]  File ignored by vep/vep_txt because it exceeded search pattern filesize limit: MHW225_trimmed_clipped_R2_paired_fastqc.html
[2025-05-20 11:02:55,484] multiqc                                            [DEBUG  ]  File ignored by longranger/invocation because it exceeded search pattern filesize limit: MHW225_trimmed_clipped_R2_paired_fastqc.html
[2025-05-20 11:02:55,545] multiqc                                            [DEBUG  ]  File ignored by ccs/v4 because it exceeded search pattern filesize limit: MHW226_trimmed_clipped_R1_paired_fastqc.html
[2025-05-20 11:02:55,547] multiqc                                            [DEBUG  ]  File ignored by hicexplorer because it exceeded search pattern filesize limit: MHW226_trimmed_clipped_R1_paired_fastqc.html
[2025-05-20 11:02:55,547] multiqc                                            [DEBUG  ]  File ignored by nanostat because it exceeded search pattern filesize limit: MHW226_trimmed_clipped_R1_paired_fastqc.html
[2025-05-20 11:02:55,547] multiqc                                            [DEBUG  ]  File ignored by lima/summary because it exceeded search pattern filesize limit: MHW226_trimmed_clipped_R1_paired_fastqc.html
[2025-05-20 11:02:55,550] multiqc                                            [DEBUG  ]  File ignored by vep/vep_txt because it exceeded search pattern filesize limit: MHW226_trimmed_clipped_R1_paired_fastqc.html
[2025-05-20 11:02:55,550] multiqc                                            [DEBUG  ]  File ignored by longranger/invocation because it exceeded search pattern filesize limit: MHW226_trimmed_clipped_R1_paired_fastqc.html
[2025-05-20 11:02:55,596] multiqc                                            [DEBUG  ]  File ignored by ccs/v4 because it exceeded search pattern filesize limit: MHW226_trimmed_clipped_R2_paired_fastqc.html
[2025-05-20 11:02:55,598] multiqc                                            [DEBUG  ]  File ignored by hicexplorer because it exceeded search pattern filesize limit: MHW226_trimmed_clipped_R2_paired_fastqc.html
[2025-05-20 11:02:55,598] multiqc                                            [DEBUG  ]  File ignored by nanostat because it exceeded search pattern filesize limit: MHW226_trimmed_clipped_R2_paired_fastqc.html
[2025-05-20 11:02:55,598] multiqc                                            [DEBUG  ]  File ignored by lima/summary because it exceeded search pattern filesize limit: MHW226_trimmed_clipped_R2_paired_fastqc.html
[2025-05-20 11:02:55,602] multiqc                                            [DEBUG  ]  File ignored by vep/vep_txt because it exceeded search pattern filesize limit: MHW226_trimmed_clipped_R2_paired_fastqc.html
[2025-05-20 11:02:55,602] multiqc                                            [DEBUG  ]  File ignored by longranger/invocation because it exceeded search pattern filesize limit: MHW226_trimmed_clipped_R2_paired_fastqc.html
[2025-05-20 11:02:55,654] multiqc                                            [DEBUG  ]  File ignored by ccs/v4 because it exceeded search pattern filesize limit: MHW227_trimmed_clipped_R2_paired_fastqc.html
[2025-05-20 11:02:55,655] multiqc                                            [DEBUG  ]  File ignored by hicexplorer because it exceeded search pattern filesize limit: MHW227_trimmed_clipped_R2_paired_fastqc.html
[2025-05-20 11:02:55,656] multiqc                                            [DEBUG  ]  File ignored by nanostat because it exceeded search pattern filesize limit: MHW227_trimmed_clipped_R2_paired_fastqc.html
[2025-05-20 11:02:55,656] multiqc                                            [DEBUG  ]  File ignored by lima/summary because it exceeded search pattern filesize limit: MHW227_trimmed_clipped_R2_paired_fastqc.html
[2025-05-20 11:02:55,659] multiqc                                            [DEBUG  ]  File ignored by vep/vep_txt because it exceeded search pattern filesize limit: MHW227_trimmed_clipped_R2_paired_fastqc.html
[2025-05-20 11:02:55,659] multiqc                                            [DEBUG  ]  File ignored by longranger/invocation because it exceeded search pattern filesize limit: MHW227_trimmed_clipped_R2_paired_fastqc.html
[2025-05-20 11:02:55,707] multiqc                                            [DEBUG  ]  File ignored by ccs/v4 because it exceeded search pattern filesize limit: MHW227_trimmed_clipped_R1_paired_fastqc.html
[2025-05-20 11:02:55,708] multiqc                                            [DEBUG  ]  File ignored by hicexplorer because it exceeded search pattern filesize limit: MHW227_trimmed_clipped_R1_paired_fastqc.html
[2025-05-20 11:02:55,709] multiqc                                            [DEBUG  ]  File ignored by nanostat because it exceeded search pattern filesize limit: MHW227_trimmed_clipped_R1_paired_fastqc.html
[2025-05-20 11:02:55,709] multiqc                                            [DEBUG  ]  File ignored by lima/summary because it exceeded search pattern filesize limit: MHW227_trimmed_clipped_R1_paired_fastqc.html
[2025-05-20 11:02:55,712] multiqc                                            [DEBUG  ]  File ignored by vep/vep_txt because it exceeded search pattern filesize limit: MHW227_trimmed_clipped_R1_paired_fastqc.html
[2025-05-20 11:02:55,712] multiqc                                            [DEBUG  ]  File ignored by longranger/invocation because it exceeded search pattern filesize limit: MHW227_trimmed_clipped_R1_paired_fastqc.html
[2025-05-20 11:02:55,770] multiqc                                            [DEBUG  ]  File ignored by ccs/v4 because it exceeded search pattern filesize limit: MHW229_trimmed_clipped_R1_paired_fastqc.html
[2025-05-20 11:02:55,772] multiqc                                            [DEBUG  ]  File ignored by hicexplorer because it exceeded search pattern filesize limit: MHW229_trimmed_clipped_R1_paired_fastqc.html
[2025-05-20 11:02:55,772] multiqc                                            [DEBUG  ]  File ignored by nanostat because it exceeded search pattern filesize limit: MHW229_trimmed_clipped_R1_paired_fastqc.html
[2025-05-20 11:02:55,772] multiqc                                            [DEBUG  ]  File ignored by lima/summary because it exceeded search pattern filesize limit: MHW229_trimmed_clipped_R1_paired_fastqc.html
[2025-05-20 11:02:55,775] multiqc                                            [DEBUG  ]  File ignored by vep/vep_txt because it exceeded search pattern filesize limit: MHW229_trimmed_clipped_R1_paired_fastqc.html
[2025-05-20 11:02:55,775] multiqc                                            [DEBUG  ]  File ignored by longranger/invocation because it exceeded search pattern filesize limit: MHW229_trimmed_clipped_R1_paired_fastqc.html
[2025-05-20 11:02:55,827] multiqc                                            [DEBUG  ]  File ignored by ccs/v4 because it exceeded search pattern filesize limit: MHW230_trimmed_clipped_R1_paired_fastqc.html
[2025-05-20 11:02:55,828] multiqc                                            [DEBUG  ]  File ignored by hicexplorer because it exceeded search pattern filesize limit: MHW230_trimmed_clipped_R1_paired_fastqc.html
[2025-05-20 11:02:55,829] multiqc                                            [DEBUG  ]  File ignored by nanostat because it exceeded search pattern filesize limit: MHW230_trimmed_clipped_R1_paired_fastqc.html
[2025-05-20 11:02:55,829] multiqc                                            [DEBUG  ]  File ignored by lima/summary because it exceeded search pattern filesize limit: MHW230_trimmed_clipped_R1_paired_fastqc.html
[2025-05-20 11:02:55,832] multiqc                                            [DEBUG  ]  File ignored by vep/vep_txt because it exceeded search pattern filesize limit: MHW230_trimmed_clipped_R1_paired_fastqc.html
[2025-05-20 11:02:55,832] multiqc                                            [DEBUG  ]  File ignored by longranger/invocation because it exceeded search pattern filesize limit: MHW230_trimmed_clipped_R1_paired_fastqc.html
[2025-05-20 11:02:55,886] multiqc                                            [DEBUG  ]  File ignored by ccs/v4 because it exceeded search pattern filesize limit: MHW231_trimmed_clipped_R1_paired_fastqc.html
[2025-05-20 11:02:55,888] multiqc                                            [DEBUG  ]  File ignored by hicexplorer because it exceeded search pattern filesize limit: MHW231_trimmed_clipped_R1_paired_fastqc.html
[2025-05-20 11:02:55,888] multiqc                                            [DEBUG  ]  File ignored by nanostat because it exceeded search pattern filesize limit: MHW231_trimmed_clipped_R1_paired_fastqc.html
[2025-05-20 11:02:55,888] multiqc                                            [DEBUG  ]  File ignored by lima/summary because it exceeded search pattern filesize limit: MHW231_trimmed_clipped_R1_paired_fastqc.html
[2025-05-20 11:02:55,891] multiqc                                            [DEBUG  ]  File ignored by vep/vep_txt because it exceeded search pattern filesize limit: MHW231_trimmed_clipped_R1_paired_fastqc.html
[2025-05-20 11:02:55,891] multiqc                                            [DEBUG  ]  File ignored by longranger/invocation because it exceeded search pattern filesize limit: MHW231_trimmed_clipped_R1_paired_fastqc.html
[2025-05-20 11:02:55,932] multiqc                                            [DEBUG  ]  File ignored by ccs/v4 because it exceeded search pattern filesize limit: MHW230_trimmed_clipped_R2_paired_fastqc.html
[2025-05-20 11:02:55,934] multiqc                                            [DEBUG  ]  File ignored by hicexplorer because it exceeded search pattern filesize limit: MHW230_trimmed_clipped_R2_paired_fastqc.html
[2025-05-20 11:02:55,934] multiqc                                            [DEBUG  ]  File ignored by nanostat because it exceeded search pattern filesize limit: MHW230_trimmed_clipped_R2_paired_fastqc.html
[2025-05-20 11:02:55,934] multiqc                                            [DEBUG  ]  File ignored by lima/summary because it exceeded search pattern filesize limit: MHW230_trimmed_clipped_R2_paired_fastqc.html
[2025-05-20 11:02:55,938] multiqc                                            [DEBUG  ]  File ignored by vep/vep_txt because it exceeded search pattern filesize limit: MHW230_trimmed_clipped_R2_paired_fastqc.html
[2025-05-20 11:02:55,938] multiqc                                            [DEBUG  ]  File ignored by longranger/invocation because it exceeded search pattern filesize limit: MHW230_trimmed_clipped_R2_paired_fastqc.html
[2025-05-20 11:02:55,975] multiqc                                            [DEBUG  ]  File ignored by ccs/v4 because it exceeded search pattern filesize limit: MHW231_trimmed_clipped_R2_paired_fastqc.html
[2025-05-20 11:02:55,977] multiqc                                            [DEBUG  ]  File ignored by hicexplorer because it exceeded search pattern filesize limit: MHW231_trimmed_clipped_R2_paired_fastqc.html
[2025-05-20 11:02:55,977] multiqc                                            [DEBUG  ]  File ignored by nanostat because it exceeded search pattern filesize limit: MHW231_trimmed_clipped_R2_paired_fastqc.html
[2025-05-20 11:02:55,977] multiqc                                            [DEBUG  ]  File ignored by lima/summary because it exceeded search pattern filesize limit: MHW231_trimmed_clipped_R2_paired_fastqc.html
[2025-05-20 11:02:55,980] multiqc                                            [DEBUG  ]  File ignored by vep/vep_txt because it exceeded search pattern filesize limit: MHW231_trimmed_clipped_R2_paired_fastqc.html
[2025-05-20 11:02:55,980] multiqc                                            [DEBUG  ]  File ignored by longranger/invocation because it exceeded search pattern filesize limit: MHW231_trimmed_clipped_R2_paired_fastqc.html
[2025-05-20 11:02:56,029] multiqc                                            [DEBUG  ]  File ignored by ccs/v4 because it exceeded search pattern filesize limit: MHW232_trimmed_clipped_R1_paired_fastqc.html
[2025-05-20 11:02:56,030] multiqc                                            [DEBUG  ]  File ignored by hicexplorer because it exceeded search pattern filesize limit: MHW232_trimmed_clipped_R1_paired_fastqc.html
[2025-05-20 11:02:56,031] multiqc                                            [DEBUG  ]  File ignored by nanostat because it exceeded search pattern filesize limit: MHW232_trimmed_clipped_R1_paired_fastqc.html
[2025-05-20 11:02:56,031] multiqc                                            [DEBUG  ]  File ignored by lima/summary because it exceeded search pattern filesize limit: MHW232_trimmed_clipped_R1_paired_fastqc.html
[2025-05-20 11:02:56,034] multiqc                                            [DEBUG  ]  File ignored by vep/vep_txt because it exceeded search pattern filesize limit: MHW232_trimmed_clipped_R1_paired_fastqc.html
[2025-05-20 11:02:56,034] multiqc                                            [DEBUG  ]  File ignored by longranger/invocation because it exceeded search pattern filesize limit: MHW232_trimmed_clipped_R1_paired_fastqc.html
[2025-05-20 11:02:56,072] multiqc                                            [DEBUG  ]  File ignored by ccs/v4 because it exceeded search pattern filesize limit: MHW232_trimmed_clipped_R2_paired_fastqc.html
[2025-05-20 11:02:56,074] multiqc                                            [DEBUG  ]  File ignored by hicexplorer because it exceeded search pattern filesize limit: MHW232_trimmed_clipped_R2_paired_fastqc.html
[2025-05-20 11:02:56,074] multiqc                                            [DEBUG  ]  File ignored by nanostat because it exceeded search pattern filesize limit: MHW232_trimmed_clipped_R2_paired_fastqc.html
[2025-05-20 11:02:56,074] multiqc                                            [DEBUG  ]  File ignored by lima/summary because it exceeded search pattern filesize limit: MHW232_trimmed_clipped_R2_paired_fastqc.html
[2025-05-20 11:02:56,077] multiqc                                            [DEBUG  ]  File ignored by vep/vep_txt because it exceeded search pattern filesize limit: MHW232_trimmed_clipped_R2_paired_fastqc.html
[2025-05-20 11:02:56,077] multiqc                                            [DEBUG  ]  File ignored by longranger/invocation because it exceeded search pattern filesize limit: MHW232_trimmed_clipped_R2_paired_fastqc.html
[2025-05-20 11:02:56,115] multiqc                                            [DEBUG  ]  File ignored by ccs/v4 because it exceeded search pattern filesize limit: MHW233_trimmed_clipped_R1_paired_fastqc.html
[2025-05-20 11:02:56,117] multiqc                                            [DEBUG  ]  File ignored by hicexplorer because it exceeded search pattern filesize limit: MHW233_trimmed_clipped_R1_paired_fastqc.html
[2025-05-20 11:02:56,117] multiqc                                            [DEBUG  ]  File ignored by nanostat because it exceeded search pattern filesize limit: MHW233_trimmed_clipped_R1_paired_fastqc.html
[2025-05-20 11:02:56,117] multiqc                                            [DEBUG  ]  File ignored by lima/summary because it exceeded search pattern filesize limit: MHW233_trimmed_clipped_R1_paired_fastqc.html
[2025-05-20 11:02:56,120] multiqc                                            [DEBUG  ]  File ignored by vep/vep_txt because it exceeded search pattern filesize limit: MHW233_trimmed_clipped_R1_paired_fastqc.html
[2025-05-20 11:02:56,120] multiqc                                            [DEBUG  ]  File ignored by longranger/invocation because it exceeded search pattern filesize limit: MHW233_trimmed_clipped_R1_paired_fastqc.html
[2025-05-20 11:02:56,169] multiqc                                            [DEBUG  ]  File ignored by ccs/v4 because it exceeded search pattern filesize limit: MHW233_trimmed_clipped_R2_paired_fastqc.html
[2025-05-20 11:02:56,171] multiqc                                            [DEBUG  ]  File ignored by hicexplorer because it exceeded search pattern filesize limit: MHW233_trimmed_clipped_R2_paired_fastqc.html
[2025-05-20 11:02:56,171] multiqc                                            [DEBUG  ]  File ignored by nanostat because it exceeded search pattern filesize limit: MHW233_trimmed_clipped_R2_paired_fastqc.html
[2025-05-20 11:02:56,171] multiqc                                            [DEBUG  ]  File ignored by lima/summary because it exceeded search pattern filesize limit: MHW233_trimmed_clipped_R2_paired_fastqc.html
[2025-05-20 11:02:56,175] multiqc                                            [DEBUG  ]  File ignored by vep/vep_txt because it exceeded search pattern filesize limit: MHW233_trimmed_clipped_R2_paired_fastqc.html
[2025-05-20 11:02:56,175] multiqc                                            [DEBUG  ]  File ignored by longranger/invocation because it exceeded search pattern filesize limit: MHW233_trimmed_clipped_R2_paired_fastqc.html
[2025-05-20 11:02:56,226] multiqc                                            [DEBUG  ]  File ignored by ccs/v4 because it exceeded search pattern filesize limit: MHW234_trimmed_clipped_R1_paired_fastqc.html
[2025-05-20 11:02:56,228] multiqc                                            [DEBUG  ]  File ignored by hicexplorer because it exceeded search pattern filesize limit: MHW234_trimmed_clipped_R1_paired_fastqc.html
[2025-05-20 11:02:56,228] multiqc                                            [DEBUG  ]  File ignored by nanostat because it exceeded search pattern filesize limit: MHW234_trimmed_clipped_R1_paired_fastqc.html
[2025-05-20 11:02:56,228] multiqc                                            [DEBUG  ]  File ignored by lima/summary because it exceeded search pattern filesize limit: MHW234_trimmed_clipped_R1_paired_fastqc.html
[2025-05-20 11:02:56,231] multiqc                                            [DEBUG  ]  File ignored by vep/vep_txt because it exceeded search pattern filesize limit: MHW234_trimmed_clipped_R1_paired_fastqc.html
[2025-05-20 11:02:56,231] multiqc                                            [DEBUG  ]  File ignored by longranger/invocation because it exceeded search pattern filesize limit: MHW234_trimmed_clipped_R1_paired_fastqc.html
[2025-05-20 11:02:56,282] multiqc                                            [DEBUG  ]  File ignored by ccs/v4 because it exceeded search pattern filesize limit: MHW235_trimmed_clipped_R2_paired_fastqc.html
[2025-05-20 11:02:56,284] multiqc                                            [DEBUG  ]  File ignored by hicexplorer because it exceeded search pattern filesize limit: MHW235_trimmed_clipped_R2_paired_fastqc.html
[2025-05-20 11:02:56,284] multiqc                                            [DEBUG  ]  File ignored by nanostat because it exceeded search pattern filesize limit: MHW235_trimmed_clipped_R2_paired_fastqc.html
[2025-05-20 11:02:56,284] multiqc                                            [DEBUG  ]  File ignored by lima/summary because it exceeded search pattern filesize limit: MHW235_trimmed_clipped_R2_paired_fastqc.html
[2025-05-20 11:02:56,287] multiqc                                            [DEBUG  ]  File ignored by vep/vep_txt because it exceeded search pattern filesize limit: MHW235_trimmed_clipped_R2_paired_fastqc.html
[2025-05-20 11:02:56,287] multiqc                                            [DEBUG  ]  File ignored by longranger/invocation because it exceeded search pattern filesize limit: MHW235_trimmed_clipped_R2_paired_fastqc.html
[2025-05-20 11:02:56,334] multiqc                                            [DEBUG  ]  File ignored by ccs/v4 because it exceeded search pattern filesize limit: MHW235_trimmed_clipped_R1_paired_fastqc.html
[2025-05-20 11:02:56,336] multiqc                                            [DEBUG  ]  File ignored by hicexplorer because it exceeded search pattern filesize limit: MHW235_trimmed_clipped_R1_paired_fastqc.html
[2025-05-20 11:02:56,336] multiqc                                            [DEBUG  ]  File ignored by nanostat because it exceeded search pattern filesize limit: MHW235_trimmed_clipped_R1_paired_fastqc.html
[2025-05-20 11:02:56,336] multiqc                                            [DEBUG  ]  File ignored by lima/summary because it exceeded search pattern filesize limit: MHW235_trimmed_clipped_R1_paired_fastqc.html
[2025-05-20 11:02:56,339] multiqc                                            [DEBUG  ]  File ignored by vep/vep_txt because it exceeded search pattern filesize limit: MHW235_trimmed_clipped_R1_paired_fastqc.html
[2025-05-20 11:02:56,340] multiqc                                            [DEBUG  ]  File ignored by longranger/invocation because it exceeded search pattern filesize limit: MHW235_trimmed_clipped_R1_paired_fastqc.html
[2025-05-20 11:02:56,377] multiqc                                            [DEBUG  ]  File ignored by ccs/v4 because it exceeded search pattern filesize limit: MHW234_trimmed_clipped_R2_paired_fastqc.html
[2025-05-20 11:02:56,379] multiqc                                            [DEBUG  ]  File ignored by hicexplorer because it exceeded search pattern filesize limit: MHW234_trimmed_clipped_R2_paired_fastqc.html
[2025-05-20 11:02:56,379] multiqc                                            [DEBUG  ]  File ignored by nanostat because it exceeded search pattern filesize limit: MHW234_trimmed_clipped_R2_paired_fastqc.html
[2025-05-20 11:02:56,379] multiqc                                            [DEBUG  ]  File ignored by lima/summary because it exceeded search pattern filesize limit: MHW234_trimmed_clipped_R2_paired_fastqc.html
[2025-05-20 11:02:56,383] multiqc                                            [DEBUG  ]  File ignored by vep/vep_txt because it exceeded search pattern filesize limit: MHW234_trimmed_clipped_R2_paired_fastqc.html
[2025-05-20 11:02:56,383] multiqc                                            [DEBUG  ]  File ignored by longranger/invocation because it exceeded search pattern filesize limit: MHW234_trimmed_clipped_R2_paired_fastqc.html
[2025-05-20 11:02:56,421] multiqc                                            [DEBUG  ]  File ignored by ccs/v4 because it exceeded search pattern filesize limit: MHW228_trimmed_clipped_R1_paired_fastqc.html
[2025-05-20 11:02:56,422] multiqc                                            [DEBUG  ]  File ignored by hicexplorer because it exceeded search pattern filesize limit: MHW228_trimmed_clipped_R1_paired_fastqc.html
[2025-05-20 11:02:56,422] multiqc                                            [DEBUG  ]  File ignored by nanostat because it exceeded search pattern filesize limit: MHW228_trimmed_clipped_R1_paired_fastqc.html
[2025-05-20 11:02:56,422] multiqc                                            [DEBUG  ]  File ignored by lima/summary because it exceeded search pattern filesize limit: MHW228_trimmed_clipped_R1_paired_fastqc.html
[2025-05-20 11:02:56,426] multiqc                                            [DEBUG  ]  File ignored by vep/vep_txt because it exceeded search pattern filesize limit: MHW228_trimmed_clipped_R1_paired_fastqc.html
[2025-05-20 11:02:56,426] multiqc                                            [DEBUG  ]  File ignored by longranger/invocation because it exceeded search pattern filesize limit: MHW228_trimmed_clipped_R1_paired_fastqc.html
[2025-05-20 11:02:56,476] multiqc                                            [DEBUG  ]  File ignored by ccs/v4 because it exceeded search pattern filesize limit: MHW236_trimmed_clipped_R1_paired_fastqc.html
[2025-05-20 11:02:56,478] multiqc                                            [DEBUG  ]  File ignored by hicexplorer because it exceeded search pattern filesize limit: MHW236_trimmed_clipped_R1_paired_fastqc.html
[2025-05-20 11:02:56,478] multiqc                                            [DEBUG  ]  File ignored by nanostat because it exceeded search pattern filesize limit: MHW236_trimmed_clipped_R1_paired_fastqc.html
[2025-05-20 11:02:56,478] multiqc                                            [DEBUG  ]  File ignored by lima/summary because it exceeded search pattern filesize limit: MHW236_trimmed_clipped_R1_paired_fastqc.html
[2025-05-20 11:02:56,481] multiqc                                            [DEBUG  ]  File ignored by vep/vep_txt because it exceeded search pattern filesize limit: MHW236_trimmed_clipped_R1_paired_fastqc.html
[2025-05-20 11:02:56,481] multiqc                                            [DEBUG  ]  File ignored by longranger/invocation because it exceeded search pattern filesize limit: MHW236_trimmed_clipped_R1_paired_fastqc.html
[2025-05-20 11:02:56,518] multiqc                                            [DEBUG  ]  File ignored by ccs/v4 because it exceeded search pattern filesize limit: MHW236_trimmed_clipped_R2_paired_fastqc.html
[2025-05-20 11:02:56,519] multiqc                                            [DEBUG  ]  File ignored by hicexplorer because it exceeded search pattern filesize limit: MHW236_trimmed_clipped_R2_paired_fastqc.html
[2025-05-20 11:02:56,520] multiqc                                            [DEBUG  ]  File ignored by nanostat because it exceeded search pattern filesize limit: MHW236_trimmed_clipped_R2_paired_fastqc.html
[2025-05-20 11:02:56,520] multiqc                                            [DEBUG  ]  File ignored by lima/summary because it exceeded search pattern filesize limit: MHW236_trimmed_clipped_R2_paired_fastqc.html
[2025-05-20 11:02:56,523] multiqc                                            [DEBUG  ]  File ignored by vep/vep_txt because it exceeded search pattern filesize limit: MHW236_trimmed_clipped_R2_paired_fastqc.html
[2025-05-20 11:02:56,523] multiqc                                            [DEBUG  ]  File ignored by longranger/invocation because it exceeded search pattern filesize limit: MHW236_trimmed_clipped_R2_paired_fastqc.html
[2025-05-20 11:02:56,560] multiqc                                            [DEBUG  ]  File ignored by ccs/v4 because it exceeded search pattern filesize limit: MHW228_trimmed_clipped_R2_paired_fastqc.html
[2025-05-20 11:02:56,562] multiqc                                            [DEBUG  ]  File ignored by hicexplorer because it exceeded search pattern filesize limit: MHW228_trimmed_clipped_R2_paired_fastqc.html
[2025-05-20 11:02:56,562] multiqc                                            [DEBUG  ]  File ignored by nanostat because it exceeded search pattern filesize limit: MHW228_trimmed_clipped_R2_paired_fastqc.html
[2025-05-20 11:02:56,562] multiqc                                            [DEBUG  ]  File ignored by lima/summary because it exceeded search pattern filesize limit: MHW228_trimmed_clipped_R2_paired_fastqc.html
[2025-05-20 11:02:56,565] multiqc                                            [DEBUG  ]  File ignored by vep/vep_txt because it exceeded search pattern filesize limit: MHW228_trimmed_clipped_R2_paired_fastqc.html
[2025-05-20 11:02:56,565] multiqc                                            [DEBUG  ]  File ignored by longranger/invocation because it exceeded search pattern filesize limit: MHW228_trimmed_clipped_R2_paired_fastqc.html
[2025-05-20 11:02:56,602] multiqc                                            [DEBUG  ]  File ignored by ccs/v4 because it exceeded search pattern filesize limit: MHW237_trimmed_clipped_R1_paired_fastqc.html
[2025-05-20 11:02:56,604] multiqc                                            [DEBUG  ]  File ignored by hicexplorer because it exceeded search pattern filesize limit: MHW237_trimmed_clipped_R1_paired_fastqc.html
[2025-05-20 11:02:56,604] multiqc                                            [DEBUG  ]  File ignored by nanostat because it exceeded search pattern filesize limit: MHW237_trimmed_clipped_R1_paired_fastqc.html
[2025-05-20 11:02:56,604] multiqc                                            [DEBUG  ]  File ignored by lima/summary because it exceeded search pattern filesize limit: MHW237_trimmed_clipped_R1_paired_fastqc.html
[2025-05-20 11:02:56,607] multiqc                                            [DEBUG  ]  File ignored by vep/vep_txt because it exceeded search pattern filesize limit: MHW237_trimmed_clipped_R1_paired_fastqc.html
[2025-05-20 11:02:56,607] multiqc                                            [DEBUG  ]  File ignored by longranger/invocation because it exceeded search pattern filesize limit: MHW237_trimmed_clipped_R1_paired_fastqc.html
[2025-05-20 11:02:56,646] multiqc                                            [DEBUG  ]  File ignored by ccs/v4 because it exceeded search pattern filesize limit: MHW237_trimmed_clipped_R2_paired_fastqc.html
[2025-05-20 11:02:56,647] multiqc                                            [DEBUG  ]  File ignored by hicexplorer because it exceeded search pattern filesize limit: MHW237_trimmed_clipped_R2_paired_fastqc.html
[2025-05-20 11:02:56,647] multiqc                                            [DEBUG  ]  File ignored by nanostat because it exceeded search pattern filesize limit: MHW237_trimmed_clipped_R2_paired_fastqc.html
[2025-05-20 11:02:56,648] multiqc                                            [DEBUG  ]  File ignored by lima/summary because it exceeded search pattern filesize limit: MHW237_trimmed_clipped_R2_paired_fastqc.html
[2025-05-20 11:02:56,651] multiqc                                            [DEBUG  ]  File ignored by vep/vep_txt because it exceeded search pattern filesize limit: MHW237_trimmed_clipped_R2_paired_fastqc.html
[2025-05-20 11:02:56,651] multiqc                                            [DEBUG  ]  File ignored by longranger/invocation because it exceeded search pattern filesize limit: MHW237_trimmed_clipped_R2_paired_fastqc.html
[2025-05-20 11:02:56,688] multiqc                                            [DEBUG  ]  File ignored by ccs/v4 because it exceeded search pattern filesize limit: MHW229_trimmed_clipped_R2_paired_fastqc.html
[2025-05-20 11:02:56,690] multiqc                                            [DEBUG  ]  File ignored by hicexplorer because it exceeded search pattern filesize limit: MHW229_trimmed_clipped_R2_paired_fastqc.html
[2025-05-20 11:02:56,690] multiqc                                            [DEBUG  ]  File ignored by nanostat because it exceeded search pattern filesize limit: MHW229_trimmed_clipped_R2_paired_fastqc.html
[2025-05-20 11:02:56,690] multiqc                                            [DEBUG  ]  File ignored by lima/summary because it exceeded search pattern filesize limit: MHW229_trimmed_clipped_R2_paired_fastqc.html
[2025-05-20 11:02:56,693] multiqc                                            [DEBUG  ]  File ignored by vep/vep_txt because it exceeded search pattern filesize limit: MHW229_trimmed_clipped_R2_paired_fastqc.html
[2025-05-20 11:02:56,693] multiqc                                            [DEBUG  ]  File ignored by longranger/invocation because it exceeded search pattern filesize limit: MHW229_trimmed_clipped_R2_paired_fastqc.html
[2025-05-20 11:02:56,741] multiqc                                            [DEBUG  ]  File ignored by ccs/v4 because it exceeded search pattern filesize limit: MHW238_trimmed_clipped_R1_paired_fastqc.html
[2025-05-20 11:02:56,743] multiqc                                            [DEBUG  ]  File ignored by hicexplorer because it exceeded search pattern filesize limit: MHW238_trimmed_clipped_R1_paired_fastqc.html
[2025-05-20 11:02:56,743] multiqc                                            [DEBUG  ]  File ignored by nanostat because it exceeded search pattern filesize limit: MHW238_trimmed_clipped_R1_paired_fastqc.html
[2025-05-20 11:02:56,743] multiqc                                            [DEBUG  ]  File ignored by lima/summary because it exceeded search pattern filesize limit: MHW238_trimmed_clipped_R1_paired_fastqc.html
[2025-05-20 11:02:56,746] multiqc                                            [DEBUG  ]  File ignored by vep/vep_txt because it exceeded search pattern filesize limit: MHW238_trimmed_clipped_R1_paired_fastqc.html
[2025-05-20 11:02:56,746] multiqc                                            [DEBUG  ]  File ignored by longranger/invocation because it exceeded search pattern filesize limit: MHW238_trimmed_clipped_R1_paired_fastqc.html
[2025-05-20 11:02:56,784] multiqc                                            [DEBUG  ]  File ignored by ccs/v4 because it exceeded search pattern filesize limit: MHW239_trimmed_clipped_R1_paired_fastqc.html
[2025-05-20 11:02:56,786] multiqc                                            [DEBUG  ]  File ignored by hicexplorer because it exceeded search pattern filesize limit: MHW239_trimmed_clipped_R1_paired_fastqc.html
[2025-05-20 11:02:56,786] multiqc                                            [DEBUG  ]  File ignored by nanostat because it exceeded search pattern filesize limit: MHW239_trimmed_clipped_R1_paired_fastqc.html
[2025-05-20 11:02:56,786] multiqc                                            [DEBUG  ]  File ignored by lima/summary because it exceeded search pattern filesize limit: MHW239_trimmed_clipped_R1_paired_fastqc.html
[2025-05-20 11:02:56,789] multiqc                                            [DEBUG  ]  File ignored by vep/vep_txt because it exceeded search pattern filesize limit: MHW239_trimmed_clipped_R1_paired_fastqc.html
[2025-05-20 11:02:56,790] multiqc                                            [DEBUG  ]  File ignored by longranger/invocation because it exceeded search pattern filesize limit: MHW239_trimmed_clipped_R1_paired_fastqc.html
[2025-05-20 11:02:56,827] multiqc                                            [DEBUG  ]  File ignored by ccs/v4 because it exceeded search pattern filesize limit: MHW239_trimmed_clipped_R2_paired_fastqc.html
[2025-05-20 11:02:56,828] multiqc                                            [DEBUG  ]  File ignored by hicexplorer because it exceeded search pattern filesize limit: MHW239_trimmed_clipped_R2_paired_fastqc.html
[2025-05-20 11:02:56,829] multiqc                                            [DEBUG  ]  File ignored by nanostat because it exceeded search pattern filesize limit: MHW239_trimmed_clipped_R2_paired_fastqc.html
[2025-05-20 11:02:56,829] multiqc                                            [DEBUG  ]  File ignored by lima/summary because it exceeded search pattern filesize limit: MHW239_trimmed_clipped_R2_paired_fastqc.html
[2025-05-20 11:02:56,832] multiqc                                            [DEBUG  ]  File ignored by vep/vep_txt because it exceeded search pattern filesize limit: MHW239_trimmed_clipped_R2_paired_fastqc.html
[2025-05-20 11:02:56,832] multiqc                                            [DEBUG  ]  File ignored by longranger/invocation because it exceeded search pattern filesize limit: MHW239_trimmed_clipped_R2_paired_fastqc.html
[2025-05-20 11:02:56,870] multiqc                                            [DEBUG  ]  File ignored by ccs/v4 because it exceeded search pattern filesize limit: MHW238_trimmed_clipped_R2_paired_fastqc.html
[2025-05-20 11:02:56,871] multiqc                                            [DEBUG  ]  File ignored by hicexplorer because it exceeded search pattern filesize limit: MHW238_trimmed_clipped_R2_paired_fastqc.html
[2025-05-20 11:02:56,872] multiqc                                            [DEBUG  ]  File ignored by nanostat because it exceeded search pattern filesize limit: MHW238_trimmed_clipped_R2_paired_fastqc.html
[2025-05-20 11:02:56,872] multiqc                                            [DEBUG  ]  File ignored by lima/summary because it exceeded search pattern filesize limit: MHW238_trimmed_clipped_R2_paired_fastqc.html
[2025-05-20 11:02:56,875] multiqc                                            [DEBUG  ]  File ignored by vep/vep_txt because it exceeded search pattern filesize limit: MHW238_trimmed_clipped_R2_paired_fastqc.html
[2025-05-20 11:02:56,875] multiqc                                            [DEBUG  ]  File ignored by longranger/invocation because it exceeded search pattern filesize limit: MHW238_trimmed_clipped_R2_paired_fastqc.html
[2025-05-20 11:02:56,912] multiqc                                            [DEBUG  ]  File ignored by ccs/v4 because it exceeded search pattern filesize limit: MHW240_trimmed_clipped_R1_paired_fastqc.html
[2025-05-20 11:02:56,914] multiqc                                            [DEBUG  ]  File ignored by hicexplorer because it exceeded search pattern filesize limit: MHW240_trimmed_clipped_R1_paired_fastqc.html
[2025-05-20 11:02:56,914] multiqc                                            [DEBUG  ]  File ignored by nanostat because it exceeded search pattern filesize limit: MHW240_trimmed_clipped_R1_paired_fastqc.html
[2025-05-20 11:02:56,914] multiqc                                            [DEBUG  ]  File ignored by lima/summary because it exceeded search pattern filesize limit: MHW240_trimmed_clipped_R1_paired_fastqc.html
[2025-05-20 11:02:56,917] multiqc                                            [DEBUG  ]  File ignored by vep/vep_txt because it exceeded search pattern filesize limit: MHW240_trimmed_clipped_R1_paired_fastqc.html
[2025-05-20 11:02:56,917] multiqc                                            [DEBUG  ]  File ignored by longranger/invocation because it exceeded search pattern filesize limit: MHW240_trimmed_clipped_R1_paired_fastqc.html
[2025-05-20 11:02:56,955] multiqc                                            [DEBUG  ]  File ignored by ccs/v4 because it exceeded search pattern filesize limit: MHW241_trimmed_clipped_R1_paired_fastqc.html
[2025-05-20 11:02:56,957] multiqc                                            [DEBUG  ]  File ignored by hicexplorer because it exceeded search pattern filesize limit: MHW241_trimmed_clipped_R1_paired_fastqc.html
[2025-05-20 11:02:56,957] multiqc                                            [DEBUG  ]  File ignored by nanostat because it exceeded search pattern filesize limit: MHW241_trimmed_clipped_R1_paired_fastqc.html
[2025-05-20 11:02:56,957] multiqc                                            [DEBUG  ]  File ignored by lima/summary because it exceeded search pattern filesize limit: MHW241_trimmed_clipped_R1_paired_fastqc.html
[2025-05-20 11:02:56,960] multiqc                                            [DEBUG  ]  File ignored by vep/vep_txt because it exceeded search pattern filesize limit: MHW241_trimmed_clipped_R1_paired_fastqc.html
[2025-05-20 11:02:56,960] multiqc                                            [DEBUG  ]  File ignored by longranger/invocation because it exceeded search pattern filesize limit: MHW241_trimmed_clipped_R1_paired_fastqc.html
[2025-05-20 11:02:56,998] multiqc                                            [DEBUG  ]  File ignored by ccs/v4 because it exceeded search pattern filesize limit: MHW241_trimmed_clipped_R2_paired_fastqc.html
[2025-05-20 11:02:56,999] multiqc                                            [DEBUG  ]  File ignored by hicexplorer because it exceeded search pattern filesize limit: MHW241_trimmed_clipped_R2_paired_fastqc.html
[2025-05-20 11:02:57,000] multiqc                                            [DEBUG  ]  File ignored by nanostat because it exceeded search pattern filesize limit: MHW241_trimmed_clipped_R2_paired_fastqc.html
[2025-05-20 11:02:57,000] multiqc                                            [DEBUG  ]  File ignored by lima/summary because it exceeded search pattern filesize limit: MHW241_trimmed_clipped_R2_paired_fastqc.html
[2025-05-20 11:02:57,003] multiqc                                            [DEBUG  ]  File ignored by vep/vep_txt because it exceeded search pattern filesize limit: MHW241_trimmed_clipped_R2_paired_fastqc.html
[2025-05-20 11:02:57,003] multiqc                                            [DEBUG  ]  File ignored by longranger/invocation because it exceeded search pattern filesize limit: MHW241_trimmed_clipped_R2_paired_fastqc.html
[2025-05-20 11:02:57,040] multiqc                                            [DEBUG  ]  File ignored by ccs/v4 because it exceeded search pattern filesize limit: MHW258_trimmed_clipped_R2_paired_fastqc.html
[2025-05-20 11:02:57,042] multiqc                                            [DEBUG  ]  File ignored by hicexplorer because it exceeded search pattern filesize limit: MHW258_trimmed_clipped_R2_paired_fastqc.html
[2025-05-20 11:02:57,042] multiqc                                            [DEBUG  ]  File ignored by nanostat because it exceeded search pattern filesize limit: MHW258_trimmed_clipped_R2_paired_fastqc.html
[2025-05-20 11:02:57,042] multiqc                                            [DEBUG  ]  File ignored by lima/summary because it exceeded search pattern filesize limit: MHW258_trimmed_clipped_R2_paired_fastqc.html
[2025-05-20 11:02:57,045] multiqc                                            [DEBUG  ]  File ignored by vep/vep_txt because it exceeded search pattern filesize limit: MHW258_trimmed_clipped_R2_paired_fastqc.html
[2025-05-20 11:02:57,046] multiqc                                            [DEBUG  ]  File ignored by longranger/invocation because it exceeded search pattern filesize limit: MHW258_trimmed_clipped_R2_paired_fastqc.html
[2025-05-20 11:02:57,083] multiqc                                            [DEBUG  ]  File ignored by ccs/v4 because it exceeded search pattern filesize limit: MHW263_trimmed_clipped_R1_paired_fastqc.html
[2025-05-20 11:02:57,085] multiqc                                            [DEBUG  ]  File ignored by hicexplorer because it exceeded search pattern filesize limit: MHW263_trimmed_clipped_R1_paired_fastqc.html
[2025-05-20 11:02:57,085] multiqc                                            [DEBUG  ]  File ignored by nanostat because it exceeded search pattern filesize limit: MHW263_trimmed_clipped_R1_paired_fastqc.html
[2025-05-20 11:02:57,085] multiqc                                            [DEBUG  ]  File ignored by lima/summary because it exceeded search pattern filesize limit: MHW263_trimmed_clipped_R1_paired_fastqc.html
[2025-05-20 11:02:57,088] multiqc                                            [DEBUG  ]  File ignored by vep/vep_txt because it exceeded search pattern filesize limit: MHW263_trimmed_clipped_R1_paired_fastqc.html
[2025-05-20 11:02:57,088] multiqc                                            [DEBUG  ]  File ignored by longranger/invocation because it exceeded search pattern filesize limit: MHW263_trimmed_clipped_R1_paired_fastqc.html
[2025-05-20 11:02:57,126] multiqc                                            [DEBUG  ]  File ignored by ccs/v4 because it exceeded search pattern filesize limit: MHW260_trimmed_clipped_R1_paired_fastqc.html
[2025-05-20 11:02:57,128] multiqc                                            [DEBUG  ]  File ignored by hicexplorer because it exceeded search pattern filesize limit: MHW260_trimmed_clipped_R1_paired_fastqc.html
[2025-05-20 11:02:57,128] multiqc                                            [DEBUG  ]  File ignored by nanostat because it exceeded search pattern filesize limit: MHW260_trimmed_clipped_R1_paired_fastqc.html
[2025-05-20 11:02:57,128] multiqc                                            [DEBUG  ]  File ignored by lima/summary because it exceeded search pattern filesize limit: MHW260_trimmed_clipped_R1_paired_fastqc.html
[2025-05-20 11:02:57,132] multiqc                                            [DEBUG  ]  File ignored by vep/vep_txt because it exceeded search pattern filesize limit: MHW260_trimmed_clipped_R1_paired_fastqc.html
[2025-05-20 11:02:57,132] multiqc                                            [DEBUG  ]  File ignored by longranger/invocation because it exceeded search pattern filesize limit: MHW260_trimmed_clipped_R1_paired_fastqc.html
[2025-05-20 11:02:57,170] multiqc                                            [DEBUG  ]  File ignored by ccs/v4 because it exceeded search pattern filesize limit: MHW263_trimmed_clipped_R2_paired_fastqc.html
[2025-05-20 11:02:57,171] multiqc                                            [DEBUG  ]  File ignored by hicexplorer because it exceeded search pattern filesize limit: MHW263_trimmed_clipped_R2_paired_fastqc.html
[2025-05-20 11:02:57,172] multiqc                                            [DEBUG  ]  File ignored by nanostat because it exceeded search pattern filesize limit: MHW263_trimmed_clipped_R2_paired_fastqc.html
[2025-05-20 11:02:57,172] multiqc                                            [DEBUG  ]  File ignored by lima/summary because it exceeded search pattern filesize limit: MHW263_trimmed_clipped_R2_paired_fastqc.html
[2025-05-20 11:02:57,175] multiqc                                            [DEBUG  ]  File ignored by vep/vep_txt because it exceeded search pattern filesize limit: MHW263_trimmed_clipped_R2_paired_fastqc.html
[2025-05-20 11:02:57,175] multiqc                                            [DEBUG  ]  File ignored by longranger/invocation because it exceeded search pattern filesize limit: MHW263_trimmed_clipped_R2_paired_fastqc.html
[2025-05-20 11:02:57,213] multiqc                                            [DEBUG  ]  File ignored by ccs/v4 because it exceeded search pattern filesize limit: MHW265_trimmed_clipped_R1_paired_fastqc.html
[2025-05-20 11:02:57,215] multiqc                                            [DEBUG  ]  File ignored by hicexplorer because it exceeded search pattern filesize limit: MHW265_trimmed_clipped_R1_paired_fastqc.html
[2025-05-20 11:02:57,215] multiqc                                            [DEBUG  ]  File ignored by nanostat because it exceeded search pattern filesize limit: MHW265_trimmed_clipped_R1_paired_fastqc.html
[2025-05-20 11:02:57,215] multiqc                                            [DEBUG  ]  File ignored by lima/summary because it exceeded search pattern filesize limit: MHW265_trimmed_clipped_R1_paired_fastqc.html
[2025-05-20 11:02:57,219] multiqc                                            [DEBUG  ]  File ignored by vep/vep_txt because it exceeded search pattern filesize limit: MHW265_trimmed_clipped_R1_paired_fastqc.html
[2025-05-20 11:02:57,219] multiqc                                            [DEBUG  ]  File ignored by longranger/invocation because it exceeded search pattern filesize limit: MHW265_trimmed_clipped_R1_paired_fastqc.html
[2025-05-20 11:02:57,258] multiqc                                            [DEBUG  ]  File ignored by ccs/v4 because it exceeded search pattern filesize limit: MHW265_trimmed_clipped_R2_paired_fastqc.html
[2025-05-20 11:02:57,259] multiqc                                            [DEBUG  ]  File ignored by hicexplorer because it exceeded search pattern filesize limit: MHW265_trimmed_clipped_R2_paired_fastqc.html
[2025-05-20 11:02:57,260] multiqc                                            [DEBUG  ]  File ignored by nanostat because it exceeded search pattern filesize limit: MHW265_trimmed_clipped_R2_paired_fastqc.html
[2025-05-20 11:02:57,260] multiqc                                            [DEBUG  ]  File ignored by lima/summary because it exceeded search pattern filesize limit: MHW265_trimmed_clipped_R2_paired_fastqc.html
[2025-05-20 11:02:57,263] multiqc                                            [DEBUG  ]  File ignored by vep/vep_txt because it exceeded search pattern filesize limit: MHW265_trimmed_clipped_R2_paired_fastqc.html
[2025-05-20 11:02:57,263] multiqc                                            [DEBUG  ]  File ignored by longranger/invocation because it exceeded search pattern filesize limit: MHW265_trimmed_clipped_R2_paired_fastqc.html
[2025-05-20 11:02:57,301] multiqc                                            [DEBUG  ]  File ignored by ccs/v4 because it exceeded search pattern filesize limit: MHW267_trimmed_clipped_R1_paired_fastqc.html
[2025-05-20 11:02:57,302] multiqc                                            [DEBUG  ]  File ignored by hicexplorer because it exceeded search pattern filesize limit: MHW267_trimmed_clipped_R1_paired_fastqc.html
[2025-05-20 11:02:57,303] multiqc                                            [DEBUG  ]  File ignored by nanostat because it exceeded search pattern filesize limit: MHW267_trimmed_clipped_R1_paired_fastqc.html
[2025-05-20 11:02:57,303] multiqc                                            [DEBUG  ]  File ignored by lima/summary because it exceeded search pattern filesize limit: MHW267_trimmed_clipped_R1_paired_fastqc.html
[2025-05-20 11:02:57,306] multiqc                                            [DEBUG  ]  File ignored by vep/vep_txt because it exceeded search pattern filesize limit: MHW267_trimmed_clipped_R1_paired_fastqc.html
[2025-05-20 11:02:57,306] multiqc                                            [DEBUG  ]  File ignored by longranger/invocation because it exceeded search pattern filesize limit: MHW267_trimmed_clipped_R1_paired_fastqc.html
[2025-05-20 11:02:57,344] multiqc                                            [DEBUG  ]  File ignored by ccs/v4 because it exceeded search pattern filesize limit: MHW267_trimmed_clipped_R2_paired_fastqc.html
[2025-05-20 11:02:57,345] multiqc                                            [DEBUG  ]  File ignored by hicexplorer because it exceeded search pattern filesize limit: MHW267_trimmed_clipped_R2_paired_fastqc.html
[2025-05-20 11:02:57,346] multiqc                                            [DEBUG  ]  File ignored by nanostat because it exceeded search pattern filesize limit: MHW267_trimmed_clipped_R2_paired_fastqc.html
[2025-05-20 11:02:57,346] multiqc                                            [DEBUG  ]  File ignored by lima/summary because it exceeded search pattern filesize limit: MHW267_trimmed_clipped_R2_paired_fastqc.html
[2025-05-20 11:02:57,349] multiqc                                            [DEBUG  ]  File ignored by vep/vep_txt because it exceeded search pattern filesize limit: MHW267_trimmed_clipped_R2_paired_fastqc.html
[2025-05-20 11:02:57,349] multiqc                                            [DEBUG  ]  File ignored by longranger/invocation because it exceeded search pattern filesize limit: MHW267_trimmed_clipped_R2_paired_fastqc.html
[2025-05-20 11:02:57,387] multiqc                                            [DEBUG  ]  File ignored by ccs/v4 because it exceeded search pattern filesize limit: MHW269_trimmed_clipped_R1_paired_fastqc.html
[2025-05-20 11:02:57,388] multiqc                                            [DEBUG  ]  File ignored by hicexplorer because it exceeded search pattern filesize limit: MHW269_trimmed_clipped_R1_paired_fastqc.html
[2025-05-20 11:02:57,389] multiqc                                            [DEBUG  ]  File ignored by nanostat because it exceeded search pattern filesize limit: MHW269_trimmed_clipped_R1_paired_fastqc.html
[2025-05-20 11:02:57,389] multiqc                                            [DEBUG  ]  File ignored by lima/summary because it exceeded search pattern filesize limit: MHW269_trimmed_clipped_R1_paired_fastqc.html
[2025-05-20 11:02:57,392] multiqc                                            [DEBUG  ]  File ignored by vep/vep_txt because it exceeded search pattern filesize limit: MHW269_trimmed_clipped_R1_paired_fastqc.html
[2025-05-20 11:02:57,392] multiqc                                            [DEBUG  ]  File ignored by longranger/invocation because it exceeded search pattern filesize limit: MHW269_trimmed_clipped_R1_paired_fastqc.html
[2025-05-20 11:02:57,430] multiqc                                            [DEBUG  ]  File ignored by ccs/v4 because it exceeded search pattern filesize limit: MHW269_trimmed_clipped_R2_paired_fastqc.html
[2025-05-20 11:02:57,432] multiqc                                            [DEBUG  ]  File ignored by hicexplorer because it exceeded search pattern filesize limit: MHW269_trimmed_clipped_R2_paired_fastqc.html
[2025-05-20 11:02:57,432] multiqc                                            [DEBUG  ]  File ignored by nanostat because it exceeded search pattern filesize limit: MHW269_trimmed_clipped_R2_paired_fastqc.html
[2025-05-20 11:02:57,432] multiqc                                            [DEBUG  ]  File ignored by lima/summary because it exceeded search pattern filesize limit: MHW269_trimmed_clipped_R2_paired_fastqc.html
[2025-05-20 11:02:57,435] multiqc                                            [DEBUG  ]  File ignored by vep/vep_txt because it exceeded search pattern filesize limit: MHW269_trimmed_clipped_R2_paired_fastqc.html
[2025-05-20 11:02:57,435] multiqc                                            [DEBUG  ]  File ignored by longranger/invocation because it exceeded search pattern filesize limit: MHW269_trimmed_clipped_R2_paired_fastqc.html
[2025-05-20 11:02:57,473] multiqc                                            [DEBUG  ]  File ignored by ccs/v4 because it exceeded search pattern filesize limit: MHW268_trimmed_clipped_R1_paired_fastqc.html
[2025-05-20 11:02:57,475] multiqc                                            [DEBUG  ]  File ignored by hicexplorer because it exceeded search pattern filesize limit: MHW268_trimmed_clipped_R1_paired_fastqc.html
[2025-05-20 11:02:57,475] multiqc                                            [DEBUG  ]  File ignored by nanostat because it exceeded search pattern filesize limit: MHW268_trimmed_clipped_R1_paired_fastqc.html
[2025-05-20 11:02:57,475] multiqc                                            [DEBUG  ]  File ignored by lima/summary because it exceeded search pattern filesize limit: MHW268_trimmed_clipped_R1_paired_fastqc.html
[2025-05-20 11:02:57,478] multiqc                                            [DEBUG  ]  File ignored by vep/vep_txt because it exceeded search pattern filesize limit: MHW268_trimmed_clipped_R1_paired_fastqc.html
[2025-05-20 11:02:57,478] multiqc                                            [DEBUG  ]  File ignored by longranger/invocation because it exceeded search pattern filesize limit: MHW268_trimmed_clipped_R1_paired_fastqc.html
[2025-05-20 11:02:57,516] multiqc                                            [DEBUG  ]  File ignored by ccs/v4 because it exceeded search pattern filesize limit: MHW268_trimmed_clipped_R2_paired_fastqc.html
[2025-05-20 11:02:57,518] multiqc                                            [DEBUG  ]  File ignored by hicexplorer because it exceeded search pattern filesize limit: MHW268_trimmed_clipped_R2_paired_fastqc.html
[2025-05-20 11:02:57,518] multiqc                                            [DEBUG  ]  File ignored by nanostat because it exceeded search pattern filesize limit: MHW268_trimmed_clipped_R2_paired_fastqc.html
[2025-05-20 11:02:57,518] multiqc                                            [DEBUG  ]  File ignored by lima/summary because it exceeded search pattern filesize limit: MHW268_trimmed_clipped_R2_paired_fastqc.html
[2025-05-20 11:02:57,521] multiqc                                            [DEBUG  ]  File ignored by vep/vep_txt because it exceeded search pattern filesize limit: MHW268_trimmed_clipped_R2_paired_fastqc.html
[2025-05-20 11:02:57,522] multiqc                                            [DEBUG  ]  File ignored by longranger/invocation because it exceeded search pattern filesize limit: MHW268_trimmed_clipped_R2_paired_fastqc.html
[2025-05-20 11:02:57,561] multiqc                                            [DEBUG  ]  File ignored by ccs/v4 because it exceeded search pattern filesize limit: MHW270_trimmed_clipped_R1_paired_fastqc.html
[2025-05-20 11:02:57,563] multiqc                                            [DEBUG  ]  File ignored by hicexplorer because it exceeded search pattern filesize limit: MHW270_trimmed_clipped_R1_paired_fastqc.html
[2025-05-20 11:02:57,563] multiqc                                            [DEBUG  ]  File ignored by nanostat because it exceeded search pattern filesize limit: MHW270_trimmed_clipped_R1_paired_fastqc.html
[2025-05-20 11:02:57,563] multiqc                                            [DEBUG  ]  File ignored by lima/summary because it exceeded search pattern filesize limit: MHW270_trimmed_clipped_R1_paired_fastqc.html
[2025-05-20 11:02:57,566] multiqc                                            [DEBUG  ]  File ignored by vep/vep_txt because it exceeded search pattern filesize limit: MHW270_trimmed_clipped_R1_paired_fastqc.html
[2025-05-20 11:02:57,566] multiqc                                            [DEBUG  ]  File ignored by longranger/invocation because it exceeded search pattern filesize limit: MHW270_trimmed_clipped_R1_paired_fastqc.html
[2025-05-20 11:02:57,630] multiqc                                            [DEBUG  ]  File ignored by ccs/v4 because it exceeded search pattern filesize limit: MHW270_trimmed_clipped_R2_paired_fastqc.html
[2025-05-20 11:02:57,631] multiqc                                            [DEBUG  ]  File ignored by hicexplorer because it exceeded search pattern filesize limit: MHW270_trimmed_clipped_R2_paired_fastqc.html
[2025-05-20 11:02:57,632] multiqc                                            [DEBUG  ]  File ignored by nanostat because it exceeded search pattern filesize limit: MHW270_trimmed_clipped_R2_paired_fastqc.html
[2025-05-20 11:02:57,632] multiqc                                            [DEBUG  ]  File ignored by lima/summary because it exceeded search pattern filesize limit: MHW270_trimmed_clipped_R2_paired_fastqc.html
[2025-05-20 11:02:57,635] multiqc                                            [DEBUG  ]  File ignored by vep/vep_txt because it exceeded search pattern filesize limit: MHW270_trimmed_clipped_R2_paired_fastqc.html
[2025-05-20 11:02:57,635] multiqc                                            [DEBUG  ]  File ignored by longranger/invocation because it exceeded search pattern filesize limit: MHW270_trimmed_clipped_R2_paired_fastqc.html
[2025-05-20 11:02:57,689] multiqc                                            [DEBUG  ]  File ignored by ccs/v4 because it exceeded search pattern filesize limit: MHW240_trimmed_clipped_R2_paired_fastqc.html
[2025-05-20 11:02:57,691] multiqc                                            [DEBUG  ]  File ignored by hicexplorer because it exceeded search pattern filesize limit: MHW240_trimmed_clipped_R2_paired_fastqc.html
[2025-05-20 11:02:57,691] multiqc                                            [DEBUG  ]  File ignored by nanostat because it exceeded search pattern filesize limit: MHW240_trimmed_clipped_R2_paired_fastqc.html
[2025-05-20 11:02:57,691] multiqc                                            [DEBUG  ]  File ignored by lima/summary because it exceeded search pattern filesize limit: MHW240_trimmed_clipped_R2_paired_fastqc.html
[2025-05-20 11:02:57,694] multiqc                                            [DEBUG  ]  File ignored by vep/vep_txt because it exceeded search pattern filesize limit: MHW240_trimmed_clipped_R2_paired_fastqc.html
[2025-05-20 11:02:57,694] multiqc                                            [DEBUG  ]  File ignored by longranger/invocation because it exceeded search pattern filesize limit: MHW240_trimmed_clipped_R2_paired_fastqc.html
[2025-05-20 11:02:57,755] multiqc                                            [DEBUG  ]  File ignored by ccs/v4 because it exceeded search pattern filesize limit: MHW271_trimmed_clipped_R1_paired_fastqc.html
[2025-05-20 11:02:57,756] multiqc                                            [DEBUG  ]  File ignored by hicexplorer because it exceeded search pattern filesize limit: MHW271_trimmed_clipped_R1_paired_fastqc.html
[2025-05-20 11:02:57,757] multiqc                                            [DEBUG  ]  File ignored by nanostat because it exceeded search pattern filesize limit: MHW271_trimmed_clipped_R1_paired_fastqc.html
[2025-05-20 11:02:57,757] multiqc                                            [DEBUG  ]  File ignored by lima/summary because it exceeded search pattern filesize limit: MHW271_trimmed_clipped_R1_paired_fastqc.html
[2025-05-20 11:02:57,760] multiqc                                            [DEBUG  ]  File ignored by vep/vep_txt because it exceeded search pattern filesize limit: MHW271_trimmed_clipped_R1_paired_fastqc.html
[2025-05-20 11:02:57,760] multiqc                                            [DEBUG  ]  File ignored by longranger/invocation because it exceeded search pattern filesize limit: MHW271_trimmed_clipped_R1_paired_fastqc.html
[2025-05-20 11:02:57,822] multiqc                                            [DEBUG  ]  File ignored by ccs/v4 because it exceeded search pattern filesize limit: MHW258_trimmed_clipped_R1_paired_fastqc.html
[2025-05-20 11:02:57,824] multiqc                                            [DEBUG  ]  File ignored by hicexplorer because it exceeded search pattern filesize limit: MHW258_trimmed_clipped_R1_paired_fastqc.html
[2025-05-20 11:02:57,824] multiqc                                            [DEBUG  ]  File ignored by nanostat because it exceeded search pattern filesize limit: MHW258_trimmed_clipped_R1_paired_fastqc.html
[2025-05-20 11:02:57,824] multiqc                                            [DEBUG  ]  File ignored by lima/summary because it exceeded search pattern filesize limit: MHW258_trimmed_clipped_R1_paired_fastqc.html
[2025-05-20 11:02:57,827] multiqc                                            [DEBUG  ]  File ignored by vep/vep_txt because it exceeded search pattern filesize limit: MHW258_trimmed_clipped_R1_paired_fastqc.html
[2025-05-20 11:02:57,827] multiqc                                            [DEBUG  ]  File ignored by longranger/invocation because it exceeded search pattern filesize limit: MHW258_trimmed_clipped_R1_paired_fastqc.html
[2025-05-20 11:02:57,885] multiqc                                            [DEBUG  ]  File ignored by ccs/v4 because it exceeded search pattern filesize limit: MHW271_trimmed_clipped_R2_paired_fastqc.html
[2025-05-20 11:02:57,887] multiqc                                            [DEBUG  ]  File ignored by hicexplorer because it exceeded search pattern filesize limit: MHW271_trimmed_clipped_R2_paired_fastqc.html
[2025-05-20 11:02:57,887] multiqc                                            [DEBUG  ]  File ignored by nanostat because it exceeded search pattern filesize limit: MHW271_trimmed_clipped_R2_paired_fastqc.html
[2025-05-20 11:02:57,887] multiqc                                            [DEBUG  ]  File ignored by lima/summary because it exceeded search pattern filesize limit: MHW271_trimmed_clipped_R2_paired_fastqc.html
[2025-05-20 11:02:57,890] multiqc                                            [DEBUG  ]  File ignored by vep/vep_txt because it exceeded search pattern filesize limit: MHW271_trimmed_clipped_R2_paired_fastqc.html
[2025-05-20 11:02:57,890] multiqc                                            [DEBUG  ]  File ignored by longranger/invocation because it exceeded search pattern filesize limit: MHW271_trimmed_clipped_R2_paired_fastqc.html
[2025-05-20 11:02:57,941] multiqc                                            [DEBUG  ]  File ignored by ccs/v4 because it exceeded search pattern filesize limit: MHW260_trimmed_clipped_R2_paired_fastqc.html
[2025-05-20 11:02:57,943] multiqc                                            [DEBUG  ]  File ignored by hicexplorer because it exceeded search pattern filesize limit: MHW260_trimmed_clipped_R2_paired_fastqc.html
[2025-05-20 11:02:57,943] multiqc                                            [DEBUG  ]  File ignored by nanostat because it exceeded search pattern filesize limit: MHW260_trimmed_clipped_R2_paired_fastqc.html
[2025-05-20 11:02:57,943] multiqc                                            [DEBUG  ]  File ignored by lima/summary because it exceeded search pattern filesize limit: MHW260_trimmed_clipped_R2_paired_fastqc.html
[2025-05-20 11:02:57,946] multiqc                                            [DEBUG  ]  File ignored by vep/vep_txt because it exceeded search pattern filesize limit: MHW260_trimmed_clipped_R2_paired_fastqc.html
[2025-05-20 11:02:57,946] multiqc                                            [DEBUG  ]  File ignored by longranger/invocation because it exceeded search pattern filesize limit: MHW260_trimmed_clipped_R2_paired_fastqc.html
[2025-05-20 11:02:57,984] multiqc                                            [DEBUG  ]  File ignored by ccs/v4 because it exceeded search pattern filesize limit: MHW272_trimmed_clipped_R1_paired_fastqc.html
[2025-05-20 11:02:57,986] multiqc                                            [DEBUG  ]  File ignored by hicexplorer because it exceeded search pattern filesize limit: MHW272_trimmed_clipped_R1_paired_fastqc.html
[2025-05-20 11:02:57,986] multiqc                                            [DEBUG  ]  File ignored by nanostat because it exceeded search pattern filesize limit: MHW272_trimmed_clipped_R1_paired_fastqc.html
[2025-05-20 11:02:57,986] multiqc                                            [DEBUG  ]  File ignored by lima/summary because it exceeded search pattern filesize limit: MHW272_trimmed_clipped_R1_paired_fastqc.html
[2025-05-20 11:02:57,989] multiqc                                            [DEBUG  ]  File ignored by vep/vep_txt because it exceeded search pattern filesize limit: MHW272_trimmed_clipped_R1_paired_fastqc.html
[2025-05-20 11:02:57,989] multiqc                                            [DEBUG  ]  File ignored by longranger/invocation because it exceeded search pattern filesize limit: MHW272_trimmed_clipped_R1_paired_fastqc.html
[2025-05-20 11:02:58,028] multiqc                                            [DEBUG  ]  File ignored by ccs/v4 because it exceeded search pattern filesize limit: MHW272_trimmed_clipped_R2_paired_fastqc.html
[2025-05-20 11:02:58,030] multiqc                                            [DEBUG  ]  File ignored by hicexplorer because it exceeded search pattern filesize limit: MHW272_trimmed_clipped_R2_paired_fastqc.html
[2025-05-20 11:02:58,030] multiqc                                            [DEBUG  ]  File ignored by nanostat because it exceeded search pattern filesize limit: MHW272_trimmed_clipped_R2_paired_fastqc.html
[2025-05-20 11:02:58,030] multiqc                                            [DEBUG  ]  File ignored by lima/summary because it exceeded search pattern filesize limit: MHW272_trimmed_clipped_R2_paired_fastqc.html
[2025-05-20 11:02:58,033] multiqc                                            [DEBUG  ]  File ignored by vep/vep_txt because it exceeded search pattern filesize limit: MHW272_trimmed_clipped_R2_paired_fastqc.html
[2025-05-20 11:02:58,033] multiqc                                            [DEBUG  ]  File ignored by longranger/invocation because it exceeded search pattern filesize limit: MHW272_trimmed_clipped_R2_paired_fastqc.html
[2025-05-20 11:02:58,093] multiqc                                            [DEBUG  ]  File ignored by ccs/v4 because it exceeded search pattern filesize limit: MHW273_trimmed_clipped_R1_paired_fastqc.html
[2025-05-20 11:02:58,094] multiqc                                            [DEBUG  ]  File ignored by hicexplorer because it exceeded search pattern filesize limit: MHW273_trimmed_clipped_R1_paired_fastqc.html
[2025-05-20 11:02:58,095] multiqc                                            [DEBUG  ]  File ignored by nanostat because it exceeded search pattern filesize limit: MHW273_trimmed_clipped_R1_paired_fastqc.html
[2025-05-20 11:02:58,095] multiqc                                            [DEBUG  ]  File ignored by lima/summary because it exceeded search pattern filesize limit: MHW273_trimmed_clipped_R1_paired_fastqc.html
[2025-05-20 11:02:58,098] multiqc                                            [DEBUG  ]  File ignored by vep/vep_txt because it exceeded search pattern filesize limit: MHW273_trimmed_clipped_R1_paired_fastqc.html
[2025-05-20 11:02:58,098] multiqc                                            [DEBUG  ]  File ignored by longranger/invocation because it exceeded search pattern filesize limit: MHW273_trimmed_clipped_R1_paired_fastqc.html
[2025-05-20 11:02:58,136] multiqc                                            [DEBUG  ]  File ignored by ccs/v4 because it exceeded search pattern filesize limit: MHW273_trimmed_clipped_R2_paired_fastqc.html
[2025-05-20 11:02:58,138] multiqc                                            [DEBUG  ]  File ignored by hicexplorer because it exceeded search pattern filesize limit: MHW273_trimmed_clipped_R2_paired_fastqc.html
[2025-05-20 11:02:58,138] multiqc                                            [DEBUG  ]  File ignored by nanostat because it exceeded search pattern filesize limit: MHW273_trimmed_clipped_R2_paired_fastqc.html
[2025-05-20 11:02:58,138] multiqc                                            [DEBUG  ]  File ignored by lima/summary because it exceeded search pattern filesize limit: MHW273_trimmed_clipped_R2_paired_fastqc.html
[2025-05-20 11:02:58,141] multiqc                                            [DEBUG  ]  File ignored by vep/vep_txt because it exceeded search pattern filesize limit: MHW273_trimmed_clipped_R2_paired_fastqc.html
[2025-05-20 11:02:58,141] multiqc                                            [DEBUG  ]  File ignored by longranger/invocation because it exceeded search pattern filesize limit: MHW273_trimmed_clipped_R2_paired_fastqc.html
[2025-05-20 11:02:58,195] multiqc                                            [DEBUG  ]  File ignored by ccs/v4 because it exceeded search pattern filesize limit: MHW274_trimmed_clipped_R1_paired_fastqc.html
[2025-05-20 11:02:58,197] multiqc                                            [DEBUG  ]  File ignored by hicexplorer because it exceeded search pattern filesize limit: MHW274_trimmed_clipped_R1_paired_fastqc.html
[2025-05-20 11:02:58,197] multiqc                                            [DEBUG  ]  File ignored by nanostat because it exceeded search pattern filesize limit: MHW274_trimmed_clipped_R1_paired_fastqc.html
[2025-05-20 11:02:58,197] multiqc                                            [DEBUG  ]  File ignored by lima/summary because it exceeded search pattern filesize limit: MHW274_trimmed_clipped_R1_paired_fastqc.html
[2025-05-20 11:02:58,200] multiqc                                            [DEBUG  ]  File ignored by vep/vep_txt because it exceeded search pattern filesize limit: MHW274_trimmed_clipped_R1_paired_fastqc.html
[2025-05-20 11:02:58,200] multiqc                                            [DEBUG  ]  File ignored by longranger/invocation because it exceeded search pattern filesize limit: MHW274_trimmed_clipped_R1_paired_fastqc.html
[2025-05-20 11:02:58,271] multiqc                                            [DEBUG  ]  File ignored by ccs/v4 because it exceeded search pattern filesize limit: MHW275_trimmed_clipped_R1_paired_fastqc.html
[2025-05-20 11:02:58,272] multiqc                                            [DEBUG  ]  File ignored by hicexplorer because it exceeded search pattern filesize limit: MHW275_trimmed_clipped_R1_paired_fastqc.html
[2025-05-20 11:02:58,273] multiqc                                            [DEBUG  ]  File ignored by nanostat because it exceeded search pattern filesize limit: MHW275_trimmed_clipped_R1_paired_fastqc.html
[2025-05-20 11:02:58,273] multiqc                                            [DEBUG  ]  File ignored by lima/summary because it exceeded search pattern filesize limit: MHW275_trimmed_clipped_R1_paired_fastqc.html
[2025-05-20 11:02:58,276] multiqc                                            [DEBUG  ]  File ignored by vep/vep_txt because it exceeded search pattern filesize limit: MHW275_trimmed_clipped_R1_paired_fastqc.html
[2025-05-20 11:02:58,276] multiqc                                            [DEBUG  ]  File ignored by longranger/invocation because it exceeded search pattern filesize limit: MHW275_trimmed_clipped_R1_paired_fastqc.html
[2025-05-20 11:02:58,314] multiqc                                            [DEBUG  ]  File ignored by ccs/v4 because it exceeded search pattern filesize limit: MHW276_trimmed_clipped_R1_paired_fastqc.html
[2025-05-20 11:02:58,316] multiqc                                            [DEBUG  ]  File ignored by hicexplorer because it exceeded search pattern filesize limit: MHW276_trimmed_clipped_R1_paired_fastqc.html
[2025-05-20 11:02:58,316] multiqc                                            [DEBUG  ]  File ignored by nanostat because it exceeded search pattern filesize limit: MHW276_trimmed_clipped_R1_paired_fastqc.html
[2025-05-20 11:02:58,316] multiqc                                            [DEBUG  ]  File ignored by lima/summary because it exceeded search pattern filesize limit: MHW276_trimmed_clipped_R1_paired_fastqc.html
[2025-05-20 11:02:58,319] multiqc                                            [DEBUG  ]  File ignored by vep/vep_txt because it exceeded search pattern filesize limit: MHW276_trimmed_clipped_R1_paired_fastqc.html
[2025-05-20 11:02:58,319] multiqc                                            [DEBUG  ]  File ignored by longranger/invocation because it exceeded search pattern filesize limit: MHW276_trimmed_clipped_R1_paired_fastqc.html
[2025-05-20 11:02:58,357] multiqc                                            [DEBUG  ]  File ignored by ccs/v4 because it exceeded search pattern filesize limit: MHW274_trimmed_clipped_R2_paired_fastqc.html
[2025-05-20 11:02:58,358] multiqc                                            [DEBUG  ]  File ignored by hicexplorer because it exceeded search pattern filesize limit: MHW274_trimmed_clipped_R2_paired_fastqc.html
[2025-05-20 11:02:58,359] multiqc                                            [DEBUG  ]  File ignored by nanostat because it exceeded search pattern filesize limit: MHW274_trimmed_clipped_R2_paired_fastqc.html
[2025-05-20 11:02:58,359] multiqc                                            [DEBUG  ]  File ignored by lima/summary because it exceeded search pattern filesize limit: MHW274_trimmed_clipped_R2_paired_fastqc.html
[2025-05-20 11:02:58,362] multiqc                                            [DEBUG  ]  File ignored by vep/vep_txt because it exceeded search pattern filesize limit: MHW274_trimmed_clipped_R2_paired_fastqc.html
[2025-05-20 11:02:58,362] multiqc                                            [DEBUG  ]  File ignored by longranger/invocation because it exceeded search pattern filesize limit: MHW274_trimmed_clipped_R2_paired_fastqc.html
[2025-05-20 11:02:58,400] multiqc                                            [DEBUG  ]  File ignored by ccs/v4 because it exceeded search pattern filesize limit: MHW275_trimmed_clipped_R2_paired_fastqc.html
[2025-05-20 11:02:58,401] multiqc                                            [DEBUG  ]  File ignored by hicexplorer because it exceeded search pattern filesize limit: MHW275_trimmed_clipped_R2_paired_fastqc.html
[2025-05-20 11:02:58,401] multiqc                                            [DEBUG  ]  File ignored by nanostat because it exceeded search pattern filesize limit: MHW275_trimmed_clipped_R2_paired_fastqc.html
[2025-05-20 11:02:58,401] multiqc                                            [DEBUG  ]  File ignored by lima/summary because it exceeded search pattern filesize limit: MHW275_trimmed_clipped_R2_paired_fastqc.html
[2025-05-20 11:02:58,405] multiqc                                            [DEBUG  ]  File ignored by vep/vep_txt because it exceeded search pattern filesize limit: MHW275_trimmed_clipped_R2_paired_fastqc.html
[2025-05-20 11:02:58,405] multiqc                                            [DEBUG  ]  File ignored by longranger/invocation because it exceeded search pattern filesize limit: MHW275_trimmed_clipped_R2_paired_fastqc.html
[2025-05-20 11:02:58,442] multiqc                                            [DEBUG  ]  File ignored by ccs/v4 because it exceeded search pattern filesize limit: MHW276_trimmed_clipped_R2_paired_fastqc.html
[2025-05-20 11:02:58,444] multiqc                                            [DEBUG  ]  File ignored by hicexplorer because it exceeded search pattern filesize limit: MHW276_trimmed_clipped_R2_paired_fastqc.html
[2025-05-20 11:02:58,444] multiqc                                            [DEBUG  ]  File ignored by nanostat because it exceeded search pattern filesize limit: MHW276_trimmed_clipped_R2_paired_fastqc.html
[2025-05-20 11:02:58,444] multiqc                                            [DEBUG  ]  File ignored by lima/summary because it exceeded search pattern filesize limit: MHW276_trimmed_clipped_R2_paired_fastqc.html
[2025-05-20 11:02:58,448] multiqc                                            [DEBUG  ]  File ignored by vep/vep_txt because it exceeded search pattern filesize limit: MHW276_trimmed_clipped_R2_paired_fastqc.html
[2025-05-20 11:02:58,448] multiqc                                            [DEBUG  ]  File ignored by longranger/invocation because it exceeded search pattern filesize limit: MHW276_trimmed_clipped_R2_paired_fastqc.html
[2025-05-20 11:02:58,485] multiqc                                            [DEBUG  ]  File ignored by ccs/v4 because it exceeded search pattern filesize limit: MHW277_trimmed_clipped_R1_paired_fastqc.html
[2025-05-20 11:02:58,487] multiqc                                            [DEBUG  ]  File ignored by hicexplorer because it exceeded search pattern filesize limit: MHW277_trimmed_clipped_R1_paired_fastqc.html
[2025-05-20 11:02:58,487] multiqc                                            [DEBUG  ]  File ignored by nanostat because it exceeded search pattern filesize limit: MHW277_trimmed_clipped_R1_paired_fastqc.html
[2025-05-20 11:02:58,487] multiqc                                            [DEBUG  ]  File ignored by lima/summary because it exceeded search pattern filesize limit: MHW277_trimmed_clipped_R1_paired_fastqc.html
[2025-05-20 11:02:58,490] multiqc                                            [DEBUG  ]  File ignored by vep/vep_txt because it exceeded search pattern filesize limit: MHW277_trimmed_clipped_R1_paired_fastqc.html
[2025-05-20 11:02:58,490] multiqc                                            [DEBUG  ]  File ignored by longranger/invocation because it exceeded search pattern filesize limit: MHW277_trimmed_clipped_R1_paired_fastqc.html
[2025-05-20 11:02:58,528] multiqc                                            [DEBUG  ]  File ignored by ccs/v4 because it exceeded search pattern filesize limit: MHW278_trimmed_clipped_R1_paired_fastqc.html
[2025-05-20 11:02:58,529] multiqc                                            [DEBUG  ]  File ignored by hicexplorer because it exceeded search pattern filesize limit: MHW278_trimmed_clipped_R1_paired_fastqc.html
[2025-05-20 11:02:58,530] multiqc                                            [DEBUG  ]  File ignored by nanostat because it exceeded search pattern filesize limit: MHW278_trimmed_clipped_R1_paired_fastqc.html
[2025-05-20 11:02:58,530] multiqc                                            [DEBUG  ]  File ignored by lima/summary because it exceeded search pattern filesize limit: MHW278_trimmed_clipped_R1_paired_fastqc.html
[2025-05-20 11:02:58,533] multiqc                                            [DEBUG  ]  File ignored by vep/vep_txt because it exceeded search pattern filesize limit: MHW278_trimmed_clipped_R1_paired_fastqc.html
[2025-05-20 11:02:58,533] multiqc                                            [DEBUG  ]  File ignored by longranger/invocation because it exceeded search pattern filesize limit: MHW278_trimmed_clipped_R1_paired_fastqc.html
[2025-05-20 11:02:58,570] multiqc                                            [DEBUG  ]  File ignored by ccs/v4 because it exceeded search pattern filesize limit: MHW277_trimmed_clipped_R2_paired_fastqc.html
[2025-05-20 11:02:58,572] multiqc                                            [DEBUG  ]  File ignored by hicexplorer because it exceeded search pattern filesize limit: MHW277_trimmed_clipped_R2_paired_fastqc.html
[2025-05-20 11:02:58,572] multiqc                                            [DEBUG  ]  File ignored by nanostat because it exceeded search pattern filesize limit: MHW277_trimmed_clipped_R2_paired_fastqc.html
[2025-05-20 11:02:58,572] multiqc                                            [DEBUG  ]  File ignored by lima/summary because it exceeded search pattern filesize limit: MHW277_trimmed_clipped_R2_paired_fastqc.html
[2025-05-20 11:02:58,575] multiqc                                            [DEBUG  ]  File ignored by vep/vep_txt because it exceeded search pattern filesize limit: MHW277_trimmed_clipped_R2_paired_fastqc.html
[2025-05-20 11:02:58,575] multiqc                                            [DEBUG  ]  File ignored by longranger/invocation because it exceeded search pattern filesize limit: MHW277_trimmed_clipped_R2_paired_fastqc.html
[2025-05-20 11:02:58,614] multiqc                                            [DEBUG  ]  File ignored by ccs/v4 because it exceeded search pattern filesize limit: MHW279_trimmed_clipped_R1_paired_fastqc.html
[2025-05-20 11:02:58,615] multiqc                                            [DEBUG  ]  File ignored by hicexplorer because it exceeded search pattern filesize limit: MHW279_trimmed_clipped_R1_paired_fastqc.html
[2025-05-20 11:02:58,616] multiqc                                            [DEBUG  ]  File ignored by nanostat because it exceeded search pattern filesize limit: MHW279_trimmed_clipped_R1_paired_fastqc.html
[2025-05-20 11:02:58,616] multiqc                                            [DEBUG  ]  File ignored by lima/summary because it exceeded search pattern filesize limit: MHW279_trimmed_clipped_R1_paired_fastqc.html
[2025-05-20 11:02:58,619] multiqc                                            [DEBUG  ]  File ignored by vep/vep_txt because it exceeded search pattern filesize limit: MHW279_trimmed_clipped_R1_paired_fastqc.html
[2025-05-20 11:02:58,619] multiqc                                            [DEBUG  ]  File ignored by longranger/invocation because it exceeded search pattern filesize limit: MHW279_trimmed_clipped_R1_paired_fastqc.html
[2025-05-20 11:02:58,679] multiqc                                            [DEBUG  ]  File ignored by ccs/v4 because it exceeded search pattern filesize limit: MHW278_trimmed_clipped_R2_paired_fastqc.html
[2025-05-20 11:02:58,680] multiqc                                            [DEBUG  ]  File ignored by hicexplorer because it exceeded search pattern filesize limit: MHW278_trimmed_clipped_R2_paired_fastqc.html
[2025-05-20 11:02:58,680] multiqc                                            [DEBUG  ]  File ignored by nanostat because it exceeded search pattern filesize limit: MHW278_trimmed_clipped_R2_paired_fastqc.html
[2025-05-20 11:02:58,681] multiqc                                            [DEBUG  ]  File ignored by lima/summary because it exceeded search pattern filesize limit: MHW278_trimmed_clipped_R2_paired_fastqc.html
[2025-05-20 11:02:58,684] multiqc                                            [DEBUG  ]  File ignored by vep/vep_txt because it exceeded search pattern filesize limit: MHW278_trimmed_clipped_R2_paired_fastqc.html
[2025-05-20 11:02:58,684] multiqc                                            [DEBUG  ]  File ignored by longranger/invocation because it exceeded search pattern filesize limit: MHW278_trimmed_clipped_R2_paired_fastqc.html
[2025-05-20 11:02:58,721] multiqc                                            [DEBUG  ]  File ignored by ccs/v4 because it exceeded search pattern filesize limit: MHW279_trimmed_clipped_R2_paired_fastqc.html
[2025-05-20 11:02:58,723] multiqc                                            [DEBUG  ]  File ignored by hicexplorer because it exceeded search pattern filesize limit: MHW279_trimmed_clipped_R2_paired_fastqc.html
[2025-05-20 11:02:58,723] multiqc                                            [DEBUG  ]  File ignored by nanostat because it exceeded search pattern filesize limit: MHW279_trimmed_clipped_R2_paired_fastqc.html
[2025-05-20 11:02:58,723] multiqc                                            [DEBUG  ]  File ignored by lima/summary because it exceeded search pattern filesize limit: MHW279_trimmed_clipped_R2_paired_fastqc.html
[2025-05-20 11:02:58,726] multiqc                                            [DEBUG  ]  File ignored by vep/vep_txt because it exceeded search pattern filesize limit: MHW279_trimmed_clipped_R2_paired_fastqc.html
[2025-05-20 11:02:58,726] multiqc                                            [DEBUG  ]  File ignored by longranger/invocation because it exceeded search pattern filesize limit: MHW279_trimmed_clipped_R2_paired_fastqc.html
[2025-05-20 11:02:58,764] multiqc                                            [DEBUG  ]  File ignored by ccs/v4 because it exceeded search pattern filesize limit: MHW280_trimmed_clipped_R1_paired_fastqc.html
[2025-05-20 11:02:58,766] multiqc                                            [DEBUG  ]  File ignored by hicexplorer because it exceeded search pattern filesize limit: MHW280_trimmed_clipped_R1_paired_fastqc.html
[2025-05-20 11:02:58,766] multiqc                                            [DEBUG  ]  File ignored by nanostat because it exceeded search pattern filesize limit: MHW280_trimmed_clipped_R1_paired_fastqc.html
[2025-05-20 11:02:58,766] multiqc                                            [DEBUG  ]  File ignored by lima/summary because it exceeded search pattern filesize limit: MHW280_trimmed_clipped_R1_paired_fastqc.html
[2025-05-20 11:02:58,769] multiqc                                            [DEBUG  ]  File ignored by vep/vep_txt because it exceeded search pattern filesize limit: MHW280_trimmed_clipped_R1_paired_fastqc.html
[2025-05-20 11:02:58,769] multiqc                                            [DEBUG  ]  File ignored by longranger/invocation because it exceeded search pattern filesize limit: MHW280_trimmed_clipped_R1_paired_fastqc.html
[2025-05-20 11:02:58,807] multiqc                                            [DEBUG  ]  File ignored by ccs/v4 because it exceeded search pattern filesize limit: MHW280_trimmed_clipped_R2_paired_fastqc.html
[2025-05-20 11:02:58,809] multiqc                                            [DEBUG  ]  File ignored by hicexplorer because it exceeded search pattern filesize limit: MHW280_trimmed_clipped_R2_paired_fastqc.html
[2025-05-20 11:02:58,809] multiqc                                            [DEBUG  ]  File ignored by nanostat because it exceeded search pattern filesize limit: MHW280_trimmed_clipped_R2_paired_fastqc.html
[2025-05-20 11:02:58,809] multiqc                                            [DEBUG  ]  File ignored by lima/summary because it exceeded search pattern filesize limit: MHW280_trimmed_clipped_R2_paired_fastqc.html
[2025-05-20 11:02:58,812] multiqc                                            [DEBUG  ]  File ignored by vep/vep_txt because it exceeded search pattern filesize limit: MHW280_trimmed_clipped_R2_paired_fastqc.html
[2025-05-20 11:02:58,812] multiqc                                            [DEBUG  ]  File ignored by longranger/invocation because it exceeded search pattern filesize limit: MHW280_trimmed_clipped_R2_paired_fastqc.html
[2025-05-20 11:02:58,850] multiqc                                            [DEBUG  ]  File ignored by ccs/v4 because it exceeded search pattern filesize limit: MHW281_trimmed_clipped_R1_paired_fastqc.html
[2025-05-20 11:02:58,851] multiqc                                            [DEBUG  ]  File ignored by hicexplorer because it exceeded search pattern filesize limit: MHW281_trimmed_clipped_R1_paired_fastqc.html
[2025-05-20 11:02:58,851] multiqc                                            [DEBUG  ]  File ignored by nanostat because it exceeded search pattern filesize limit: MHW281_trimmed_clipped_R1_paired_fastqc.html
[2025-05-20 11:02:58,852] multiqc                                            [DEBUG  ]  File ignored by lima/summary because it exceeded search pattern filesize limit: MHW281_trimmed_clipped_R1_paired_fastqc.html
[2025-05-20 11:02:58,855] multiqc                                            [DEBUG  ]  File ignored by vep/vep_txt because it exceeded search pattern filesize limit: MHW281_trimmed_clipped_R1_paired_fastqc.html
[2025-05-20 11:02:58,855] multiqc                                            [DEBUG  ]  File ignored by longranger/invocation because it exceeded search pattern filesize limit: MHW281_trimmed_clipped_R1_paired_fastqc.html
[2025-05-20 11:02:58,893] multiqc                                            [DEBUG  ]  File ignored by ccs/v4 because it exceeded search pattern filesize limit: MHW281_trimmed_clipped_R2_paired_fastqc.html
[2025-05-20 11:02:58,894] multiqc                                            [DEBUG  ]  File ignored by hicexplorer because it exceeded search pattern filesize limit: MHW281_trimmed_clipped_R2_paired_fastqc.html
[2025-05-20 11:02:58,894] multiqc                                            [DEBUG  ]  File ignored by nanostat because it exceeded search pattern filesize limit: MHW281_trimmed_clipped_R2_paired_fastqc.html
[2025-05-20 11:02:58,895] multiqc                                            [DEBUG  ]  File ignored by lima/summary because it exceeded search pattern filesize limit: MHW281_trimmed_clipped_R2_paired_fastqc.html
[2025-05-20 11:02:58,898] multiqc                                            [DEBUG  ]  File ignored by vep/vep_txt because it exceeded search pattern filesize limit: MHW281_trimmed_clipped_R2_paired_fastqc.html
[2025-05-20 11:02:58,898] multiqc                                            [DEBUG  ]  File ignored by longranger/invocation because it exceeded search pattern filesize limit: MHW281_trimmed_clipped_R2_paired_fastqc.html
[2025-05-20 11:02:58,936] multiqc                                            [DEBUG  ]  File ignored by ccs/v4 because it exceeded search pattern filesize limit: MHW282_trimmed_clipped_R2_paired_fastqc.html
[2025-05-20 11:02:58,938] multiqc                                            [DEBUG  ]  File ignored by hicexplorer because it exceeded search pattern filesize limit: MHW282_trimmed_clipped_R2_paired_fastqc.html
[2025-05-20 11:02:58,938] multiqc                                            [DEBUG  ]  File ignored by nanostat because it exceeded search pattern filesize limit: MHW282_trimmed_clipped_R2_paired_fastqc.html
[2025-05-20 11:02:58,938] multiqc                                            [DEBUG  ]  File ignored by lima/summary because it exceeded search pattern filesize limit: MHW282_trimmed_clipped_R2_paired_fastqc.html
[2025-05-20 11:02:58,941] multiqc                                            [DEBUG  ]  File ignored by vep/vep_txt because it exceeded search pattern filesize limit: MHW282_trimmed_clipped_R2_paired_fastqc.html
[2025-05-20 11:02:58,941] multiqc                                            [DEBUG  ]  File ignored by longranger/invocation because it exceeded search pattern filesize limit: MHW282_trimmed_clipped_R2_paired_fastqc.html
[2025-05-20 11:02:58,979] multiqc                                            [DEBUG  ]  File ignored by ccs/v4 because it exceeded search pattern filesize limit: MHW282_trimmed_clipped_R1_paired_fastqc.html
[2025-05-20 11:02:58,981] multiqc                                            [DEBUG  ]  File ignored by hicexplorer because it exceeded search pattern filesize limit: MHW282_trimmed_clipped_R1_paired_fastqc.html
[2025-05-20 11:02:58,981] multiqc                                            [DEBUG  ]  File ignored by nanostat because it exceeded search pattern filesize limit: MHW282_trimmed_clipped_R1_paired_fastqc.html
[2025-05-20 11:02:58,981] multiqc                                            [DEBUG  ]  File ignored by lima/summary because it exceeded search pattern filesize limit: MHW282_trimmed_clipped_R1_paired_fastqc.html
[2025-05-20 11:02:58,984] multiqc                                            [DEBUG  ]  File ignored by vep/vep_txt because it exceeded search pattern filesize limit: MHW282_trimmed_clipped_R1_paired_fastqc.html
[2025-05-20 11:02:58,984] multiqc                                            [DEBUG  ]  File ignored by longranger/invocation because it exceeded search pattern filesize limit: MHW282_trimmed_clipped_R1_paired_fastqc.html
[2025-05-20 11:02:59,038] multiqc                                            [DEBUG  ]  File ignored by ccs/v4 because it exceeded search pattern filesize limit: MHW283_trimmed_clipped_R1_paired_fastqc.html
[2025-05-20 11:02:59,040] multiqc                                            [DEBUG  ]  File ignored by hicexplorer because it exceeded search pattern filesize limit: MHW283_trimmed_clipped_R1_paired_fastqc.html
[2025-05-20 11:02:59,040] multiqc                                            [DEBUG  ]  File ignored by nanostat because it exceeded search pattern filesize limit: MHW283_trimmed_clipped_R1_paired_fastqc.html
[2025-05-20 11:02:59,040] multiqc                                            [DEBUG  ]  File ignored by lima/summary because it exceeded search pattern filesize limit: MHW283_trimmed_clipped_R1_paired_fastqc.html
[2025-05-20 11:02:59,043] multiqc                                            [DEBUG  ]  File ignored by vep/vep_txt because it exceeded search pattern filesize limit: MHW283_trimmed_clipped_R1_paired_fastqc.html
[2025-05-20 11:02:59,043] multiqc                                            [DEBUG  ]  File ignored by longranger/invocation because it exceeded search pattern filesize limit: MHW283_trimmed_clipped_R1_paired_fastqc.html
[2025-05-20 11:02:59,082] multiqc                                            [DEBUG  ]  File ignored by ccs/v4 because it exceeded search pattern filesize limit: MHW284_trimmed_clipped_R1_paired_fastqc.html
[2025-05-20 11:02:59,083] multiqc                                            [DEBUG  ]  File ignored by hicexplorer because it exceeded search pattern filesize limit: MHW284_trimmed_clipped_R1_paired_fastqc.html
[2025-05-20 11:02:59,083] multiqc                                            [DEBUG  ]  File ignored by nanostat because it exceeded search pattern filesize limit: MHW284_trimmed_clipped_R1_paired_fastqc.html
[2025-05-20 11:02:59,084] multiqc                                            [DEBUG  ]  File ignored by lima/summary because it exceeded search pattern filesize limit: MHW284_trimmed_clipped_R1_paired_fastqc.html
[2025-05-20 11:02:59,087] multiqc                                            [DEBUG  ]  File ignored by vep/vep_txt because it exceeded search pattern filesize limit: MHW284_trimmed_clipped_R1_paired_fastqc.html
[2025-05-20 11:02:59,087] multiqc                                            [DEBUG  ]  File ignored by longranger/invocation because it exceeded search pattern filesize limit: MHW284_trimmed_clipped_R1_paired_fastqc.html
[2025-05-20 11:02:59,125] multiqc                                            [DEBUG  ]  File ignored by ccs/v4 because it exceeded search pattern filesize limit: MHW283_trimmed_clipped_R2_paired_fastqc.html
[2025-05-20 11:02:59,127] multiqc                                            [DEBUG  ]  File ignored by hicexplorer because it exceeded search pattern filesize limit: MHW283_trimmed_clipped_R2_paired_fastqc.html
[2025-05-20 11:02:59,127] multiqc                                            [DEBUG  ]  File ignored by nanostat because it exceeded search pattern filesize limit: MHW283_trimmed_clipped_R2_paired_fastqc.html
[2025-05-20 11:02:59,127] multiqc                                            [DEBUG  ]  File ignored by lima/summary because it exceeded search pattern filesize limit: MHW283_trimmed_clipped_R2_paired_fastqc.html
[2025-05-20 11:02:59,130] multiqc                                            [DEBUG  ]  File ignored by vep/vep_txt because it exceeded search pattern filesize limit: MHW283_trimmed_clipped_R2_paired_fastqc.html
[2025-05-20 11:02:59,130] multiqc                                            [DEBUG  ]  File ignored by longranger/invocation because it exceeded search pattern filesize limit: MHW283_trimmed_clipped_R2_paired_fastqc.html
[2025-05-20 11:02:59,195] multiqc                                            [DEBUG  ]  File ignored by ccs/v4 because it exceeded search pattern filesize limit: MHW284_trimmed_clipped_R2_paired_fastqc.html
[2025-05-20 11:02:59,197] multiqc                                            [DEBUG  ]  File ignored by hicexplorer because it exceeded search pattern filesize limit: MHW284_trimmed_clipped_R2_paired_fastqc.html
[2025-05-20 11:02:59,197] multiqc                                            [DEBUG  ]  File ignored by nanostat because it exceeded search pattern filesize limit: MHW284_trimmed_clipped_R2_paired_fastqc.html
[2025-05-20 11:02:59,197] multiqc                                            [DEBUG  ]  File ignored by lima/summary because it exceeded search pattern filesize limit: MHW284_trimmed_clipped_R2_paired_fastqc.html
[2025-05-20 11:02:59,200] multiqc                                            [DEBUG  ]  File ignored by vep/vep_txt because it exceeded search pattern filesize limit: MHW284_trimmed_clipped_R2_paired_fastqc.html
[2025-05-20 11:02:59,200] multiqc                                            [DEBUG  ]  File ignored by longranger/invocation because it exceeded search pattern filesize limit: MHW284_trimmed_clipped_R2_paired_fastqc.html
[2025-05-20 11:02:59,238] multiqc                                            [DEBUG  ]  File ignored by ccs/v4 because it exceeded search pattern filesize limit: MHW285_trimmed_clipped_R1_paired_fastqc.html
[2025-05-20 11:02:59,240] multiqc                                            [DEBUG  ]  File ignored by hicexplorer because it exceeded search pattern filesize limit: MHW285_trimmed_clipped_R1_paired_fastqc.html
[2025-05-20 11:02:59,240] multiqc                                            [DEBUG  ]  File ignored by nanostat because it exceeded search pattern filesize limit: MHW285_trimmed_clipped_R1_paired_fastqc.html
[2025-05-20 11:02:59,240] multiqc                                            [DEBUG  ]  File ignored by lima/summary because it exceeded search pattern filesize limit: MHW285_trimmed_clipped_R1_paired_fastqc.html
[2025-05-20 11:02:59,243] multiqc                                            [DEBUG  ]  File ignored by vep/vep_txt because it exceeded search pattern filesize limit: MHW285_trimmed_clipped_R1_paired_fastqc.html
[2025-05-20 11:02:59,244] multiqc                                            [DEBUG  ]  File ignored by longranger/invocation because it exceeded search pattern filesize limit: MHW285_trimmed_clipped_R1_paired_fastqc.html
[2025-05-20 11:02:59,291] multiqc                                            [DEBUG  ]  File ignored by ccs/v4 because it exceeded search pattern filesize limit: MHW285_trimmed_clipped_R2_paired_fastqc.html
[2025-05-20 11:02:59,293] multiqc                                            [DEBUG  ]  File ignored by hicexplorer because it exceeded search pattern filesize limit: MHW285_trimmed_clipped_R2_paired_fastqc.html
[2025-05-20 11:02:59,293] multiqc                                            [DEBUG  ]  File ignored by nanostat because it exceeded search pattern filesize limit: MHW285_trimmed_clipped_R2_paired_fastqc.html
[2025-05-20 11:02:59,293] multiqc                                            [DEBUG  ]  File ignored by lima/summary because it exceeded search pattern filesize limit: MHW285_trimmed_clipped_R2_paired_fastqc.html
[2025-05-20 11:02:59,297] multiqc                                            [DEBUG  ]  File ignored by vep/vep_txt because it exceeded search pattern filesize limit: MHW285_trimmed_clipped_R2_paired_fastqc.html
[2025-05-20 11:02:59,297] multiqc                                            [DEBUG  ]  File ignored by longranger/invocation because it exceeded search pattern filesize limit: MHW285_trimmed_clipped_R2_paired_fastqc.html
[2025-05-20 11:02:59,355] multiqc                                            [DEBUG  ]  File ignored by ccs/v4 because it exceeded search pattern filesize limit: MHW287_trimmed_clipped_R1_paired_fastqc.html
[2025-05-20 11:02:59,357] multiqc                                            [DEBUG  ]  File ignored by hicexplorer because it exceeded search pattern filesize limit: MHW287_trimmed_clipped_R1_paired_fastqc.html
[2025-05-20 11:02:59,357] multiqc                                            [DEBUG  ]  File ignored by nanostat because it exceeded search pattern filesize limit: MHW287_trimmed_clipped_R1_paired_fastqc.html
[2025-05-20 11:02:59,357] multiqc                                            [DEBUG  ]  File ignored by lima/summary because it exceeded search pattern filesize limit: MHW287_trimmed_clipped_R1_paired_fastqc.html
[2025-05-20 11:02:59,360] multiqc                                            [DEBUG  ]  File ignored by vep/vep_txt because it exceeded search pattern filesize limit: MHW287_trimmed_clipped_R1_paired_fastqc.html
[2025-05-20 11:02:59,361] multiqc                                            [DEBUG  ]  File ignored by longranger/invocation because it exceeded search pattern filesize limit: MHW287_trimmed_clipped_R1_paired_fastqc.html
[2025-05-20 11:02:59,414] multiqc                                            [DEBUG  ]  File ignored by ccs/v4 because it exceeded search pattern filesize limit: MHW287_trimmed_clipped_R2_paired_fastqc.html
[2025-05-20 11:02:59,416] multiqc                                            [DEBUG  ]  File ignored by hicexplorer because it exceeded search pattern filesize limit: MHW287_trimmed_clipped_R2_paired_fastqc.html
[2025-05-20 11:02:59,416] multiqc                                            [DEBUG  ]  File ignored by nanostat because it exceeded search pattern filesize limit: MHW287_trimmed_clipped_R2_paired_fastqc.html
[2025-05-20 11:02:59,416] multiqc                                            [DEBUG  ]  File ignored by lima/summary because it exceeded search pattern filesize limit: MHW287_trimmed_clipped_R2_paired_fastqc.html
[2025-05-20 11:02:59,419] multiqc                                            [DEBUG  ]  File ignored by vep/vep_txt because it exceeded search pattern filesize limit: MHW287_trimmed_clipped_R2_paired_fastqc.html
[2025-05-20 11:02:59,419] multiqc                                            [DEBUG  ]  File ignored by longranger/invocation because it exceeded search pattern filesize limit: MHW287_trimmed_clipped_R2_paired_fastqc.html
[2025-05-20 11:02:59,457] multiqc                                            [DEBUG  ]  File ignored by ccs/v4 because it exceeded search pattern filesize limit: MHW286_trimmed_clipped_R1_paired_fastqc.html
[2025-05-20 11:02:59,459] multiqc                                            [DEBUG  ]  File ignored by hicexplorer because it exceeded search pattern filesize limit: MHW286_trimmed_clipped_R1_paired_fastqc.html
[2025-05-20 11:02:59,459] multiqc                                            [DEBUG  ]  File ignored by nanostat because it exceeded search pattern filesize limit: MHW286_trimmed_clipped_R1_paired_fastqc.html
[2025-05-20 11:02:59,459] multiqc                                            [DEBUG  ]  File ignored by lima/summary because it exceeded search pattern filesize limit: MHW286_trimmed_clipped_R1_paired_fastqc.html
[2025-05-20 11:02:59,462] multiqc                                            [DEBUG  ]  File ignored by vep/vep_txt because it exceeded search pattern filesize limit: MHW286_trimmed_clipped_R1_paired_fastqc.html
[2025-05-20 11:02:59,462] multiqc                                            [DEBUG  ]  File ignored by longranger/invocation because it exceeded search pattern filesize limit: MHW286_trimmed_clipped_R1_paired_fastqc.html
[2025-05-20 11:02:59,499] multiqc                                            [DEBUG  ]  File ignored by ccs/v4 because it exceeded search pattern filesize limit: MHW286_trimmed_clipped_R2_paired_fastqc.html
[2025-05-20 11:02:59,501] multiqc                                            [DEBUG  ]  File ignored by hicexplorer because it exceeded search pattern filesize limit: MHW286_trimmed_clipped_R2_paired_fastqc.html
[2025-05-20 11:02:59,501] multiqc                                            [DEBUG  ]  File ignored by nanostat because it exceeded search pattern filesize limit: MHW286_trimmed_clipped_R2_paired_fastqc.html
[2025-05-20 11:02:59,501] multiqc                                            [DEBUG  ]  File ignored by lima/summary because it exceeded search pattern filesize limit: MHW286_trimmed_clipped_R2_paired_fastqc.html
[2025-05-20 11:02:59,504] multiqc                                            [DEBUG  ]  File ignored by vep/vep_txt because it exceeded search pattern filesize limit: MHW286_trimmed_clipped_R2_paired_fastqc.html
[2025-05-20 11:02:59,504] multiqc                                            [DEBUG  ]  File ignored by longranger/invocation because it exceeded search pattern filesize limit: MHW286_trimmed_clipped_R2_paired_fastqc.html
[2025-05-20 11:02:59,541] multiqc                                            [DEBUG  ]  File ignored by ccs/v4 because it exceeded search pattern filesize limit: MHW288_trimmed_clipped_R1_paired_fastqc.html
[2025-05-20 11:02:59,543] multiqc                                            [DEBUG  ]  File ignored by hicexplorer because it exceeded search pattern filesize limit: MHW288_trimmed_clipped_R1_paired_fastqc.html
[2025-05-20 11:02:59,543] multiqc                                            [DEBUG  ]  File ignored by nanostat because it exceeded search pattern filesize limit: MHW288_trimmed_clipped_R1_paired_fastqc.html
[2025-05-20 11:02:59,543] multiqc                                            [DEBUG  ]  File ignored by lima/summary because it exceeded search pattern filesize limit: MHW288_trimmed_clipped_R1_paired_fastqc.html
[2025-05-20 11:02:59,546] multiqc                                            [DEBUG  ]  File ignored by vep/vep_txt because it exceeded search pattern filesize limit: MHW288_trimmed_clipped_R1_paired_fastqc.html
[2025-05-20 11:02:59,546] multiqc                                            [DEBUG  ]  File ignored by longranger/invocation because it exceeded search pattern filesize limit: MHW288_trimmed_clipped_R1_paired_fastqc.html
[2025-05-20 11:02:59,585] multiqc                                            [DEBUG  ]  File ignored by ccs/v4 because it exceeded search pattern filesize limit: MHW289_trimmed_clipped_R2_paired_fastqc.html
[2025-05-20 11:02:59,586] multiqc                                            [DEBUG  ]  File ignored by hicexplorer because it exceeded search pattern filesize limit: MHW289_trimmed_clipped_R2_paired_fastqc.html
[2025-05-20 11:02:59,587] multiqc                                            [DEBUG  ]  File ignored by nanostat because it exceeded search pattern filesize limit: MHW289_trimmed_clipped_R2_paired_fastqc.html
[2025-05-20 11:02:59,587] multiqc                                            [DEBUG  ]  File ignored by lima/summary because it exceeded search pattern filesize limit: MHW289_trimmed_clipped_R2_paired_fastqc.html
[2025-05-20 11:02:59,590] multiqc                                            [DEBUG  ]  File ignored by vep/vep_txt because it exceeded search pattern filesize limit: MHW289_trimmed_clipped_R2_paired_fastqc.html
[2025-05-20 11:02:59,590] multiqc                                            [DEBUG  ]  File ignored by longranger/invocation because it exceeded search pattern filesize limit: MHW289_trimmed_clipped_R2_paired_fastqc.html
[2025-05-20 11:02:59,628] multiqc                                            [DEBUG  ]  File ignored by ccs/v4 because it exceeded search pattern filesize limit: MHW289_trimmed_clipped_R1_paired_fastqc.html
[2025-05-20 11:02:59,630] multiqc                                            [DEBUG  ]  File ignored by hicexplorer because it exceeded search pattern filesize limit: MHW289_trimmed_clipped_R1_paired_fastqc.html
[2025-05-20 11:02:59,630] multiqc                                            [DEBUG  ]  File ignored by nanostat because it exceeded search pattern filesize limit: MHW289_trimmed_clipped_R1_paired_fastqc.html
[2025-05-20 11:02:59,630] multiqc                                            [DEBUG  ]  File ignored by lima/summary because it exceeded search pattern filesize limit: MHW289_trimmed_clipped_R1_paired_fastqc.html
[2025-05-20 11:02:59,633] multiqc                                            [DEBUG  ]  File ignored by vep/vep_txt because it exceeded search pattern filesize limit: MHW289_trimmed_clipped_R1_paired_fastqc.html
[2025-05-20 11:02:59,633] multiqc                                            [DEBUG  ]  File ignored by longranger/invocation because it exceeded search pattern filesize limit: MHW289_trimmed_clipped_R1_paired_fastqc.html
[2025-05-20 11:02:59,670] multiqc                                            [DEBUG  ]  File ignored by ccs/v4 because it exceeded search pattern filesize limit: MHW288_trimmed_clipped_R2_paired_fastqc.html
[2025-05-20 11:02:59,671] multiqc                                            [DEBUG  ]  File ignored by hicexplorer because it exceeded search pattern filesize limit: MHW288_trimmed_clipped_R2_paired_fastqc.html
[2025-05-20 11:02:59,672] multiqc                                            [DEBUG  ]  File ignored by nanostat because it exceeded search pattern filesize limit: MHW288_trimmed_clipped_R2_paired_fastqc.html
[2025-05-20 11:02:59,672] multiqc                                            [DEBUG  ]  File ignored by lima/summary because it exceeded search pattern filesize limit: MHW288_trimmed_clipped_R2_paired_fastqc.html
[2025-05-20 11:02:59,675] multiqc                                            [DEBUG  ]  File ignored by vep/vep_txt because it exceeded search pattern filesize limit: MHW288_trimmed_clipped_R2_paired_fastqc.html
[2025-05-20 11:02:59,675] multiqc                                            [DEBUG  ]  File ignored by longranger/invocation because it exceeded search pattern filesize limit: MHW288_trimmed_clipped_R2_paired_fastqc.html
[2025-05-20 11:02:59,713] multiqc                                            [DEBUG  ]  File ignored by ccs/v4 because it exceeded search pattern filesize limit: MHW290_trimmed_clipped_R1_paired_fastqc.html
[2025-05-20 11:02:59,715] multiqc                                            [DEBUG  ]  File ignored by hicexplorer because it exceeded search pattern filesize limit: MHW290_trimmed_clipped_R1_paired_fastqc.html
[2025-05-20 11:02:59,715] multiqc                                            [DEBUG  ]  File ignored by nanostat because it exceeded search pattern filesize limit: MHW290_trimmed_clipped_R1_paired_fastqc.html
[2025-05-20 11:02:59,715] multiqc                                            [DEBUG  ]  File ignored by lima/summary because it exceeded search pattern filesize limit: MHW290_trimmed_clipped_R1_paired_fastqc.html
[2025-05-20 11:02:59,718] multiqc                                            [DEBUG  ]  File ignored by vep/vep_txt because it exceeded search pattern filesize limit: MHW290_trimmed_clipped_R1_paired_fastqc.html
[2025-05-20 11:02:59,718] multiqc                                            [DEBUG  ]  File ignored by longranger/invocation because it exceeded search pattern filesize limit: MHW290_trimmed_clipped_R1_paired_fastqc.html
[2025-05-20 11:02:59,763] multiqc                                            [DEBUG  ]  File ignored by ccs/v4 because it exceeded search pattern filesize limit: MHW291_trimmed_clipped_R1_paired_fastqc.html
[2025-05-20 11:02:59,765] multiqc                                            [DEBUG  ]  File ignored by hicexplorer because it exceeded search pattern filesize limit: MHW291_trimmed_clipped_R1_paired_fastqc.html
[2025-05-20 11:02:59,765] multiqc                                            [DEBUG  ]  File ignored by nanostat because it exceeded search pattern filesize limit: MHW291_trimmed_clipped_R1_paired_fastqc.html
[2025-05-20 11:02:59,765] multiqc                                            [DEBUG  ]  File ignored by lima/summary because it exceeded search pattern filesize limit: MHW291_trimmed_clipped_R1_paired_fastqc.html
[2025-05-20 11:02:59,769] multiqc                                            [DEBUG  ]  File ignored by vep/vep_txt because it exceeded search pattern filesize limit: MHW291_trimmed_clipped_R1_paired_fastqc.html
[2025-05-20 11:02:59,769] multiqc                                            [DEBUG  ]  File ignored by longranger/invocation because it exceeded search pattern filesize limit: MHW291_trimmed_clipped_R1_paired_fastqc.html
[2025-05-20 11:02:59,805] multiqc                                            [DEBUG  ]  File ignored by ccs/v4 because it exceeded search pattern filesize limit: MHW291_trimmed_clipped_R2_paired_fastqc.html
[2025-05-20 11:02:59,806] multiqc                                            [DEBUG  ]  File ignored by hicexplorer because it exceeded search pattern filesize limit: MHW291_trimmed_clipped_R2_paired_fastqc.html
[2025-05-20 11:02:59,807] multiqc                                            [DEBUG  ]  File ignored by nanostat because it exceeded search pattern filesize limit: MHW291_trimmed_clipped_R2_paired_fastqc.html
[2025-05-20 11:02:59,807] multiqc                                            [DEBUG  ]  File ignored by lima/summary because it exceeded search pattern filesize limit: MHW291_trimmed_clipped_R2_paired_fastqc.html
[2025-05-20 11:02:59,810] multiqc                                            [DEBUG  ]  File ignored by vep/vep_txt because it exceeded search pattern filesize limit: MHW291_trimmed_clipped_R2_paired_fastqc.html
[2025-05-20 11:02:59,810] multiqc                                            [DEBUG  ]  File ignored by longranger/invocation because it exceeded search pattern filesize limit: MHW291_trimmed_clipped_R2_paired_fastqc.html
[2025-05-20 11:02:59,846] multiqc                                            [DEBUG  ]  File ignored by ccs/v4 because it exceeded search pattern filesize limit: MHW290_trimmed_clipped_R2_paired_fastqc.html
[2025-05-20 11:02:59,848] multiqc                                            [DEBUG  ]  File ignored by hicexplorer because it exceeded search pattern filesize limit: MHW290_trimmed_clipped_R2_paired_fastqc.html
[2025-05-20 11:02:59,848] multiqc                                            [DEBUG  ]  File ignored by nanostat because it exceeded search pattern filesize limit: MHW290_trimmed_clipped_R2_paired_fastqc.html
[2025-05-20 11:02:59,848] multiqc                                            [DEBUG  ]  File ignored by lima/summary because it exceeded search pattern filesize limit: MHW290_trimmed_clipped_R2_paired_fastqc.html
[2025-05-20 11:02:59,851] multiqc                                            [DEBUG  ]  File ignored by vep/vep_txt because it exceeded search pattern filesize limit: MHW290_trimmed_clipped_R2_paired_fastqc.html
[2025-05-20 11:02:59,852] multiqc                                            [DEBUG  ]  File ignored by longranger/invocation because it exceeded search pattern filesize limit: MHW290_trimmed_clipped_R2_paired_fastqc.html
[2025-05-20 11:02:59,910] multiqc                                            [DEBUG  ]  File ignored by ccs/v4 because it exceeded search pattern filesize limit: MHW292_trimmed_clipped_R2_paired_fastqc.html
[2025-05-20 11:02:59,912] multiqc                                            [DEBUG  ]  File ignored by hicexplorer because it exceeded search pattern filesize limit: MHW292_trimmed_clipped_R2_paired_fastqc.html
[2025-05-20 11:02:59,912] multiqc                                            [DEBUG  ]  File ignored by nanostat because it exceeded search pattern filesize limit: MHW292_trimmed_clipped_R2_paired_fastqc.html
[2025-05-20 11:02:59,912] multiqc                                            [DEBUG  ]  File ignored by lima/summary because it exceeded search pattern filesize limit: MHW292_trimmed_clipped_R2_paired_fastqc.html
[2025-05-20 11:02:59,916] multiqc                                            [DEBUG  ]  File ignored by vep/vep_txt because it exceeded search pattern filesize limit: MHW292_trimmed_clipped_R2_paired_fastqc.html
[2025-05-20 11:02:59,916] multiqc                                            [DEBUG  ]  File ignored by longranger/invocation because it exceeded search pattern filesize limit: MHW292_trimmed_clipped_R2_paired_fastqc.html
[2025-05-20 11:02:59,964] multiqc                                            [DEBUG  ]  File ignored by ccs/v4 because it exceeded search pattern filesize limit: MHW292_trimmed_clipped_R1_paired_fastqc.html
[2025-05-20 11:02:59,965] multiqc                                            [DEBUG  ]  File ignored by hicexplorer because it exceeded search pattern filesize limit: MHW292_trimmed_clipped_R1_paired_fastqc.html
[2025-05-20 11:02:59,966] multiqc                                            [DEBUG  ]  File ignored by nanostat because it exceeded search pattern filesize limit: MHW292_trimmed_clipped_R1_paired_fastqc.html
[2025-05-20 11:02:59,966] multiqc                                            [DEBUG  ]  File ignored by lima/summary because it exceeded search pattern filesize limit: MHW292_trimmed_clipped_R1_paired_fastqc.html
[2025-05-20 11:02:59,969] multiqc                                            [DEBUG  ]  File ignored by vep/vep_txt because it exceeded search pattern filesize limit: MHW292_trimmed_clipped_R1_paired_fastqc.html
[2025-05-20 11:02:59,969] multiqc                                            [DEBUG  ]  File ignored by longranger/invocation because it exceeded search pattern filesize limit: MHW292_trimmed_clipped_R1_paired_fastqc.html
[2025-05-20 11:03:00,005] multiqc                                            [DEBUG  ]  File ignored by ccs/v4 because it exceeded search pattern filesize limit: MHW293_trimmed_clipped_R2_paired_fastqc.html
[2025-05-20 11:03:00,006] multiqc                                            [DEBUG  ]  File ignored by hicexplorer because it exceeded search pattern filesize limit: MHW293_trimmed_clipped_R2_paired_fastqc.html
[2025-05-20 11:03:00,007] multiqc                                            [DEBUG  ]  File ignored by nanostat because it exceeded search pattern filesize limit: MHW293_trimmed_clipped_R2_paired_fastqc.html
[2025-05-20 11:03:00,007] multiqc                                            [DEBUG  ]  File ignored by lima/summary because it exceeded search pattern filesize limit: MHW293_trimmed_clipped_R2_paired_fastqc.html
[2025-05-20 11:03:00,010] multiqc                                            [DEBUG  ]  File ignored by vep/vep_txt because it exceeded search pattern filesize limit: MHW293_trimmed_clipped_R2_paired_fastqc.html
[2025-05-20 11:03:00,010] multiqc                                            [DEBUG  ]  File ignored by longranger/invocation because it exceeded search pattern filesize limit: MHW293_trimmed_clipped_R2_paired_fastqc.html
[2025-05-20 11:03:00,046] multiqc                                            [DEBUG  ]  File ignored by ccs/v4 because it exceeded search pattern filesize limit: MHW293_trimmed_clipped_R1_paired_fastqc.html
[2025-05-20 11:03:00,048] multiqc                                            [DEBUG  ]  File ignored by hicexplorer because it exceeded search pattern filesize limit: MHW293_trimmed_clipped_R1_paired_fastqc.html
[2025-05-20 11:03:00,048] multiqc                                            [DEBUG  ]  File ignored by nanostat because it exceeded search pattern filesize limit: MHW293_trimmed_clipped_R1_paired_fastqc.html
[2025-05-20 11:03:00,048] multiqc                                            [DEBUG  ]  File ignored by lima/summary because it exceeded search pattern filesize limit: MHW293_trimmed_clipped_R1_paired_fastqc.html
[2025-05-20 11:03:00,051] multiqc                                            [DEBUG  ]  File ignored by vep/vep_txt because it exceeded search pattern filesize limit: MHW293_trimmed_clipped_R1_paired_fastqc.html
[2025-05-20 11:03:00,051] multiqc                                            [DEBUG  ]  File ignored by longranger/invocation because it exceeded search pattern filesize limit: MHW293_trimmed_clipped_R1_paired_fastqc.html
[2025-05-20 11:03:00,088] multiqc                                            [DEBUG  ]  File ignored by ccs/v4 because it exceeded search pattern filesize limit: MHW294_trimmed_clipped_R2_paired_fastqc.html
[2025-05-20 11:03:00,089] multiqc                                            [DEBUG  ]  File ignored by hicexplorer because it exceeded search pattern filesize limit: MHW294_trimmed_clipped_R2_paired_fastqc.html
[2025-05-20 11:03:00,090] multiqc                                            [DEBUG  ]  File ignored by nanostat because it exceeded search pattern filesize limit: MHW294_trimmed_clipped_R2_paired_fastqc.html
[2025-05-20 11:03:00,090] multiqc                                            [DEBUG  ]  File ignored by lima/summary because it exceeded search pattern filesize limit: MHW294_trimmed_clipped_R2_paired_fastqc.html
[2025-05-20 11:03:00,093] multiqc                                            [DEBUG  ]  File ignored by vep/vep_txt because it exceeded search pattern filesize limit: MHW294_trimmed_clipped_R2_paired_fastqc.html
[2025-05-20 11:03:00,093] multiqc                                            [DEBUG  ]  File ignored by longranger/invocation because it exceeded search pattern filesize limit: MHW294_trimmed_clipped_R2_paired_fastqc.html
[2025-05-20 11:03:00,130] multiqc                                            [DEBUG  ]  File ignored by ccs/v4 because it exceeded search pattern filesize limit: MHW294_trimmed_clipped_R1_paired_fastqc.html
[2025-05-20 11:03:00,131] multiqc                                            [DEBUG  ]  File ignored by hicexplorer because it exceeded search pattern filesize limit: MHW294_trimmed_clipped_R1_paired_fastqc.html
[2025-05-20 11:03:00,131] multiqc                                            [DEBUG  ]  File ignored by nanostat because it exceeded search pattern filesize limit: MHW294_trimmed_clipped_R1_paired_fastqc.html
[2025-05-20 11:03:00,131] multiqc                                            [DEBUG  ]  File ignored by lima/summary because it exceeded search pattern filesize limit: MHW294_trimmed_clipped_R1_paired_fastqc.html
[2025-05-20 11:03:00,135] multiqc                                            [DEBUG  ]  File ignored by vep/vep_txt because it exceeded search pattern filesize limit: MHW294_trimmed_clipped_R1_paired_fastqc.html
[2025-05-20 11:03:00,135] multiqc                                            [DEBUG  ]  File ignored by longranger/invocation because it exceeded search pattern filesize limit: MHW294_trimmed_clipped_R1_paired_fastqc.html
[2025-05-20 11:03:00,172] multiqc                                            [DEBUG  ]  File ignored by ccs/v4 because it exceeded search pattern filesize limit: MHW295_trimmed_clipped_R2_paired_fastqc.html
[2025-05-20 11:03:00,173] multiqc                                            [DEBUG  ]  File ignored by hicexplorer because it exceeded search pattern filesize limit: MHW295_trimmed_clipped_R2_paired_fastqc.html
[2025-05-20 11:03:00,174] multiqc                                            [DEBUG  ]  File ignored by nanostat because it exceeded search pattern filesize limit: MHW295_trimmed_clipped_R2_paired_fastqc.html
[2025-05-20 11:03:00,174] multiqc                                            [DEBUG  ]  File ignored by lima/summary because it exceeded search pattern filesize limit: MHW295_trimmed_clipped_R2_paired_fastqc.html
[2025-05-20 11:03:00,177] multiqc                                            [DEBUG  ]  File ignored by vep/vep_txt because it exceeded search pattern filesize limit: MHW295_trimmed_clipped_R2_paired_fastqc.html
[2025-05-20 11:03:00,177] multiqc                                            [DEBUG  ]  File ignored by longranger/invocation because it exceeded search pattern filesize limit: MHW295_trimmed_clipped_R2_paired_fastqc.html
[2025-05-20 11:03:00,214] multiqc                                            [DEBUG  ]  File ignored by ccs/v4 because it exceeded search pattern filesize limit: MHW295_trimmed_clipped_R1_paired_fastqc.html
[2025-05-20 11:03:00,216] multiqc                                            [DEBUG  ]  File ignored by hicexplorer because it exceeded search pattern filesize limit: MHW295_trimmed_clipped_R1_paired_fastqc.html
[2025-05-20 11:03:00,216] multiqc                                            [DEBUG  ]  File ignored by nanostat because it exceeded search pattern filesize limit: MHW295_trimmed_clipped_R1_paired_fastqc.html
[2025-05-20 11:03:00,216] multiqc                                            [DEBUG  ]  File ignored by lima/summary because it exceeded search pattern filesize limit: MHW295_trimmed_clipped_R1_paired_fastqc.html
[2025-05-20 11:03:00,219] multiqc                                            [DEBUG  ]  File ignored by vep/vep_txt because it exceeded search pattern filesize limit: MHW295_trimmed_clipped_R1_paired_fastqc.html
[2025-05-20 11:03:00,219] multiqc                                            [DEBUG  ]  File ignored by longranger/invocation because it exceeded search pattern filesize limit: MHW295_trimmed_clipped_R1_paired_fastqc.html
[2025-05-20 11:03:00,256] multiqc                                            [DEBUG  ]  File ignored by ccs/v4 because it exceeded search pattern filesize limit: MHW297_trimmed_clipped_R1_paired_fastqc.html
[2025-05-20 11:03:00,258] multiqc                                            [DEBUG  ]  File ignored by hicexplorer because it exceeded search pattern filesize limit: MHW297_trimmed_clipped_R1_paired_fastqc.html
[2025-05-20 11:03:00,258] multiqc                                            [DEBUG  ]  File ignored by nanostat because it exceeded search pattern filesize limit: MHW297_trimmed_clipped_R1_paired_fastqc.html
[2025-05-20 11:03:00,258] multiqc                                            [DEBUG  ]  File ignored by lima/summary because it exceeded search pattern filesize limit: MHW297_trimmed_clipped_R1_paired_fastqc.html
[2025-05-20 11:03:00,261] multiqc                                            [DEBUG  ]  File ignored by vep/vep_txt because it exceeded search pattern filesize limit: MHW297_trimmed_clipped_R1_paired_fastqc.html
[2025-05-20 11:03:00,261] multiqc                                            [DEBUG  ]  File ignored by longranger/invocation because it exceeded search pattern filesize limit: MHW297_trimmed_clipped_R1_paired_fastqc.html
[2025-05-20 11:03:00,297] multiqc                                            [DEBUG  ]  File ignored by ccs/v4 because it exceeded search pattern filesize limit: MHW297_trimmed_clipped_R2_paired_fastqc.html
[2025-05-20 11:03:00,299] multiqc                                            [DEBUG  ]  File ignored by hicexplorer because it exceeded search pattern filesize limit: MHW297_trimmed_clipped_R2_paired_fastqc.html
[2025-05-20 11:03:00,299] multiqc                                            [DEBUG  ]  File ignored by nanostat because it exceeded search pattern filesize limit: MHW297_trimmed_clipped_R2_paired_fastqc.html
[2025-05-20 11:03:00,299] multiqc                                            [DEBUG  ]  File ignored by lima/summary because it exceeded search pattern filesize limit: MHW297_trimmed_clipped_R2_paired_fastqc.html
[2025-05-20 11:03:00,302] multiqc                                            [DEBUG  ]  File ignored by vep/vep_txt because it exceeded search pattern filesize limit: MHW297_trimmed_clipped_R2_paired_fastqc.html
[2025-05-20 11:03:00,302] multiqc                                            [DEBUG  ]  File ignored by longranger/invocation because it exceeded search pattern filesize limit: MHW297_trimmed_clipped_R2_paired_fastqc.html
[2025-05-20 11:03:00,338] multiqc                                            [DEBUG  ]  File ignored by ccs/v4 because it exceeded search pattern filesize limit: MHW296_trimmed_clipped_R1_paired_fastqc.html
[2025-05-20 11:03:00,340] multiqc                                            [DEBUG  ]  File ignored by hicexplorer because it exceeded search pattern filesize limit: MHW296_trimmed_clipped_R1_paired_fastqc.html
[2025-05-20 11:03:00,340] multiqc                                            [DEBUG  ]  File ignored by nanostat because it exceeded search pattern filesize limit: MHW296_trimmed_clipped_R1_paired_fastqc.html
[2025-05-20 11:03:00,340] multiqc                                            [DEBUG  ]  File ignored by lima/summary because it exceeded search pattern filesize limit: MHW296_trimmed_clipped_R1_paired_fastqc.html
[2025-05-20 11:03:00,343] multiqc                                            [DEBUG  ]  File ignored by vep/vep_txt because it exceeded search pattern filesize limit: MHW296_trimmed_clipped_R1_paired_fastqc.html
[2025-05-20 11:03:00,343] multiqc                                            [DEBUG  ]  File ignored by longranger/invocation because it exceeded search pattern filesize limit: MHW296_trimmed_clipped_R1_paired_fastqc.html
[2025-05-20 11:03:00,381] multiqc                                            [DEBUG  ]  File ignored by ccs/v4 because it exceeded search pattern filesize limit: MHW296_trimmed_clipped_R2_paired_fastqc.html
[2025-05-20 11:03:00,382] multiqc                                            [DEBUG  ]  File ignored by hicexplorer because it exceeded search pattern filesize limit: MHW296_trimmed_clipped_R2_paired_fastqc.html
[2025-05-20 11:03:00,382] multiqc                                            [DEBUG  ]  File ignored by nanostat because it exceeded search pattern filesize limit: MHW296_trimmed_clipped_R2_paired_fastqc.html
[2025-05-20 11:03:00,382] multiqc                                            [DEBUG  ]  File ignored by lima/summary because it exceeded search pattern filesize limit: MHW296_trimmed_clipped_R2_paired_fastqc.html
[2025-05-20 11:03:00,385] multiqc                                            [DEBUG  ]  File ignored by vep/vep_txt because it exceeded search pattern filesize limit: MHW296_trimmed_clipped_R2_paired_fastqc.html
[2025-05-20 11:03:00,385] multiqc                                            [DEBUG  ]  File ignored by longranger/invocation because it exceeded search pattern filesize limit: MHW296_trimmed_clipped_R2_paired_fastqc.html
[2025-05-20 11:03:00,422] multiqc                                            [DEBUG  ]  File ignored by ccs/v4 because it exceeded search pattern filesize limit: MHW299_trimmed_clipped_R2_paired_fastqc.html
[2025-05-20 11:03:00,424] multiqc                                            [DEBUG  ]  File ignored by hicexplorer because it exceeded search pattern filesize limit: MHW299_trimmed_clipped_R2_paired_fastqc.html
[2025-05-20 11:03:00,424] multiqc                                            [DEBUG  ]  File ignored by nanostat because it exceeded search pattern filesize limit: MHW299_trimmed_clipped_R2_paired_fastqc.html
[2025-05-20 11:03:00,424] multiqc                                            [DEBUG  ]  File ignored by lima/summary because it exceeded search pattern filesize limit: MHW299_trimmed_clipped_R2_paired_fastqc.html
[2025-05-20 11:03:00,428] multiqc                                            [DEBUG  ]  File ignored by vep/vep_txt because it exceeded search pattern filesize limit: MHW299_trimmed_clipped_R2_paired_fastqc.html
[2025-05-20 11:03:00,428] multiqc                                            [DEBUG  ]  File ignored by longranger/invocation because it exceeded search pattern filesize limit: MHW299_trimmed_clipped_R2_paired_fastqc.html
[2025-05-20 11:03:00,465] multiqc                                            [DEBUG  ]  File ignored by ccs/v4 because it exceeded search pattern filesize limit: MHW299_trimmed_clipped_R1_paired_fastqc.html
[2025-05-20 11:03:00,466] multiqc                                            [DEBUG  ]  File ignored by hicexplorer because it exceeded search pattern filesize limit: MHW299_trimmed_clipped_R1_paired_fastqc.html
[2025-05-20 11:03:00,467] multiqc                                            [DEBUG  ]  File ignored by nanostat because it exceeded search pattern filesize limit: MHW299_trimmed_clipped_R1_paired_fastqc.html
[2025-05-20 11:03:00,467] multiqc                                            [DEBUG  ]  File ignored by lima/summary because it exceeded search pattern filesize limit: MHW299_trimmed_clipped_R1_paired_fastqc.html
[2025-05-20 11:03:00,470] multiqc                                            [DEBUG  ]  File ignored by vep/vep_txt because it exceeded search pattern filesize limit: MHW299_trimmed_clipped_R1_paired_fastqc.html
[2025-05-20 11:03:00,470] multiqc                                            [DEBUG  ]  File ignored by longranger/invocation because it exceeded search pattern filesize limit: MHW299_trimmed_clipped_R1_paired_fastqc.html
[2025-05-20 11:03:00,507] multiqc                                            [DEBUG  ]  File ignored by ccs/v4 because it exceeded search pattern filesize limit: MHW298_trimmed_clipped_R2_paired_fastqc.html
[2025-05-20 11:03:00,508] multiqc                                            [DEBUG  ]  File ignored by hicexplorer because it exceeded search pattern filesize limit: MHW298_trimmed_clipped_R2_paired_fastqc.html
[2025-05-20 11:03:00,509] multiqc                                            [DEBUG  ]  File ignored by nanostat because it exceeded search pattern filesize limit: MHW298_trimmed_clipped_R2_paired_fastqc.html
[2025-05-20 11:03:00,509] multiqc                                            [DEBUG  ]  File ignored by lima/summary because it exceeded search pattern filesize limit: MHW298_trimmed_clipped_R2_paired_fastqc.html
[2025-05-20 11:03:00,512] multiqc                                            [DEBUG  ]  File ignored by vep/vep_txt because it exceeded search pattern filesize limit: MHW298_trimmed_clipped_R2_paired_fastqc.html
[2025-05-20 11:03:00,512] multiqc                                            [DEBUG  ]  File ignored by longranger/invocation because it exceeded search pattern filesize limit: MHW298_trimmed_clipped_R2_paired_fastqc.html
[2025-05-20 11:03:00,559] multiqc                                            [DEBUG  ]  File ignored by ccs/v4 because it exceeded search pattern filesize limit: MHW298_trimmed_clipped_R1_paired_fastqc.html
[2025-05-20 11:03:00,561] multiqc                                            [DEBUG  ]  File ignored by hicexplorer because it exceeded search pattern filesize limit: MHW298_trimmed_clipped_R1_paired_fastqc.html
[2025-05-20 11:03:00,561] multiqc                                            [DEBUG  ]  File ignored by nanostat because it exceeded search pattern filesize limit: MHW298_trimmed_clipped_R1_paired_fastqc.html
[2025-05-20 11:03:00,561] multiqc                                            [DEBUG  ]  File ignored by lima/summary because it exceeded search pattern filesize limit: MHW298_trimmed_clipped_R1_paired_fastqc.html
[2025-05-20 11:03:00,564] multiqc                                            [DEBUG  ]  File ignored by vep/vep_txt because it exceeded search pattern filesize limit: MHW298_trimmed_clipped_R1_paired_fastqc.html
[2025-05-20 11:03:00,564] multiqc                                            [DEBUG  ]  File ignored by longranger/invocation because it exceeded search pattern filesize limit: MHW298_trimmed_clipped_R1_paired_fastqc.html
[2025-05-20 11:03:00,614] multiqc                                            [DEBUG  ]  File ignored by ccs/v4 because it exceeded search pattern filesize limit: MHW300_trimmed_clipped_R2_paired_fastqc.html
[2025-05-20 11:03:00,615] multiqc                                            [DEBUG  ]  File ignored by hicexplorer because it exceeded search pattern filesize limit: MHW300_trimmed_clipped_R2_paired_fastqc.html
[2025-05-20 11:03:00,616] multiqc                                            [DEBUG  ]  File ignored by nanostat because it exceeded search pattern filesize limit: MHW300_trimmed_clipped_R2_paired_fastqc.html
[2025-05-20 11:03:00,616] multiqc                                            [DEBUG  ]  File ignored by lima/summary because it exceeded search pattern filesize limit: MHW300_trimmed_clipped_R2_paired_fastqc.html
[2025-05-20 11:03:00,619] multiqc                                            [DEBUG  ]  File ignored by vep/vep_txt because it exceeded search pattern filesize limit: MHW300_trimmed_clipped_R2_paired_fastqc.html
[2025-05-20 11:03:00,619] multiqc                                            [DEBUG  ]  File ignored by longranger/invocation because it exceeded search pattern filesize limit: MHW300_trimmed_clipped_R2_paired_fastqc.html
[2025-05-20 11:03:00,668] multiqc                                            [DEBUG  ]  File ignored by ccs/v4 because it exceeded search pattern filesize limit: MHW300_trimmed_clipped_R1_paired_fastqc.html
[2025-05-20 11:03:00,670] multiqc                                            [DEBUG  ]  File ignored by hicexplorer because it exceeded search pattern filesize limit: MHW300_trimmed_clipped_R1_paired_fastqc.html
[2025-05-20 11:03:00,670] multiqc                                            [DEBUG  ]  File ignored by nanostat because it exceeded search pattern filesize limit: MHW300_trimmed_clipped_R1_paired_fastqc.html
[2025-05-20 11:03:00,670] multiqc                                            [DEBUG  ]  File ignored by lima/summary because it exceeded search pattern filesize limit: MHW300_trimmed_clipped_R1_paired_fastqc.html
[2025-05-20 11:03:00,673] multiqc                                            [DEBUG  ]  File ignored by vep/vep_txt because it exceeded search pattern filesize limit: MHW300_trimmed_clipped_R1_paired_fastqc.html
[2025-05-20 11:03:00,673] multiqc                                            [DEBUG  ]  File ignored by longranger/invocation because it exceeded search pattern filesize limit: MHW300_trimmed_clipped_R1_paired_fastqc.html
[2025-05-20 11:03:00,710] multiqc                                            [DEBUG  ]  File ignored by ccs/v4 because it exceeded search pattern filesize limit: MHW301_trimmed_clipped_R1_paired_fastqc.html
[2025-05-20 11:03:00,712] multiqc                                            [DEBUG  ]  File ignored by hicexplorer because it exceeded search pattern filesize limit: MHW301_trimmed_clipped_R1_paired_fastqc.html
[2025-05-20 11:03:00,712] multiqc                                            [DEBUG  ]  File ignored by nanostat because it exceeded search pattern filesize limit: MHW301_trimmed_clipped_R1_paired_fastqc.html
[2025-05-20 11:03:00,712] multiqc                                            [DEBUG  ]  File ignored by lima/summary because it exceeded search pattern filesize limit: MHW301_trimmed_clipped_R1_paired_fastqc.html
[2025-05-20 11:03:00,715] multiqc                                            [DEBUG  ]  File ignored by vep/vep_txt because it exceeded search pattern filesize limit: MHW301_trimmed_clipped_R1_paired_fastqc.html
[2025-05-20 11:03:00,716] multiqc                                            [DEBUG  ]  File ignored by longranger/invocation because it exceeded search pattern filesize limit: MHW301_trimmed_clipped_R1_paired_fastqc.html
[2025-05-20 11:03:00,764] multiqc                                            [DEBUG  ]  File ignored by ccs/v4 because it exceeded search pattern filesize limit: MHW301_trimmed_clipped_R2_paired_fastqc.html
[2025-05-20 11:03:00,765] multiqc                                            [DEBUG  ]  File ignored by hicexplorer because it exceeded search pattern filesize limit: MHW301_trimmed_clipped_R2_paired_fastqc.html
[2025-05-20 11:03:00,765] multiqc                                            [DEBUG  ]  File ignored by nanostat because it exceeded search pattern filesize limit: MHW301_trimmed_clipped_R2_paired_fastqc.html
[2025-05-20 11:03:00,766] multiqc                                            [DEBUG  ]  File ignored by lima/summary because it exceeded search pattern filesize limit: MHW301_trimmed_clipped_R2_paired_fastqc.html
[2025-05-20 11:03:00,769] multiqc                                            [DEBUG  ]  File ignored by vep/vep_txt because it exceeded search pattern filesize limit: MHW301_trimmed_clipped_R2_paired_fastqc.html
[2025-05-20 11:03:00,769] multiqc                                            [DEBUG  ]  File ignored by longranger/invocation because it exceeded search pattern filesize limit: MHW301_trimmed_clipped_R2_paired_fastqc.html
[2025-05-20 11:03:00,806] multiqc                                            [DEBUG  ]  File ignored by ccs/v4 because it exceeded search pattern filesize limit: MHW302_trimmed_clipped_R1_paired_fastqc.html
[2025-05-20 11:03:00,807] multiqc                                            [DEBUG  ]  File ignored by hicexplorer because it exceeded search pattern filesize limit: MHW302_trimmed_clipped_R1_paired_fastqc.html
[2025-05-20 11:03:00,808] multiqc                                            [DEBUG  ]  File ignored by nanostat because it exceeded search pattern filesize limit: MHW302_trimmed_clipped_R1_paired_fastqc.html
[2025-05-20 11:03:00,808] multiqc                                            [DEBUG  ]  File ignored by lima/summary because it exceeded search pattern filesize limit: MHW302_trimmed_clipped_R1_paired_fastqc.html
[2025-05-20 11:03:00,811] multiqc                                            [DEBUG  ]  File ignored by vep/vep_txt because it exceeded search pattern filesize limit: MHW302_trimmed_clipped_R1_paired_fastqc.html
[2025-05-20 11:03:00,811] multiqc                                            [DEBUG  ]  File ignored by longranger/invocation because it exceeded search pattern filesize limit: MHW302_trimmed_clipped_R1_paired_fastqc.html
[2025-05-20 11:03:00,863] multiqc                                            [DEBUG  ]  File ignored by ccs/v4 because it exceeded search pattern filesize limit: MHW302_trimmed_clipped_R2_paired_fastqc.html
[2025-05-20 11:03:00,865] multiqc                                            [DEBUG  ]  File ignored by hicexplorer because it exceeded search pattern filesize limit: MHW302_trimmed_clipped_R2_paired_fastqc.html
[2025-05-20 11:03:00,865] multiqc                                            [DEBUG  ]  File ignored by nanostat because it exceeded search pattern filesize limit: MHW302_trimmed_clipped_R2_paired_fastqc.html
[2025-05-20 11:03:00,865] multiqc                                            [DEBUG  ]  File ignored by lima/summary because it exceeded search pattern filesize limit: MHW302_trimmed_clipped_R2_paired_fastqc.html
[2025-05-20 11:03:00,869] multiqc                                            [DEBUG  ]  File ignored by vep/vep_txt because it exceeded search pattern filesize limit: MHW302_trimmed_clipped_R2_paired_fastqc.html
[2025-05-20 11:03:00,869] multiqc                                            [DEBUG  ]  File ignored by longranger/invocation because it exceeded search pattern filesize limit: MHW302_trimmed_clipped_R2_paired_fastqc.html
[2025-05-20 11:03:00,917] multiqc                                            [DEBUG  ]  File ignored by ccs/v4 because it exceeded search pattern filesize limit: MHW303_trimmed_clipped_R2_paired_fastqc.html
[2025-05-20 11:03:00,918] multiqc                                            [DEBUG  ]  File ignored by hicexplorer because it exceeded search pattern filesize limit: MHW303_trimmed_clipped_R2_paired_fastqc.html
[2025-05-20 11:03:00,919] multiqc                                            [DEBUG  ]  File ignored by nanostat because it exceeded search pattern filesize limit: MHW303_trimmed_clipped_R2_paired_fastqc.html
[2025-05-20 11:03:00,919] multiqc                                            [DEBUG  ]  File ignored by lima/summary because it exceeded search pattern filesize limit: MHW303_trimmed_clipped_R2_paired_fastqc.html
[2025-05-20 11:03:00,922] multiqc                                            [DEBUG  ]  File ignored by vep/vep_txt because it exceeded search pattern filesize limit: MHW303_trimmed_clipped_R2_paired_fastqc.html
[2025-05-20 11:03:00,922] multiqc                                            [DEBUG  ]  File ignored by longranger/invocation because it exceeded search pattern filesize limit: MHW303_trimmed_clipped_R2_paired_fastqc.html
[2025-05-20 11:03:00,975] multiqc                                            [DEBUG  ]  File ignored by ccs/v4 because it exceeded search pattern filesize limit: MHW303_trimmed_clipped_R1_paired_fastqc.html
[2025-05-20 11:03:00,976] multiqc                                            [DEBUG  ]  File ignored by hicexplorer because it exceeded search pattern filesize limit: MHW303_trimmed_clipped_R1_paired_fastqc.html
[2025-05-20 11:03:00,977] multiqc                                            [DEBUG  ]  File ignored by nanostat because it exceeded search pattern filesize limit: MHW303_trimmed_clipped_R1_paired_fastqc.html
[2025-05-20 11:03:00,977] multiqc                                            [DEBUG  ]  File ignored by lima/summary because it exceeded search pattern filesize limit: MHW303_trimmed_clipped_R1_paired_fastqc.html
[2025-05-20 11:03:00,980] multiqc                                            [DEBUG  ]  File ignored by vep/vep_txt because it exceeded search pattern filesize limit: MHW303_trimmed_clipped_R1_paired_fastqc.html
[2025-05-20 11:03:00,980] multiqc                                            [DEBUG  ]  File ignored by longranger/invocation because it exceeded search pattern filesize limit: MHW303_trimmed_clipped_R1_paired_fastqc.html
[2025-05-20 11:03:01,028] multiqc                                            [DEBUG  ]  File ignored by ccs/v4 because it exceeded search pattern filesize limit: MHW306_trimmed_clipped_R1_paired_fastqc.html
[2025-05-20 11:03:01,030] multiqc                                            [DEBUG  ]  File ignored by hicexplorer because it exceeded search pattern filesize limit: MHW306_trimmed_clipped_R1_paired_fastqc.html
[2025-05-20 11:03:01,030] multiqc                                            [DEBUG  ]  File ignored by nanostat because it exceeded search pattern filesize limit: MHW306_trimmed_clipped_R1_paired_fastqc.html
[2025-05-20 11:03:01,030] multiqc                                            [DEBUG  ]  File ignored by lima/summary because it exceeded search pattern filesize limit: MHW306_trimmed_clipped_R1_paired_fastqc.html
[2025-05-20 11:03:01,033] multiqc                                            [DEBUG  ]  File ignored by vep/vep_txt because it exceeded search pattern filesize limit: MHW306_trimmed_clipped_R1_paired_fastqc.html
[2025-05-20 11:03:01,033] multiqc                                            [DEBUG  ]  File ignored by longranger/invocation because it exceeded search pattern filesize limit: MHW306_trimmed_clipped_R1_paired_fastqc.html
[2025-05-20 11:03:01,085] multiqc                                            [DEBUG  ]  File ignored by ccs/v4 because it exceeded search pattern filesize limit: MHW306_trimmed_clipped_R2_paired_fastqc.html
[2025-05-20 11:03:01,087] multiqc                                            [DEBUG  ]  File ignored by hicexplorer because it exceeded search pattern filesize limit: MHW306_trimmed_clipped_R2_paired_fastqc.html
[2025-05-20 11:03:01,087] multiqc                                            [DEBUG  ]  File ignored by nanostat because it exceeded search pattern filesize limit: MHW306_trimmed_clipped_R2_paired_fastqc.html
[2025-05-20 11:03:01,087] multiqc                                            [DEBUG  ]  File ignored by lima/summary because it exceeded search pattern filesize limit: MHW306_trimmed_clipped_R2_paired_fastqc.html
[2025-05-20 11:03:01,090] multiqc                                            [DEBUG  ]  File ignored by vep/vep_txt because it exceeded search pattern filesize limit: MHW306_trimmed_clipped_R2_paired_fastqc.html
[2025-05-20 11:03:01,090] multiqc                                            [DEBUG  ]  File ignored by longranger/invocation because it exceeded search pattern filesize limit: MHW306_trimmed_clipped_R2_paired_fastqc.html
[2025-05-20 11:03:01,127] multiqc                                            [DEBUG  ]  File ignored by ccs/v4 because it exceeded search pattern filesize limit: MHW304_trimmed_clipped_R2_paired_fastqc.html
[2025-05-20 11:03:01,129] multiqc                                            [DEBUG  ]  File ignored by hicexplorer because it exceeded search pattern filesize limit: MHW304_trimmed_clipped_R2_paired_fastqc.html
[2025-05-20 11:03:01,129] multiqc                                            [DEBUG  ]  File ignored by nanostat because it exceeded search pattern filesize limit: MHW304_trimmed_clipped_R2_paired_fastqc.html
[2025-05-20 11:03:01,129] multiqc                                            [DEBUG  ]  File ignored by lima/summary because it exceeded search pattern filesize limit: MHW304_trimmed_clipped_R2_paired_fastqc.html
[2025-05-20 11:03:01,132] multiqc                                            [DEBUG  ]  File ignored by vep/vep_txt because it exceeded search pattern filesize limit: MHW304_trimmed_clipped_R2_paired_fastqc.html
[2025-05-20 11:03:01,132] multiqc                                            [DEBUG  ]  File ignored by longranger/invocation because it exceeded search pattern filesize limit: MHW304_trimmed_clipped_R2_paired_fastqc.html
[2025-05-20 11:03:01,182] multiqc                                            [DEBUG  ]  File ignored by ccs/v4 because it exceeded search pattern filesize limit: MHW304_trimmed_clipped_R1_paired_fastqc.html
[2025-05-20 11:03:01,184] multiqc                                            [DEBUG  ]  File ignored by hicexplorer because it exceeded search pattern filesize limit: MHW304_trimmed_clipped_R1_paired_fastqc.html
[2025-05-20 11:03:01,184] multiqc                                            [DEBUG  ]  File ignored by nanostat because it exceeded search pattern filesize limit: MHW304_trimmed_clipped_R1_paired_fastqc.html
[2025-05-20 11:03:01,184] multiqc                                            [DEBUG  ]  File ignored by lima/summary because it exceeded search pattern filesize limit: MHW304_trimmed_clipped_R1_paired_fastqc.html
[2025-05-20 11:03:01,188] multiqc                                            [DEBUG  ]  File ignored by vep/vep_txt because it exceeded search pattern filesize limit: MHW304_trimmed_clipped_R1_paired_fastqc.html
[2025-05-20 11:03:01,188] multiqc                                            [DEBUG  ]  File ignored by longranger/invocation because it exceeded search pattern filesize limit: MHW304_trimmed_clipped_R1_paired_fastqc.html
[2025-05-20 11:03:01,240] multiqc                                            [DEBUG  ]  File ignored by ccs/v4 because it exceeded search pattern filesize limit: MHW305_trimmed_clipped_R2_paired_fastqc.html
[2025-05-20 11:03:01,241] multiqc                                            [DEBUG  ]  File ignored by hicexplorer because it exceeded search pattern filesize limit: MHW305_trimmed_clipped_R2_paired_fastqc.html
[2025-05-20 11:03:01,242] multiqc                                            [DEBUG  ]  File ignored by nanostat because it exceeded search pattern filesize limit: MHW305_trimmed_clipped_R2_paired_fastqc.html
[2025-05-20 11:03:01,242] multiqc                                            [DEBUG  ]  File ignored by lima/summary because it exceeded search pattern filesize limit: MHW305_trimmed_clipped_R2_paired_fastqc.html
[2025-05-20 11:03:01,245] multiqc                                            [DEBUG  ]  File ignored by vep/vep_txt because it exceeded search pattern filesize limit: MHW305_trimmed_clipped_R2_paired_fastqc.html
[2025-05-20 11:03:01,245] multiqc                                            [DEBUG  ]  File ignored by longranger/invocation because it exceeded search pattern filesize limit: MHW305_trimmed_clipped_R2_paired_fastqc.html
[2025-05-20 11:03:01,293] multiqc                                            [DEBUG  ]  File ignored by ccs/v4 because it exceeded search pattern filesize limit: MHW305_trimmed_clipped_R1_paired_fastqc.html
[2025-05-20 11:03:01,295] multiqc                                            [DEBUG  ]  File ignored by hicexplorer because it exceeded search pattern filesize limit: MHW305_trimmed_clipped_R1_paired_fastqc.html
[2025-05-20 11:03:01,295] multiqc                                            [DEBUG  ]  File ignored by nanostat because it exceeded search pattern filesize limit: MHW305_trimmed_clipped_R1_paired_fastqc.html
[2025-05-20 11:03:01,295] multiqc                                            [DEBUG  ]  File ignored by lima/summary because it exceeded search pattern filesize limit: MHW305_trimmed_clipped_R1_paired_fastqc.html
[2025-05-20 11:03:01,299] multiqc                                            [DEBUG  ]  File ignored by vep/vep_txt because it exceeded search pattern filesize limit: MHW305_trimmed_clipped_R1_paired_fastqc.html
[2025-05-20 11:03:01,299] multiqc                                            [DEBUG  ]  File ignored by longranger/invocation because it exceeded search pattern filesize limit: MHW305_trimmed_clipped_R1_paired_fastqc.html
[2025-05-20 11:03:01,350] multiqc                                            [DEBUG  ]  File ignored by ccs/v4 because it exceeded search pattern filesize limit: MHW308_trimmed_clipped_R1_paired_fastqc.html
[2025-05-20 11:03:01,352] multiqc                                            [DEBUG  ]  File ignored by hicexplorer because it exceeded search pattern filesize limit: MHW308_trimmed_clipped_R1_paired_fastqc.html
[2025-05-20 11:03:01,352] multiqc                                            [DEBUG  ]  File ignored by nanostat because it exceeded search pattern filesize limit: MHW308_trimmed_clipped_R1_paired_fastqc.html
[2025-05-20 11:03:01,352] multiqc                                            [DEBUG  ]  File ignored by lima/summary because it exceeded search pattern filesize limit: MHW308_trimmed_clipped_R1_paired_fastqc.html
[2025-05-20 11:03:01,355] multiqc                                            [DEBUG  ]  File ignored by vep/vep_txt because it exceeded search pattern filesize limit: MHW308_trimmed_clipped_R1_paired_fastqc.html
[2025-05-20 11:03:01,356] multiqc                                            [DEBUG  ]  File ignored by longranger/invocation because it exceeded search pattern filesize limit: MHW308_trimmed_clipped_R1_paired_fastqc.html
[2025-05-20 11:03:01,393] multiqc                                            [DEBUG  ]  File ignored by ccs/v4 because it exceeded search pattern filesize limit: MHW308_trimmed_clipped_R2_paired_fastqc.html
[2025-05-20 11:03:01,394] multiqc                                            [DEBUG  ]  File ignored by hicexplorer because it exceeded search pattern filesize limit: MHW308_trimmed_clipped_R2_paired_fastqc.html
[2025-05-20 11:03:01,395] multiqc                                            [DEBUG  ]  File ignored by nanostat because it exceeded search pattern filesize limit: MHW308_trimmed_clipped_R2_paired_fastqc.html
[2025-05-20 11:03:01,395] multiqc                                            [DEBUG  ]  File ignored by lima/summary because it exceeded search pattern filesize limit: MHW308_trimmed_clipped_R2_paired_fastqc.html
[2025-05-20 11:03:01,398] multiqc                                            [DEBUG  ]  File ignored by vep/vep_txt because it exceeded search pattern filesize limit: MHW308_trimmed_clipped_R2_paired_fastqc.html
[2025-05-20 11:03:01,398] multiqc                                            [DEBUG  ]  File ignored by longranger/invocation because it exceeded search pattern filesize limit: MHW308_trimmed_clipped_R2_paired_fastqc.html
[2025-05-20 11:03:01,444] multiqc                                            [DEBUG  ]  File ignored by ccs/v4 because it exceeded search pattern filesize limit: MHW307_trimmed_clipped_R1_paired_fastqc.html
[2025-05-20 11:03:01,446] multiqc                                            [DEBUG  ]  File ignored by hicexplorer because it exceeded search pattern filesize limit: MHW307_trimmed_clipped_R1_paired_fastqc.html
[2025-05-20 11:03:01,446] multiqc                                            [DEBUG  ]  File ignored by nanostat because it exceeded search pattern filesize limit: MHW307_trimmed_clipped_R1_paired_fastqc.html
[2025-05-20 11:03:01,446] multiqc                                            [DEBUG  ]  File ignored by lima/summary because it exceeded search pattern filesize limit: MHW307_trimmed_clipped_R1_paired_fastqc.html
[2025-05-20 11:03:01,449] multiqc                                            [DEBUG  ]  File ignored by vep/vep_txt because it exceeded search pattern filesize limit: MHW307_trimmed_clipped_R1_paired_fastqc.html
[2025-05-20 11:03:01,449] multiqc                                            [DEBUG  ]  File ignored by longranger/invocation because it exceeded search pattern filesize limit: MHW307_trimmed_clipped_R1_paired_fastqc.html
[2025-05-20 11:03:01,487] multiqc                                            [DEBUG  ]  File ignored by ccs/v4 because it exceeded search pattern filesize limit: MHW307_trimmed_clipped_R2_paired_fastqc.html
[2025-05-20 11:03:01,488] multiqc                                            [DEBUG  ]  File ignored by hicexplorer because it exceeded search pattern filesize limit: MHW307_trimmed_clipped_R2_paired_fastqc.html
[2025-05-20 11:03:01,489] multiqc                                            [DEBUG  ]  File ignored by nanostat because it exceeded search pattern filesize limit: MHW307_trimmed_clipped_R2_paired_fastqc.html
[2025-05-20 11:03:01,489] multiqc                                            [DEBUG  ]  File ignored by lima/summary because it exceeded search pattern filesize limit: MHW307_trimmed_clipped_R2_paired_fastqc.html
[2025-05-20 11:03:01,492] multiqc                                            [DEBUG  ]  File ignored by vep/vep_txt because it exceeded search pattern filesize limit: MHW307_trimmed_clipped_R2_paired_fastqc.html
[2025-05-20 11:03:01,492] multiqc                                            [DEBUG  ]  File ignored by longranger/invocation because it exceeded search pattern filesize limit: MHW307_trimmed_clipped_R2_paired_fastqc.html
[2025-05-20 11:03:01,544] multiqc                                            [DEBUG  ]  File ignored by ccs/v4 because it exceeded search pattern filesize limit: MHW309_trimmed_clipped_R1_paired_fastqc.html
[2025-05-20 11:03:01,546] multiqc                                            [DEBUG  ]  File ignored by hicexplorer because it exceeded search pattern filesize limit: MHW309_trimmed_clipped_R1_paired_fastqc.html
[2025-05-20 11:03:01,546] multiqc                                            [DEBUG  ]  File ignored by nanostat because it exceeded search pattern filesize limit: MHW309_trimmed_clipped_R1_paired_fastqc.html
[2025-05-20 11:03:01,546] multiqc                                            [DEBUG  ]  File ignored by lima/summary because it exceeded search pattern filesize limit: MHW309_trimmed_clipped_R1_paired_fastqc.html
[2025-05-20 11:03:01,549] multiqc                                            [DEBUG  ]  File ignored by vep/vep_txt because it exceeded search pattern filesize limit: MHW309_trimmed_clipped_R1_paired_fastqc.html
[2025-05-20 11:03:01,549] multiqc                                            [DEBUG  ]  File ignored by longranger/invocation because it exceeded search pattern filesize limit: MHW309_trimmed_clipped_R1_paired_fastqc.html
[2025-05-20 11:03:01,587] multiqc                                            [DEBUG  ]  File ignored by ccs/v4 because it exceeded search pattern filesize limit: MHW309_trimmed_clipped_R2_paired_fastqc.html
[2025-05-20 11:03:01,588] multiqc                                            [DEBUG  ]  File ignored by hicexplorer because it exceeded search pattern filesize limit: MHW309_trimmed_clipped_R2_paired_fastqc.html
[2025-05-20 11:03:01,588] multiqc                                            [DEBUG  ]  File ignored by nanostat because it exceeded search pattern filesize limit: MHW309_trimmed_clipped_R2_paired_fastqc.html
[2025-05-20 11:03:01,589] multiqc                                            [DEBUG  ]  File ignored by lima/summary because it exceeded search pattern filesize limit: MHW309_trimmed_clipped_R2_paired_fastqc.html
[2025-05-20 11:03:01,592] multiqc                                            [DEBUG  ]  File ignored by vep/vep_txt because it exceeded search pattern filesize limit: MHW309_trimmed_clipped_R2_paired_fastqc.html
[2025-05-20 11:03:01,592] multiqc                                            [DEBUG  ]  File ignored by longranger/invocation because it exceeded search pattern filesize limit: MHW309_trimmed_clipped_R2_paired_fastqc.html
[2025-05-20 11:03:01,629] multiqc                                            [DEBUG  ]  File ignored by ccs/v4 because it exceeded search pattern filesize limit: MHW311_trimmed_clipped_R1_paired_fastqc.html
[2025-05-20 11:03:01,630] multiqc                                            [DEBUG  ]  File ignored by hicexplorer because it exceeded search pattern filesize limit: MHW311_trimmed_clipped_R1_paired_fastqc.html
[2025-05-20 11:03:01,631] multiqc                                            [DEBUG  ]  File ignored by nanostat because it exceeded search pattern filesize limit: MHW311_trimmed_clipped_R1_paired_fastqc.html
[2025-05-20 11:03:01,631] multiqc                                            [DEBUG  ]  File ignored by lima/summary because it exceeded search pattern filesize limit: MHW311_trimmed_clipped_R1_paired_fastqc.html
[2025-05-20 11:03:01,634] multiqc                                            [DEBUG  ]  File ignored by vep/vep_txt because it exceeded search pattern filesize limit: MHW311_trimmed_clipped_R1_paired_fastqc.html
[2025-05-20 11:03:01,634] multiqc                                            [DEBUG  ]  File ignored by longranger/invocation because it exceeded search pattern filesize limit: MHW311_trimmed_clipped_R1_paired_fastqc.html
[2025-05-20 11:03:01,671] multiqc                                            [DEBUG  ]  File ignored by ccs/v4 because it exceeded search pattern filesize limit: MHW311_trimmed_clipped_R2_paired_fastqc.html
[2025-05-20 11:03:01,673] multiqc                                            [DEBUG  ]  File ignored by hicexplorer because it exceeded search pattern filesize limit: MHW311_trimmed_clipped_R2_paired_fastqc.html
[2025-05-20 11:03:01,673] multiqc                                            [DEBUG  ]  File ignored by nanostat because it exceeded search pattern filesize limit: MHW311_trimmed_clipped_R2_paired_fastqc.html
[2025-05-20 11:03:01,673] multiqc                                            [DEBUG  ]  File ignored by lima/summary because it exceeded search pattern filesize limit: MHW311_trimmed_clipped_R2_paired_fastqc.html
[2025-05-20 11:03:01,676] multiqc                                            [DEBUG  ]  File ignored by vep/vep_txt because it exceeded search pattern filesize limit: MHW311_trimmed_clipped_R2_paired_fastqc.html
[2025-05-20 11:03:01,676] multiqc                                            [DEBUG  ]  File ignored by longranger/invocation because it exceeded search pattern filesize limit: MHW311_trimmed_clipped_R2_paired_fastqc.html
[2025-05-20 11:03:01,713] multiqc                                            [DEBUG  ]  File ignored by ccs/v4 because it exceeded search pattern filesize limit: MHW310_trimmed_clipped_R1_paired_fastqc.html
[2025-05-20 11:03:01,714] multiqc                                            [DEBUG  ]  File ignored by hicexplorer because it exceeded search pattern filesize limit: MHW310_trimmed_clipped_R1_paired_fastqc.html
[2025-05-20 11:03:01,714] multiqc                                            [DEBUG  ]  File ignored by nanostat because it exceeded search pattern filesize limit: MHW310_trimmed_clipped_R1_paired_fastqc.html
[2025-05-20 11:03:01,715] multiqc                                            [DEBUG  ]  File ignored by lima/summary because it exceeded search pattern filesize limit: MHW310_trimmed_clipped_R1_paired_fastqc.html
[2025-05-20 11:03:01,718] multiqc                                            [DEBUG  ]  File ignored by vep/vep_txt because it exceeded search pattern filesize limit: MHW310_trimmed_clipped_R1_paired_fastqc.html
[2025-05-20 11:03:01,718] multiqc                                            [DEBUG  ]  File ignored by longranger/invocation because it exceeded search pattern filesize limit: MHW310_trimmed_clipped_R1_paired_fastqc.html
[2025-05-20 11:03:01,955] multiqc                                            [DEBUG  ]  File ignored by ccs/v4 because it exceeded search pattern filesize limit: MHW310_trimmed_clipped_R2_paired_fastqc.html
[2025-05-20 11:03:01,956] multiqc                                            [DEBUG  ]  File ignored by hicexplorer because it exceeded search pattern filesize limit: MHW310_trimmed_clipped_R2_paired_fastqc.html
[2025-05-20 11:03:01,957] multiqc                                            [DEBUG  ]  File ignored by nanostat because it exceeded search pattern filesize limit: MHW310_trimmed_clipped_R2_paired_fastqc.html
[2025-05-20 11:03:01,957] multiqc                                            [DEBUG  ]  File ignored by lima/summary because it exceeded search pattern filesize limit: MHW310_trimmed_clipped_R2_paired_fastqc.html
[2025-05-20 11:03:01,960] multiqc                                            [DEBUG  ]  File ignored by vep/vep_txt because it exceeded search pattern filesize limit: MHW310_trimmed_clipped_R2_paired_fastqc.html
[2025-05-20 11:03:01,960] multiqc                                            [DEBUG  ]  File ignored by longranger/invocation because it exceeded search pattern filesize limit: MHW310_trimmed_clipped_R2_paired_fastqc.html
[2025-05-20 11:03:02,014] multiqc                                            [DEBUG  ]  File ignored by ccs/v4 because it exceeded search pattern filesize limit: MHW312_trimmed_clipped_R1_paired_fastqc.html
[2025-05-20 11:03:02,015] multiqc                                            [DEBUG  ]  File ignored by hicexplorer because it exceeded search pattern filesize limit: MHW312_trimmed_clipped_R1_paired_fastqc.html
[2025-05-20 11:03:02,016] multiqc                                            [DEBUG  ]  File ignored by nanostat because it exceeded search pattern filesize limit: MHW312_trimmed_clipped_R1_paired_fastqc.html
[2025-05-20 11:03:02,016] multiqc                                            [DEBUG  ]  File ignored by lima/summary because it exceeded search pattern filesize limit: MHW312_trimmed_clipped_R1_paired_fastqc.html
[2025-05-20 11:03:02,019] multiqc                                            [DEBUG  ]  File ignored by vep/vep_txt because it exceeded search pattern filesize limit: MHW312_trimmed_clipped_R1_paired_fastqc.html
[2025-05-20 11:03:02,019] multiqc                                            [DEBUG  ]  File ignored by longranger/invocation because it exceeded search pattern filesize limit: MHW312_trimmed_clipped_R1_paired_fastqc.html
[2025-05-20 11:03:02,067] multiqc                                            [DEBUG  ]  File ignored by ccs/v4 because it exceeded search pattern filesize limit: MHW313_trimmed_clipped_R2_paired_fastqc.html
[2025-05-20 11:03:02,069] multiqc                                            [DEBUG  ]  File ignored by hicexplorer because it exceeded search pattern filesize limit: MHW313_trimmed_clipped_R2_paired_fastqc.html
[2025-05-20 11:03:02,069] multiqc                                            [DEBUG  ]  File ignored by nanostat because it exceeded search pattern filesize limit: MHW313_trimmed_clipped_R2_paired_fastqc.html
[2025-05-20 11:03:02,069] multiqc                                            [DEBUG  ]  File ignored by lima/summary because it exceeded search pattern filesize limit: MHW313_trimmed_clipped_R2_paired_fastqc.html
[2025-05-20 11:03:02,072] multiqc                                            [DEBUG  ]  File ignored by vep/vep_txt because it exceeded search pattern filesize limit: MHW313_trimmed_clipped_R2_paired_fastqc.html
[2025-05-20 11:03:02,072] multiqc                                            [DEBUG  ]  File ignored by longranger/invocation because it exceeded search pattern filesize limit: MHW313_trimmed_clipped_R2_paired_fastqc.html
[2025-05-20 11:03:02,115] multiqc                                            [DEBUG  ]  File ignored by ccs/v4 because it exceeded search pattern filesize limit: MHW313_trimmed_clipped_R1_paired_fastqc.html
[2025-05-20 11:03:02,117] multiqc                                            [DEBUG  ]  File ignored by hicexplorer because it exceeded search pattern filesize limit: MHW313_trimmed_clipped_R1_paired_fastqc.html
[2025-05-20 11:03:02,117] multiqc                                            [DEBUG  ]  File ignored by nanostat because it exceeded search pattern filesize limit: MHW313_trimmed_clipped_R1_paired_fastqc.html
[2025-05-20 11:03:02,117] multiqc                                            [DEBUG  ]  File ignored by lima/summary because it exceeded search pattern filesize limit: MHW313_trimmed_clipped_R1_paired_fastqc.html
[2025-05-20 11:03:02,120] multiqc                                            [DEBUG  ]  File ignored by vep/vep_txt because it exceeded search pattern filesize limit: MHW313_trimmed_clipped_R1_paired_fastqc.html
[2025-05-20 11:03:02,121] multiqc                                            [DEBUG  ]  File ignored by longranger/invocation because it exceeded search pattern filesize limit: MHW313_trimmed_clipped_R1_paired_fastqc.html
[2025-05-20 11:03:02,170] multiqc                                            [DEBUG  ]  File ignored by ccs/v4 because it exceeded search pattern filesize limit: MHW312_trimmed_clipped_R2_paired_fastqc.html
[2025-05-20 11:03:02,171] multiqc                                            [DEBUG  ]  File ignored by hicexplorer because it exceeded search pattern filesize limit: MHW312_trimmed_clipped_R2_paired_fastqc.html
[2025-05-20 11:03:02,172] multiqc                                            [DEBUG  ]  File ignored by nanostat because it exceeded search pattern filesize limit: MHW312_trimmed_clipped_R2_paired_fastqc.html
[2025-05-20 11:03:02,172] multiqc                                            [DEBUG  ]  File ignored by lima/summary because it exceeded search pattern filesize limit: MHW312_trimmed_clipped_R2_paired_fastqc.html
[2025-05-20 11:03:02,175] multiqc                                            [DEBUG  ]  File ignored by vep/vep_txt because it exceeded search pattern filesize limit: MHW312_trimmed_clipped_R2_paired_fastqc.html
[2025-05-20 11:03:02,175] multiqc                                            [DEBUG  ]  File ignored by longranger/invocation because it exceeded search pattern filesize limit: MHW312_trimmed_clipped_R2_paired_fastqc.html
[2025-05-20 11:03:02,223] multiqc                                            [DEBUG  ]  File ignored by ccs/v4 because it exceeded search pattern filesize limit: MHW314_trimmed_clipped_R1_paired_fastqc.html
[2025-05-20 11:03:02,224] multiqc                                            [DEBUG  ]  File ignored by hicexplorer because it exceeded search pattern filesize limit: MHW314_trimmed_clipped_R1_paired_fastqc.html
[2025-05-20 11:03:02,225] multiqc                                            [DEBUG  ]  File ignored by nanostat because it exceeded search pattern filesize limit: MHW314_trimmed_clipped_R1_paired_fastqc.html
[2025-05-20 11:03:02,225] multiqc                                            [DEBUG  ]  File ignored by lima/summary because it exceeded search pattern filesize limit: MHW314_trimmed_clipped_R1_paired_fastqc.html
[2025-05-20 11:03:02,228] multiqc                                            [DEBUG  ]  File ignored by vep/vep_txt because it exceeded search pattern filesize limit: MHW314_trimmed_clipped_R1_paired_fastqc.html
[2025-05-20 11:03:02,228] multiqc                                            [DEBUG  ]  File ignored by longranger/invocation because it exceeded search pattern filesize limit: MHW314_trimmed_clipped_R1_paired_fastqc.html
[2025-05-20 11:03:02,273] multiqc                                            [DEBUG  ]  File ignored by ccs/v4 because it exceeded search pattern filesize limit: MHW315_trimmed_clipped_R2_paired_fastqc.html
[2025-05-20 11:03:02,275] multiqc                                            [DEBUG  ]  File ignored by hicexplorer because it exceeded search pattern filesize limit: MHW315_trimmed_clipped_R2_paired_fastqc.html
[2025-05-20 11:03:02,275] multiqc                                            [DEBUG  ]  File ignored by nanostat because it exceeded search pattern filesize limit: MHW315_trimmed_clipped_R2_paired_fastqc.html
[2025-05-20 11:03:02,275] multiqc                                            [DEBUG  ]  File ignored by lima/summary because it exceeded search pattern filesize limit: MHW315_trimmed_clipped_R2_paired_fastqc.html
[2025-05-20 11:03:02,278] multiqc                                            [DEBUG  ]  File ignored by vep/vep_txt because it exceeded search pattern filesize limit: MHW315_trimmed_clipped_R2_paired_fastqc.html
[2025-05-20 11:03:02,278] multiqc                                            [DEBUG  ]  File ignored by longranger/invocation because it exceeded search pattern filesize limit: MHW315_trimmed_clipped_R2_paired_fastqc.html
[2025-05-20 11:03:02,326] multiqc                                            [DEBUG  ]  File ignored by ccs/v4 because it exceeded search pattern filesize limit: MHW314_trimmed_clipped_R2_paired_fastqc.html
[2025-05-20 11:03:02,327] multiqc                                            [DEBUG  ]  File ignored by hicexplorer because it exceeded search pattern filesize limit: MHW314_trimmed_clipped_R2_paired_fastqc.html
[2025-05-20 11:03:02,328] multiqc                                            [DEBUG  ]  File ignored by nanostat because it exceeded search pattern filesize limit: MHW314_trimmed_clipped_R2_paired_fastqc.html
[2025-05-20 11:03:02,328] multiqc                                            [DEBUG  ]  File ignored by lima/summary because it exceeded search pattern filesize limit: MHW314_trimmed_clipped_R2_paired_fastqc.html
[2025-05-20 11:03:02,331] multiqc                                            [DEBUG  ]  File ignored by vep/vep_txt because it exceeded search pattern filesize limit: MHW314_trimmed_clipped_R2_paired_fastqc.html
[2025-05-20 11:03:02,331] multiqc                                            [DEBUG  ]  File ignored by longranger/invocation because it exceeded search pattern filesize limit: MHW314_trimmed_clipped_R2_paired_fastqc.html
[2025-05-20 11:03:02,368] multiqc                                            [DEBUG  ]  File ignored by ccs/v4 because it exceeded search pattern filesize limit: MHW315_trimmed_clipped_R1_paired_fastqc.html
[2025-05-20 11:03:02,370] multiqc                                            [DEBUG  ]  File ignored by hicexplorer because it exceeded search pattern filesize limit: MHW315_trimmed_clipped_R1_paired_fastqc.html
[2025-05-20 11:03:02,370] multiqc                                            [DEBUG  ]  File ignored by nanostat because it exceeded search pattern filesize limit: MHW315_trimmed_clipped_R1_paired_fastqc.html
[2025-05-20 11:03:02,370] multiqc                                            [DEBUG  ]  File ignored by lima/summary because it exceeded search pattern filesize limit: MHW315_trimmed_clipped_R1_paired_fastqc.html
[2025-05-20 11:03:02,373] multiqc                                            [DEBUG  ]  File ignored by vep/vep_txt because it exceeded search pattern filesize limit: MHW315_trimmed_clipped_R1_paired_fastqc.html
[2025-05-20 11:03:02,373] multiqc                                            [DEBUG  ]  File ignored by longranger/invocation because it exceeded search pattern filesize limit: MHW315_trimmed_clipped_R1_paired_fastqc.html
[2025-05-20 11:03:02,411] multiqc                                            [DEBUG  ]  File ignored by ccs/v4 because it exceeded search pattern filesize limit: MHW316_trimmed_clipped_R2_paired_fastqc.html
[2025-05-20 11:03:02,413] multiqc                                            [DEBUG  ]  File ignored by hicexplorer because it exceeded search pattern filesize limit: MHW316_trimmed_clipped_R2_paired_fastqc.html
[2025-05-20 11:03:02,413] multiqc                                            [DEBUG  ]  File ignored by nanostat because it exceeded search pattern filesize limit: MHW316_trimmed_clipped_R2_paired_fastqc.html
[2025-05-20 11:03:02,413] multiqc                                            [DEBUG  ]  File ignored by lima/summary because it exceeded search pattern filesize limit: MHW316_trimmed_clipped_R2_paired_fastqc.html
[2025-05-20 11:03:02,416] multiqc                                            [DEBUG  ]  File ignored by vep/vep_txt because it exceeded search pattern filesize limit: MHW316_trimmed_clipped_R2_paired_fastqc.html
[2025-05-20 11:03:02,416] multiqc                                            [DEBUG  ]  File ignored by longranger/invocation because it exceeded search pattern filesize limit: MHW316_trimmed_clipped_R2_paired_fastqc.html
[2025-05-20 11:03:02,486] multiqc                                            [DEBUG  ]  File ignored by ccs/v4 because it exceeded search pattern filesize limit: MHW317_trimmed_clipped_R1_paired_fastqc.html
[2025-05-20 11:03:02,488] multiqc                                            [DEBUG  ]  File ignored by hicexplorer because it exceeded search pattern filesize limit: MHW317_trimmed_clipped_R1_paired_fastqc.html
[2025-05-20 11:03:02,488] multiqc                                            [DEBUG  ]  File ignored by nanostat because it exceeded search pattern filesize limit: MHW317_trimmed_clipped_R1_paired_fastqc.html
[2025-05-20 11:03:02,488] multiqc                                            [DEBUG  ]  File ignored by lima/summary because it exceeded search pattern filesize limit: MHW317_trimmed_clipped_R1_paired_fastqc.html
[2025-05-20 11:03:02,492] multiqc                                            [DEBUG  ]  File ignored by vep/vep_txt because it exceeded search pattern filesize limit: MHW317_trimmed_clipped_R1_paired_fastqc.html
[2025-05-20 11:03:02,492] multiqc                                            [DEBUG  ]  File ignored by longranger/invocation because it exceeded search pattern filesize limit: MHW317_trimmed_clipped_R1_paired_fastqc.html
[2025-05-20 11:03:02,529] multiqc                                            [DEBUG  ]  File ignored by ccs/v4 because it exceeded search pattern filesize limit: MHW316_trimmed_clipped_R1_paired_fastqc.html
[2025-05-20 11:03:02,531] multiqc                                            [DEBUG  ]  File ignored by hicexplorer because it exceeded search pattern filesize limit: MHW316_trimmed_clipped_R1_paired_fastqc.html
[2025-05-20 11:03:02,531] multiqc                                            [DEBUG  ]  File ignored by nanostat because it exceeded search pattern filesize limit: MHW316_trimmed_clipped_R1_paired_fastqc.html
[2025-05-20 11:03:02,531] multiqc                                            [DEBUG  ]  File ignored by lima/summary because it exceeded search pattern filesize limit: MHW316_trimmed_clipped_R1_paired_fastqc.html
[2025-05-20 11:03:02,534] multiqc                                            [DEBUG  ]  File ignored by vep/vep_txt because it exceeded search pattern filesize limit: MHW316_trimmed_clipped_R1_paired_fastqc.html
[2025-05-20 11:03:02,535] multiqc                                            [DEBUG  ]  File ignored by longranger/invocation because it exceeded search pattern filesize limit: MHW316_trimmed_clipped_R1_paired_fastqc.html
[2025-05-20 11:03:02,581] multiqc                                            [DEBUG  ]  File ignored by ccs/v4 because it exceeded search pattern filesize limit: MHW317_trimmed_clipped_R2_paired_fastqc.html
[2025-05-20 11:03:02,582] multiqc                                            [DEBUG  ]  File ignored by hicexplorer because it exceeded search pattern filesize limit: MHW317_trimmed_clipped_R2_paired_fastqc.html
[2025-05-20 11:03:02,583] multiqc                                            [DEBUG  ]  File ignored by nanostat because it exceeded search pattern filesize limit: MHW317_trimmed_clipped_R2_paired_fastqc.html
[2025-05-20 11:03:02,583] multiqc                                            [DEBUG  ]  File ignored by lima/summary because it exceeded search pattern filesize limit: MHW317_trimmed_clipped_R2_paired_fastqc.html
[2025-05-20 11:03:02,586] multiqc                                            [DEBUG  ]  File ignored by vep/vep_txt because it exceeded search pattern filesize limit: MHW317_trimmed_clipped_R2_paired_fastqc.html
[2025-05-20 11:03:02,586] multiqc                                            [DEBUG  ]  File ignored by longranger/invocation because it exceeded search pattern filesize limit: MHW317_trimmed_clipped_R2_paired_fastqc.html
[2025-05-20 11:03:02,634] multiqc                                            [DEBUG  ]  File ignored by ccs/v4 because it exceeded search pattern filesize limit: MHW318_trimmed_clipped_R1_paired_fastqc.html
[2025-05-20 11:03:02,636] multiqc                                            [DEBUG  ]  File ignored by hicexplorer because it exceeded search pattern filesize limit: MHW318_trimmed_clipped_R1_paired_fastqc.html
[2025-05-20 11:03:02,636] multiqc                                            [DEBUG  ]  File ignored by nanostat because it exceeded search pattern filesize limit: MHW318_trimmed_clipped_R1_paired_fastqc.html
[2025-05-20 11:03:02,636] multiqc                                            [DEBUG  ]  File ignored by lima/summary because it exceeded search pattern filesize limit: MHW318_trimmed_clipped_R1_paired_fastqc.html
[2025-05-20 11:03:02,640] multiqc                                            [DEBUG  ]  File ignored by vep/vep_txt because it exceeded search pattern filesize limit: MHW318_trimmed_clipped_R1_paired_fastqc.html
[2025-05-20 11:03:02,640] multiqc                                            [DEBUG  ]  File ignored by longranger/invocation because it exceeded search pattern filesize limit: MHW318_trimmed_clipped_R1_paired_fastqc.html
[2025-05-20 11:03:02,687] multiqc                                            [DEBUG  ]  File ignored by ccs/v4 because it exceeded search pattern filesize limit: MHW318_trimmed_clipped_R2_paired_fastqc.html
[2025-05-20 11:03:02,689] multiqc                                            [DEBUG  ]  File ignored by hicexplorer because it exceeded search pattern filesize limit: MHW318_trimmed_clipped_R2_paired_fastqc.html
[2025-05-20 11:03:02,689] multiqc                                            [DEBUG  ]  File ignored by nanostat because it exceeded search pattern filesize limit: MHW318_trimmed_clipped_R2_paired_fastqc.html
[2025-05-20 11:03:02,689] multiqc                                            [DEBUG  ]  File ignored by lima/summary because it exceeded search pattern filesize limit: MHW318_trimmed_clipped_R2_paired_fastqc.html
[2025-05-20 11:03:02,693] multiqc                                            [DEBUG  ]  File ignored by vep/vep_txt because it exceeded search pattern filesize limit: MHW318_trimmed_clipped_R2_paired_fastqc.html
[2025-05-20 11:03:02,693] multiqc                                            [DEBUG  ]  File ignored by longranger/invocation because it exceeded search pattern filesize limit: MHW318_trimmed_clipped_R2_paired_fastqc.html
[2025-05-20 11:03:02,733] multiqc                                            [DEBUG  ]  File ignored by ccs/v4 because it exceeded search pattern filesize limit: MHW319_trimmed_clipped_R1_paired_fastqc.html
[2025-05-20 11:03:02,735] multiqc                                            [DEBUG  ]  File ignored by hicexplorer because it exceeded search pattern filesize limit: MHW319_trimmed_clipped_R1_paired_fastqc.html
[2025-05-20 11:03:02,736] multiqc                                            [DEBUG  ]  File ignored by nanostat because it exceeded search pattern filesize limit: MHW319_trimmed_clipped_R1_paired_fastqc.html
[2025-05-20 11:03:02,736] multiqc                                            [DEBUG  ]  File ignored by lima/summary because it exceeded search pattern filesize limit: MHW319_trimmed_clipped_R1_paired_fastqc.html
[2025-05-20 11:03:02,739] multiqc                                            [DEBUG  ]  File ignored by vep/vep_txt because it exceeded search pattern filesize limit: MHW319_trimmed_clipped_R1_paired_fastqc.html
[2025-05-20 11:03:02,739] multiqc                                            [DEBUG  ]  File ignored by longranger/invocation because it exceeded search pattern filesize limit: MHW319_trimmed_clipped_R1_paired_fastqc.html
[2025-05-20 11:03:02,789] multiqc                                            [DEBUG  ]  File ignored by ccs/v4 because it exceeded search pattern filesize limit: MHW319_trimmed_clipped_R2_paired_fastqc.html
[2025-05-20 11:03:02,791] multiqc                                            [DEBUG  ]  File ignored by hicexplorer because it exceeded search pattern filesize limit: MHW319_trimmed_clipped_R2_paired_fastqc.html
[2025-05-20 11:03:02,791] multiqc                                            [DEBUG  ]  File ignored by nanostat because it exceeded search pattern filesize limit: MHW319_trimmed_clipped_R2_paired_fastqc.html
[2025-05-20 11:03:02,791] multiqc                                            [DEBUG  ]  File ignored by lima/summary because it exceeded search pattern filesize limit: MHW319_trimmed_clipped_R2_paired_fastqc.html
[2025-05-20 11:03:02,794] multiqc                                            [DEBUG  ]  File ignored by vep/vep_txt because it exceeded search pattern filesize limit: MHW319_trimmed_clipped_R2_paired_fastqc.html
[2025-05-20 11:03:02,795] multiqc                                            [DEBUG  ]  File ignored by longranger/invocation because it exceeded search pattern filesize limit: MHW319_trimmed_clipped_R2_paired_fastqc.html
[2025-05-20 11:03:02,833] multiqc                                            [DEBUG  ]  File ignored by ccs/v4 because it exceeded search pattern filesize limit: MHW320_trimmed_clipped_R1_paired_fastqc.html
[2025-05-20 11:03:02,835] multiqc                                            [DEBUG  ]  File ignored by hicexplorer because it exceeded search pattern filesize limit: MHW320_trimmed_clipped_R1_paired_fastqc.html
[2025-05-20 11:03:02,835] multiqc                                            [DEBUG  ]  File ignored by nanostat because it exceeded search pattern filesize limit: MHW320_trimmed_clipped_R1_paired_fastqc.html
[2025-05-20 11:03:02,835] multiqc                                            [DEBUG  ]  File ignored by lima/summary because it exceeded search pattern filesize limit: MHW320_trimmed_clipped_R1_paired_fastqc.html
[2025-05-20 11:03:02,838] multiqc                                            [DEBUG  ]  File ignored by vep/vep_txt because it exceeded search pattern filesize limit: MHW320_trimmed_clipped_R1_paired_fastqc.html
[2025-05-20 11:03:02,839] multiqc                                            [DEBUG  ]  File ignored by longranger/invocation because it exceeded search pattern filesize limit: MHW320_trimmed_clipped_R1_paired_fastqc.html
[2025-05-20 11:03:02,913] multiqc                                            [DEBUG  ]  File ignored by ccs/v4 because it exceeded search pattern filesize limit: MHW322_trimmed_clipped_R2_paired_fastqc.html
[2025-05-20 11:03:02,915] multiqc                                            [DEBUG  ]  File ignored by hicexplorer because it exceeded search pattern filesize limit: MHW322_trimmed_clipped_R2_paired_fastqc.html
[2025-05-20 11:03:02,916] multiqc                                            [DEBUG  ]  File ignored by nanostat because it exceeded search pattern filesize limit: MHW322_trimmed_clipped_R2_paired_fastqc.html
[2025-05-20 11:03:02,916] multiqc                                            [DEBUG  ]  File ignored by lima/summary because it exceeded search pattern filesize limit: MHW322_trimmed_clipped_R2_paired_fastqc.html
[2025-05-20 11:03:02,919] multiqc                                            [DEBUG  ]  File ignored by vep/vep_txt because it exceeded search pattern filesize limit: MHW322_trimmed_clipped_R2_paired_fastqc.html
[2025-05-20 11:03:02,919] multiqc                                            [DEBUG  ]  File ignored by longranger/invocation because it exceeded search pattern filesize limit: MHW322_trimmed_clipped_R2_paired_fastqc.html
[2025-05-20 11:03:02,978] multiqc                                            [DEBUG  ]  File ignored by ccs/v4 because it exceeded search pattern filesize limit: MHW320_trimmed_clipped_R2_paired_fastqc.html
[2025-05-20 11:03:02,979] multiqc                                            [DEBUG  ]  File ignored by hicexplorer because it exceeded search pattern filesize limit: MHW320_trimmed_clipped_R2_paired_fastqc.html
[2025-05-20 11:03:02,980] multiqc                                            [DEBUG  ]  File ignored by nanostat because it exceeded search pattern filesize limit: MHW320_trimmed_clipped_R2_paired_fastqc.html
[2025-05-20 11:03:02,980] multiqc                                            [DEBUG  ]  File ignored by lima/summary because it exceeded search pattern filesize limit: MHW320_trimmed_clipped_R2_paired_fastqc.html
[2025-05-20 11:03:02,983] multiqc                                            [DEBUG  ]  File ignored by vep/vep_txt because it exceeded search pattern filesize limit: MHW320_trimmed_clipped_R2_paired_fastqc.html
[2025-05-20 11:03:02,983] multiqc                                            [DEBUG  ]  File ignored by longranger/invocation because it exceeded search pattern filesize limit: MHW320_trimmed_clipped_R2_paired_fastqc.html
[2025-05-20 11:03:03,063] multiqc                                            [DEBUG  ]  File ignored by ccs/v4 because it exceeded search pattern filesize limit: MHW323_trimmed_clipped_R2_paired_fastqc.html
[2025-05-20 11:03:03,065] multiqc                                            [DEBUG  ]  File ignored by hicexplorer because it exceeded search pattern filesize limit: MHW323_trimmed_clipped_R2_paired_fastqc.html
[2025-05-20 11:03:03,065] multiqc                                            [DEBUG  ]  File ignored by nanostat because it exceeded search pattern filesize limit: MHW323_trimmed_clipped_R2_paired_fastqc.html
[2025-05-20 11:03:03,066] multiqc                                            [DEBUG  ]  File ignored by lima/summary because it exceeded search pattern filesize limit: MHW323_trimmed_clipped_R2_paired_fastqc.html
[2025-05-20 11:03:03,069] multiqc                                            [DEBUG  ]  File ignored by vep/vep_txt because it exceeded search pattern filesize limit: MHW323_trimmed_clipped_R2_paired_fastqc.html
[2025-05-20 11:03:03,069] multiqc                                            [DEBUG  ]  File ignored by longranger/invocation because it exceeded search pattern filesize limit: MHW323_trimmed_clipped_R2_paired_fastqc.html
[2025-05-20 11:03:03,134] multiqc                                            [DEBUG  ]  File ignored by ccs/v4 because it exceeded search pattern filesize limit: MHW322_trimmed_clipped_R1_paired_fastqc.html
[2025-05-20 11:03:03,136] multiqc                                            [DEBUG  ]  File ignored by hicexplorer because it exceeded search pattern filesize limit: MHW322_trimmed_clipped_R1_paired_fastqc.html
[2025-05-20 11:03:03,136] multiqc                                            [DEBUG  ]  File ignored by nanostat because it exceeded search pattern filesize limit: MHW322_trimmed_clipped_R1_paired_fastqc.html
[2025-05-20 11:03:03,136] multiqc                                            [DEBUG  ]  File ignored by lima/summary because it exceeded search pattern filesize limit: MHW322_trimmed_clipped_R1_paired_fastqc.html
[2025-05-20 11:03:03,140] multiqc                                            [DEBUG  ]  File ignored by vep/vep_txt because it exceeded search pattern filesize limit: MHW322_trimmed_clipped_R1_paired_fastqc.html
[2025-05-20 11:03:03,140] multiqc                                            [DEBUG  ]  File ignored by longranger/invocation because it exceeded search pattern filesize limit: MHW322_trimmed_clipped_R1_paired_fastqc.html
[2025-05-20 11:03:03,210] multiqc                                            [DEBUG  ]  File ignored by ccs/v4 because it exceeded search pattern filesize limit: MHW323_trimmed_clipped_R1_paired_fastqc.html
[2025-05-20 11:03:03,211] multiqc                                            [DEBUG  ]  File ignored by hicexplorer because it exceeded search pattern filesize limit: MHW323_trimmed_clipped_R1_paired_fastqc.html
[2025-05-20 11:03:03,212] multiqc                                            [DEBUG  ]  File ignored by nanostat because it exceeded search pattern filesize limit: MHW323_trimmed_clipped_R1_paired_fastqc.html
[2025-05-20 11:03:03,212] multiqc                                            [DEBUG  ]  File ignored by lima/summary because it exceeded search pattern filesize limit: MHW323_trimmed_clipped_R1_paired_fastqc.html
[2025-05-20 11:03:03,215] multiqc                                            [DEBUG  ]  File ignored by vep/vep_txt because it exceeded search pattern filesize limit: MHW323_trimmed_clipped_R1_paired_fastqc.html
[2025-05-20 11:03:03,215] multiqc                                            [DEBUG  ]  File ignored by longranger/invocation because it exceeded search pattern filesize limit: MHW323_trimmed_clipped_R1_paired_fastqc.html
[2025-05-20 11:03:03,289] multiqc                                            [DEBUG  ]  File ignored by ccs/v4 because it exceeded search pattern filesize limit: MHW324_trimmed_clipped_R1_paired_fastqc.html
[2025-05-20 11:03:03,290] multiqc                                            [DEBUG  ]  File ignored by hicexplorer because it exceeded search pattern filesize limit: MHW324_trimmed_clipped_R1_paired_fastqc.html
[2025-05-20 11:03:03,291] multiqc                                            [DEBUG  ]  File ignored by nanostat because it exceeded search pattern filesize limit: MHW324_trimmed_clipped_R1_paired_fastqc.html
[2025-05-20 11:03:03,291] multiqc                                            [DEBUG  ]  File ignored by lima/summary because it exceeded search pattern filesize limit: MHW324_trimmed_clipped_R1_paired_fastqc.html
[2025-05-20 11:03:03,294] multiqc                                            [DEBUG  ]  File ignored by vep/vep_txt because it exceeded search pattern filesize limit: MHW324_trimmed_clipped_R1_paired_fastqc.html
[2025-05-20 11:03:03,294] multiqc                                            [DEBUG  ]  File ignored by longranger/invocation because it exceeded search pattern filesize limit: MHW324_trimmed_clipped_R1_paired_fastqc.html
[2025-05-20 11:03:03,356] multiqc                                            [DEBUG  ]  File ignored by ccs/v4 because it exceeded search pattern filesize limit: MHW321_trimmed_clipped_R2_paired_fastqc.html
[2025-05-20 11:03:03,357] multiqc                                            [DEBUG  ]  File ignored by hicexplorer because it exceeded search pattern filesize limit: MHW321_trimmed_clipped_R2_paired_fastqc.html
[2025-05-20 11:03:03,358] multiqc                                            [DEBUG  ]  File ignored by nanostat because it exceeded search pattern filesize limit: MHW321_trimmed_clipped_R2_paired_fastqc.html
[2025-05-20 11:03:03,358] multiqc                                            [DEBUG  ]  File ignored by lima/summary because it exceeded search pattern filesize limit: MHW321_trimmed_clipped_R2_paired_fastqc.html
[2025-05-20 11:03:03,361] multiqc                                            [DEBUG  ]  File ignored by vep/vep_txt because it exceeded search pattern filesize limit: MHW321_trimmed_clipped_R2_paired_fastqc.html
[2025-05-20 11:03:03,361] multiqc                                            [DEBUG  ]  File ignored by longranger/invocation because it exceeded search pattern filesize limit: MHW321_trimmed_clipped_R2_paired_fastqc.html
[2025-05-20 11:03:03,437] multiqc                                            [DEBUG  ]  File ignored by ccs/v4 because it exceeded search pattern filesize limit: MHW321_trimmed_clipped_R1_paired_fastqc.html
[2025-05-20 11:03:03,439] multiqc                                            [DEBUG  ]  File ignored by hicexplorer because it exceeded search pattern filesize limit: MHW321_trimmed_clipped_R1_paired_fastqc.html
[2025-05-20 11:03:03,439] multiqc                                            [DEBUG  ]  File ignored by nanostat because it exceeded search pattern filesize limit: MHW321_trimmed_clipped_R1_paired_fastqc.html
[2025-05-20 11:03:03,439] multiqc                                            [DEBUG  ]  File ignored by lima/summary because it exceeded search pattern filesize limit: MHW321_trimmed_clipped_R1_paired_fastqc.html
[2025-05-20 11:03:03,443] multiqc                                            [DEBUG  ]  File ignored by vep/vep_txt because it exceeded search pattern filesize limit: MHW321_trimmed_clipped_R1_paired_fastqc.html
[2025-05-20 11:03:03,443] multiqc                                            [DEBUG  ]  File ignored by longranger/invocation because it exceeded search pattern filesize limit: MHW321_trimmed_clipped_R1_paired_fastqc.html
[2025-05-20 11:03:03,506] multiqc                                            [DEBUG  ]  File ignored by ccs/v4 because it exceeded search pattern filesize limit: MHW324_trimmed_clipped_R2_paired_fastqc.html
[2025-05-20 11:03:03,508] multiqc                                            [DEBUG  ]  File ignored by hicexplorer because it exceeded search pattern filesize limit: MHW324_trimmed_clipped_R2_paired_fastqc.html
[2025-05-20 11:03:03,508] multiqc                                            [DEBUG  ]  File ignored by nanostat because it exceeded search pattern filesize limit: MHW324_trimmed_clipped_R2_paired_fastqc.html
[2025-05-20 11:03:03,508] multiqc                                            [DEBUG  ]  File ignored by lima/summary because it exceeded search pattern filesize limit: MHW324_trimmed_clipped_R2_paired_fastqc.html
[2025-05-20 11:03:03,511] multiqc                                            [DEBUG  ]  File ignored by vep/vep_txt because it exceeded search pattern filesize limit: MHW324_trimmed_clipped_R2_paired_fastqc.html
[2025-05-20 11:03:03,511] multiqc                                            [DEBUG  ]  File ignored by longranger/invocation because it exceeded search pattern filesize limit: MHW324_trimmed_clipped_R2_paired_fastqc.html
[2025-05-20 11:03:03,587] multiqc                                            [DEBUG  ]  File ignored by ccs/v4 because it exceeded search pattern filesize limit: MHW325_trimmed_clipped_R1_paired_fastqc.html
[2025-05-20 11:03:03,589] multiqc                                            [DEBUG  ]  File ignored by hicexplorer because it exceeded search pattern filesize limit: MHW325_trimmed_clipped_R1_paired_fastqc.html
[2025-05-20 11:03:03,589] multiqc                                            [DEBUG  ]  File ignored by nanostat because it exceeded search pattern filesize limit: MHW325_trimmed_clipped_R1_paired_fastqc.html
[2025-05-20 11:03:03,590] multiqc                                            [DEBUG  ]  File ignored by lima/summary because it exceeded search pattern filesize limit: MHW325_trimmed_clipped_R1_paired_fastqc.html
[2025-05-20 11:03:03,593] multiqc                                            [DEBUG  ]  File ignored by vep/vep_txt because it exceeded search pattern filesize limit: MHW325_trimmed_clipped_R1_paired_fastqc.html
[2025-05-20 11:03:03,593] multiqc                                            [DEBUG  ]  File ignored by longranger/invocation because it exceeded search pattern filesize limit: MHW325_trimmed_clipped_R1_paired_fastqc.html
[2025-05-20 11:03:03,668] multiqc                                            [DEBUG  ]  File ignored by ccs/v4 because it exceeded search pattern filesize limit: MHW326_trimmed_clipped_R2_paired_fastqc.html
[2025-05-20 11:03:03,670] multiqc                                            [DEBUG  ]  File ignored by hicexplorer because it exceeded search pattern filesize limit: MHW326_trimmed_clipped_R2_paired_fastqc.html
[2025-05-20 11:03:03,670] multiqc                                            [DEBUG  ]  File ignored by nanostat because it exceeded search pattern filesize limit: MHW326_trimmed_clipped_R2_paired_fastqc.html
[2025-05-20 11:03:03,670] multiqc                                            [DEBUG  ]  File ignored by lima/summary because it exceeded search pattern filesize limit: MHW326_trimmed_clipped_R2_paired_fastqc.html
[2025-05-20 11:03:03,674] multiqc                                            [DEBUG  ]  File ignored by vep/vep_txt because it exceeded search pattern filesize limit: MHW326_trimmed_clipped_R2_paired_fastqc.html
[2025-05-20 11:03:03,674] multiqc                                            [DEBUG  ]  File ignored by longranger/invocation because it exceeded search pattern filesize limit: MHW326_trimmed_clipped_R2_paired_fastqc.html
[2025-05-20 11:03:03,737] multiqc                                            [DEBUG  ]  File ignored by ccs/v4 because it exceeded search pattern filesize limit: MHW326_trimmed_clipped_R1_paired_fastqc.html
[2025-05-20 11:03:03,739] multiqc                                            [DEBUG  ]  File ignored by hicexplorer because it exceeded search pattern filesize limit: MHW326_trimmed_clipped_R1_paired_fastqc.html
[2025-05-20 11:03:03,739] multiqc                                            [DEBUG  ]  File ignored by nanostat because it exceeded search pattern filesize limit: MHW326_trimmed_clipped_R1_paired_fastqc.html
[2025-05-20 11:03:03,739] multiqc                                            [DEBUG  ]  File ignored by lima/summary because it exceeded search pattern filesize limit: MHW326_trimmed_clipped_R1_paired_fastqc.html
[2025-05-20 11:03:03,743] multiqc                                            [DEBUG  ]  File ignored by vep/vep_txt because it exceeded search pattern filesize limit: MHW326_trimmed_clipped_R1_paired_fastqc.html
[2025-05-20 11:03:03,743] multiqc                                            [DEBUG  ]  File ignored by longranger/invocation because it exceeded search pattern filesize limit: MHW326_trimmed_clipped_R1_paired_fastqc.html
[2025-05-20 11:03:03,809] multiqc                                            [DEBUG  ]  File ignored by ccs/v4 because it exceeded search pattern filesize limit: MHW325_trimmed_clipped_R2_paired_fastqc.html
[2025-05-20 11:03:03,810] multiqc                                            [DEBUG  ]  File ignored by hicexplorer because it exceeded search pattern filesize limit: MHW325_trimmed_clipped_R2_paired_fastqc.html
[2025-05-20 11:03:03,811] multiqc                                            [DEBUG  ]  File ignored by nanostat because it exceeded search pattern filesize limit: MHW325_trimmed_clipped_R2_paired_fastqc.html
[2025-05-20 11:03:03,811] multiqc                                            [DEBUG  ]  File ignored by lima/summary because it exceeded search pattern filesize limit: MHW325_trimmed_clipped_R2_paired_fastqc.html
[2025-05-20 11:03:03,814] multiqc                                            [DEBUG  ]  File ignored by vep/vep_txt because it exceeded search pattern filesize limit: MHW325_trimmed_clipped_R2_paired_fastqc.html
[2025-05-20 11:03:03,814] multiqc                                            [DEBUG  ]  File ignored by longranger/invocation because it exceeded search pattern filesize limit: MHW325_trimmed_clipped_R2_paired_fastqc.html
[2025-05-20 11:03:03,869] multiqc                                            [DEBUG  ]  File ignored by ccs/v4 because it exceeded search pattern filesize limit: MHW327_trimmed_clipped_R2_paired_fastqc.html
[2025-05-20 11:03:03,871] multiqc                                            [DEBUG  ]  File ignored by hicexplorer because it exceeded search pattern filesize limit: MHW327_trimmed_clipped_R2_paired_fastqc.html
[2025-05-20 11:03:03,871] multiqc                                            [DEBUG  ]  File ignored by nanostat because it exceeded search pattern filesize limit: MHW327_trimmed_clipped_R2_paired_fastqc.html
[2025-05-20 11:03:03,871] multiqc                                            [DEBUG  ]  File ignored by lima/summary because it exceeded search pattern filesize limit: MHW327_trimmed_clipped_R2_paired_fastqc.html
[2025-05-20 11:03:03,874] multiqc                                            [DEBUG  ]  File ignored by vep/vep_txt because it exceeded search pattern filesize limit: MHW327_trimmed_clipped_R2_paired_fastqc.html
[2025-05-20 11:03:03,874] multiqc                                            [DEBUG  ]  File ignored by longranger/invocation because it exceeded search pattern filesize limit: MHW327_trimmed_clipped_R2_paired_fastqc.html
[2025-05-20 11:03:03,933] multiqc                                            [DEBUG  ]  File ignored by ccs/v4 because it exceeded search pattern filesize limit: MHW327_trimmed_clipped_R1_paired_fastqc.html
[2025-05-20 11:03:03,935] multiqc                                            [DEBUG  ]  File ignored by hicexplorer because it exceeded search pattern filesize limit: MHW327_trimmed_clipped_R1_paired_fastqc.html
[2025-05-20 11:03:03,935] multiqc                                            [DEBUG  ]  File ignored by nanostat because it exceeded search pattern filesize limit: MHW327_trimmed_clipped_R1_paired_fastqc.html
[2025-05-20 11:03:03,935] multiqc                                            [DEBUG  ]  File ignored by lima/summary because it exceeded search pattern filesize limit: MHW327_trimmed_clipped_R1_paired_fastqc.html
[2025-05-20 11:03:03,938] multiqc                                            [DEBUG  ]  File ignored by vep/vep_txt because it exceeded search pattern filesize limit: MHW327_trimmed_clipped_R1_paired_fastqc.html
[2025-05-20 11:03:03,938] multiqc                                            [DEBUG  ]  File ignored by longranger/invocation because it exceeded search pattern filesize limit: MHW327_trimmed_clipped_R1_paired_fastqc.html
[2025-05-20 11:03:03,993] multiqc                                            [DEBUG  ]  File ignored by ccs/v4 because it exceeded search pattern filesize limit: MHW328_trimmed_clipped_R1_paired_fastqc.html
[2025-05-20 11:03:03,995] multiqc                                            [DEBUG  ]  File ignored by hicexplorer because it exceeded search pattern filesize limit: MHW328_trimmed_clipped_R1_paired_fastqc.html
[2025-05-20 11:03:03,995] multiqc                                            [DEBUG  ]  File ignored by nanostat because it exceeded search pattern filesize limit: MHW328_trimmed_clipped_R1_paired_fastqc.html
[2025-05-20 11:03:03,995] multiqc                                            [DEBUG  ]  File ignored by lima/summary because it exceeded search pattern filesize limit: MHW328_trimmed_clipped_R1_paired_fastqc.html
[2025-05-20 11:03:03,998] multiqc                                            [DEBUG  ]  File ignored by vep/vep_txt because it exceeded search pattern filesize limit: MHW328_trimmed_clipped_R1_paired_fastqc.html
[2025-05-20 11:03:03,998] multiqc                                            [DEBUG  ]  File ignored by longranger/invocation because it exceeded search pattern filesize limit: MHW328_trimmed_clipped_R1_paired_fastqc.html
[2025-05-20 11:03:04,057] multiqc                                            [DEBUG  ]  File ignored by ccs/v4 because it exceeded search pattern filesize limit: MHW328_trimmed_clipped_R2_paired_fastqc.html
[2025-05-20 11:03:04,059] multiqc                                            [DEBUG  ]  File ignored by hicexplorer because it exceeded search pattern filesize limit: MHW328_trimmed_clipped_R2_paired_fastqc.html
[2025-05-20 11:03:04,059] multiqc                                            [DEBUG  ]  File ignored by nanostat because it exceeded search pattern filesize limit: MHW328_trimmed_clipped_R2_paired_fastqc.html
[2025-05-20 11:03:04,059] multiqc                                            [DEBUG  ]  File ignored by lima/summary because it exceeded search pattern filesize limit: MHW328_trimmed_clipped_R2_paired_fastqc.html
[2025-05-20 11:03:04,063] multiqc                                            [DEBUG  ]  File ignored by vep/vep_txt because it exceeded search pattern filesize limit: MHW328_trimmed_clipped_R2_paired_fastqc.html
[2025-05-20 11:03:04,063] multiqc                                            [DEBUG  ]  File ignored by longranger/invocation because it exceeded search pattern filesize limit: MHW328_trimmed_clipped_R2_paired_fastqc.html
[2025-05-20 11:03:04,115] multiqc                                            [DEBUG  ]  File ignored by ccs/v4 because it exceeded search pattern filesize limit: MHW330_trimmed_clipped_R1_paired_fastqc.html
[2025-05-20 11:03:04,116] multiqc                                            [DEBUG  ]  File ignored by hicexplorer because it exceeded search pattern filesize limit: MHW330_trimmed_clipped_R1_paired_fastqc.html
[2025-05-20 11:03:04,117] multiqc                                            [DEBUG  ]  File ignored by nanostat because it exceeded search pattern filesize limit: MHW330_trimmed_clipped_R1_paired_fastqc.html
[2025-05-20 11:03:04,117] multiqc                                            [DEBUG  ]  File ignored by lima/summary because it exceeded search pattern filesize limit: MHW330_trimmed_clipped_R1_paired_fastqc.html
[2025-05-20 11:03:04,120] multiqc                                            [DEBUG  ]  File ignored by vep/vep_txt because it exceeded search pattern filesize limit: MHW330_trimmed_clipped_R1_paired_fastqc.html
[2025-05-20 11:03:04,120] multiqc                                            [DEBUG  ]  File ignored by longranger/invocation because it exceeded search pattern filesize limit: MHW330_trimmed_clipped_R1_paired_fastqc.html
[2025-05-20 11:03:04,183] multiqc                                            [DEBUG  ]  File ignored by ccs/v4 because it exceeded search pattern filesize limit: MHW332_trimmed_clipped_R1_paired_fastqc.html
[2025-05-20 11:03:04,185] multiqc                                            [DEBUG  ]  File ignored by hicexplorer because it exceeded search pattern filesize limit: MHW332_trimmed_clipped_R1_paired_fastqc.html
[2025-05-20 11:03:04,185] multiqc                                            [DEBUG  ]  File ignored by nanostat because it exceeded search pattern filesize limit: MHW332_trimmed_clipped_R1_paired_fastqc.html
[2025-05-20 11:03:04,185] multiqc                                            [DEBUG  ]  File ignored by lima/summary because it exceeded search pattern filesize limit: MHW332_trimmed_clipped_R1_paired_fastqc.html
[2025-05-20 11:03:04,188] multiqc                                            [DEBUG  ]  File ignored by vep/vep_txt because it exceeded search pattern filesize limit: MHW332_trimmed_clipped_R1_paired_fastqc.html
[2025-05-20 11:03:04,188] multiqc                                            [DEBUG  ]  File ignored by longranger/invocation because it exceeded search pattern filesize limit: MHW332_trimmed_clipped_R1_paired_fastqc.html
[2025-05-20 11:03:04,226] multiqc                                            [DEBUG  ]  File ignored by ccs/v4 because it exceeded search pattern filesize limit: MHW331_trimmed_clipped_R1_paired_fastqc.html
[2025-05-20 11:03:04,227] multiqc                                            [DEBUG  ]  File ignored by hicexplorer because it exceeded search pattern filesize limit: MHW331_trimmed_clipped_R1_paired_fastqc.html
[2025-05-20 11:03:04,227] multiqc                                            [DEBUG  ]  File ignored by nanostat because it exceeded search pattern filesize limit: MHW331_trimmed_clipped_R1_paired_fastqc.html
[2025-05-20 11:03:04,228] multiqc                                            [DEBUG  ]  File ignored by lima/summary because it exceeded search pattern filesize limit: MHW331_trimmed_clipped_R1_paired_fastqc.html
[2025-05-20 11:03:04,231] multiqc                                            [DEBUG  ]  File ignored by vep/vep_txt because it exceeded search pattern filesize limit: MHW331_trimmed_clipped_R1_paired_fastqc.html
[2025-05-20 11:03:04,231] multiqc                                            [DEBUG  ]  File ignored by longranger/invocation because it exceeded search pattern filesize limit: MHW331_trimmed_clipped_R1_paired_fastqc.html
[2025-05-20 11:03:04,269] multiqc                                            [DEBUG  ]  File ignored by ccs/v4 because it exceeded search pattern filesize limit: MHW331_trimmed_clipped_R2_paired_fastqc.html
[2025-05-20 11:03:04,270] multiqc                                            [DEBUG  ]  File ignored by hicexplorer because it exceeded search pattern filesize limit: MHW331_trimmed_clipped_R2_paired_fastqc.html
[2025-05-20 11:03:04,270] multiqc                                            [DEBUG  ]  File ignored by nanostat because it exceeded search pattern filesize limit: MHW331_trimmed_clipped_R2_paired_fastqc.html
[2025-05-20 11:03:04,271] multiqc                                            [DEBUG  ]  File ignored by lima/summary because it exceeded search pattern filesize limit: MHW331_trimmed_clipped_R2_paired_fastqc.html
[2025-05-20 11:03:04,274] multiqc                                            [DEBUG  ]  File ignored by vep/vep_txt because it exceeded search pattern filesize limit: MHW331_trimmed_clipped_R2_paired_fastqc.html
[2025-05-20 11:03:04,274] multiqc                                            [DEBUG  ]  File ignored by longranger/invocation because it exceeded search pattern filesize limit: MHW331_trimmed_clipped_R2_paired_fastqc.html
[2025-05-20 11:03:04,351] multiqc                                            [DEBUG  ]  File ignored by ccs/v4 because it exceeded search pattern filesize limit: MHW330_trimmed_clipped_R2_paired_fastqc.html
[2025-05-20 11:03:04,352] multiqc                                            [DEBUG  ]  File ignored by hicexplorer because it exceeded search pattern filesize limit: MHW330_trimmed_clipped_R2_paired_fastqc.html
[2025-05-20 11:03:04,353] multiqc                                            [DEBUG  ]  File ignored by nanostat because it exceeded search pattern filesize limit: MHW330_trimmed_clipped_R2_paired_fastqc.html
[2025-05-20 11:03:04,353] multiqc                                            [DEBUG  ]  File ignored by lima/summary because it exceeded search pattern filesize limit: MHW330_trimmed_clipped_R2_paired_fastqc.html
[2025-05-20 11:03:04,356] multiqc                                            [DEBUG  ]  File ignored by vep/vep_txt because it exceeded search pattern filesize limit: MHW330_trimmed_clipped_R2_paired_fastqc.html
[2025-05-20 11:03:04,356] multiqc                                            [DEBUG  ]  File ignored by longranger/invocation because it exceeded search pattern filesize limit: MHW330_trimmed_clipped_R2_paired_fastqc.html
[2025-05-20 11:03:04,403] multiqc                                            [DEBUG  ]  File ignored by ccs/v4 because it exceeded search pattern filesize limit: MHW329_trimmed_clipped_R2_paired_fastqc.html
[2025-05-20 11:03:04,404] multiqc                                            [DEBUG  ]  File ignored by hicexplorer because it exceeded search pattern filesize limit: MHW329_trimmed_clipped_R2_paired_fastqc.html
[2025-05-20 11:03:04,405] multiqc                                            [DEBUG  ]  File ignored by nanostat because it exceeded search pattern filesize limit: MHW329_trimmed_clipped_R2_paired_fastqc.html
[2025-05-20 11:03:04,405] multiqc                                            [DEBUG  ]  File ignored by lima/summary because it exceeded search pattern filesize limit: MHW329_trimmed_clipped_R2_paired_fastqc.html
[2025-05-20 11:03:04,408] multiqc                                            [DEBUG  ]  File ignored by vep/vep_txt because it exceeded search pattern filesize limit: MHW329_trimmed_clipped_R2_paired_fastqc.html
[2025-05-20 11:03:04,408] multiqc                                            [DEBUG  ]  File ignored by longranger/invocation because it exceeded search pattern filesize limit: MHW329_trimmed_clipped_R2_paired_fastqc.html
[2025-05-20 11:03:04,483] multiqc                                            [DEBUG  ]  File ignored by ccs/v4 because it exceeded search pattern filesize limit: MHW329_trimmed_clipped_R1_paired_fastqc.html
[2025-05-20 11:03:04,485] multiqc                                            [DEBUG  ]  File ignored by hicexplorer because it exceeded search pattern filesize limit: MHW329_trimmed_clipped_R1_paired_fastqc.html
[2025-05-20 11:03:04,485] multiqc                                            [DEBUG  ]  File ignored by nanostat because it exceeded search pattern filesize limit: MHW329_trimmed_clipped_R1_paired_fastqc.html
[2025-05-20 11:03:04,485] multiqc                                            [DEBUG  ]  File ignored by lima/summary because it exceeded search pattern filesize limit: MHW329_trimmed_clipped_R1_paired_fastqc.html
[2025-05-20 11:03:04,488] multiqc                                            [DEBUG  ]  File ignored by vep/vep_txt because it exceeded search pattern filesize limit: MHW329_trimmed_clipped_R1_paired_fastqc.html
[2025-05-20 11:03:04,488] multiqc                                            [DEBUG  ]  File ignored by longranger/invocation because it exceeded search pattern filesize limit: MHW329_trimmed_clipped_R1_paired_fastqc.html
[2025-05-20 11:03:04,537] multiqc                                            [DEBUG  ]  File ignored by ccs/v4 because it exceeded search pattern filesize limit: MHW332_trimmed_clipped_R2_paired_fastqc.html
[2025-05-20 11:03:04,539] multiqc                                            [DEBUG  ]  File ignored by hicexplorer because it exceeded search pattern filesize limit: MHW332_trimmed_clipped_R2_paired_fastqc.html
[2025-05-20 11:03:04,539] multiqc                                            [DEBUG  ]  File ignored by nanostat because it exceeded search pattern filesize limit: MHW332_trimmed_clipped_R2_paired_fastqc.html
[2025-05-20 11:03:04,539] multiqc                                            [DEBUG  ]  File ignored by lima/summary because it exceeded search pattern filesize limit: MHW332_trimmed_clipped_R2_paired_fastqc.html
[2025-05-20 11:03:04,542] multiqc                                            [DEBUG  ]  File ignored by vep/vep_txt because it exceeded search pattern filesize limit: MHW332_trimmed_clipped_R2_paired_fastqc.html
[2025-05-20 11:03:04,542] multiqc                                            [DEBUG  ]  File ignored by longranger/invocation because it exceeded search pattern filesize limit: MHW332_trimmed_clipped_R2_paired_fastqc.html
[2025-05-20 11:03:04,618] multiqc                                            [DEBUG  ]  File ignored by ccs/v4 because it exceeded search pattern filesize limit: MHW333_trimmed_clipped_R1_paired_fastqc.html
[2025-05-20 11:03:04,620] multiqc                                            [DEBUG  ]  File ignored by hicexplorer because it exceeded search pattern filesize limit: MHW333_trimmed_clipped_R1_paired_fastqc.html
[2025-05-20 11:03:04,620] multiqc                                            [DEBUG  ]  File ignored by nanostat because it exceeded search pattern filesize limit: MHW333_trimmed_clipped_R1_paired_fastqc.html
[2025-05-20 11:03:04,620] multiqc                                            [DEBUG  ]  File ignored by lima/summary because it exceeded search pattern filesize limit: MHW333_trimmed_clipped_R1_paired_fastqc.html
[2025-05-20 11:03:04,623] multiqc                                            [DEBUG  ]  File ignored by vep/vep_txt because it exceeded search pattern filesize limit: MHW333_trimmed_clipped_R1_paired_fastqc.html
[2025-05-20 11:03:04,623] multiqc                                            [DEBUG  ]  File ignored by longranger/invocation because it exceeded search pattern filesize limit: MHW333_trimmed_clipped_R1_paired_fastqc.html
[2025-05-20 11:03:04,676] multiqc                                            [DEBUG  ]  File ignored by ccs/v4 because it exceeded search pattern filesize limit: MHW333_trimmed_clipped_R2_paired_fastqc.html
[2025-05-20 11:03:04,677] multiqc                                            [DEBUG  ]  File ignored by hicexplorer because it exceeded search pattern filesize limit: MHW333_trimmed_clipped_R2_paired_fastqc.html
[2025-05-20 11:03:04,678] multiqc                                            [DEBUG  ]  File ignored by nanostat because it exceeded search pattern filesize limit: MHW333_trimmed_clipped_R2_paired_fastqc.html
[2025-05-20 11:03:04,678] multiqc                                            [DEBUG  ]  File ignored by lima/summary because it exceeded search pattern filesize limit: MHW333_trimmed_clipped_R2_paired_fastqc.html
[2025-05-20 11:03:04,681] multiqc                                            [DEBUG  ]  File ignored by vep/vep_txt because it exceeded search pattern filesize limit: MHW333_trimmed_clipped_R2_paired_fastqc.html
[2025-05-20 11:03:04,681] multiqc                                            [DEBUG  ]  File ignored by longranger/invocation because it exceeded search pattern filesize limit: MHW333_trimmed_clipped_R2_paired_fastqc.html
[2025-05-20 11:03:04,727] multiqc                                            [DEBUG  ]  File ignored by ccs/v4 because it exceeded search pattern filesize limit: MHW334_trimmed_clipped_R1_paired_fastqc.html
[2025-05-20 11:03:04,729] multiqc                                            [DEBUG  ]  File ignored by hicexplorer because it exceeded search pattern filesize limit: MHW334_trimmed_clipped_R1_paired_fastqc.html
[2025-05-20 11:03:04,729] multiqc                                            [DEBUG  ]  File ignored by nanostat because it exceeded search pattern filesize limit: MHW334_trimmed_clipped_R1_paired_fastqc.html
[2025-05-20 11:03:04,729] multiqc                                            [DEBUG  ]  File ignored by lima/summary because it exceeded search pattern filesize limit: MHW334_trimmed_clipped_R1_paired_fastqc.html
[2025-05-20 11:03:04,733] multiqc                                            [DEBUG  ]  File ignored by vep/vep_txt because it exceeded search pattern filesize limit: MHW334_trimmed_clipped_R1_paired_fastqc.html
[2025-05-20 11:03:04,733] multiqc                                            [DEBUG  ]  File ignored by longranger/invocation because it exceeded search pattern filesize limit: MHW334_trimmed_clipped_R1_paired_fastqc.html
[2025-05-20 11:03:04,781] multiqc                                            [DEBUG  ]  File ignored by ccs/v4 because it exceeded search pattern filesize limit: MHW334_trimmed_clipped_R2_paired_fastqc.html
[2025-05-20 11:03:04,783] multiqc                                            [DEBUG  ]  File ignored by hicexplorer because it exceeded search pattern filesize limit: MHW334_trimmed_clipped_R2_paired_fastqc.html
[2025-05-20 11:03:04,783] multiqc                                            [DEBUG  ]  File ignored by nanostat because it exceeded search pattern filesize limit: MHW334_trimmed_clipped_R2_paired_fastqc.html
[2025-05-20 11:03:04,783] multiqc                                            [DEBUG  ]  File ignored by lima/summary because it exceeded search pattern filesize limit: MHW334_trimmed_clipped_R2_paired_fastqc.html
[2025-05-20 11:03:04,786] multiqc                                            [DEBUG  ]  File ignored by vep/vep_txt because it exceeded search pattern filesize limit: MHW334_trimmed_clipped_R2_paired_fastqc.html
[2025-05-20 11:03:04,786] multiqc                                            [DEBUG  ]  File ignored by longranger/invocation because it exceeded search pattern filesize limit: MHW334_trimmed_clipped_R2_paired_fastqc.html
[2025-05-20 11:03:04,833] multiqc                                            [DEBUG  ]  File ignored by ccs/v4 because it exceeded search pattern filesize limit: MHW335_trimmed_clipped_R2_paired_fastqc.html
[2025-05-20 11:03:04,835] multiqc                                            [DEBUG  ]  File ignored by hicexplorer because it exceeded search pattern filesize limit: MHW335_trimmed_clipped_R2_paired_fastqc.html
[2025-05-20 11:03:04,835] multiqc                                            [DEBUG  ]  File ignored by nanostat because it exceeded search pattern filesize limit: MHW335_trimmed_clipped_R2_paired_fastqc.html
[2025-05-20 11:03:04,835] multiqc                                            [DEBUG  ]  File ignored by lima/summary because it exceeded search pattern filesize limit: MHW335_trimmed_clipped_R2_paired_fastqc.html
[2025-05-20 11:03:04,838] multiqc                                            [DEBUG  ]  File ignored by vep/vep_txt because it exceeded search pattern filesize limit: MHW335_trimmed_clipped_R2_paired_fastqc.html
[2025-05-20 11:03:04,838] multiqc                                            [DEBUG  ]  File ignored by longranger/invocation because it exceeded search pattern filesize limit: MHW335_trimmed_clipped_R2_paired_fastqc.html
[2025-05-20 11:03:04,905] multiqc                                            [DEBUG  ]  File ignored by ccs/v4 because it exceeded search pattern filesize limit: MHW335_trimmed_clipped_R1_paired_fastqc.html
[2025-05-20 11:03:04,907] multiqc                                            [DEBUG  ]  File ignored by hicexplorer because it exceeded search pattern filesize limit: MHW335_trimmed_clipped_R1_paired_fastqc.html
[2025-05-20 11:03:04,907] multiqc                                            [DEBUG  ]  File ignored by nanostat because it exceeded search pattern filesize limit: MHW335_trimmed_clipped_R1_paired_fastqc.html
[2025-05-20 11:03:04,907] multiqc                                            [DEBUG  ]  File ignored by lima/summary because it exceeded search pattern filesize limit: MHW335_trimmed_clipped_R1_paired_fastqc.html
[2025-05-20 11:03:04,910] multiqc                                            [DEBUG  ]  File ignored by vep/vep_txt because it exceeded search pattern filesize limit: MHW335_trimmed_clipped_R1_paired_fastqc.html
[2025-05-20 11:03:04,910] multiqc                                            [DEBUG  ]  File ignored by longranger/invocation because it exceeded search pattern filesize limit: MHW335_trimmed_clipped_R1_paired_fastqc.html
[2025-05-20 11:03:04,955] multiqc                                            [DEBUG  ]  File ignored by ccs/v4 because it exceeded search pattern filesize limit: MHW337_trimmed_clipped_R2_paired_fastqc.html
[2025-05-20 11:03:04,957] multiqc                                            [DEBUG  ]  File ignored by hicexplorer because it exceeded search pattern filesize limit: MHW337_trimmed_clipped_R2_paired_fastqc.html
[2025-05-20 11:03:04,957] multiqc                                            [DEBUG  ]  File ignored by nanostat because it exceeded search pattern filesize limit: MHW337_trimmed_clipped_R2_paired_fastqc.html
[2025-05-20 11:03:04,958] multiqc                                            [DEBUG  ]  File ignored by lima/summary because it exceeded search pattern filesize limit: MHW337_trimmed_clipped_R2_paired_fastqc.html
[2025-05-20 11:03:04,961] multiqc                                            [DEBUG  ]  File ignored by vep/vep_txt because it exceeded search pattern filesize limit: MHW337_trimmed_clipped_R2_paired_fastqc.html
[2025-05-20 11:03:04,961] multiqc                                            [DEBUG  ]  File ignored by longranger/invocation because it exceeded search pattern filesize limit: MHW337_trimmed_clipped_R2_paired_fastqc.html
[2025-05-20 11:03:05,015] multiqc                                            [DEBUG  ]  File ignored by ccs/v4 because it exceeded search pattern filesize limit: MHW337_trimmed_clipped_R1_paired_fastqc.html
[2025-05-20 11:03:05,017] multiqc                                            [DEBUG  ]  File ignored by hicexplorer because it exceeded search pattern filesize limit: MHW337_trimmed_clipped_R1_paired_fastqc.html
[2025-05-20 11:03:05,017] multiqc                                            [DEBUG  ]  File ignored by nanostat because it exceeded search pattern filesize limit: MHW337_trimmed_clipped_R1_paired_fastqc.html
[2025-05-20 11:03:05,017] multiqc                                            [DEBUG  ]  File ignored by lima/summary because it exceeded search pattern filesize limit: MHW337_trimmed_clipped_R1_paired_fastqc.html
[2025-05-20 11:03:05,020] multiqc                                            [DEBUG  ]  File ignored by vep/vep_txt because it exceeded search pattern filesize limit: MHW337_trimmed_clipped_R1_paired_fastqc.html
[2025-05-20 11:03:05,020] multiqc                                            [DEBUG  ]  File ignored by longranger/invocation because it exceeded search pattern filesize limit: MHW337_trimmed_clipped_R1_paired_fastqc.html
[2025-05-20 11:03:05,074] multiqc                                            [DEBUG  ]  File ignored by ccs/v4 because it exceeded search pattern filesize limit: MHW339_trimmed_clipped_R1_paired_fastqc.html
[2025-05-20 11:03:05,076] multiqc                                            [DEBUG  ]  File ignored by hicexplorer because it exceeded search pattern filesize limit: MHW339_trimmed_clipped_R1_paired_fastqc.html
[2025-05-20 11:03:05,076] multiqc                                            [DEBUG  ]  File ignored by nanostat because it exceeded search pattern filesize limit: MHW339_trimmed_clipped_R1_paired_fastqc.html
[2025-05-20 11:03:05,076] multiqc                                            [DEBUG  ]  File ignored by lima/summary because it exceeded search pattern filesize limit: MHW339_trimmed_clipped_R1_paired_fastqc.html
[2025-05-20 11:03:05,080] multiqc                                            [DEBUG  ]  File ignored by vep/vep_txt because it exceeded search pattern filesize limit: MHW339_trimmed_clipped_R1_paired_fastqc.html
[2025-05-20 11:03:05,080] multiqc                                            [DEBUG  ]  File ignored by longranger/invocation because it exceeded search pattern filesize limit: MHW339_trimmed_clipped_R1_paired_fastqc.html
[2025-05-20 11:03:05,126] multiqc                                            [DEBUG  ]  File ignored by ccs/v4 because it exceeded search pattern filesize limit: MHW336_trimmed_clipped_R2_paired_fastqc.html
[2025-05-20 11:03:05,127] multiqc                                            [DEBUG  ]  File ignored by hicexplorer because it exceeded search pattern filesize limit: MHW336_trimmed_clipped_R2_paired_fastqc.html
[2025-05-20 11:03:05,128] multiqc                                            [DEBUG  ]  File ignored by nanostat because it exceeded search pattern filesize limit: MHW336_trimmed_clipped_R2_paired_fastqc.html
[2025-05-20 11:03:05,128] multiqc                                            [DEBUG  ]  File ignored by lima/summary because it exceeded search pattern filesize limit: MHW336_trimmed_clipped_R2_paired_fastqc.html
[2025-05-20 11:03:05,131] multiqc                                            [DEBUG  ]  File ignored by vep/vep_txt because it exceeded search pattern filesize limit: MHW336_trimmed_clipped_R2_paired_fastqc.html
[2025-05-20 11:03:05,131] multiqc                                            [DEBUG  ]  File ignored by longranger/invocation because it exceeded search pattern filesize limit: MHW336_trimmed_clipped_R2_paired_fastqc.html
[2025-05-20 11:03:05,182] multiqc                                            [DEBUG  ]  File ignored by ccs/v4 because it exceeded search pattern filesize limit: MHW336_trimmed_clipped_R1_paired_fastqc.html
[2025-05-20 11:03:05,184] multiqc                                            [DEBUG  ]  File ignored by hicexplorer because it exceeded search pattern filesize limit: MHW336_trimmed_clipped_R1_paired_fastqc.html
[2025-05-20 11:03:05,184] multiqc                                            [DEBUG  ]  File ignored by nanostat because it exceeded search pattern filesize limit: MHW336_trimmed_clipped_R1_paired_fastqc.html
[2025-05-20 11:03:05,184] multiqc                                            [DEBUG  ]  File ignored by lima/summary because it exceeded search pattern filesize limit: MHW336_trimmed_clipped_R1_paired_fastqc.html
[2025-05-20 11:03:05,187] multiqc                                            [DEBUG  ]  File ignored by vep/vep_txt because it exceeded search pattern filesize limit: MHW336_trimmed_clipped_R1_paired_fastqc.html
[2025-05-20 11:03:05,187] multiqc                                            [DEBUG  ]  File ignored by longranger/invocation because it exceeded search pattern filesize limit: MHW336_trimmed_clipped_R1_paired_fastqc.html
[2025-05-20 11:03:05,226] multiqc                                            [DEBUG  ]  File ignored by ccs/v4 because it exceeded search pattern filesize limit: MHW338_trimmed_clipped_R2_paired_fastqc.html
[2025-05-20 11:03:05,228] multiqc                                            [DEBUG  ]  File ignored by hicexplorer because it exceeded search pattern filesize limit: MHW338_trimmed_clipped_R2_paired_fastqc.html
[2025-05-20 11:03:05,228] multiqc                                            [DEBUG  ]  File ignored by nanostat because it exceeded search pattern filesize limit: MHW338_trimmed_clipped_R2_paired_fastqc.html
[2025-05-20 11:03:05,229] multiqc                                            [DEBUG  ]  File ignored by lima/summary because it exceeded search pattern filesize limit: MHW338_trimmed_clipped_R2_paired_fastqc.html
[2025-05-20 11:03:05,232] multiqc                                            [DEBUG  ]  File ignored by vep/vep_txt because it exceeded search pattern filesize limit: MHW338_trimmed_clipped_R2_paired_fastqc.html
[2025-05-20 11:03:05,232] multiqc                                            [DEBUG  ]  File ignored by longranger/invocation because it exceeded search pattern filesize limit: MHW338_trimmed_clipped_R2_paired_fastqc.html
[2025-05-20 11:03:05,279] multiqc                                            [DEBUG  ]  File ignored by ccs/v4 because it exceeded search pattern filesize limit: MHW338_trimmed_clipped_R1_paired_fastqc.html
[2025-05-20 11:03:05,281] multiqc                                            [DEBUG  ]  File ignored by hicexplorer because it exceeded search pattern filesize limit: MHW338_trimmed_clipped_R1_paired_fastqc.html
[2025-05-20 11:03:05,281] multiqc                                            [DEBUG  ]  File ignored by nanostat because it exceeded search pattern filesize limit: MHW338_trimmed_clipped_R1_paired_fastqc.html
[2025-05-20 11:03:05,281] multiqc                                            [DEBUG  ]  File ignored by lima/summary because it exceeded search pattern filesize limit: MHW338_trimmed_clipped_R1_paired_fastqc.html
[2025-05-20 11:03:05,284] multiqc                                            [DEBUG  ]  File ignored by vep/vep_txt because it exceeded search pattern filesize limit: MHW338_trimmed_clipped_R1_paired_fastqc.html
[2025-05-20 11:03:05,284] multiqc                                            [DEBUG  ]  File ignored by longranger/invocation because it exceeded search pattern filesize limit: MHW338_trimmed_clipped_R1_paired_fastqc.html
[2025-05-20 11:03:05,328] multiqc                                            [DEBUG  ]  File ignored by ccs/v4 because it exceeded search pattern filesize limit: MHW339_trimmed_clipped_R2_paired_fastqc.html
[2025-05-20 11:03:05,330] multiqc                                            [DEBUG  ]  File ignored by hicexplorer because it exceeded search pattern filesize limit: MHW339_trimmed_clipped_R2_paired_fastqc.html
[2025-05-20 11:03:05,330] multiqc                                            [DEBUG  ]  File ignored by nanostat because it exceeded search pattern filesize limit: MHW339_trimmed_clipped_R2_paired_fastqc.html
[2025-05-20 11:03:05,330] multiqc                                            [DEBUG  ]  File ignored by lima/summary because it exceeded search pattern filesize limit: MHW339_trimmed_clipped_R2_paired_fastqc.html
[2025-05-20 11:03:05,333] multiqc                                            [DEBUG  ]  File ignored by vep/vep_txt because it exceeded search pattern filesize limit: MHW339_trimmed_clipped_R2_paired_fastqc.html
[2025-05-20 11:03:05,333] multiqc                                            [DEBUG  ]  File ignored by longranger/invocation because it exceeded search pattern filesize limit: MHW339_trimmed_clipped_R2_paired_fastqc.html
[2025-05-20 11:03:05,379] multiqc                                            [DEBUG  ]  File ignored by ccs/v4 because it exceeded search pattern filesize limit: MHW340_trimmed_clipped_R1_paired_fastqc.html
[2025-05-20 11:03:05,380] multiqc                                            [DEBUG  ]  File ignored by hicexplorer because it exceeded search pattern filesize limit: MHW340_trimmed_clipped_R1_paired_fastqc.html
[2025-05-20 11:03:05,381] multiqc                                            [DEBUG  ]  File ignored by nanostat because it exceeded search pattern filesize limit: MHW340_trimmed_clipped_R1_paired_fastqc.html
[2025-05-20 11:03:05,381] multiqc                                            [DEBUG  ]  File ignored by lima/summary because it exceeded search pattern filesize limit: MHW340_trimmed_clipped_R1_paired_fastqc.html
[2025-05-20 11:03:05,384] multiqc                                            [DEBUG  ]  File ignored by vep/vep_txt because it exceeded search pattern filesize limit: MHW340_trimmed_clipped_R1_paired_fastqc.html
[2025-05-20 11:03:05,384] multiqc                                            [DEBUG  ]  File ignored by longranger/invocation because it exceeded search pattern filesize limit: MHW340_trimmed_clipped_R1_paired_fastqc.html
[2025-05-20 11:03:05,434] multiqc                                            [DEBUG  ]  File ignored by ccs/v4 because it exceeded search pattern filesize limit: MHW340_trimmed_clipped_R2_paired_fastqc.html
[2025-05-20 11:03:05,436] multiqc                                            [DEBUG  ]  File ignored by hicexplorer because it exceeded search pattern filesize limit: MHW340_trimmed_clipped_R2_paired_fastqc.html
[2025-05-20 11:03:05,436] multiqc                                            [DEBUG  ]  File ignored by nanostat because it exceeded search pattern filesize limit: MHW340_trimmed_clipped_R2_paired_fastqc.html
[2025-05-20 11:03:05,436] multiqc                                            [DEBUG  ]  File ignored by lima/summary because it exceeded search pattern filesize limit: MHW340_trimmed_clipped_R2_paired_fastqc.html
[2025-05-20 11:03:05,439] multiqc                                            [DEBUG  ]  File ignored by vep/vep_txt because it exceeded search pattern filesize limit: MHW340_trimmed_clipped_R2_paired_fastqc.html
[2025-05-20 11:03:05,439] multiqc                                            [DEBUG  ]  File ignored by longranger/invocation because it exceeded search pattern filesize limit: MHW340_trimmed_clipped_R2_paired_fastqc.html
[2025-05-20 11:03:05,500] multiqc                                            [DEBUG  ]  File ignored by ccs/v4 because it exceeded search pattern filesize limit: MHW341_trimmed_clipped_R1_paired_fastqc.html
[2025-05-20 11:03:05,502] multiqc                                            [DEBUG  ]  File ignored by hicexplorer because it exceeded search pattern filesize limit: MHW341_trimmed_clipped_R1_paired_fastqc.html
[2025-05-20 11:03:05,502] multiqc                                            [DEBUG  ]  File ignored by nanostat because it exceeded search pattern filesize limit: MHW341_trimmed_clipped_R1_paired_fastqc.html
[2025-05-20 11:03:05,502] multiqc                                            [DEBUG  ]  File ignored by lima/summary because it exceeded search pattern filesize limit: MHW341_trimmed_clipped_R1_paired_fastqc.html
[2025-05-20 11:03:05,505] multiqc                                            [DEBUG  ]  File ignored by vep/vep_txt because it exceeded search pattern filesize limit: MHW341_trimmed_clipped_R1_paired_fastqc.html
[2025-05-20 11:03:05,505] multiqc                                            [DEBUG  ]  File ignored by longranger/invocation because it exceeded search pattern filesize limit: MHW341_trimmed_clipped_R1_paired_fastqc.html
[2025-05-20 11:03:05,597] multiqc                                            [DEBUG  ]  File ignored by ccs/v4 because it exceeded search pattern filesize limit: MHW341_trimmed_clipped_R2_paired_fastqc.html
[2025-05-20 11:03:05,599] multiqc                                            [DEBUG  ]  File ignored by hicexplorer because it exceeded search pattern filesize limit: MHW341_trimmed_clipped_R2_paired_fastqc.html
[2025-05-20 11:03:05,599] multiqc                                            [DEBUG  ]  File ignored by nanostat because it exceeded search pattern filesize limit: MHW341_trimmed_clipped_R2_paired_fastqc.html
[2025-05-20 11:03:05,599] multiqc                                            [DEBUG  ]  File ignored by lima/summary because it exceeded search pattern filesize limit: MHW341_trimmed_clipped_R2_paired_fastqc.html
[2025-05-20 11:03:05,602] multiqc                                            [DEBUG  ]  File ignored by vep/vep_txt because it exceeded search pattern filesize limit: MHW341_trimmed_clipped_R2_paired_fastqc.html
[2025-05-20 11:03:05,602] multiqc                                            [DEBUG  ]  File ignored by longranger/invocation because it exceeded search pattern filesize limit: MHW341_trimmed_clipped_R2_paired_fastqc.html
[2025-05-20 11:03:05,639] multiqc                                            [DEBUG  ]  File ignored by ccs/v4 because it exceeded search pattern filesize limit: MHW343_trimmed_clipped_R1_paired_fastqc.html
[2025-05-20 11:03:05,640] multiqc                                            [DEBUG  ]  File ignored by hicexplorer because it exceeded search pattern filesize limit: MHW343_trimmed_clipped_R1_paired_fastqc.html
[2025-05-20 11:03:05,641] multiqc                                            [DEBUG  ]  File ignored by nanostat because it exceeded search pattern filesize limit: MHW343_trimmed_clipped_R1_paired_fastqc.html
[2025-05-20 11:03:05,641] multiqc                                            [DEBUG  ]  File ignored by lima/summary because it exceeded search pattern filesize limit: MHW343_trimmed_clipped_R1_paired_fastqc.html
[2025-05-20 11:03:05,644] multiqc                                            [DEBUG  ]  File ignored by vep/vep_txt because it exceeded search pattern filesize limit: MHW343_trimmed_clipped_R1_paired_fastqc.html
[2025-05-20 11:03:05,644] multiqc                                            [DEBUG  ]  File ignored by longranger/invocation because it exceeded search pattern filesize limit: MHW343_trimmed_clipped_R1_paired_fastqc.html
[2025-05-20 11:03:05,681] multiqc                                            [DEBUG  ]  File ignored by ccs/v4 because it exceeded search pattern filesize limit: MHW342_trimmed_clipped_R2_paired_fastqc.html
[2025-05-20 11:03:05,683] multiqc                                            [DEBUG  ]  File ignored by hicexplorer because it exceeded search pattern filesize limit: MHW342_trimmed_clipped_R2_paired_fastqc.html
[2025-05-20 11:03:05,683] multiqc                                            [DEBUG  ]  File ignored by nanostat because it exceeded search pattern filesize limit: MHW342_trimmed_clipped_R2_paired_fastqc.html
[2025-05-20 11:03:05,683] multiqc                                            [DEBUG  ]  File ignored by lima/summary because it exceeded search pattern filesize limit: MHW342_trimmed_clipped_R2_paired_fastqc.html
[2025-05-20 11:03:05,686] multiqc                                            [DEBUG  ]  File ignored by vep/vep_txt because it exceeded search pattern filesize limit: MHW342_trimmed_clipped_R2_paired_fastqc.html
[2025-05-20 11:03:05,686] multiqc                                            [DEBUG  ]  File ignored by longranger/invocation because it exceeded search pattern filesize limit: MHW342_trimmed_clipped_R2_paired_fastqc.html
[2025-05-20 11:03:05,723] multiqc                                            [DEBUG  ]  File ignored by ccs/v4 because it exceeded search pattern filesize limit: MHW342_trimmed_clipped_R1_paired_fastqc.html
[2025-05-20 11:03:05,725] multiqc                                            [DEBUG  ]  File ignored by hicexplorer because it exceeded search pattern filesize limit: MHW342_trimmed_clipped_R1_paired_fastqc.html
[2025-05-20 11:03:05,725] multiqc                                            [DEBUG  ]  File ignored by nanostat because it exceeded search pattern filesize limit: MHW342_trimmed_clipped_R1_paired_fastqc.html
[2025-05-20 11:03:05,725] multiqc                                            [DEBUG  ]  File ignored by lima/summary because it exceeded search pattern filesize limit: MHW342_trimmed_clipped_R1_paired_fastqc.html
[2025-05-20 11:03:05,728] multiqc                                            [DEBUG  ]  File ignored by vep/vep_txt because it exceeded search pattern filesize limit: MHW342_trimmed_clipped_R1_paired_fastqc.html
[2025-05-20 11:03:05,728] multiqc                                            [DEBUG  ]  File ignored by longranger/invocation because it exceeded search pattern filesize limit: MHW342_trimmed_clipped_R1_paired_fastqc.html
[2025-05-20 11:03:05,780] multiqc                                            [DEBUG  ]  File ignored by ccs/v4 because it exceeded search pattern filesize limit: MHW345_trimmed_clipped_R1_paired_fastqc.html
[2025-05-20 11:03:05,782] multiqc                                            [DEBUG  ]  File ignored by hicexplorer because it exceeded search pattern filesize limit: MHW345_trimmed_clipped_R1_paired_fastqc.html
[2025-05-20 11:03:05,782] multiqc                                            [DEBUG  ]  File ignored by nanostat because it exceeded search pattern filesize limit: MHW345_trimmed_clipped_R1_paired_fastqc.html
[2025-05-20 11:03:05,782] multiqc                                            [DEBUG  ]  File ignored by lima/summary because it exceeded search pattern filesize limit: MHW345_trimmed_clipped_R1_paired_fastqc.html
[2025-05-20 11:03:05,785] multiqc                                            [DEBUG  ]  File ignored by vep/vep_txt because it exceeded search pattern filesize limit: MHW345_trimmed_clipped_R1_paired_fastqc.html
[2025-05-20 11:03:05,786] multiqc                                            [DEBUG  ]  File ignored by longranger/invocation because it exceeded search pattern filesize limit: MHW345_trimmed_clipped_R1_paired_fastqc.html
[2025-05-20 11:03:05,822] multiqc                                            [DEBUG  ]  File ignored by ccs/v4 because it exceeded search pattern filesize limit: MHW343_trimmed_clipped_R2_paired_fastqc.html
[2025-05-20 11:03:05,823] multiqc                                            [DEBUG  ]  File ignored by hicexplorer because it exceeded search pattern filesize limit: MHW343_trimmed_clipped_R2_paired_fastqc.html
[2025-05-20 11:03:05,824] multiqc                                            [DEBUG  ]  File ignored by nanostat because it exceeded search pattern filesize limit: MHW343_trimmed_clipped_R2_paired_fastqc.html
[2025-05-20 11:03:05,824] multiqc                                            [DEBUG  ]  File ignored by lima/summary because it exceeded search pattern filesize limit: MHW343_trimmed_clipped_R2_paired_fastqc.html
[2025-05-20 11:03:05,827] multiqc                                            [DEBUG  ]  File ignored by vep/vep_txt because it exceeded search pattern filesize limit: MHW343_trimmed_clipped_R2_paired_fastqc.html
[2025-05-20 11:03:05,827] multiqc                                            [DEBUG  ]  File ignored by longranger/invocation because it exceeded search pattern filesize limit: MHW343_trimmed_clipped_R2_paired_fastqc.html
[2025-05-20 11:03:05,877] multiqc                                            [DEBUG  ]  File ignored by ccs/v4 because it exceeded search pattern filesize limit: MHW345_trimmed_clipped_R2_paired_fastqc.html
[2025-05-20 11:03:05,879] multiqc                                            [DEBUG  ]  File ignored by hicexplorer because it exceeded search pattern filesize limit: MHW345_trimmed_clipped_R2_paired_fastqc.html
[2025-05-20 11:03:05,879] multiqc                                            [DEBUG  ]  File ignored by nanostat because it exceeded search pattern filesize limit: MHW345_trimmed_clipped_R2_paired_fastqc.html
[2025-05-20 11:03:05,879] multiqc                                            [DEBUG  ]  File ignored by lima/summary because it exceeded search pattern filesize limit: MHW345_trimmed_clipped_R2_paired_fastqc.html
[2025-05-20 11:03:05,882] multiqc                                            [DEBUG  ]  File ignored by vep/vep_txt because it exceeded search pattern filesize limit: MHW345_trimmed_clipped_R2_paired_fastqc.html
[2025-05-20 11:03:05,882] multiqc                                            [DEBUG  ]  File ignored by longranger/invocation because it exceeded search pattern filesize limit: MHW345_trimmed_clipped_R2_paired_fastqc.html
[2025-05-20 11:03:05,928] multiqc                                            [DEBUG  ]  File ignored by ccs/v4 because it exceeded search pattern filesize limit: MHW344_trimmed_clipped_R2_paired_fastqc.html
[2025-05-20 11:03:05,930] multiqc                                            [DEBUG  ]  File ignored by hicexplorer because it exceeded search pattern filesize limit: MHW344_trimmed_clipped_R2_paired_fastqc.html
[2025-05-20 11:03:05,930] multiqc                                            [DEBUG  ]  File ignored by nanostat because it exceeded search pattern filesize limit: MHW344_trimmed_clipped_R2_paired_fastqc.html
[2025-05-20 11:03:05,930] multiqc                                            [DEBUG  ]  File ignored by lima/summary because it exceeded search pattern filesize limit: MHW344_trimmed_clipped_R2_paired_fastqc.html
[2025-05-20 11:03:05,933] multiqc                                            [DEBUG  ]  File ignored by vep/vep_txt because it exceeded search pattern filesize limit: MHW344_trimmed_clipped_R2_paired_fastqc.html
[2025-05-20 11:03:05,933] multiqc                                            [DEBUG  ]  File ignored by longranger/invocation because it exceeded search pattern filesize limit: MHW344_trimmed_clipped_R2_paired_fastqc.html
[2025-05-20 11:03:06,000] multiqc                                            [DEBUG  ]  File ignored by ccs/v4 because it exceeded search pattern filesize limit: MHW344_trimmed_clipped_R1_paired_fastqc.html
[2025-05-20 11:03:06,001] multiqc                                            [DEBUG  ]  File ignored by hicexplorer because it exceeded search pattern filesize limit: MHW344_trimmed_clipped_R1_paired_fastqc.html
[2025-05-20 11:03:06,002] multiqc                                            [DEBUG  ]  File ignored by nanostat because it exceeded search pattern filesize limit: MHW344_trimmed_clipped_R1_paired_fastqc.html
[2025-05-20 11:03:06,002] multiqc                                            [DEBUG  ]  File ignored by lima/summary because it exceeded search pattern filesize limit: MHW344_trimmed_clipped_R1_paired_fastqc.html
[2025-05-20 11:03:06,005] multiqc                                            [DEBUG  ]  File ignored by vep/vep_txt because it exceeded search pattern filesize limit: MHW344_trimmed_clipped_R1_paired_fastqc.html
[2025-05-20 11:03:06,005] multiqc                                            [DEBUG  ]  File ignored by longranger/invocation because it exceeded search pattern filesize limit: MHW344_trimmed_clipped_R1_paired_fastqc.html
[2025-05-20 11:03:06,052] multiqc                                            [DEBUG  ]  File ignored by ccs/v4 because it exceeded search pattern filesize limit: MHW347_trimmed_clipped_R2_paired_fastqc.html
[2025-05-20 11:03:06,054] multiqc                                            [DEBUG  ]  File ignored by hicexplorer because it exceeded search pattern filesize limit: MHW347_trimmed_clipped_R2_paired_fastqc.html
[2025-05-20 11:03:06,054] multiqc                                            [DEBUG  ]  File ignored by nanostat because it exceeded search pattern filesize limit: MHW347_trimmed_clipped_R2_paired_fastqc.html
[2025-05-20 11:03:06,054] multiqc                                            [DEBUG  ]  File ignored by lima/summary because it exceeded search pattern filesize limit: MHW347_trimmed_clipped_R2_paired_fastqc.html
[2025-05-20 11:03:06,057] multiqc                                            [DEBUG  ]  File ignored by vep/vep_txt because it exceeded search pattern filesize limit: MHW347_trimmed_clipped_R2_paired_fastqc.html
[2025-05-20 11:03:06,058] multiqc                                            [DEBUG  ]  File ignored by longranger/invocation because it exceeded search pattern filesize limit: MHW347_trimmed_clipped_R2_paired_fastqc.html
[2025-05-20 11:03:06,123] multiqc                                            [DEBUG  ]  File ignored by ccs/v4 because it exceeded search pattern filesize limit: MHW347_trimmed_clipped_R1_paired_fastqc.html
[2025-05-20 11:03:06,125] multiqc                                            [DEBUG  ]  File ignored by hicexplorer because it exceeded search pattern filesize limit: MHW347_trimmed_clipped_R1_paired_fastqc.html
[2025-05-20 11:03:06,125] multiqc                                            [DEBUG  ]  File ignored by nanostat because it exceeded search pattern filesize limit: MHW347_trimmed_clipped_R1_paired_fastqc.html
[2025-05-20 11:03:06,125] multiqc                                            [DEBUG  ]  File ignored by lima/summary because it exceeded search pattern filesize limit: MHW347_trimmed_clipped_R1_paired_fastqc.html
[2025-05-20 11:03:06,128] multiqc                                            [DEBUG  ]  File ignored by vep/vep_txt because it exceeded search pattern filesize limit: MHW347_trimmed_clipped_R1_paired_fastqc.html
[2025-05-20 11:03:06,128] multiqc                                            [DEBUG  ]  File ignored by longranger/invocation because it exceeded search pattern filesize limit: MHW347_trimmed_clipped_R1_paired_fastqc.html
[2025-05-20 11:03:06,184] multiqc                                            [DEBUG  ]  File ignored by ccs/v4 because it exceeded search pattern filesize limit: MHW349_trimmed_clipped_R1_paired_fastqc.html
[2025-05-20 11:03:06,185] multiqc                                            [DEBUG  ]  File ignored by hicexplorer because it exceeded search pattern filesize limit: MHW349_trimmed_clipped_R1_paired_fastqc.html
[2025-05-20 11:03:06,186] multiqc                                            [DEBUG  ]  File ignored by nanostat because it exceeded search pattern filesize limit: MHW349_trimmed_clipped_R1_paired_fastqc.html
[2025-05-20 11:03:06,186] multiqc                                            [DEBUG  ]  File ignored by lima/summary because it exceeded search pattern filesize limit: MHW349_trimmed_clipped_R1_paired_fastqc.html
[2025-05-20 11:03:06,189] multiqc                                            [DEBUG  ]  File ignored by vep/vep_txt because it exceeded search pattern filesize limit: MHW349_trimmed_clipped_R1_paired_fastqc.html
[2025-05-20 11:03:06,189] multiqc                                            [DEBUG  ]  File ignored by longranger/invocation because it exceeded search pattern filesize limit: MHW349_trimmed_clipped_R1_paired_fastqc.html
[2025-05-20 11:03:06,240] multiqc                                            [DEBUG  ]  File ignored by ccs/v4 because it exceeded search pattern filesize limit: MHW348_trimmed_clipped_R1_paired_fastqc.html
[2025-05-20 11:03:06,242] multiqc                                            [DEBUG  ]  File ignored by hicexplorer because it exceeded search pattern filesize limit: MHW348_trimmed_clipped_R1_paired_fastqc.html
[2025-05-20 11:03:06,242] multiqc                                            [DEBUG  ]  File ignored by nanostat because it exceeded search pattern filesize limit: MHW348_trimmed_clipped_R1_paired_fastqc.html
[2025-05-20 11:03:06,242] multiqc                                            [DEBUG  ]  File ignored by lima/summary because it exceeded search pattern filesize limit: MHW348_trimmed_clipped_R1_paired_fastqc.html
[2025-05-20 11:03:06,245] multiqc                                            [DEBUG  ]  File ignored by vep/vep_txt because it exceeded search pattern filesize limit: MHW348_trimmed_clipped_R1_paired_fastqc.html
[2025-05-20 11:03:06,245] multiqc                                            [DEBUG  ]  File ignored by longranger/invocation because it exceeded search pattern filesize limit: MHW348_trimmed_clipped_R1_paired_fastqc.html
[2025-05-20 11:03:06,308] multiqc                                            [DEBUG  ]  File ignored by ccs/v4 because it exceeded search pattern filesize limit: MHW348_trimmed_clipped_R2_paired_fastqc.html
[2025-05-20 11:03:06,310] multiqc                                            [DEBUG  ]  File ignored by hicexplorer because it exceeded search pattern filesize limit: MHW348_trimmed_clipped_R2_paired_fastqc.html
[2025-05-20 11:03:06,310] multiqc                                            [DEBUG  ]  File ignored by nanostat because it exceeded search pattern filesize limit: MHW348_trimmed_clipped_R2_paired_fastqc.html
[2025-05-20 11:03:06,310] multiqc                                            [DEBUG  ]  File ignored by lima/summary because it exceeded search pattern filesize limit: MHW348_trimmed_clipped_R2_paired_fastqc.html
[2025-05-20 11:03:06,313] multiqc                                            [DEBUG  ]  File ignored by vep/vep_txt because it exceeded search pattern filesize limit: MHW348_trimmed_clipped_R2_paired_fastqc.html
[2025-05-20 11:03:06,313] multiqc                                            [DEBUG  ]  File ignored by longranger/invocation because it exceeded search pattern filesize limit: MHW348_trimmed_clipped_R2_paired_fastqc.html
[2025-05-20 11:03:06,378] multiqc                                            [DEBUG  ]  File ignored by ccs/v4 because it exceeded search pattern filesize limit: MHW349_trimmed_clipped_R2_paired_fastqc.html
[2025-05-20 11:03:06,380] multiqc                                            [DEBUG  ]  File ignored by hicexplorer because it exceeded search pattern filesize limit: MHW349_trimmed_clipped_R2_paired_fastqc.html
[2025-05-20 11:03:06,380] multiqc                                            [DEBUG  ]  File ignored by nanostat because it exceeded search pattern filesize limit: MHW349_trimmed_clipped_R2_paired_fastqc.html
[2025-05-20 11:03:06,380] multiqc                                            [DEBUG  ]  File ignored by lima/summary because it exceeded search pattern filesize limit: MHW349_trimmed_clipped_R2_paired_fastqc.html
[2025-05-20 11:03:06,383] multiqc                                            [DEBUG  ]  File ignored by vep/vep_txt because it exceeded search pattern filesize limit: MHW349_trimmed_clipped_R2_paired_fastqc.html
[2025-05-20 11:03:06,383] multiqc                                            [DEBUG  ]  File ignored by longranger/invocation because it exceeded search pattern filesize limit: MHW349_trimmed_clipped_R2_paired_fastqc.html
[2025-05-20 11:03:06,430] multiqc                                            [DEBUG  ]  File ignored by ccs/v4 because it exceeded search pattern filesize limit: MHW350_trimmed_clipped_R1_paired_fastqc.html
[2025-05-20 11:03:06,431] multiqc                                            [DEBUG  ]  File ignored by hicexplorer because it exceeded search pattern filesize limit: MHW350_trimmed_clipped_R1_paired_fastqc.html
[2025-05-20 11:03:06,431] multiqc                                            [DEBUG  ]  File ignored by nanostat because it exceeded search pattern filesize limit: MHW350_trimmed_clipped_R1_paired_fastqc.html
[2025-05-20 11:03:06,431] multiqc                                            [DEBUG  ]  File ignored by lima/summary because it exceeded search pattern filesize limit: MHW350_trimmed_clipped_R1_paired_fastqc.html
[2025-05-20 11:03:06,434] multiqc                                            [DEBUG  ]  File ignored by vep/vep_txt because it exceeded search pattern filesize limit: MHW350_trimmed_clipped_R1_paired_fastqc.html
[2025-05-20 11:03:06,435] multiqc                                            [DEBUG  ]  File ignored by longranger/invocation because it exceeded search pattern filesize limit: MHW350_trimmed_clipped_R1_paired_fastqc.html
[2025-05-20 11:03:06,471] multiqc                                            [DEBUG  ]  File ignored by ccs/v4 because it exceeded search pattern filesize limit: MHW350_trimmed_clipped_R2_paired_fastqc.html
[2025-05-20 11:03:06,473] multiqc                                            [DEBUG  ]  File ignored by hicexplorer because it exceeded search pattern filesize limit: MHW350_trimmed_clipped_R2_paired_fastqc.html
[2025-05-20 11:03:06,473] multiqc                                            [DEBUG  ]  File ignored by nanostat because it exceeded search pattern filesize limit: MHW350_trimmed_clipped_R2_paired_fastqc.html
[2025-05-20 11:03:06,473] multiqc                                            [DEBUG  ]  File ignored by lima/summary because it exceeded search pattern filesize limit: MHW350_trimmed_clipped_R2_paired_fastqc.html
[2025-05-20 11:03:06,476] multiqc                                            [DEBUG  ]  File ignored by vep/vep_txt because it exceeded search pattern filesize limit: MHW350_trimmed_clipped_R2_paired_fastqc.html
[2025-05-20 11:03:06,476] multiqc                                            [DEBUG  ]  File ignored by longranger/invocation because it exceeded search pattern filesize limit: MHW350_trimmed_clipped_R2_paired_fastqc.html
[2025-05-20 11:03:06,513] multiqc                                            [DEBUG  ]  File ignored by ccs/v4 because it exceeded search pattern filesize limit: MHW351_trimmed_clipped_R2_paired_fastqc.html
[2025-05-20 11:03:06,515] multiqc                                            [DEBUG  ]  File ignored by hicexplorer because it exceeded search pattern filesize limit: MHW351_trimmed_clipped_R2_paired_fastqc.html
[2025-05-20 11:03:06,515] multiqc                                            [DEBUG  ]  File ignored by nanostat because it exceeded search pattern filesize limit: MHW351_trimmed_clipped_R2_paired_fastqc.html
[2025-05-20 11:03:06,515] multiqc                                            [DEBUG  ]  File ignored by lima/summary because it exceeded search pattern filesize limit: MHW351_trimmed_clipped_R2_paired_fastqc.html
[2025-05-20 11:03:06,518] multiqc                                            [DEBUG  ]  File ignored by vep/vep_txt because it exceeded search pattern filesize limit: MHW351_trimmed_clipped_R2_paired_fastqc.html
[2025-05-20 11:03:06,518] multiqc                                            [DEBUG  ]  File ignored by longranger/invocation because it exceeded search pattern filesize limit: MHW351_trimmed_clipped_R2_paired_fastqc.html
[2025-05-20 11:03:06,555] multiqc                                            [DEBUG  ]  File ignored by ccs/v4 because it exceeded search pattern filesize limit: MHW351_trimmed_clipped_R1_paired_fastqc.html
[2025-05-20 11:03:06,556] multiqc                                            [DEBUG  ]  File ignored by hicexplorer because it exceeded search pattern filesize limit: MHW351_trimmed_clipped_R1_paired_fastqc.html
[2025-05-20 11:03:06,557] multiqc                                            [DEBUG  ]  File ignored by nanostat because it exceeded search pattern filesize limit: MHW351_trimmed_clipped_R1_paired_fastqc.html
[2025-05-20 11:03:06,557] multiqc                                            [DEBUG  ]  File ignored by lima/summary because it exceeded search pattern filesize limit: MHW351_trimmed_clipped_R1_paired_fastqc.html
[2025-05-20 11:03:06,560] multiqc                                            [DEBUG  ]  File ignored by vep/vep_txt because it exceeded search pattern filesize limit: MHW351_trimmed_clipped_R1_paired_fastqc.html
[2025-05-20 11:03:06,560] multiqc                                            [DEBUG  ]  File ignored by longranger/invocation because it exceeded search pattern filesize limit: MHW351_trimmed_clipped_R1_paired_fastqc.html
[2025-05-20 11:03:06,597] multiqc                                            [DEBUG  ]  File ignored by ccs/v4 because it exceeded search pattern filesize limit: MHW353_trimmed_clipped_R2_paired_fastqc.html
[2025-05-20 11:03:06,599] multiqc                                            [DEBUG  ]  File ignored by hicexplorer because it exceeded search pattern filesize limit: MHW353_trimmed_clipped_R2_paired_fastqc.html
[2025-05-20 11:03:06,599] multiqc                                            [DEBUG  ]  File ignored by nanostat because it exceeded search pattern filesize limit: MHW353_trimmed_clipped_R2_paired_fastqc.html
[2025-05-20 11:03:06,599] multiqc                                            [DEBUG  ]  File ignored by lima/summary because it exceeded search pattern filesize limit: MHW353_trimmed_clipped_R2_paired_fastqc.html
[2025-05-20 11:03:06,602] multiqc                                            [DEBUG  ]  File ignored by vep/vep_txt because it exceeded search pattern filesize limit: MHW353_trimmed_clipped_R2_paired_fastqc.html
[2025-05-20 11:03:06,602] multiqc                                            [DEBUG  ]  File ignored by longranger/invocation because it exceeded search pattern filesize limit: MHW353_trimmed_clipped_R2_paired_fastqc.html
[2025-05-20 11:03:06,653] multiqc                                            [DEBUG  ]  File ignored by ccs/v4 because it exceeded search pattern filesize limit: MHW353_trimmed_clipped_R1_paired_fastqc.html
[2025-05-20 11:03:06,654] multiqc                                            [DEBUG  ]  File ignored by hicexplorer because it exceeded search pattern filesize limit: MHW353_trimmed_clipped_R1_paired_fastqc.html
[2025-05-20 11:03:06,655] multiqc                                            [DEBUG  ]  File ignored by nanostat because it exceeded search pattern filesize limit: MHW353_trimmed_clipped_R1_paired_fastqc.html
[2025-05-20 11:03:06,655] multiqc                                            [DEBUG  ]  File ignored by lima/summary because it exceeded search pattern filesize limit: MHW353_trimmed_clipped_R1_paired_fastqc.html
[2025-05-20 11:03:06,658] multiqc                                            [DEBUG  ]  File ignored by vep/vep_txt because it exceeded search pattern filesize limit: MHW353_trimmed_clipped_R1_paired_fastqc.html
[2025-05-20 11:03:06,658] multiqc                                            [DEBUG  ]  File ignored by longranger/invocation because it exceeded search pattern filesize limit: MHW353_trimmed_clipped_R1_paired_fastqc.html
[2025-05-20 11:03:06,706] multiqc                                            [DEBUG  ]  File ignored by ccs/v4 because it exceeded search pattern filesize limit: MHW352_trimmed_clipped_R2_paired_fastqc.html
[2025-05-20 11:03:06,708] multiqc                                            [DEBUG  ]  File ignored by hicexplorer because it exceeded search pattern filesize limit: MHW352_trimmed_clipped_R2_paired_fastqc.html
[2025-05-20 11:03:06,708] multiqc                                            [DEBUG  ]  File ignored by nanostat because it exceeded search pattern filesize limit: MHW352_trimmed_clipped_R2_paired_fastqc.html
[2025-05-20 11:03:06,708] multiqc                                            [DEBUG  ]  File ignored by lima/summary because it exceeded search pattern filesize limit: MHW352_trimmed_clipped_R2_paired_fastqc.html
[2025-05-20 11:03:06,711] multiqc                                            [DEBUG  ]  File ignored by vep/vep_txt because it exceeded search pattern filesize limit: MHW352_trimmed_clipped_R2_paired_fastqc.html
[2025-05-20 11:03:06,711] multiqc                                            [DEBUG  ]  File ignored by longranger/invocation because it exceeded search pattern filesize limit: MHW352_trimmed_clipped_R2_paired_fastqc.html
[2025-05-20 11:03:06,772] multiqc                                            [DEBUG  ]  File ignored by ccs/v4 because it exceeded search pattern filesize limit: MHW352_trimmed_clipped_R1_paired_fastqc.html
[2025-05-20 11:03:06,774] multiqc                                            [DEBUG  ]  File ignored by hicexplorer because it exceeded search pattern filesize limit: MHW352_trimmed_clipped_R1_paired_fastqc.html
[2025-05-20 11:03:06,774] multiqc                                            [DEBUG  ]  File ignored by nanostat because it exceeded search pattern filesize limit: MHW352_trimmed_clipped_R1_paired_fastqc.html
[2025-05-20 11:03:06,774] multiqc                                            [DEBUG  ]  File ignored by lima/summary because it exceeded search pattern filesize limit: MHW352_trimmed_clipped_R1_paired_fastqc.html
[2025-05-20 11:03:06,777] multiqc                                            [DEBUG  ]  File ignored by vep/vep_txt because it exceeded search pattern filesize limit: MHW352_trimmed_clipped_R1_paired_fastqc.html
[2025-05-20 11:03:06,777] multiqc                                            [DEBUG  ]  File ignored by longranger/invocation because it exceeded search pattern filesize limit: MHW352_trimmed_clipped_R1_paired_fastqc.html
[2025-05-20 11:03:06,819] multiqc                                            [DEBUG  ]  File ignored by ccs/v4 because it exceeded search pattern filesize limit: MHW407_trimmed_clipped_R1_paired_fastqc.html
[2025-05-20 11:03:06,821] multiqc                                            [DEBUG  ]  File ignored by hicexplorer because it exceeded search pattern filesize limit: MHW407_trimmed_clipped_R1_paired_fastqc.html
[2025-05-20 11:03:06,821] multiqc                                            [DEBUG  ]  File ignored by nanostat because it exceeded search pattern filesize limit: MHW407_trimmed_clipped_R1_paired_fastqc.html
[2025-05-20 11:03:06,821] multiqc                                            [DEBUG  ]  File ignored by lima/summary because it exceeded search pattern filesize limit: MHW407_trimmed_clipped_R1_paired_fastqc.html
[2025-05-20 11:03:06,824] multiqc                                            [DEBUG  ]  File ignored by vep/vep_txt because it exceeded search pattern filesize limit: MHW407_trimmed_clipped_R1_paired_fastqc.html
[2025-05-20 11:03:06,824] multiqc                                            [DEBUG  ]  File ignored by longranger/invocation because it exceeded search pattern filesize limit: MHW407_trimmed_clipped_R1_paired_fastqc.html
[2025-05-20 11:03:06,869] multiqc                                            [DEBUG  ]  File ignored by ccs/v4 because it exceeded search pattern filesize limit: MHW407_trimmed_clipped_R2_paired_fastqc.html
[2025-05-20 11:03:06,871] multiqc                                            [DEBUG  ]  File ignored by hicexplorer because it exceeded search pattern filesize limit: MHW407_trimmed_clipped_R2_paired_fastqc.html
[2025-05-20 11:03:06,871] multiqc                                            [DEBUG  ]  File ignored by nanostat because it exceeded search pattern filesize limit: MHW407_trimmed_clipped_R2_paired_fastqc.html
[2025-05-20 11:03:06,871] multiqc                                            [DEBUG  ]  File ignored by lima/summary because it exceeded search pattern filesize limit: MHW407_trimmed_clipped_R2_paired_fastqc.html
[2025-05-20 11:03:06,874] multiqc                                            [DEBUG  ]  File ignored by vep/vep_txt because it exceeded search pattern filesize limit: MHW407_trimmed_clipped_R2_paired_fastqc.html
[2025-05-20 11:03:06,874] multiqc                                            [DEBUG  ]  File ignored by longranger/invocation because it exceeded search pattern filesize limit: MHW407_trimmed_clipped_R2_paired_fastqc.html
[2025-05-20 11:03:06,912] multiqc                                            [DEBUG  ]  File ignored by ccs/v4 because it exceeded search pattern filesize limit: MHW410_trimmed_clipped_R2_paired_fastqc.html
[2025-05-20 11:03:06,914] multiqc                                            [DEBUG  ]  File ignored by hicexplorer because it exceeded search pattern filesize limit: MHW410_trimmed_clipped_R2_paired_fastqc.html
[2025-05-20 11:03:06,914] multiqc                                            [DEBUG  ]  File ignored by nanostat because it exceeded search pattern filesize limit: MHW410_trimmed_clipped_R2_paired_fastqc.html
[2025-05-20 11:03:06,914] multiqc                                            [DEBUG  ]  File ignored by lima/summary because it exceeded search pattern filesize limit: MHW410_trimmed_clipped_R2_paired_fastqc.html
[2025-05-20 11:03:06,917] multiqc                                            [DEBUG  ]  File ignored by vep/vep_txt because it exceeded search pattern filesize limit: MHW410_trimmed_clipped_R2_paired_fastqc.html
[2025-05-20 11:03:06,917] multiqc                                            [DEBUG  ]  File ignored by longranger/invocation because it exceeded search pattern filesize limit: MHW410_trimmed_clipped_R2_paired_fastqc.html
[2025-05-20 11:03:06,961] multiqc                                            [DEBUG  ]  File ignored by ccs/v4 because it exceeded search pattern filesize limit: MHW410_trimmed_clipped_R1_paired_fastqc.html
[2025-05-20 11:03:06,963] multiqc                                            [DEBUG  ]  File ignored by hicexplorer because it exceeded search pattern filesize limit: MHW410_trimmed_clipped_R1_paired_fastqc.html
[2025-05-20 11:03:06,963] multiqc                                            [DEBUG  ]  File ignored by nanostat because it exceeded search pattern filesize limit: MHW410_trimmed_clipped_R1_paired_fastqc.html
[2025-05-20 11:03:06,963] multiqc                                            [DEBUG  ]  File ignored by lima/summary because it exceeded search pattern filesize limit: MHW410_trimmed_clipped_R1_paired_fastqc.html
[2025-05-20 11:03:06,966] multiqc                                            [DEBUG  ]  File ignored by vep/vep_txt because it exceeded search pattern filesize limit: MHW410_trimmed_clipped_R1_paired_fastqc.html
[2025-05-20 11:03:06,966] multiqc                                            [DEBUG  ]  File ignored by longranger/invocation because it exceeded search pattern filesize limit: MHW410_trimmed_clipped_R1_paired_fastqc.html
[2025-05-20 11:03:07,021] multiqc                                            [DEBUG  ]  File ignored by ccs/v4 because it exceeded search pattern filesize limit: MHW420_trimmed_clipped_R2_paired_fastqc.html
[2025-05-20 11:03:07,022] multiqc                                            [DEBUG  ]  File ignored by hicexplorer because it exceeded search pattern filesize limit: MHW420_trimmed_clipped_R2_paired_fastqc.html
[2025-05-20 11:03:07,023] multiqc                                            [DEBUG  ]  File ignored by nanostat because it exceeded search pattern filesize limit: MHW420_trimmed_clipped_R2_paired_fastqc.html
[2025-05-20 11:03:07,023] multiqc                                            [DEBUG  ]  File ignored by lima/summary because it exceeded search pattern filesize limit: MHW420_trimmed_clipped_R2_paired_fastqc.html
[2025-05-20 11:03:07,026] multiqc                                            [DEBUG  ]  File ignored by vep/vep_txt because it exceeded search pattern filesize limit: MHW420_trimmed_clipped_R2_paired_fastqc.html
[2025-05-20 11:03:07,026] multiqc                                            [DEBUG  ]  File ignored by longranger/invocation because it exceeded search pattern filesize limit: MHW420_trimmed_clipped_R2_paired_fastqc.html
[2025-05-20 11:03:07,078] multiqc                                            [DEBUG  ]  File ignored by ccs/v4 because it exceeded search pattern filesize limit: MHW420_trimmed_clipped_R1_paired_fastqc.html
[2025-05-20 11:03:07,080] multiqc                                            [DEBUG  ]  File ignored by hicexplorer because it exceeded search pattern filesize limit: MHW420_trimmed_clipped_R1_paired_fastqc.html
[2025-05-20 11:03:07,080] multiqc                                            [DEBUG  ]  File ignored by nanostat because it exceeded search pattern filesize limit: MHW420_trimmed_clipped_R1_paired_fastqc.html
[2025-05-20 11:03:07,080] multiqc                                            [DEBUG  ]  File ignored by lima/summary because it exceeded search pattern filesize limit: MHW420_trimmed_clipped_R1_paired_fastqc.html
[2025-05-20 11:03:07,084] multiqc                                            [DEBUG  ]  File ignored by vep/vep_txt because it exceeded search pattern filesize limit: MHW420_trimmed_clipped_R1_paired_fastqc.html
[2025-05-20 11:03:07,084] multiqc                                            [DEBUG  ]  File ignored by longranger/invocation because it exceeded search pattern filesize limit: MHW420_trimmed_clipped_R1_paired_fastqc.html
[2025-05-20 11:03:07,121] multiqc                                            [DEBUG  ]  File ignored by ccs/v4 because it exceeded search pattern filesize limit: MHW419_trimmed_clipped_R1_paired_fastqc.html
[2025-05-20 11:03:07,123] multiqc                                            [DEBUG  ]  File ignored by hicexplorer because it exceeded search pattern filesize limit: MHW419_trimmed_clipped_R1_paired_fastqc.html
[2025-05-20 11:03:07,123] multiqc                                            [DEBUG  ]  File ignored by nanostat because it exceeded search pattern filesize limit: MHW419_trimmed_clipped_R1_paired_fastqc.html
[2025-05-20 11:03:07,123] multiqc                                            [DEBUG  ]  File ignored by lima/summary because it exceeded search pattern filesize limit: MHW419_trimmed_clipped_R1_paired_fastqc.html
[2025-05-20 11:03:07,126] multiqc                                            [DEBUG  ]  File ignored by vep/vep_txt because it exceeded search pattern filesize limit: MHW419_trimmed_clipped_R1_paired_fastqc.html
[2025-05-20 11:03:07,126] multiqc                                            [DEBUG  ]  File ignored by longranger/invocation because it exceeded search pattern filesize limit: MHW419_trimmed_clipped_R1_paired_fastqc.html
[2025-05-20 11:03:07,164] multiqc                                            [DEBUG  ]  File ignored by ccs/v4 because it exceeded search pattern filesize limit: MHW419_trimmed_clipped_R2_paired_fastqc.html
[2025-05-20 11:03:07,165] multiqc                                            [DEBUG  ]  File ignored by hicexplorer because it exceeded search pattern filesize limit: MHW419_trimmed_clipped_R2_paired_fastqc.html
[2025-05-20 11:03:07,166] multiqc                                            [DEBUG  ]  File ignored by nanostat because it exceeded search pattern filesize limit: MHW419_trimmed_clipped_R2_paired_fastqc.html
[2025-05-20 11:03:07,166] multiqc                                            [DEBUG  ]  File ignored by lima/summary because it exceeded search pattern filesize limit: MHW419_trimmed_clipped_R2_paired_fastqc.html
[2025-05-20 11:03:07,169] multiqc                                            [DEBUG  ]  File ignored by vep/vep_txt because it exceeded search pattern filesize limit: MHW419_trimmed_clipped_R2_paired_fastqc.html
[2025-05-20 11:03:07,169] multiqc                                            [DEBUG  ]  File ignored by longranger/invocation because it exceeded search pattern filesize limit: MHW419_trimmed_clipped_R2_paired_fastqc.html
[2025-05-20 11:03:07,206] multiqc                                            [DEBUG  ]  File ignored by ccs/v4 because it exceeded search pattern filesize limit: MHW421_trimmed_clipped_R1_paired_fastqc.html
[2025-05-20 11:03:07,208] multiqc                                            [DEBUG  ]  File ignored by hicexplorer because it exceeded search pattern filesize limit: MHW421_trimmed_clipped_R1_paired_fastqc.html
[2025-05-20 11:03:07,208] multiqc                                            [DEBUG  ]  File ignored by nanostat because it exceeded search pattern filesize limit: MHW421_trimmed_clipped_R1_paired_fastqc.html
[2025-05-20 11:03:07,208] multiqc                                            [DEBUG  ]  File ignored by lima/summary because it exceeded search pattern filesize limit: MHW421_trimmed_clipped_R1_paired_fastqc.html
[2025-05-20 11:03:07,211] multiqc                                            [DEBUG  ]  File ignored by vep/vep_txt because it exceeded search pattern filesize limit: MHW421_trimmed_clipped_R1_paired_fastqc.html
[2025-05-20 11:03:07,211] multiqc                                            [DEBUG  ]  File ignored by longranger/invocation because it exceeded search pattern filesize limit: MHW421_trimmed_clipped_R1_paired_fastqc.html
[2025-05-20 11:03:07,248] multiqc                                            [DEBUG  ]  File ignored by ccs/v4 because it exceeded search pattern filesize limit: MHW421_trimmed_clipped_R2_paired_fastqc.html
[2025-05-20 11:03:07,249] multiqc                                            [DEBUG  ]  File ignored by hicexplorer because it exceeded search pattern filesize limit: MHW421_trimmed_clipped_R2_paired_fastqc.html
[2025-05-20 11:03:07,249] multiqc                                            [DEBUG  ]  File ignored by nanostat because it exceeded search pattern filesize limit: MHW421_trimmed_clipped_R2_paired_fastqc.html
[2025-05-20 11:03:07,249] multiqc                                            [DEBUG  ]  File ignored by lima/summary because it exceeded search pattern filesize limit: MHW421_trimmed_clipped_R2_paired_fastqc.html
[2025-05-20 11:03:07,252] multiqc                                            [DEBUG  ]  File ignored by vep/vep_txt because it exceeded search pattern filesize limit: MHW421_trimmed_clipped_R2_paired_fastqc.html
[2025-05-20 11:03:07,253] multiqc                                            [DEBUG  ]  File ignored by longranger/invocation because it exceeded search pattern filesize limit: MHW421_trimmed_clipped_R2_paired_fastqc.html
[2025-05-20 11:03:07,384] multiqc                                            [DEBUG  ]  File ignored by ccs/v4 because it exceeded search pattern filesize limit: MHW422_trimmed_clipped_R1_paired_fastqc.html
[2025-05-20 11:03:07,386] multiqc                                            [DEBUG  ]  File ignored by hicexplorer because it exceeded search pattern filesize limit: MHW422_trimmed_clipped_R1_paired_fastqc.html
[2025-05-20 11:03:07,386] multiqc                                            [DEBUG  ]  File ignored by nanostat because it exceeded search pattern filesize limit: MHW422_trimmed_clipped_R1_paired_fastqc.html
[2025-05-20 11:03:07,386] multiqc                                            [DEBUG  ]  File ignored by lima/summary because it exceeded search pattern filesize limit: MHW422_trimmed_clipped_R1_paired_fastqc.html
[2025-05-20 11:03:07,389] multiqc                                            [DEBUG  ]  File ignored by vep/vep_txt because it exceeded search pattern filesize limit: MHW422_trimmed_clipped_R1_paired_fastqc.html
[2025-05-20 11:03:07,389] multiqc                                            [DEBUG  ]  File ignored by longranger/invocation because it exceeded search pattern filesize limit: MHW422_trimmed_clipped_R1_paired_fastqc.html
[2025-05-20 11:03:07,437] multiqc                                            [DEBUG  ]  File ignored by ccs/v4 because it exceeded search pattern filesize limit: MHW422_trimmed_clipped_R2_paired_fastqc.html
[2025-05-20 11:03:07,438] multiqc                                            [DEBUG  ]  File ignored by hicexplorer because it exceeded search pattern filesize limit: MHW422_trimmed_clipped_R2_paired_fastqc.html
[2025-05-20 11:03:07,438] multiqc                                            [DEBUG  ]  File ignored by nanostat because it exceeded search pattern filesize limit: MHW422_trimmed_clipped_R2_paired_fastqc.html
[2025-05-20 11:03:07,439] multiqc                                            [DEBUG  ]  File ignored by lima/summary because it exceeded search pattern filesize limit: MHW422_trimmed_clipped_R2_paired_fastqc.html
[2025-05-20 11:03:07,442] multiqc                                            [DEBUG  ]  File ignored by vep/vep_txt because it exceeded search pattern filesize limit: MHW422_trimmed_clipped_R2_paired_fastqc.html
[2025-05-20 11:03:07,442] multiqc                                            [DEBUG  ]  File ignored by longranger/invocation because it exceeded search pattern filesize limit: MHW422_trimmed_clipped_R2_paired_fastqc.html
[2025-05-20 11:03:07,479] multiqc                                            [DEBUG  ]  File ignored by ccs/v4 because it exceeded search pattern filesize limit: MHW424_trimmed_clipped_R1_paired_fastqc.html
[2025-05-20 11:03:07,480] multiqc                                            [DEBUG  ]  File ignored by hicexplorer because it exceeded search pattern filesize limit: MHW424_trimmed_clipped_R1_paired_fastqc.html
[2025-05-20 11:03:07,481] multiqc                                            [DEBUG  ]  File ignored by nanostat because it exceeded search pattern filesize limit: MHW424_trimmed_clipped_R1_paired_fastqc.html
[2025-05-20 11:03:07,481] multiqc                                            [DEBUG  ]  File ignored by lima/summary because it exceeded search pattern filesize limit: MHW424_trimmed_clipped_R1_paired_fastqc.html
[2025-05-20 11:03:07,484] multiqc                                            [DEBUG  ]  File ignored by vep/vep_txt because it exceeded search pattern filesize limit: MHW424_trimmed_clipped_R1_paired_fastqc.html
[2025-05-20 11:03:07,484] multiqc                                            [DEBUG  ]  File ignored by longranger/invocation because it exceeded search pattern filesize limit: MHW424_trimmed_clipped_R1_paired_fastqc.html
[2025-05-20 11:03:07,527] multiqc                                            [DEBUG  ]  File ignored by ccs/v4 because it exceeded search pattern filesize limit: MHW424_trimmed_clipped_R2_paired_fastqc.html
[2025-05-20 11:03:07,529] multiqc                                            [DEBUG  ]  File ignored by hicexplorer because it exceeded search pattern filesize limit: MHW424_trimmed_clipped_R2_paired_fastqc.html
[2025-05-20 11:03:07,529] multiqc                                            [DEBUG  ]  File ignored by nanostat because it exceeded search pattern filesize limit: MHW424_trimmed_clipped_R2_paired_fastqc.html
[2025-05-20 11:03:07,529] multiqc                                            [DEBUG  ]  File ignored by lima/summary because it exceeded search pattern filesize limit: MHW424_trimmed_clipped_R2_paired_fastqc.html
[2025-05-20 11:03:07,533] multiqc                                            [DEBUG  ]  File ignored by vep/vep_txt because it exceeded search pattern filesize limit: MHW424_trimmed_clipped_R2_paired_fastqc.html
[2025-05-20 11:03:07,533] multiqc                                            [DEBUG  ]  File ignored by longranger/invocation because it exceeded search pattern filesize limit: MHW424_trimmed_clipped_R2_paired_fastqc.html
[2025-05-20 11:03:07,587] multiqc                                            [DEBUG  ]  File ignored by ccs/v4 because it exceeded search pattern filesize limit: MHW425_trimmed_clipped_R2_paired_fastqc.html
[2025-05-20 11:03:07,589] multiqc                                            [DEBUG  ]  File ignored by hicexplorer because it exceeded search pattern filesize limit: MHW425_trimmed_clipped_R2_paired_fastqc.html
[2025-05-20 11:03:07,589] multiqc                                            [DEBUG  ]  File ignored by nanostat because it exceeded search pattern filesize limit: MHW425_trimmed_clipped_R2_paired_fastqc.html
[2025-05-20 11:03:07,590] multiqc                                            [DEBUG  ]  File ignored by lima/summary because it exceeded search pattern filesize limit: MHW425_trimmed_clipped_R2_paired_fastqc.html
[2025-05-20 11:03:07,593] multiqc                                            [DEBUG  ]  File ignored by vep/vep_txt because it exceeded search pattern filesize limit: MHW425_trimmed_clipped_R2_paired_fastqc.html
[2025-05-20 11:03:07,593] multiqc                                            [DEBUG  ]  File ignored by longranger/invocation because it exceeded search pattern filesize limit: MHW425_trimmed_clipped_R2_paired_fastqc.html
[2025-05-20 11:03:07,651] multiqc                                            [DEBUG  ]  File ignored by ccs/v4 because it exceeded search pattern filesize limit: MHW425_trimmed_clipped_R1_paired_fastqc.html
[2025-05-20 11:03:07,653] multiqc                                            [DEBUG  ]  File ignored by hicexplorer because it exceeded search pattern filesize limit: MHW425_trimmed_clipped_R1_paired_fastqc.html
[2025-05-20 11:03:07,653] multiqc                                            [DEBUG  ]  File ignored by nanostat because it exceeded search pattern filesize limit: MHW425_trimmed_clipped_R1_paired_fastqc.html
[2025-05-20 11:03:07,653] multiqc                                            [DEBUG  ]  File ignored by lima/summary because it exceeded search pattern filesize limit: MHW425_trimmed_clipped_R1_paired_fastqc.html
[2025-05-20 11:03:07,656] multiqc                                            [DEBUG  ]  File ignored by vep/vep_txt because it exceeded search pattern filesize limit: MHW425_trimmed_clipped_R1_paired_fastqc.html
[2025-05-20 11:03:07,657] multiqc                                            [DEBUG  ]  File ignored by longranger/invocation because it exceeded search pattern filesize limit: MHW425_trimmed_clipped_R1_paired_fastqc.html
[2025-05-20 11:03:07,702] multiqc                                            [DEBUG  ]  File ignored by ccs/v4 because it exceeded search pattern filesize limit: MHW426_trimmed_clipped_R2_paired_fastqc.html
[2025-05-20 11:03:07,704] multiqc                                            [DEBUG  ]  File ignored by hicexplorer because it exceeded search pattern filesize limit: MHW426_trimmed_clipped_R2_paired_fastqc.html
[2025-05-20 11:03:07,704] multiqc                                            [DEBUG  ]  File ignored by nanostat because it exceeded search pattern filesize limit: MHW426_trimmed_clipped_R2_paired_fastqc.html
[2025-05-20 11:03:07,704] multiqc                                            [DEBUG  ]  File ignored by lima/summary because it exceeded search pattern filesize limit: MHW426_trimmed_clipped_R2_paired_fastqc.html
[2025-05-20 11:03:07,707] multiqc                                            [DEBUG  ]  File ignored by vep/vep_txt because it exceeded search pattern filesize limit: MHW426_trimmed_clipped_R2_paired_fastqc.html
[2025-05-20 11:03:07,707] multiqc                                            [DEBUG  ]  File ignored by longranger/invocation because it exceeded search pattern filesize limit: MHW426_trimmed_clipped_R2_paired_fastqc.html
[2025-05-20 11:03:07,744] multiqc                                            [DEBUG  ]  File ignored by ccs/v4 because it exceeded search pattern filesize limit: MHW426_trimmed_clipped_R1_paired_fastqc.html
[2025-05-20 11:03:07,746] multiqc                                            [DEBUG  ]  File ignored by hicexplorer because it exceeded search pattern filesize limit: MHW426_trimmed_clipped_R1_paired_fastqc.html
[2025-05-20 11:03:07,746] multiqc                                            [DEBUG  ]  File ignored by nanostat because it exceeded search pattern filesize limit: MHW426_trimmed_clipped_R1_paired_fastqc.html
[2025-05-20 11:03:07,746] multiqc                                            [DEBUG  ]  File ignored by lima/summary because it exceeded search pattern filesize limit: MHW426_trimmed_clipped_R1_paired_fastqc.html
[2025-05-20 11:03:07,749] multiqc                                            [DEBUG  ]  File ignored by vep/vep_txt because it exceeded search pattern filesize limit: MHW426_trimmed_clipped_R1_paired_fastqc.html
[2025-05-20 11:03:07,749] multiqc                                            [DEBUG  ]  File ignored by longranger/invocation because it exceeded search pattern filesize limit: MHW426_trimmed_clipped_R1_paired_fastqc.html
[2025-05-20 11:03:07,787] multiqc                                            [DEBUG  ]  File ignored by ccs/v4 because it exceeded search pattern filesize limit: MHW427_trimmed_clipped_R1_paired_fastqc.html
[2025-05-20 11:03:07,789] multiqc                                            [DEBUG  ]  File ignored by hicexplorer because it exceeded search pattern filesize limit: MHW427_trimmed_clipped_R1_paired_fastqc.html
[2025-05-20 11:03:07,789] multiqc                                            [DEBUG  ]  File ignored by nanostat because it exceeded search pattern filesize limit: MHW427_trimmed_clipped_R1_paired_fastqc.html
[2025-05-20 11:03:07,789] multiqc                                            [DEBUG  ]  File ignored by lima/summary because it exceeded search pattern filesize limit: MHW427_trimmed_clipped_R1_paired_fastqc.html
[2025-05-20 11:03:07,792] multiqc                                            [DEBUG  ]  File ignored by vep/vep_txt because it exceeded search pattern filesize limit: MHW427_trimmed_clipped_R1_paired_fastqc.html
[2025-05-20 11:03:07,792] multiqc                                            [DEBUG  ]  File ignored by longranger/invocation because it exceeded search pattern filesize limit: MHW427_trimmed_clipped_R1_paired_fastqc.html
[2025-05-20 11:03:07,838] multiqc                                            [DEBUG  ]  File ignored by ccs/v4 because it exceeded search pattern filesize limit: MHW427_trimmed_clipped_R2_paired_fastqc.html
[2025-05-20 11:03:07,840] multiqc                                            [DEBUG  ]  File ignored by hicexplorer because it exceeded search pattern filesize limit: MHW427_trimmed_clipped_R2_paired_fastqc.html
[2025-05-20 11:03:07,840] multiqc                                            [DEBUG  ]  File ignored by nanostat because it exceeded search pattern filesize limit: MHW427_trimmed_clipped_R2_paired_fastqc.html
[2025-05-20 11:03:07,840] multiqc                                            [DEBUG  ]  File ignored by lima/summary because it exceeded search pattern filesize limit: MHW427_trimmed_clipped_R2_paired_fastqc.html
[2025-05-20 11:03:07,843] multiqc                                            [DEBUG  ]  File ignored by vep/vep_txt because it exceeded search pattern filesize limit: MHW427_trimmed_clipped_R2_paired_fastqc.html
[2025-05-20 11:03:07,843] multiqc                                            [DEBUG  ]  File ignored by longranger/invocation because it exceeded search pattern filesize limit: MHW427_trimmed_clipped_R2_paired_fastqc.html
[2025-05-20 11:03:07,896] multiqc                                            [DEBUG  ]  File ignored by ccs/v4 because it exceeded search pattern filesize limit: MHW431_trimmed_clipped_R2_paired_fastqc.html
[2025-05-20 11:03:07,897] multiqc                                            [DEBUG  ]  File ignored by hicexplorer because it exceeded search pattern filesize limit: MHW431_trimmed_clipped_R2_paired_fastqc.html
[2025-05-20 11:03:07,898] multiqc                                            [DEBUG  ]  File ignored by nanostat because it exceeded search pattern filesize limit: MHW431_trimmed_clipped_R2_paired_fastqc.html
[2025-05-20 11:03:07,898] multiqc                                            [DEBUG  ]  File ignored by lima/summary because it exceeded search pattern filesize limit: MHW431_trimmed_clipped_R2_paired_fastqc.html
[2025-05-20 11:03:07,901] multiqc                                            [DEBUG  ]  File ignored by vep/vep_txt because it exceeded search pattern filesize limit: MHW431_trimmed_clipped_R2_paired_fastqc.html
[2025-05-20 11:03:07,901] multiqc                                            [DEBUG  ]  File ignored by longranger/invocation because it exceeded search pattern filesize limit: MHW431_trimmed_clipped_R2_paired_fastqc.html
[2025-05-20 11:03:07,961] multiqc                                            [DEBUG  ]  File ignored by ccs/v4 because it exceeded search pattern filesize limit: MHW431_trimmed_clipped_R1_paired_fastqc.html
[2025-05-20 11:03:07,963] multiqc                                            [DEBUG  ]  File ignored by hicexplorer because it exceeded search pattern filesize limit: MHW431_trimmed_clipped_R1_paired_fastqc.html
[2025-05-20 11:03:07,963] multiqc                                            [DEBUG  ]  File ignored by nanostat because it exceeded search pattern filesize limit: MHW431_trimmed_clipped_R1_paired_fastqc.html
[2025-05-20 11:03:07,963] multiqc                                            [DEBUG  ]  File ignored by lima/summary because it exceeded search pattern filesize limit: MHW431_trimmed_clipped_R1_paired_fastqc.html
[2025-05-20 11:03:07,967] multiqc                                            [DEBUG  ]  File ignored by vep/vep_txt because it exceeded search pattern filesize limit: MHW431_trimmed_clipped_R1_paired_fastqc.html
[2025-05-20 11:03:07,967] multiqc                                            [DEBUG  ]  File ignored by longranger/invocation because it exceeded search pattern filesize limit: MHW431_trimmed_clipped_R1_paired_fastqc.html
[2025-05-20 11:03:08,032] multiqc                                            [DEBUG  ]  File ignored by ccs/v4 because it exceeded search pattern filesize limit: MHW429_trimmed_clipped_R2_paired_fastqc.html
[2025-05-20 11:03:08,033] multiqc                                            [DEBUG  ]  File ignored by hicexplorer because it exceeded search pattern filesize limit: MHW429_trimmed_clipped_R2_paired_fastqc.html
[2025-05-20 11:03:08,034] multiqc                                            [DEBUG  ]  File ignored by nanostat because it exceeded search pattern filesize limit: MHW429_trimmed_clipped_R2_paired_fastqc.html
[2025-05-20 11:03:08,034] multiqc                                            [DEBUG  ]  File ignored by lima/summary because it exceeded search pattern filesize limit: MHW429_trimmed_clipped_R2_paired_fastqc.html
[2025-05-20 11:03:08,037] multiqc                                            [DEBUG  ]  File ignored by vep/vep_txt because it exceeded search pattern filesize limit: MHW429_trimmed_clipped_R2_paired_fastqc.html
[2025-05-20 11:03:08,037] multiqc                                            [DEBUG  ]  File ignored by longranger/invocation because it exceeded search pattern filesize limit: MHW429_trimmed_clipped_R2_paired_fastqc.html
[2025-05-20 11:03:08,085] multiqc                                            [DEBUG  ]  File ignored by ccs/v4 because it exceeded search pattern filesize limit: MHW429_trimmed_clipped_R1_paired_fastqc.html
[2025-05-20 11:03:08,087] multiqc                                            [DEBUG  ]  File ignored by hicexplorer because it exceeded search pattern filesize limit: MHW429_trimmed_clipped_R1_paired_fastqc.html
[2025-05-20 11:03:08,087] multiqc                                            [DEBUG  ]  File ignored by nanostat because it exceeded search pattern filesize limit: MHW429_trimmed_clipped_R1_paired_fastqc.html
[2025-05-20 11:03:08,087] multiqc                                            [DEBUG  ]  File ignored by lima/summary because it exceeded search pattern filesize limit: MHW429_trimmed_clipped_R1_paired_fastqc.html
[2025-05-20 11:03:08,090] multiqc                                            [DEBUG  ]  File ignored by vep/vep_txt because it exceeded search pattern filesize limit: MHW429_trimmed_clipped_R1_paired_fastqc.html
[2025-05-20 11:03:08,090] multiqc                                            [DEBUG  ]  File ignored by longranger/invocation because it exceeded search pattern filesize limit: MHW429_trimmed_clipped_R1_paired_fastqc.html
[2025-05-20 11:03:08,137] multiqc                                            [DEBUG  ]  File ignored by ccs/v4 because it exceeded search pattern filesize limit: MHW432_trimmed_clipped_R1_paired_fastqc.html
[2025-05-20 11:03:08,139] multiqc                                            [DEBUG  ]  File ignored by hicexplorer because it exceeded search pattern filesize limit: MHW432_trimmed_clipped_R1_paired_fastqc.html
[2025-05-20 11:03:08,139] multiqc                                            [DEBUG  ]  File ignored by nanostat because it exceeded search pattern filesize limit: MHW432_trimmed_clipped_R1_paired_fastqc.html
[2025-05-20 11:03:08,139] multiqc                                            [DEBUG  ]  File ignored by lima/summary because it exceeded search pattern filesize limit: MHW432_trimmed_clipped_R1_paired_fastqc.html
[2025-05-20 11:03:08,143] multiqc                                            [DEBUG  ]  File ignored by vep/vep_txt because it exceeded search pattern filesize limit: MHW432_trimmed_clipped_R1_paired_fastqc.html
[2025-05-20 11:03:08,143] multiqc                                            [DEBUG  ]  File ignored by longranger/invocation because it exceeded search pattern filesize limit: MHW432_trimmed_clipped_R1_paired_fastqc.html
[2025-05-20 11:03:08,185] multiqc                                            [DEBUG  ]  File ignored by ccs/v4 because it exceeded search pattern filesize limit: MHW432_trimmed_clipped_R2_paired_fastqc.html
[2025-05-20 11:03:08,187] multiqc                                            [DEBUG  ]  File ignored by hicexplorer because it exceeded search pattern filesize limit: MHW432_trimmed_clipped_R2_paired_fastqc.html
[2025-05-20 11:03:08,187] multiqc                                            [DEBUG  ]  File ignored by nanostat because it exceeded search pattern filesize limit: MHW432_trimmed_clipped_R2_paired_fastqc.html
[2025-05-20 11:03:08,187] multiqc                                            [DEBUG  ]  File ignored by lima/summary because it exceeded search pattern filesize limit: MHW432_trimmed_clipped_R2_paired_fastqc.html
[2025-05-20 11:03:08,190] multiqc                                            [DEBUG  ]  File ignored by vep/vep_txt because it exceeded search pattern filesize limit: MHW432_trimmed_clipped_R2_paired_fastqc.html
[2025-05-20 11:03:08,190] multiqc                                            [DEBUG  ]  File ignored by longranger/invocation because it exceeded search pattern filesize limit: MHW432_trimmed_clipped_R2_paired_fastqc.html
[2025-05-20 11:03:09,150] multiqc.plots.bargraph                             [DEBUG  ]  Using matplotlib version 3.3.4
[2025-05-20 11:03:09,151] multiqc.plots.linegraph                            [DEBUG  ]  Using matplotlib version 3.3.4
[2025-05-20 11:03:09,152] multiqc                                            [DEBUG  ]  No samples found: custom_content
[2025-05-20 11:03:09,156] multiqc                                            [DEBUG  ]  No samples found: ccs
[2025-05-20 11:03:09,188] multiqc                                            [DEBUG  ]  No samples found: ngsderive
[2025-05-20 11:03:09,211] multiqc                                            [DEBUG  ]  No samples found: purple
[2025-05-20 11:03:09,215] multiqc                                            [DEBUG  ]  No samples found: conpair
[2025-05-20 11:03:09,219] multiqc                                            [DEBUG  ]  No samples found: lima
[2025-05-20 11:03:09,223] multiqc                                            [DEBUG  ]  No samples found: peddy
[2025-05-20 11:03:09,249] multiqc                                            [DEBUG  ]  No samples found: somalier
[2025-05-20 11:03:09,253] multiqc                                            [DEBUG  ]  No samples found: methylQA
[2025-05-20 11:03:09,283] multiqc.modules.mosdepth.mosdepth                  [DEBUG  ]  include_contigs: []
[2025-05-20 11:03:09,283] multiqc.modules.mosdepth.mosdepth                  [DEBUG  ]  exclude_contigs: []
[2025-05-20 11:03:09,283] multiqc                                            [DEBUG  ]  No samples found: mosdepth
[2025-05-20 11:03:09,287] multiqc                                            [DEBUG  ]  No samples found: phantompeakqualtools
[2025-05-20 11:03:09,291] multiqc                                            [DEBUG  ]  No samples found: qualimap
[2025-05-20 11:03:09,295] multiqc                                            [DEBUG  ]  No samples found: preseq
[2025-05-20 11:03:09,345] multiqc                                            [DEBUG  ]  No samples found: quast
[2025-05-20 11:03:09,369] multiqc                                            [DEBUG  ]  No samples found: qorts
[2025-05-20 11:03:09,373] multiqc                                            [DEBUG  ]  No samples found: rna_seqc
[2025-05-20 11:03:09,384] multiqc                                            [DEBUG  ]  No samples found: rockhopper
[2025-05-20 11:03:09,389] multiqc                                            [DEBUG  ]  No samples found: rsem
[2025-05-20 11:03:09,438] multiqc                                            [DEBUG  ]  No samples found: rseqc
[2025-05-20 11:03:09,442] multiqc                                            [DEBUG  ]  No samples found: busco
[2025-05-20 11:03:09,461] multiqc                                            [DEBUG  ]  No samples found: bustools
[2025-05-20 11:03:09,465] multiqc                                            [DEBUG  ]  No samples found: goleft_indexcov
[2025-05-20 11:03:09,484] multiqc                                            [DEBUG  ]  No samples found: gffcompare
[2025-05-20 11:03:09,512] multiqc                                            [DEBUG  ]  No samples found: disambiguate
[2025-05-20 11:03:09,531] multiqc                                            [DEBUG  ]  No samples found: supernova
[2025-05-20 11:03:09,560] multiqc                                            [DEBUG  ]  No samples found: deeptools
[2025-05-20 11:03:09,588] multiqc                                            [DEBUG  ]  No samples found: sargasso
[2025-05-20 11:03:09,613] multiqc                                            [DEBUG  ]  No samples found: verifybamid
[2025-05-20 11:03:09,617] multiqc                                            [DEBUG  ]  No samples found: mirtrace
[2025-05-20 11:03:09,644] multiqc                                            [DEBUG  ]  No samples found: happy
[2025-05-20 11:03:09,663] multiqc                                            [DEBUG  ]  No samples found: mirtop
[2025-05-20 11:03:09,684] multiqc                                            [DEBUG  ]  No samples found: sambamba
[2025-05-20 11:03:09,689] multiqc                                            [DEBUG  ]  No samples found: homer
[2025-05-20 11:03:09,716] multiqc                                            [DEBUG  ]  No samples found: hops
[2025-05-20 11:03:09,735] multiqc                                            [DEBUG  ]  No samples found: macs2
[2025-05-20 11:03:09,773] multiqc                                            [DEBUG  ]  No samples found: theta2
[2025-05-20 11:03:09,808] multiqc                                            [DEBUG  ]  No samples found: snpeff
[2025-05-20 11:03:09,832] multiqc                                            [DEBUG  ]  No samples found: gatk
[2025-05-20 11:03:09,837] multiqc                                            [DEBUG  ]  No samples found: htseq
[2025-05-20 11:03:09,857] multiqc                                            [DEBUG  ]  No samples found: bcftools
[2025-05-20 11:03:09,862] multiqc                                            [DEBUG  ]  No samples found: featureCounts
[2025-05-20 11:03:09,898] multiqc                                            [DEBUG  ]  No samples found: fgbio
[2025-05-20 11:03:09,951] multiqc                                            [DEBUG  ]  No samples found: dragen
[2025-05-20 11:03:09,955] multiqc                                            [DEBUG  ]  No samples found: dedup
[2025-05-20 11:03:09,959] multiqc                                            [DEBUG  ]  No samples found: damageprofiler
[2025-05-20 11:03:10,032] multiqc                                            [DEBUG  ]  No samples found: biobambam2
[2025-05-20 11:03:10,036] multiqc                                            [DEBUG  ]  No samples found: jcvi
[2025-05-20 11:03:10,063] multiqc                                            [DEBUG  ]  No samples found: mtnucratio
[2025-05-20 11:03:10,066] multiqc                                            [DEBUG  ]  No samples found: picard
[2025-05-20 11:03:10,070] multiqc                                            [DEBUG  ]  No samples found: vep
[2025-05-20 11:03:10,106] multiqc                                            [DEBUG  ]  No samples found: sentieon
[2025-05-20 11:03:10,124] multiqc                                            [DEBUG  ]  No samples found: prokka
[2025-05-20 11:03:10,150] multiqc                                            [DEBUG  ]  No samples found: qc3C
[2025-05-20 11:03:10,175] multiqc                                            [DEBUG  ]  No samples found: nanostat
[2025-05-20 11:03:10,179] multiqc                                            [DEBUG  ]  No samples found: samblaster
[2025-05-20 11:03:10,219] multiqc                                            [DEBUG  ]  No samples found: samtools
[2025-05-20 11:03:10,243] multiqc                                            [DEBUG  ]  No samples found: sexdeterrmine
[2025-05-20 11:03:10,247] multiqc                                            [DEBUG  ]  No samples found: eigenstratdatabasetools
[2025-05-20 11:03:10,287] multiqc                                            [DEBUG  ]  No samples found: bamtools
[2025-05-20 11:03:10,291] multiqc                                            [DEBUG  ]  No samples found: jellyfish
[2025-05-20 11:03:10,296] multiqc                                            [DEBUG  ]  No samples found: vcftools
[2025-05-20 11:03:10,300] multiqc                                            [DEBUG  ]  No samples found: longranger
[2025-05-20 11:03:10,325] multiqc                                            [DEBUG  ]  No samples found: stacks
[2025-05-20 11:03:10,329] multiqc                                            [DEBUG  ]  No samples found: varscan2
[2025-05-20 11:03:10,357] multiqc                                            [DEBUG  ]  No samples found: snippy
[2025-05-20 11:03:10,392] multiqc                                            [DEBUG  ]  No samples found: bbmap
[2025-05-20 11:03:10,396] multiqc                                            [DEBUG  ]  No samples found: bismark
[2025-05-20 11:03:10,400] multiqc                                            [DEBUG  ]  No samples found: biscuit
[2025-05-20 11:03:10,433] multiqc                                            [DEBUG  ]  No samples found: hicexplorer
[2025-05-20 11:03:10,449] multiqc                                            [DEBUG  ]  No samples found: hicup
[2025-05-20 11:03:10,508] multiqc                                            [DEBUG  ]  No samples found: hicpro
[2025-05-20 11:03:10,518] multiqc                                            [DEBUG  ]  No samples found: salmon
[2025-05-20 11:03:10,552] multiqc                                            [DEBUG  ]  No samples found: kallisto
[2025-05-20 11:03:10,594] multiqc                                            [DEBUG  ]  No samples found: slamdunk
[2025-05-20 11:03:10,614] multiqc                                            [DEBUG  ]  No samples found: star
[2025-05-20 11:03:10,630] multiqc                                            [DEBUG  ]  No samples found: hisat2
[2025-05-20 11:03:10,634] multiqc                                            [DEBUG  ]  No samples found: tophat
[2025-05-20 11:03:10,638] multiqc                                            [DEBUG  ]  No samples found: bowtie2
[2025-05-20 11:03:10,642] multiqc                                            [DEBUG  ]  No samples found: bowtie1
[2025-05-20 11:03:10,646] multiqc                                            [DEBUG  ]  No samples found: snpsplit
[2025-05-20 11:03:10,650] multiqc                                            [DEBUG  ]  No samples found: odgi
[2025-05-20 11:03:10,655] multiqc                                            [DEBUG  ]  No samples found: pangolin
[2025-05-20 11:03:10,658] multiqc                                            [DEBUG  ]  No samples found: kat
[2025-05-20 11:03:10,663] multiqc                                            [DEBUG  ]  No samples found: leehom
[2025-05-20 11:03:10,678] multiqc                                            [DEBUG  ]  No samples found: adapterRemoval
[2025-05-20 11:03:10,682] multiqc                                            [DEBUG  ]  No samples found: clipandmerge
[2025-05-20 11:03:10,710] multiqc                                            [DEBUG  ]  No samples found: cutadapt
[2025-05-20 11:03:10,746] multiqc                                            [DEBUG  ]  No samples found: flexbar
[2025-05-20 11:03:10,761] multiqc                                            [DEBUG  ]  No samples found: kaiju
[2025-05-20 11:03:10,765] multiqc                                            [DEBUG  ]  No samples found: kraken
[2025-05-20 11:03:10,769] multiqc                                            [DEBUG  ]  No samples found: malt
[2025-05-20 11:03:10,773] multiqc                                            [DEBUG  ]  No samples found: trimmomatic
[2025-05-20 11:03:10,786] multiqc                                            [DEBUG  ]  No samples found: sickle
[2025-05-20 11:03:10,790] multiqc                                            [DEBUG  ]  No samples found: skewer
[2025-05-20 11:03:10,803] multiqc                                            [DEBUG  ]  No samples found: sortmerna
[2025-05-20 11:03:10,807] multiqc                                            [DEBUG  ]  No samples found: biobloomtools
[2025-05-20 11:03:10,848] multiqc                                            [DEBUG  ]  No samples found: fastq_screen
[2025-05-20 11:03:10,876] multiqc                                            [DEBUG  ]  No samples found: afterqc
[2025-05-20 11:03:10,935] multiqc                                            [DEBUG  ]  No samples found: fastp
[2025-05-20 11:04:41,273] multiqc.modules.fastqc.fastqc                      [INFO   ]  Found 700 reports
[2025-05-20 11:05:42,000] multiqc                                            [DEBUG  ]  No samples found: pychopper
[2025-05-20 11:05:42,037] multiqc                                            [DEBUG  ]  No samples found: pycoqc
[2025-05-20 11:05:42,098] multiqc                                            [DEBUG  ]  No samples found: minionqc
[2025-05-20 11:05:42,160] multiqc                                            [DEBUG  ]  No samples found: multivcfanalyzer
[2025-05-20 11:05:42,164] multiqc                                            [DEBUG  ]  No samples found: clusterflow
[2025-05-20 11:05:42,169] multiqc                                            [DEBUG  ]  No samples found: bcl2fastq
[2025-05-20 11:05:42,173] multiqc                                            [DEBUG  ]  No samples found: bclconvert
[2025-05-20 11:05:42,200] multiqc                                            [DEBUG  ]  No samples found: interop
[2025-05-20 11:05:42,205] multiqc                                            [DEBUG  ]  No samples found: ivar
[2025-05-20 11:05:42,209] multiqc                                            [DEBUG  ]  No samples found: flash
[2025-05-20 11:05:42,230] multiqc                                            [DEBUG  ]  No samples found: seqyclean
[2025-05-20 11:05:42,234] multiqc                                            [DEBUG  ]  No samples found: optitype
[2025-05-20 11:05:42,239] multiqc.plots.table                                [DEBUG  ]  Plotting beeswarm instead of table, 700 samples
[2025-05-20 11:05:42,241] multiqc                                            [INFO   ]  Compressing plot data
[2025-05-20 11:05:42,850] multiqc                                            [INFO   ]  Report      : multiqc_report.html
[2025-05-20 11:05:42,850] multiqc                                            [INFO   ]  Data        : multiqc_data
[2025-05-20 11:05:42,850] multiqc                                            [DEBUG  ]  Moving data file from '/tmp/tmpon06wquk/multiqc_data' to '/home/lspencer/heatwave-genetics/multiqc_data'
[2025-05-20 11:05:43,059] multiqc                                            [INFO   ]  MultiQC complete
[2025-05-20 11:05:43,059] multiqc                                            [WARNING]  8 flat-image plots used in the report due to large sample numbers
